  0
SECTION
  2
HEADER
  9
$ACADVER
  1
AC1014
  9
$ACADMAINTVER
 70
     9
  9
$DWGCODEPAGE
  3
ANSI_1252
  9
$INSBASE
 10
0.0
 20
0.0
 30
0.0
  9
$EXTMIN
 10
1.000000000000000E+20
 20
1.000000000000000E+20
 30
1.000000000000000E+20
  9
$EXTMAX
 10
-1.000000000000000E+20
 20
-1.000000000000000E+20
 30
-1.000000000000000E+20
  9
$LIMMIN
 10
0.0
 20
0.0
  9
$LIMMAX
 10
420.0
 20
297.0
  9
$ORTHOMODE
 70
     0
  9
$REGENMODE
 70
     1
  9
$FILLMODE
 70
     1
  9
$QTEXTMODE
 70
     0
  9
$MIRRTEXT
 70
     1
  9
$DRAGMODE
 70
     2
  9
$LTSCALE
 40
1.0
  9
$OSMODE
 70
    37
  9
$ATTMODE
 70
     1
  9
$TEXTSIZE
 40
2.5
  9
$TRACEWID
 40
1.0
  9
$TEXTSTYLE
  7
STANDARD
  9
$CLAYER
  8
0
  9
$CELTYPE
  6
BYLAYER
  9
$CECOLOR
 62
   256
  9
$CELTSCALE
 40
1.0
  9
$DELOBJ
 70
     1
  9
$DISPSILH
 70
     0
  9
$DIMSCALE
 40
1.0
  9
$DIMASZ
 40
2.5
  9
$DIMEXO
 40
0.625
  9
$DIMDLI
 40
3.75
  9
$DIMRND
 40
0.0
  9
$DIMDLE
 40
0.0
  9
$DIMEXE
 40
1.25
  9
$DIMTP
 40
0.0
  9
$DIMTM
 40
0.0
  9
$DIMTXT
 40
2.5
  9
$DIMCEN
 40
2.5
  9
$DIMTSZ
 40
0.0
  9
$DIMTOL
 70
     0
  9
$DIMLIM
 70
     0
  9
$DIMTIH
 70
     0
  9
$DIMTOH
 70
     0
  9
$DIMSE1
 70
     0
  9
$DIMSE2
 70
     0
  9
$DIMTAD
 70
     1
  9
$DIMZIN
 70
     8
  9
$DIMBLK
  1

  9
$DIMASO
 70
     1
  9
$DIMSHO
 70
     1
  9
$DIMPOST
  1

  9
$DIMAPOST
  1

  9
$DIMALT
 70
     0
  9
$DIMALTD
 70
     3
  9
$DIMALTF
 40
0.03937007874016
  9
$DIMLFAC
 40
1.0
  9
$DIMTOFL
 70
     1
  9
$DIMTVP
 40
0.0
  9
$DIMTIX
 70
     0
  9
$DIMSOXD
 70
     0
  9
$DIMSAH
 70
     0
  9
$DIMBLK1
  1

  9
$DIMBLK2
  1

  9
$DIMSTYLE
  2
ISO-25
  9
$DIMCLRD
 70
     0
  9
$DIMCLRE
 70
     0
  9
$DIMCLRT
 70
     0
  9
$DIMTFAC
 40
1.0
  9
$DIMGAP
 40
0.625
  9
$DIMJUST
 70
     0
  9
$DIMSD1
 70
     0
  9
$DIMSD2
 70
     0
  9
$DIMTOLJ
 70
     0
  9
$DIMTZIN
 70
     8
  9
$DIMALTZ
 70
     0
  9
$DIMALTTZ
 70
     0
  9
$DIMFIT
 70
     3
  9
$DIMUPT
 70
     0
  9
$DIMUNIT
 70
     2
  9
$DIMDEC
 70
     2
  9
$DIMTDEC
 70
     2
  9
$DIMALTU
 70
     2
  9
$DIMALTTD
 70
     3
  9
$DIMTXSTY
  7
STANDARD
  9
$DIMAUNIT
 70
     0
  9
$LUNITS
 70
     2
  9
$LUPREC
 70
     4
  9
$SKETCHINC
 40
1.0
  9
$FILLETRAD
 40
0.0
  9
$AUNITS
 70
     0
  9
$AUPREC
 70
     0
  9
$MENU
  1
.
  9
$ELEVATION
 40
0.0
  9
$PELEVATION
 40
0.0
  9
$THICKNESS
 40
0.0
  9
$LIMCHECK
 70
     0
  9
$CHAMFERA
 40
0.0
  9
$CHAMFERB
 40
0.0
  9
$CHAMFERC
 40
0.0
  9
$CHAMFERD
 40
0.0
  9
$SKPOLY
 70
     0
  9
$TDCREATE
 40
2461117.310543044
  9
$TDUPDATE
 40
2461117.31054309
  9
$TDINDWG
 40
0.0000000116
  9
$TDUSRTIMER
 40
0.0000000116
  9
$USRTIMER
 70
     1
  9
$ANGBASE
 50
0.0
  9
$ANGDIR
 70
     0
  9
$PDMODE
 70
     0
  9
$PDSIZE
 40
0.0
  9
$PLINEWID
 40
0.0
  9
$COORDS
 70
     1
  9
$SPLFRAME
 70
     0
  9
$SPLINETYPE
 70
     6
  9
$SPLINESEGS
 70
     8
  9
$ATTDIA
 70
     0
  9
$ATTREQ
 70
     1
  9
$HANDLING
 70
     1
  9
$HANDSEED
  5
10000235
  9
$SURFTAB1
 70
     6
  9
$SURFTAB2
 70
     6
  9
$SURFTYPE
 70
     6
  9
$SURFU
 70
     6
  9
$SURFV
 70
     6
  9
$UCSNAME
  2

  9
$UCSORG
 10
0.0
 20
0.0
 30
0.0
  9
$UCSXDIR
 10
1.0
 20
0.0
 30
0.0
  9
$UCSYDIR
 10
0.0
 20
1.0
 30
0.0
  9
$PUCSNAME
  2

  9
$PUCSORG
 10
0.0
 20
0.0
 30
0.0
  9
$PUCSXDIR
 10
1.0
 20
0.0
 30
0.0
  9
$PUCSYDIR
 10
0.0
 20
1.0
 30
0.0
  9
$USERI1
 70
     0
  9
$USERI2
 70
     0
  9
$USERI3
 70
     0
  9
$USERI4
 70
     0
  9
$USERI5
 70
     0
  9
$USERR1
 40
0.0
  9
$USERR2
 40
0.0
  9
$USERR3
 40
0.0
  9
$USERR4
 40
0.0
  9
$USERR5
 40
0.0
  9
$WORLDVIEW
 70
     1
  9
$SHADEDGE
 70
     3
  9
$SHADEDIF
 70
    70
  9
$TILEMODE
 70
     1
  9
$MAXACTVP
 70
    64
  9
$PINSBASE
 10
0.0
 20
0.0
 30
0.0
  9
$PLIMCHECK
 70
     0
  9
$PEXTMIN
 10
1.000000000000000E+20
 20
1.000000000000000E+20
 30
1.000000000000000E+20
  9
$PEXTMAX
 10
-1.000000000000000E+20
 20
-1.000000000000000E+20
 30
-1.000000000000000E+20
  9
$PLIMMIN
 10
0.0
 20
0.0
  9
$PLIMMAX
 10
420.0
 20
297.0
  9
$UNITMODE
 70
     0
  9
$VISRETAIN
 70
     1
  9
$PLINEGEN
 70
     0
  9
$PSLTSCALE
 70
     1
  9
$TREEDEPTH
 70
  3020
  9
$PICKSTYLE
 70
     1
  9
$CMLSTYLE
  2
STANDARD
  9
$CMLJUST
 70
     0
  9
$CMLSCALE
 40
20.0
  9
$PROXYGRAPHICS
 70
     1
  9
$MEASUREMENT
 70
     1
  0
ENDSEC
  0
SECTION
  2
CLASSES
  0
CLASS
  1
ACDBDICTIONARYWDFLT
  2
AcDbDictionaryWithDefault
  3
ObjectDBX Classes
 90
        0
280
     0
281
     0
  0
CLASS
  1
VISUALSTYLE
  2
AcDbVisualStyle
  3
ObjectDBX Classes
 90
     4095
280
     0
281
     0
  0
CLASS
  1
MATERIAL
  2
AcDbMaterial
  3
ObjectDBX Classes
 90
     1153
280
     0
281
     0
  0
CLASS
  1
SCALE
  2
AcDbScale
  3
ObjectDBX Classes
 90
     1153
280
     0
281
     0
  0
CLASS
  1
TABLESTYLE
  2
AcDbTableStyle
  3
ObjectDBX Classes
 90
     4095
280
     0
281
     0
  0
CLASS
  1
MLEADERSTYLE
  2
AcDbMLeaderStyle
  3
ACDB_MLEADERSTYLE_CLASS
 90
     4095
280
     0
281
     0
  0
CLASS
  1
SUN
  2
AcDbSun
  3
SCENEOE
 90
     1153
280
     0
281
     0
  0
CLASS
  1
SORTENTSTABLE
  2
AcDbSortentsTable
  3
ObjectDBX Classes
 90
        0
280
     0
281
     0
  0
CLASS
  1
DICTIONARYVAR
  2
AcDbDictionaryVar
  3
ObjectDBX Classes
 90
        0
280
     0
281
     0
  0
CLASS
  1
XRECORD
  2
AcDbXrecord
  3
ObjectDBX Classes
 90
        0
280
     0
281
     0
  0
CLASS
  1
LWPOLYLINE
  2
AcDbPolyline
  3
ObjectDBX Classes
 90
        0
280
     0
281
     1
  0
CLASS
  1
HATCH
  2
AcDbHatch
  3
ObjectDBX Classes
 90
        0
280
     0
281
     1
  0
CLASS
  1
ACDBPLACEHOLDER
  2
AcDbPlaceHolder
  3
ObjectDBX Classes
 90
        0
280
     0
281
     0
  0
CLASS
  1
LAYOUT
  2
AcDbLayout
  3
ObjectDBX Classes
 90
        0
280
     0
281
     0
  0
ENDSEC
  0
SECTION
  2
TABLES
  0
TABLE
  2
VPORT
  5
8
102
{ACAD_XDICTIONARY
360
1000022A
102
}
330
0
100
AcDbSymbolTable
 70
     1
  0
VPORT
  5
29
330
8
100
AcDbSymbolTableRecord
100
AcDbViewportTableRecord
  2
*ACTIVE
 70
     0
 10
0.0
 20
0.0
 11
1.0
 21
1.0
 12
344.1869158878504
 22
148.5
 13
0.0
 23
0.0
 14
10.0
 24
10.0
 15
10.0
 25
10.0
 16
0.0
 26
0.0
 36
1.0
 17
0.0
 27
0.0
 37
0.0
 40
297.0
 41
1.972972972850329
 42
50.0
 43
0.0
 44
0.0
 50
0.0
 51
0.0
 71
     0
 72
   100
 73
     1
 74
     3
 75
     0
 76
     0
 77
     0
 78
     0
  0
ENDTAB
  0
TABLE
  2
LTYPE
  5
5
330
0
100
AcDbSymbolTable
 70
     7
  0
LTYPE
  5
14
330
5
100
AcDbSymbolTableRecord
100
AcDbLinetypeTableRecord
  2
BYBLOCK
 70
     0
  3

 72
    65
 73
     0
 40
0.0
  0
LTYPE
  5
15
330
5
100
AcDbSymbolTableRecord
100
AcDbLinetypeTableRecord
  2
BYLAYER
 70
     0
  3

 72
    65
 73
     0
 40
0.0
  0
LTYPE
  5
16
330
5
100
AcDbSymbolTableRecord
100
AcDbLinetypeTableRecord
  2
CONTINUOUS
 70
     0
  3
Solid line
 72
    65
 73
     0
 40
0.0
  0
LTYPE
  5
10000024
330
5
100
AcDbSymbolTableRecord
100
AcDbLinetypeTableRecord
  2
ONS_PHANTOM
 70
     0
  3
Onshape Phantom line ______ __ __ ______
 72
    65
 73
     6
 40
0.4999999999999999
 49
0.25
 74
     0
 49
-0.05
 74
     0
 49
0.05
 74
     0
 49
-0.05
 74
     0
 49
0.05
 74
     0
 49
-0.05
 74
     0
  0
LTYPE
  5
10000025
330
5
100
AcDbSymbolTableRecord
100
AcDbLinetypeTableRecord
  2
CENTER
 70
     0
  3
Center line ____ _ ____ _ ____ _
 72
    65
 73
     4
 40
0.7874015748031495
 49
0.4921259842519685
 74
     0
 49
-0.0984251968503937
 74
     0
 49
0.0984251968503937
 74
     0
 49
-0.0984251968503937
 74
     0
  0
LTYPE
  5
10000026
330
5
100
AcDbSymbolTableRecord
100
AcDbLinetypeTableRecord
  2
DASHED
 70
     0
  3
Dashed line __ __ __ __ __
 72
    65
 73
     2
 40
0.75
 49
0.5
 74
     0
 49
-0.25
 74
     0
  0
LTYPE
  5
10000027
330
5
100
AcDbSymbolTableRecord
100
AcDbLinetypeTableRecord
  2
ONS_DASHDOT
 70
     0
  3
Onshape Dashed with Dot _ . ____ . ____
 72
    65
 73
     4
 40
0.71
 49
0.5
 74
     0
 49
-0.1
 74
     0
 49
0.01
 74
     0
 49
-0.1
 74
     0
  0
LTYPE
  5
10000028
330
5
100
AcDbSymbolTableRecord
100
AcDbLinetypeTableRecord
  2
ONS_DOTTED
 70
     0
  3
Onshape Dotted line . . . . . . .
 72
    65
 73
     2
 40
0.11
 49
0.01
 74
     0
 49
-0.1
 74
     0
  0
LTYPE
  5
10000029
330
5
100
AcDbSymbolTableRecord
100
AcDbLinetypeTableRecord
  2
HIDDEN
 70
     0
  3
Hidden line ____ ____ ____ ____ 
 72
    65
 73
     2
 40
0.15
 49
0.1
 74
     0
 49
-0.05
 74
     0
  0
ENDTAB
  0
TABLE
  2
LAYER
  5
2
330
0
100
AcDbSymbolTable
 70
    48
  0
LAYER
  5
10
330
2
100
AcDbSymbolTableRecord
100
AcDbLayerTableRecord
  2
0
 70
     0
 62
     7
  6
CONTINUOUS
  0
LAYER
  5
1000002A
330
2
100
AcDbSymbolTableRecord
100
AcDbLayerTableRecord
  2
SECTION_CUTTING_LINE
 70
     0
 62
     7
  6
ONS_DASHDOT
  0
LAYER
  5
1000002B
330
2
100
AcDbSymbolTableRecord
100
AcDbLayerTableRecord
  2
DETAIL_VIEW_BORDER
 70
     0
 62
     7
  6
CONTINUOUS
  0
LAYER
  5
1000002C
330
2
100
AcDbSymbolTableRecord
100
AcDbLayerTableRecord
  2
DETAIL_VIEW_PARENT_BORDER
 70
     0
 62
     7
  6
ONS_PHANTOM
  0
LAYER
  5
1000002D
330
2
100
AcDbSymbolTableRecord
100
AcDbLayerTableRecord
  2
TEXT
 70
     0
 62
     7
  6
CONTINUOUS
  0
LAYER
  5
1000002E
330
2
100
AcDbSymbolTableRecord
100
AcDbLayerTableRecord
  2
SKETCHED_GEOMETRY
 70
     0
 62
    -7
  6
CONTINUOUS
  0
LAYER
  5
1000002F
330
2
100
AcDbSymbolTableRecord
100
AcDbLayerTableRecord
  2
VIRTUAL_SHARPS
 70
     0
 62
    -7
  6
CONTINUOUS
  0
LAYER
  5
10000030
330
2
100
AcDbSymbolTableRecord
100
AcDbLayerTableRecord
  2
CENTERLINES
 70
     0
 62
    -7
  6
CENTER
  0
LAYER
  5
10000031
330
2
100
AcDbSymbolTableRecord
100
AcDbLayerTableRecord
  2
CENTERMARKS
 70
     0
 62
    -7
  6
CONTINUOUS
  0
LAYER
  5
10000032
330
2
100
AcDbSymbolTableRecord
100
AcDbLayerTableRecord
  2
TABLES
 70
     0
 62
     7
  6
CONTINUOUS
  0
LAYER
  5
10000033
330
2
100
AcDbSymbolTableRecord
100
AcDbLayerTableRecord
  2
IMAGES
 70
     0
 62
    -7
  6
CONTINUOUS
  0
LAYER
  5
10000034
330
2
100
AcDbSymbolTableRecord
100
AcDbLayerTableRecord
  2
ANNOTATION_LINES
 70
     0
 62
    -7
  6
CONTINUOUS
  0
LAYER
  5
10000035
330
2
100
AcDbSymbolTableRecord
100
AcDbLayerTableRecord
  2
ANNOTATION_TEXT
 70
     0
 62
    -7
  6
CONTINUOUS
  0
LAYER
  5
10000036
330
2
100
AcDbSymbolTableRecord
100
AcDbLayerTableRecord
  2
SIDE_THREAD_SYMBOLS
 70
     0
 62
     7
  6
CONTINUOUS
  0
LAYER
  5
10000037
330
2
100
AcDbSymbolTableRecord
100
AcDbLayerTableRecord
  2
SIDE_THREAD_SYMBOLS_HIDDEN
 70
     0
 62
    -7
  6
HIDDEN
  0
LAYER
  5
10000038
330
2
100
AcDbSymbolTableRecord
100
AcDbLayerTableRecord
  2
SURFACE_THREAD_SYMBOLS
 70
     0
 62
     7
  6
CONTINUOUS
  0
LAYER
  5
10000039
330
2
100
AcDbSymbolTableRecord
100
AcDbLayerTableRecord
  2
SURFACE_THREAD_SYMBOLS_ON_
 70
     0
 62
     7
  6
CONTINUOUS
  0
LAYER
  5
1000003A
330
2
100
AcDbSymbolTableRecord
100
AcDbLayerTableRecord
  2
SURFACE_THREAD_SYMBOLS_HID
 70
     0
 62
    -7
  6
HIDDEN
  0
LAYER
  5
1000003B
330
2
100
AcDbSymbolTableRecord
100
AcDbLayerTableRecord
  2
BLIND_THREAD_SYMBOLS
 70
     0
 62
     7
  6
CONTINUOUS
  0
LAYER
  5
1000003C
330
2
100
AcDbSymbolTableRecord
100
AcDbLayerTableRecord
  2
BLIND_THREAD_SYMBOLS_HIDDE
 70
     0
 62
    -7
  6
HIDDEN
  0
LAYER
  5
1000003D
330
2
100
AcDbSymbolTableRecord
100
AcDbLayerTableRecord
  2
EXPLODE_LINES
 70
     0
 62
     7
  6
ONS_PHANTOM
  0
LAYER
  5
1000003E
330
2
100
AcDbSymbolTableRecord
100
AcDbLayerTableRecord
  2
HIDDEN_EXPLODE_LINES
 70
     0
 62
    -7
  6
ONS_PHANTOM
  0
LAYER
  5
1000003F
330
2
100
AcDbSymbolTableRecord
100
AcDbLayerTableRecord
  2
BREAK_LINES
 70
     0
 62
    -7
  6
CONTINUOUS
  0
LAYER
  5
10000040
330
2
100
AcDbSymbolTableRecord
100
AcDbLayerTableRecord
  2
SHEETMETAL_BEND_LINES_UP
 70
     0
 62
     7
  6
CENTER
  0
LAYER
  5
10000041
330
2
100
AcDbSymbolTableRecord
100
AcDbLayerTableRecord
  2
SHEETMETAL_BEND_LINES_DOWN
 70
     0
 62
     7
  6
CENTER
  0
LAYER
  5
10000042
330
2
100
AcDbSymbolTableRecord
100
AcDbLayerTableRecord
  2
SHEETMETAL_BEND_TANGENT_LI
 70
     0
 62
     7
  6
CONTINUOUS
  0
LAYER
  5
10000043
330
2
100
AcDbSymbolTableRecord
100
AcDbLayerTableRecord
  2
SHEETMETAL_CUT_LINES
 70
     0
 62
     7
  6
CONTINUOUS
  0
LAYER
  5
10000044
330
2
100
AcDbSymbolTableRecord
100
AcDbLayerTableRecord
  2
SHEETMETAL_CBORE_CSINK_UP
 70
     0
 62
     7
  6
CONTINUOUS
  0
LAYER
  5
10000045
330
2
100
AcDbSymbolTableRecord
100
AcDbLayerTableRecord
  2
SHEETMETAL_CBORE_CSINK_DOW
 70
     0
 62
     7
  6
CONTINUOUS
  0
LAYER
  5
10000046
330
2
100
AcDbSymbolTableRecord
100
AcDbLayerTableRecord
  2
SHEETMETAL_CBORE_CSINK_UP_
 70
     0
 62
    -7
  6
HIDDEN
  0
LAYER
  5
10000047
330
2
100
AcDbSymbolTableRecord
100
AcDbLayerTableRecord
  2
SHEETMETAL_CBORE_CSINK_DO0
 70
     0
 62
    -7
  6
HIDDEN
  0
LAYER
  5
10000048
330
2
100
AcDbSymbolTableRecord
100
AcDbLayerTableRecord
  2
SHEETMETAL_FORM_TEAR
 70
     0
 62
     7
  6
CONTINUOUS
  0
LAYER
  5
10000049
330
2
100
AcDbSymbolTableRecord
100
AcDbLayerTableRecord
  2
SHEETMETAL_FORM_UP
 70
     0
 62
     7
  6
CENTER
  0
LAYER
  5
1000004A
330
2
100
AcDbSymbolTableRecord
100
AcDbLayerTableRecord
  2
SHEETMETAL_FORM_DOWN
 70
     0
 62
     7
  6
CENTER
  0
LAYER
  5
1000004B
330
2
100
AcDbSymbolTableRecord
100
AcDbLayerTableRecord
  2
SHEETMETAL_FORM_CENTERMARK
 70
     0
 62
     7
  6
CENTER
  0
LAYER
  5
1000004C
330
2
100
AcDbSymbolTableRecord
100
AcDbLayerTableRecord
  2
REGION_ASSOC_POINTS
 70
     0
 62
    -7
  6
CONTINUOUS
  0
LAYER
  5
1000004D
330
2
100
AcDbSymbolTableRecord
100
AcDbLayerTableRecord
  2
PATTERN_CENTERLINES
 70
     1
 62
    -7
  6
CENTER
  0
LAYER
  5
1000004E
330
2
100
AcDbSymbolTableRecord
100
AcDbLayerTableRecord
  2
HIDDEN
 70
     0
 62
    -7
  6
HIDDEN
  0
LAYER
  5
1000004F
330
2
100
AcDbSymbolTableRecord
100
AcDbLayerTableRecord
  2
VISIBLE
 70
     0
 62
     7
  6
CONTINUOUS
  0
LAYER
  5
10000050
330
2
100
AcDbSymbolTableRecord
100
AcDbLayerTableRecord
  2
MODELSKETCH_VISIBLE
 70
     0
 62
     7
  6
CONTINUOUS
  0
LAYER
  5
10000051
330
2
100
AcDbSymbolTableRecord
100
AcDbLayerTableRecord
  2
MODELSKETCH_POINT
 70
     0
 62
     7
  6
CONTINUOUS
  0
LAYER
  5
10000052
330
2
100
AcDbSymbolTableRecord
100
AcDbLayerTableRecord
  2
MODELSKETCH_CONSTRUCTION
 70
     0
 62
    -7
  6
CENTER
  0
LAYER
  5
10000053
330
2
100
AcDbSymbolTableRecord
100
AcDbLayerTableRecord
  2
HIDDEN_BASE_VIEW
 70
     0
 62
     7
  6
CONTINUOUS
  0
LAYER
  5
10000054
330
2
100
AcDbSymbolTableRecord
100
AcDbLayerTableRecord
  2
TANGENT_LINES
 70
     0
 62
    -7
  6
CONTINUOUS
  0
LAYER
  5
10000055
330
2
100
AcDbSymbolTableRecord
100
AcDbLayerTableRecord
  2
TANGENT_HIDDEN
 70
     0
 62
    -7
  6
HIDDEN
  0
LAYER
  5
10000056
330
2
100
AcDbSymbolTableRecord
100
AcDbLayerTableRecord
  2
INVISIBLE_LINES
 70
     0
 62
    -7
  6
CONTINUOUS
  0
LAYER
  5
10000057
330
2
100
AcDbSymbolTableRecord
100
AcDbLayerTableRecord
  2
VIEW_HATCHES
 70
     0
 62
    -7
  6
CONTINUOUS
  0
LAYER
  5
10000058
330
2
100
AcDbSymbolTableRecord
100
AcDbLayerTableRecord
  2
SECTION_JOG_LINES
 70
     0
 62
    -7
  6
CONTINUOUS
  0
ENDTAB
  0
TABLE
  2
STYLE
  5
3
330
0
100
AcDbSymbolTable
 70
     2
  0
STYLE
  5
11
330
3
100
AcDbSymbolTableRecord
100
AcDbTextStyleTableRecord
  2
STANDARD
 70
     0
 40
0.0
 41
1.0
 50
0.0
 71
     0
 42
2.5
  3
txt
  4

  0
STYLE
  5
10000004
330
3
100
AcDbSymbolTableRecord
100
AcDbTextStyleTableRecord
  2
TTFSTYLE
 70
     0
 40
0.0
 41
1.0
 50
0.0
 71
     0
 42
2.5
  3

  4

1001
ACAD
1000
Verdana
1071
       34
  0
ENDTAB
  0
TABLE
  2
VIEW
  5
6
330
0
100
AcDbSymbolTable
 70
     0
  0
ENDTAB
  0
TABLE
  2
UCS
  5
7
330
0
100
AcDbSymbolTable
 70
     0
  0
ENDTAB
  0
TABLE
  2
APPID
  5
9
330
0
100
AcDbSymbolTable
 70
     2
  0
APPID
  5
12
330
9
100
AcDbSymbolTableRecord
100
AcDbRegAppTableRecord
  2
ACAD
 70
     0
  0
APPID
  5
10000234
330
9
100
AcDbSymbolTableRecord
100
AcDbRegAppTableRecord
  2
ACAD_MLEADERVER
 70
     0
  0
ENDTAB
  0
TABLE
  2
DIMSTYLE
  5
A
330
0
100
AcDbSymbolTable
 70
     1
  0
DIMSTYLE
105
27
330
A
100
AcDbSymbolTableRecord
100
AcDbDimStyleTableRecord
  2
ISO-25
 70
     0
  3

  4

  5

  6

  7

 40
1.0
 41
2.5
 42
0.625
 43
3.75
 44
1.25
 45
0.0
 46
0.0
 47
0.0
 48
0.0
140
2.5
141
2.5
142
0.0
143
0.03937007874016
144
1.0
145
0.0
146
1.0
147
0.625
 71
     0
 72
     0
 73
     0
 74
     0
 75
     0
 76
     0
 77
     1
 78
     8
170
     0
171
     3
172
     1
173
     0
174
     0
175
     0
176
     0
177
     0
178
     0
270
     2
271
     2
272
     2
273
     2
274
     3
340
11
275
     0
280
     0
281
     0
282
     0
283
     0
284
     8
285
     0
286
     0
287
     3
288
     0
  0
ENDTAB
  0
TABLE
  2
BLOCK_RECORD
  5
1
330
0
100
AcDbSymbolTable
 70
     0
  0
BLOCK_RECORD
  5
1F
102
{ACAD_XDICTIONARY
360
100001FB
102
}
330
1
100
AcDbSymbolTableRecord
100
AcDbBlockTableRecord
  2
*MODEL_SPACE
  0
BLOCK_RECORD
  5
1B
330
1
100
AcDbSymbolTableRecord
100
AcDbBlockTableRecord
  2
*PAPER_SPACE
  0
ENDTAB
  0
ENDSEC
  0
SECTION
  2
BLOCKS
  0
BLOCK
  5
20
330
1F
100
AcDbEntity
  8
0
100
AcDbBlockBegin
  2
*MODEL_SPACE
 70
     0
 10
0.0
 20
0.0
 30
0.0
  3
*MODEL_SPACE
  1

  0
ENDBLK
  5
21
330
1F
100
AcDbEntity
  8
0
100
AcDbBlockEnd
  0
BLOCK
  5
1C
330
1B
100
AcDbEntity
 67
     1
  8
0
100
AcDbBlockBegin
  2
*PAPER_SPACE
 70
     0
 10
0.0
 20
0.0
 30
0.0
  3
*PAPER_SPACE
  1

  0
ENDBLK
  5
1D
330
1B
100
AcDbEntity
 67
     1
  8
0
100
AcDbBlockEnd
  0
ENDSEC
  0
SECTION
  2
ENTITIES
  0
LINE
  5
10000059
102
{ACAD_XDICTIONARY
360
1000005A
102
}
330
1F
100
AcDbEntity
  8
SHEETMETAL_BEND_LINES_DOWN
100
AcDbLine
 10
46.72444787755811
 20
7.571493572441802
 30
0.0
 11
71.86817627295989
 21
7.571493572441802
 31
0.0
  0
CIRCLE
  5
10000061
102
{ACAD_XDICTIONARY
360
10000062
102
}
330
1F
100
AcDbEntity
  8
SHEETMETAL_CUT_LINES
100
AcDbCircle
 10
66.86817627295987
 20
2.302987144883622
 30
0.0
 40
1.3
  0
CIRCLE
  5
10000068
102
{ACAD_XDICTIONARY
360
10000069
102
}
330
1F
100
AcDbEntity
  8
SHEETMETAL_CUT_LINES
100
AcDbCircle
 10
50.26052358105312
 20
2.302987144883627
 30
0.0
 40
1.3
  0
LINE
  5
1000006F
102
{ACAD_XDICTIONARY
360
10000070
102
}
330
1F
100
AcDbEntity
  8
SHEETMETAL_CUT_LINES
100
AcDbLine
 10
45.72444787755812
 20
1.642987144883621
 30
0.0
 11
45.72444787755812
 21
4.642987144883608
 31
0.0
  0
ARC
  5
10000074
102
{ACAD_XDICTIONARY
360
10000075
102
}
330
1F
100
AcDbEntity
  8
SHEETMETAL_CUT_LINES
100
AcDbCircle
 10
49.72444787755811
 20
1.642987144883621
 30
0.0
 40
4.0
100
AcDbArc
 50
180.0
 51
270.0
  0
LINE
  5
1000007B
102
{ACAD_XDICTIONARY
360
1000007C
102
}
330
1F
100
AcDbEntity
  8
SHEETMETAL_CUT_LINES
100
AcDbLine
 10
68.86817627295989
 20
-2.357012855116379
 30
0.0
 11
49.72444787755811
 21
-2.357012855116379
 31
0.0
  0
ARC
  5
10000080
102
{ACAD_XDICTIONARY
360
10000081
102
}
330
1F
100
AcDbEntity
  8
SHEETMETAL_CUT_LINES
100
AcDbCircle
 10
68.86817627295989
 20
1.642987144883621
 30
0.0
 40
4.0
100
AcDbArc
 50
270.0
 51
0.0
  0
LINE
  5
10000087
102
{ACAD_XDICTIONARY
360
10000088
102
}
330
1F
100
AcDbEntity
  8
SHEETMETAL_CUT_LINES
100
AcDbLine
 10
72.86817627295989
 20
4.642987144883608
 30
0.0
 11
72.86817627295989
 21
1.642987144883621
 31
0.0
  0
LINE
  5
1000008C
102
{ACAD_XDICTIONARY
360
1000008D
102
}
330
1F
100
AcDbEntity
  8
SHEETMETAL_CUT_LINES
100
AcDbLine
 10
72.86817627295989
 20
4.642987144883608
 30
0.0
 11
72.70984128945993
 21
4.642987144883608
 31
0.0
  0
ARC
  5
10000091
102
{ACAD_XDICTIONARY
360
10000092
102
}
330
1F
100
AcDbEntity
  8
SHEETMETAL_CUT_LINES
100
AcDbCircle
 10
72.70984128945993
 20
5.642987144883608
 30
0.0
 40
1.0
100
AcDbArc
 50
212.6836388462569
 51
270.0
  0
LINE
  5
10000098
102
{ACAD_XDICTIONARY
360
10000099
102
}
330
1F
100
AcDbEntity
  8
SHEETMETAL_CUT_LINES
100
AcDbLine
 10
71.86817627295989
 20
5.102987144883621
 30
0.0
 11
71.86817627295989
 21
10.03999999999998
 31
0.0
  0
ARC
  5
1000009D
102
{ACAD_XDICTIONARY
360
1000009E
102
}
330
1F
100
AcDbEntity
  8
SHEETMETAL_CUT_LINES
100
AcDbCircle
 10
72.70984128945871
 20
9.49999999999809
 30
0.0
 40
1.0
100
AcDbArc
 50
90.0
 51
147.3163611536133
  0
LINE
  5
100000A4
102
{ACAD_XDICTIONARY
360
100000A5
102
}
330
1F
100
AcDbEntity
  8
SHEETMETAL_CUT_LINES
100
AcDbLine
 10
72.70984128945871
 20
10.49999999999809
 30
0.0
 11
72.88493928694061
 21
10.49999999999809
 31
0.0
  0
ARC
  5
100000A9
102
{ACAD_XDICTIONARY
360
100000AA
102
}
330
1F
100
AcDbEntity
  8
SHEETMETAL_CUT_LINES
100
AcDbCircle
 10
192.1868442415454
 20
8.499999999998092
 30
0.0
 40
119.3186679685855
100
AcDbArc
 50
165.7272473160143
 51
179.0395725364651
  0
LINE
  5
100000B0
102
{ACAD_XDICTIONARY
360
100000B1
102
}
330
1F
100
AcDbEntity
  8
SHEETMETAL_CUT_LINES
100
AcDbLine
 10
77.2907901219943
 20
40.82400460268806
 30
0.0
 11
76.55117562948705
 21
37.91660535207365
 31
0.0
  0
LINE
  5
100000B5
102
{ACAD_XDICTIONARY
360
100000B6
102
}
330
1F
100
AcDbEntity
  8
SHEETMETAL_CUT_LINES
100
AcDbLine
 10
77.2907901219943
 20
40.82400460268806
 30
0.0
 11
74.14025238682186
 21
41.62547119439613
 31
0.0
  0
ARC
  5
100000BA
102
{ACAD_XDICTIONARY
360
100000BB
102
}
330
1F
100
AcDbEntity
  8
SHEETMETAL_CUT_LINES
100
AcDbCircle
 10
73.89371422265276
 20
40.65633811085792
 30
0.0
 40
1.00000000000008
100
AcDbArc
 50
75.72724731601468
 51
107.1269621259333
  0
ARC
  5
100000C1
102
{ACAD_XDICTIONARY
360
100000C2
102
}
330
1F
100
AcDbEntity
  8
SHEETMETAL_CUT_LINES
100
AcDbCircle
 10
73.30473408725085
 20
42.56764719107029
 30
0.0
 40
0.9999999999999972
100
AcDbArc
 50
134.3275325060943
 51
287.1269621259339
  0
ARC
  5
100000C8
102
{ACAD_XDICTIONARY
360
100000C9
102
}
330
1F
100
AcDbEntity
  8
SHEETMETAL_CUT_LINES
100
AcDbCircle
 10
71.90721584990281
 20
43.99836127022078
 30
0.0
 40
0.999999999999964
100
AcDbArc
 50
314.3275325060963
 51
345.7272473160145
  0
LINE
  5
100000CF
102
{ACAD_XDICTIONARY
360
100000D0
102
}
330
1F
100
AcDbEntity
  8
SHEETMETAL_CUT_LINES
100
AcDbLine
 10
72.87634893344095
 20
43.7518231060517
 30
0.0
 11
73.43127736097995
 21
45.93322775768603
 31
0.0
  0
LINE
  5
100000D4
102
{ACAD_XDICTIONARY
360
100000D5
102
}
330
1F
100
AcDbEntity
  8
SHEETMETAL_CUT_LINES
100
AcDbLine
 10
73.43127736097995
 20
45.93322775768603
 30
0.0
 11
58.30538478088003
 21
49.78110979933739
 31
0.0
  0
LINE
  5
100000D9
102
{ACAD_XDICTIONARY
360
100000DA
102
}
330
1F
100
AcDbEntity
  8
SHEETMETAL_CUT_LINES
100
AcDbLine
 10
58.30538478088003
 20
49.78110979933739
 30
0.0
 11
57.75045635334106
 21
47.59970514770311
 31
0.0
  0
ARC
  5
100000DE
102
{ACAD_XDICTIONARY
360
100000DF
102
}
330
1F
100
AcDbEntity
  8
SHEETMETAL_CUT_LINES
100
AcDbCircle
 10
58.71958943687926
 20
47.35316698353402
 30
0.0
 40
1.000000000000067
100
AcDbArc
 50
165.7272473160149
 51
197.1269621259321
  0
ARC
  5
100000E5
102
{ACAD_XDICTIONARY
360
100000E6
102
}
330
1F
100
AcDbEntity
  8
SHEETMETAL_CUT_LINES
100
AcDbCircle
 10
56.80828035666688
 20
46.76418684813213
 30
0.0
 40
1.000000000000004
100
AcDbArc
 50
224.3275325060955
 51
17.12696212593323
  0
ARC
  5
100000EC
102
{ACAD_XDICTIONARY
360
100000ED
102
}
330
1F
100
AcDbEntity
  8
SHEETMETAL_CUT_LINES
100
AcDbCircle
 10
55.37756627751635
 20
45.36666861078403
 30
0.0
 40
1.000000000000034
100
AcDbArc
 50
44.32753250609663
 51
75.72724731601427
  0
LINE
  5
100000F3
102
{ACAD_XDICTIONARY
360
100000F4
102
}
330
1F
100
AcDbEntity
  8
SHEETMETAL_CUT_LINES
100
AcDbLine
 10
55.62410444168545
 20
46.33580169432221
 30
0.0
 11
49.56616745589861
 21
47.87688277853753
 31
0.0
  0
LINE
  5
100000F8
102
{ACAD_XDICTIONARY
360
100000F9
102
}
330
1F
100
AcDbEntity
  8
SHEETMETAL_CUT_LINES
100
AcDbLine
 10
49.56616745589861
 20
47.87688277853753
 30
0.0
 11
48.82655296339136
 21
44.9694835279231
 31
0.0
  0
ARC
  5
100000FD
102
{ACAD_XDICTIONARY
360
100000FE
102
}
330
1F
100
AcDbEntity
  8
SHEETMETAL_CUT_LINES
100
AcDbCircle
 10
192.1868442415473
 20
8.49999999999756
 30
0.0
 40
147.9263206604942
100
AcDbArc
 50
165.7272473160143
 51
166.1145907662548
  0
ARC
  5
10000104
102
{ACAD_XDICTIONARY
360
10000105
102
}
330
1F
100
AcDbEntity
  8
SHEETMETAL_CUT_LINES
100
AcDbCircle
 10
48.02288507974696
 20
41.56310032744956
 30
0.0
 40
2.500000000000002
100
AcDbArc
 50
257.1193183360458
 51
77.04658735545289
  0
ARC
  5
1000010B
102
{ACAD_XDICTIONARY
360
1000010C
102
}
330
1F
100
AcDbEntity
  8
SHEETMETAL_CUT_LINES
100
AcDbCircle
 10
192.1868442415473
 20
8.49999999999756
 30
0.0
 40
147.9263206604942
100
AcDbArc
 50
168.051314925244
 51
171.9326105493657
  0
LINE
  5
10000112
102
{ACAD_XDICTIONARY
360
10000113
102
}
330
1F
100
AcDbEntity
  8
SHEETMETAL_CUT_LINES
100
AcDbLine
 10
45.72444787755812
 20
10.49999999999809
 30
0.0
 11
45.72444787755811
 21
29.25964343308825
 31
0.0
  0
LINE
  5
10000117
102
{ACAD_XDICTIONARY
360
10000118
102
}
330
1F
100
AcDbEntity
  8
SHEETMETAL_CUT_LINES
100
AcDbLine
 10
45.72444787755812
 20
10.49999999999809
 30
0.0
 11
45.8827828610593
 21
10.49999999999809
 31
0.0
  0
ARC
  5
1000011C
102
{ACAD_XDICTIONARY
360
1000011D
102
}
330
1F
100
AcDbEntity
  8
SHEETMETAL_CUT_LINES
100
AcDbCircle
 10
45.8827828610593
 20
9.49999999999809
 30
0.0
 40
1.0
100
AcDbArc
 50
32.68363884638686
 51
90.0
  0
LINE
  5
10000123
102
{ACAD_XDICTIONARY
360
10000124
102
}
330
1F
100
AcDbEntity
  8
SHEETMETAL_CUT_LINES
100
AcDbLine
 10
46.72444787755811
 20
10.03999999999998
 30
0.0
 11
46.72444787755811
 21
5.102987144883621
 31
0.0
  0
ARC
  5
10000128
102
{ACAD_XDICTIONARY
360
10000129
102
}
330
1F
100
AcDbEntity
  8
SHEETMETAL_CUT_LINES
100
AcDbCircle
 10
45.88278286105807
 20
5.642987144883608
 30
0.0
 40
1.0
100
AcDbArc
 50
270.0
 51
327.3163611537431
  0
LINE
  5
1000012F
102
{ACAD_XDICTIONARY
360
10000130
102
}
330
1F
100
AcDbEntity
  8
SHEETMETAL_CUT_LINES
100
AcDbLine
 10
45.88278286105807
 20
4.642987144883608
 30
0.0
 11
45.72444787755812
 21
4.642987144883608
 31
0.0
  0
CIRCLE
  5
10000134
102
{ACAD_XDICTIONARY
360
10000135
102
}
330
1F
100
AcDbEntity
  8
SHEETMETAL_CUT_LINES
100
AcDbCircle
 10
59.83176413912547
 20
24.49999999999818
 30
0.0
 40
5.000000000000001
  0
LINE
  5
1000013B
102
{ACAD_XDICTIONARY
360
1000013C
102
}
330
1F
100
AcDbEntity
  8
SHEETMETAL_CUT_LINES
100
AcDbLine
 10
62.14518680447389
 20
32.30372190505427
 30
0.0
 11
62.2991897885917
 21
33.79579532177438
 31
0.0
  0
ARC
  5
10000140
102
{ACAD_XDICTIONARY
360
10000141
102
}
330
1F
100
AcDbEntity
  8
SHEETMETAL_CUT_LINES
100
AcDbCircle
 10
60.65311338775378
 20
32.45772488917208
 30
0.0
 40
1.500000000000001
100
AcDbArc
 50
174.107135594666
 51
354.1071355946662
  0
LINE
  5
10000147
102
{ACAD_XDICTIONARY
360
10000148
102
}
330
1F
100
AcDbEntity
  8
SHEETMETAL_CUT_LINES
100
AcDbLine
 10
59.16103997103367
 20
32.61172787328989
 30
0.0
 11
59.31504295515148
 21
34.10380129001
 31
0.0
  0
ARC
  5
1000014C
102
{ACAD_XDICTIONARY
360
1000014D
102
}
330
1F
100
AcDbEntity
  8
SHEETMETAL_CUT_LINES
100
AcDbCircle
 10
60.80711637187159
 20
33.94979830589219
 30
0.0
 40
1.500000000000001
100
AcDbArc
 50
354.1071355946665
 51
174.1071355946663
  0
LINE
  5
10000153
102
{ACAD_XDICTIONARY
360
10000154
102
}
330
1F
100
AcDbEntity
  8
SHEETMETAL_CUT_LINES
100
AcDbLine
 10
66.98566567110312
 20
28.38222782313879
 30
0.0
 11
68.1496174564868
 21
29.32838649973712
 31
0.0
  0
ARC
  5
10000158
102
{ACAD_XDICTIONARY
360
10000159
102
}
330
1F
100
AcDbEntity
  8
SHEETMETAL_CUT_LINES
100
AcDbCircle
 10
66.03950699450486
 20
29.54617960852245
 30
0.0
 40
1.5
100
AcDbArc
 50
129.1071355946677
 51
309.1071355946644
  0
LINE
  5
1000015F
102
{ACAD_XDICTIONARY
360
10000160
102
}
330
1F
100
AcDbEntity
  8
SHEETMETAL_CUT_LINES
100
AcDbLine
 10
65.09334831790653
 20
30.71013139390607
 30
0.0
 11
66.25730010329018
 21
31.65629007050437
 31
0.0
  0
ARC
  5
10000164
102
{ACAD_XDICTIONARY
360
10000165
102
}
330
1F
100
AcDbEntity
  8
SHEETMETAL_CUT_LINES
100
AcDbCircle
 10
67.20345877988848
 20
30.49233828512076
 30
0.0
 40
1.500000000000005
100
AcDbArc
 50
309.1071355946666
 51
129.107135594667
  0
ARC
  5
1000016B
102
{ACAD_XDICTIONARY
360
1000016C
102
}
330
1F
100
AcDbEntity
  8
SHEETMETAL_CUT_LINES
100
AcDbCircle
 10
67.78948902829936
 20
23.67865075136987
 30
0.0
 40
1.499999999999998
100
AcDbArc
 50
84.10713559466623
 51
264.1071355946662
  0
LINE
  5
10000172
102
{ACAD_XDICTIONARY
360
10000173
102
}
330
1F
100
AcDbEntity
  8
SHEETMETAL_CUT_LINES
100
AcDbLine
 10
67.94349201241717
 20
25.17072416808998
 30
0.0
 11
69.43556542913728
 21
25.01672118397216
 31
0.0
  0
ARC
  5
10000177
102
{ACAD_XDICTIONARY
360
10000178
102
}
330
1F
100
AcDbEntity
  8
SHEETMETAL_CUT_LINES
100
AcDbCircle
 10
69.28156244501947
 20
23.52464776725205
 30
0.0
 40
1.500000000000001
100
AcDbArc
 50
264.1071355946662
 51
84.10713559466623
  0
LINE
  5
1000017E
102
{ACAD_XDICTIONARY
360
1000017F
102
}
330
1F
100
AcDbEntity
  8
SHEETMETAL_CUT_LINES
100
AcDbLine
 10
67.63548604418155
 20
22.18657733464977
 30
0.0
 11
69.12755946090167
 21
22.03257435053195
 31
0.0
  0
LINE
  5
10000183
102
{ACAD_XDICTIONARY
360
10000184
102
}
330
1F
100
AcDbEntity
  8
SHEETMETAL_CUT_LINES
100
AcDbLine
 10
63.71399196226607
 20
17.34609846802049
 30
0.0
 11
64.66015063886441
 21
16.18214668263686
 31
0.0
  0
ARC
  5
10000188
102
{ACAD_XDICTIONARY
360
10000189
102
}
330
1F
100
AcDbEntity
  8
SHEETMETAL_CUT_LINES
100
AcDbCircle
 10
64.87794374764972
 20
18.29225714461879
 30
0.0
 40
1.499999999999998
100
AcDbArc
 50
39.10713559466627
 51
219.1071355946661
  0
LINE
  5
1000018F
102
{ACAD_XDICTIONARY
360
10000190
102
}
330
1F
100
AcDbEntity
  8
SHEETMETAL_CUT_LINES
100
AcDbLine
 10
66.04189553303337
 20
19.2384158212171
 30
0.0
 11
66.98805420963167
 21
18.07446403583346
 31
0.0
  0
ARC
  5
10000194
102
{ACAD_XDICTIONARY
360
10000195
102
}
330
1F
100
AcDbEntity
  8
SHEETMETAL_CUT_LINES
100
AcDbCircle
 10
65.82410242424805
 20
17.12830535923516
 30
0.0
 40
1.500000000000005
100
AcDbArc
 50
219.107135594666
 51
39.10713559466684
  0
LINE
  5
1000019B
102
{ACAD_XDICTIONARY
360
1000019C
102
}
330
1F
100
AcDbEntity
  8
SHEETMETAL_CUT_LINES
100
AcDbLine
 10
52.67786260714777
 20
20.61777217685754
 30
0.0
 11
51.51391082176414
 21
19.67161350025923
 31
0.0
  0
ARC
  5
100001A0
102
{ACAD_XDICTIONARY
360
100001A1
102
}
330
1F
100
AcDbEntity
  8
SHEETMETAL_CUT_LINES
100
AcDbCircle
 10
53.62402128374607
 20
19.45382039147391
 30
0.0
 40
1.5
100
AcDbArc
 50
309.1071355946664
 51
129.1071355946663
  0
LINE
  5
100001A7
102
{ACAD_XDICTIONARY
360
100001A8
102
}
330
1F
100
AcDbEntity
  8
SHEETMETAL_CUT_LINES
100
AcDbLine
 10
54.57017996034438
 20
18.28986860609028
 30
0.0
 11
53.40622817496075
 21
17.34370992949198
 31
0.0
  0
ARC
  5
100001AC
102
{ACAD_XDICTIONARY
360
100001AD
102
}
330
1F
100
AcDbEntity
  8
SHEETMETAL_CUT_LINES
100
AcDbCircle
 10
52.46006949836244
 20
18.5076617148756
 30
0.0
 40
1.500000000000001
100
AcDbArc
 50
129.1071355946664
 51
309.1071355946668
  0
ARC
  5
100001B3
102
{ACAD_XDICTIONARY
360
100001B4
102
}
330
1F
100
AcDbEntity
  8
SHEETMETAL_CUT_LINES
100
AcDbCircle
 10
51.87403924995156
 20
25.3213492486265
 30
0.0
 40
1.499999999999999
100
AcDbArc
 50
264.1071355946662
 51
84.10713559466596
  0
LINE
  5
100001BA
102
{ACAD_XDICTIONARY
360
100001BB
102
}
330
1F
100
AcDbEntity
  8
SHEETMETAL_CUT_LINES
100
AcDbLine
 10
51.72003626583375
 20
23.82927583190639
 30
0.0
 11
50.22796284911364
 21
23.98327881602421
 31
0.0
  0
ARC
  5
100001BF
102
{ACAD_XDICTIONARY
360
100001C0
102
}
330
1F
100
AcDbEntity
  8
SHEETMETAL_CUT_LINES
100
AcDbCircle
 10
50.38196583323145
 20
25.47535223274431
 30
0.0
 40
1.500000000000001
100
AcDbArc
 50
84.10713559466623
 51
264.1071355946662
  0
LINE
  5
100001C6
102
{ACAD_XDICTIONARY
360
100001C7
102
}
330
1F
100
AcDbEntity
  8
SHEETMETAL_CUT_LINES
100
AcDbLine
 10
52.02804223406937
 20
26.81342266534661
 30
0.0
 11
50.53596881734926
 21
26.96742564946442
 31
0.0
  0
LINE
  5
100001CB
102
{ACAD_XDICTIONARY
360
100001CC
102
}
330
1F
100
AcDbEntity
  8
SHEETMETAL_CUT_LINES
100
AcDbLine
 10
55.94953631598484
 20
31.65390153197588
 30
0.0
 11
55.00337763938652
 21
32.81785331735951
 31
0.0
  0
ARC
  5
100001D0
102
{ACAD_XDICTIONARY
360
100001D1
102
}
330
1F
100
AcDbEntity
  8
SHEETMETAL_CUT_LINES
100
AcDbCircle
 10
54.7855845306012
 20
30.70774285537758
 30
0.0
 40
1.500000000000001
100
AcDbArc
 50
219.1071355946668
 51
39.10713559466623
  0
LINE
  5
100001D7
102
{ACAD_XDICTIONARY
360
100001D8
102
}
330
1F
100
AcDbEntity
  8
SHEETMETAL_CUT_LINES
100
AcDbLine
 10
53.62163274521757
 20
29.76158417877926
 30
0.0
 11
52.67547406861927
 21
30.92553596416291
 31
0.0
  0
ARC
  5
100001DC
102
{ACAD_XDICTIONARY
360
100001DD
102
}
330
1F
100
AcDbEntity
  8
SHEETMETAL_CUT_LINES
100
AcDbCircle
 10
53.83942585400288
 20
31.87169464076121
 30
0.0
 40
1.500000000000004
100
AcDbArc
 50
39.10713559466643
 51
219.1071355946666
  0
LINE
  5
100001E3
102
{ACAD_XDICTIONARY
360
100001E4
102
}
330
1F
100
AcDbEntity
  8
SHEETMETAL_CUT_LINES
100
AcDbLine
 10
57.51834147377704
 20
16.69627809494211
 30
0.0
 11
57.36433848965922
 21
15.20420467822199
 31
0.0
  0
ARC
  5
100001E8
102
{ACAD_XDICTIONARY
360
100001E9
102
}
330
1F
100
AcDbEntity
  8
SHEETMETAL_CUT_LINES
100
AcDbCircle
 10
59.01041489049715
 20
16.5422751108243
 30
0.0
 40
1.500000000000001
100
AcDbArc
 50
354.1071355946665
 51
174.1071355946663
  0
LINE
  5
100001EF
102
{ACAD_XDICTIONARY
360
100001F0
102
}
330
1F
100
AcDbEntity
  8
SHEETMETAL_CUT_LINES
100
AcDbLine
 10
60.50248830721725
 20
16.38827212670649
 30
0.0
 11
60.34848532309943
 21
14.89619870998637
 31
0.0
  0
ARC
  5
100001F4
102
{ACAD_XDICTIONARY
360
100001F5
102
}
330
1F
100
AcDbEntity
  8
SHEETMETAL_CUT_LINES
100
AcDbCircle
 10
58.85641190637932
 20
15.05020169410418
 30
0.0
 40
1.500000000000001
100
AcDbArc
 50
174.1071355946663
 51
354.1071355946663
  0
ENDSEC
  0
SECTION
  2
OBJECTS
  0
DICTIONARY
  5
C
330
0
100
AcDbDictionary
  3
ACAD_GROUP
350
D
  3
ACAD_LAYOUT
350
1A
  3
ACAD_MATERIAL
350
43
  3
ACAD_MLEADERSTYLE
350
5B
  3
ACAD_MLINESTYLE
350
17
  3
ACAD_PLOTSETTINGS
350
19
  3
ACAD_SCALELIST
350
47
  3
ACAD_VISUALSTYLE
350
2A
  3
ACDBHEADERROUNDTRIPXREC
350
100001FD
  3
ACDBVARIABLEDICTIONARY
350
1000021E
  3
DWGPROPS
350
10000229
  3
ONSHAPE_DATA
350
10000001
  0
DICTIONARY
  5
1000022A
330
8
100
AcDbDictionary
280
     1
  3
ACAD_XREC_ROUNDTRIP
360
1000022B
  0
DICTIONARY
  5
100001FB
330
1F
100
AcDbDictionary
280
     1
  3
ACAD_SORTENTS
360
100001FC
  0
DICTIONARY
  5
1000005A
330
10000059
100
AcDbDictionary
280
     1
  3
BTBENDANGLE
360
1000005E
  3
BTBENDISUP
360
1000005F
  3
BTBENDRADIUS
360
1000005D
  3
BTDETID
360
1000005B
  3
BTISBEND
360
1000005C
  3
BTPARTID
360
10000060
  0
DICTIONARY
  5
10000062
330
10000061
100
AcDbDictionary
280
     1
  3
BTARCONSURFACERADIUS
360
10000065
  3
BTDETID
360
10000063
  3
BTOWNERFACEID_
360
10000064
  3
BTPARTID
360
10000066
  3
BTUNFLATTENEDPARTID
360
10000067
  0
DICTIONARY
  5
10000069
330
10000068
100
AcDbDictionary
280
     1
  3
BTARCONSURFACERADIUS
360
1000006C
  3
BTDETID
360
1000006A
  3
BTOWNERFACEID_
360
1000006B
  3
BTPARTID
360
1000006D
  3
BTUNFLATTENEDPARTID
360
1000006E
  0
DICTIONARY
  5
10000070
330
1000006F
100
AcDbDictionary
280
     1
  3
BTDETID
360
10000071
  3
BTPARTID
360
10000072
  3
BTUNFLATTENEDPARTID
360
10000073
  0
DICTIONARY
  5
10000075
330
10000074
100
AcDbDictionary
280
     1
  3
BTARCONSURFACERADIUS
360
10000078
  3
BTDETID
360
10000076
  3
BTOWNERFACEID_
360
10000077
  3
BTPARTID
360
10000079
  3
BTUNFLATTENEDPARTID
360
1000007A
  0
DICTIONARY
  5
1000007C
330
1000007B
100
AcDbDictionary
280
     1
  3
BTDETID
360
1000007D
  3
BTPARTID
360
1000007E
  3
BTUNFLATTENEDPARTID
360
1000007F
  0
DICTIONARY
  5
10000081
330
10000080
100
AcDbDictionary
280
     1
  3
BTARCONSURFACERADIUS
360
10000084
  3
BTDETID
360
10000082
  3
BTOWNERFACEID_
360
10000083
  3
BTPARTID
360
10000085
  3
BTUNFLATTENEDPARTID
360
10000086
  0
DICTIONARY
  5
10000088
330
10000087
100
AcDbDictionary
280
     1
  3
BTDETID
360
10000089
  3
BTPARTID
360
1000008A
  3
BTUNFLATTENEDPARTID
360
1000008B
  0
DICTIONARY
  5
1000008D
330
1000008C
100
AcDbDictionary
280
     1
  3
BTDETID
360
1000008E
  3
BTPARTID
360
1000008F
  3
BTUNFLATTENEDPARTID
360
10000090
  0
DICTIONARY
  5
10000092
330
10000091
100
AcDbDictionary
280
     1
  3
BTARCONSURFACERADIUS
360
10000095
  3
BTDETID
360
10000093
  3
BTOWNERFACEID_
360
10000094
  3
BTPARTID
360
10000096
  3
BTUNFLATTENEDPARTID
360
10000097
  0
DICTIONARY
  5
10000099
330
10000098
100
AcDbDictionary
280
     1
  3
BTDETID
360
1000009A
  3
BTPARTID
360
1000009B
  3
BTUNFLATTENEDPARTID
360
1000009C
  0
DICTIONARY
  5
1000009E
330
1000009D
100
AcDbDictionary
280
     1
  3
BTARCONSURFACERADIUS
360
100000A1
  3
BTDETID
360
1000009F
  3
BTOWNERFACEID_
360
100000A0
  3
BTPARTID
360
100000A2
  3
BTUNFLATTENEDPARTID
360
100000A3
  0
DICTIONARY
  5
100000A5
330
100000A4
100
AcDbDictionary
280
     1
  3
BTDETID
360
100000A6
  3
BTPARTID
360
100000A7
  3
BTUNFLATTENEDPARTID
360
100000A8
  0
DICTIONARY
  5
100000AA
330
100000A9
100
AcDbDictionary
280
     1
  3
BTARCONSURFACERADIUS
360
100000AD
  3
BTDETID
360
100000AB
  3
BTOWNERFACEID_
360
100000AC
  3
BTPARTID
360
100000AE
  3
BTUNFLATTENEDPARTID
360
100000AF
  0
DICTIONARY
  5
100000B1
330
100000B0
100
AcDbDictionary
280
     1
  3
BTDETID
360
100000B2
  3
BTPARTID
360
100000B3
  3
BTUNFLATTENEDPARTID
360
100000B4
  0
DICTIONARY
  5
100000B6
330
100000B5
100
AcDbDictionary
280
     1
  3
BTDETID
360
100000B7
  3
BTPARTID
360
100000B8
  3
BTUNFLATTENEDPARTID
360
100000B9
  0
DICTIONARY
  5
100000BB
330
100000BA
100
AcDbDictionary
280
     1
  3
BTARCONSURFACERADIUS
360
100000BE
  3
BTDETID
360
100000BC
  3
BTOWNERFACEID_
360
100000BD
  3
BTPARTID
360
100000BF
  3
BTUNFLATTENEDPARTID
360
100000C0
  0
DICTIONARY
  5
100000C2
330
100000C1
100
AcDbDictionary
280
     1
  3
BTARCONSURFACERADIUS
360
100000C5
  3
BTDETID
360
100000C3
  3
BTOWNERFACEID_
360
100000C4
  3
BTPARTID
360
100000C6
  3
BTUNFLATTENEDPARTID
360
100000C7
  0
DICTIONARY
  5
100000C9
330
100000C8
100
AcDbDictionary
280
     1
  3
BTARCONSURFACERADIUS
360
100000CC
  3
BTDETID
360
100000CA
  3
BTOWNERFACEID_
360
100000CB
  3
BTPARTID
360
100000CD
  3
BTUNFLATTENEDPARTID
360
100000CE
  0
DICTIONARY
  5
100000D0
330
100000CF
100
AcDbDictionary
280
     1
  3
BTDETID
360
100000D1
  3
BTPARTID
360
100000D2
  3
BTUNFLATTENEDPARTID
360
100000D3
  0
DICTIONARY
  5
100000D5
330
100000D4
100
AcDbDictionary
280
     1
  3
BTDETID
360
100000D6
  3
BTPARTID
360
100000D7
  3
BTUNFLATTENEDPARTID
360
100000D8
  0
DICTIONARY
  5
100000DA
330
100000D9
100
AcDbDictionary
280
     1
  3
BTDETID
360
100000DB
  3
BTPARTID
360
100000DC
  3
BTUNFLATTENEDPARTID
360
100000DD
  0
DICTIONARY
  5
100000DF
330
100000DE
100
AcDbDictionary
280
     1
  3
BTARCONSURFACERADIUS
360
100000E2
  3
BTDETID
360
100000E0
  3
BTOWNERFACEID_
360
100000E1
  3
BTPARTID
360
100000E3
  3
BTUNFLATTENEDPARTID
360
100000E4
  0
DICTIONARY
  5
100000E6
330
100000E5
100
AcDbDictionary
280
     1
  3
BTARCONSURFACERADIUS
360
100000E9
  3
BTDETID
360
100000E7
  3
BTOWNERFACEID_
360
100000E8
  3
BTPARTID
360
100000EA
  3
BTUNFLATTENEDPARTID
360
100000EB
  0
DICTIONARY
  5
100000ED
330
100000EC
100
AcDbDictionary
280
     1
  3
BTARCONSURFACERADIUS
360
100000F0
  3
BTDETID
360
100000EE
  3
BTOWNERFACEID_
360
100000EF
  3
BTPARTID
360
100000F1
  3
BTUNFLATTENEDPARTID
360
100000F2
  0
DICTIONARY
  5
100000F4
330
100000F3
100
AcDbDictionary
280
     1
  3
BTDETID
360
100000F5
  3
BTPARTID
360
100000F6
  3
BTUNFLATTENEDPARTID
360
100000F7
  0
DICTIONARY
  5
100000F9
330
100000F8
100
AcDbDictionary
280
     1
  3
BTDETID
360
100000FA
  3
BTPARTID
360
100000FB
  3
BTUNFLATTENEDPARTID
360
100000FC
  0
DICTIONARY
  5
100000FE
330
100000FD
100
AcDbDictionary
280
     1
  3
BTARCONSURFACERADIUS
360
10000101
  3
BTDETID
360
100000FF
  3
BTOWNERFACEID_
360
10000100
  3
BTPARTID
360
10000102
  3
BTUNFLATTENEDPARTID
360
10000103
  0
DICTIONARY
  5
10000105
330
10000104
100
AcDbDictionary
280
     1
  3
BTARCONSURFACERADIUS
360
10000108
  3
BTDETID
360
10000106
  3
BTOWNERFACEID_
360
10000107
  3
BTPARTID
360
10000109
  3
BTUNFLATTENEDPARTID
360
1000010A
  0
DICTIONARY
  5
1000010C
330
1000010B
100
AcDbDictionary
280
     1
  3
BTARCONSURFACERADIUS
360
1000010F
  3
BTDETID
360
1000010D
  3
BTOWNERFACEID_
360
1000010E
  3
BTPARTID
360
10000110
  3
BTUNFLATTENEDPARTID
360
10000111
  0
DICTIONARY
  5
10000113
330
10000112
100
AcDbDictionary
280
     1
  3
BTDETID
360
10000114
  3
BTPARTID
360
10000115
  3
BTUNFLATTENEDPARTID
360
10000116
  0
DICTIONARY
  5
10000118
330
10000117
100
AcDbDictionary
280
     1
  3
BTDETID
360
10000119
  3
BTPARTID
360
1000011A
  3
BTUNFLATTENEDPARTID
360
1000011B
  0
DICTIONARY
  5
1000011D
330
1000011C
100
AcDbDictionary
280
     1
  3
BTARCONSURFACERADIUS
360
10000120
  3
BTDETID
360
1000011E
  3
BTOWNERFACEID_
360
1000011F
  3
BTPARTID
360
10000121
  3
BTUNFLATTENEDPARTID
360
10000122
  0
DICTIONARY
  5
10000124
330
10000123
100
AcDbDictionary
280
     1
  3
BTDETID
360
10000125
  3
BTPARTID
360
10000126
  3
BTUNFLATTENEDPARTID
360
10000127
  0
DICTIONARY
  5
10000129
330
10000128
100
AcDbDictionary
280
     1
  3
BTARCONSURFACERADIUS
360
1000012C
  3
BTDETID
360
1000012A
  3
BTOWNERFACEID_
360
1000012B
  3
BTPARTID
360
1000012D
  3
BTUNFLATTENEDPARTID
360
1000012E
  0
DICTIONARY
  5
10000130
330
1000012F
100
AcDbDictionary
280
     1
  3
BTDETID
360
10000131
  3
BTPARTID
360
10000132
  3
BTUNFLATTENEDPARTID
360
10000133
  0
DICTIONARY
  5
10000135
330
10000134
100
AcDbDictionary
280
     1
  3
BTARCONSURFACERADIUS
360
10000138
  3
BTDETID
360
10000136
  3
BTOWNERFACEID_
360
10000137
  3
BTPARTID
360
10000139
  3
BTUNFLATTENEDPARTID
360
1000013A
  0
DICTIONARY
  5
1000013C
330
1000013B
100
AcDbDictionary
280
     1
  3
BTDETID
360
1000013D
  3
BTPARTID
360
1000013E
  3
BTUNFLATTENEDPARTID
360
1000013F
  0
DICTIONARY
  5
10000141
330
10000140
100
AcDbDictionary
280
     1
  3
BTARCONSURFACERADIUS
360
10000144
  3
BTDETID
360
10000142
  3
BTOWNERFACEID_
360
10000143
  3
BTPARTID
360
10000145
  3
BTUNFLATTENEDPARTID
360
10000146
  0
DICTIONARY
  5
10000148
330
10000147
100
AcDbDictionary
280
     1
  3
BTDETID
360
10000149
  3
BTPARTID
360
1000014A
  3
BTUNFLATTENEDPARTID
360
1000014B
  0
DICTIONARY
  5
1000014D
330
1000014C
100
AcDbDictionary
280
     1
  3
BTARCONSURFACERADIUS
360
10000150
  3
BTDETID
360
1000014E
  3
BTOWNERFACEID_
360
1000014F
  3
BTPARTID
360
10000151
  3
BTUNFLATTENEDPARTID
360
10000152
  0
DICTIONARY
  5
10000154
330
10000153
100
AcDbDictionary
280
     1
  3
BTDETID
360
10000155
  3
BTPARTID
360
10000156
  3
BTUNFLATTENEDPARTID
360
10000157
  0
DICTIONARY
  5
10000159
330
10000158
100
AcDbDictionary
280
     1
  3
BTARCONSURFACERADIUS
360
1000015C
  3
BTDETID
360
1000015A
  3
BTOWNERFACEID_
360
1000015B
  3
BTPARTID
360
1000015D
  3
BTUNFLATTENEDPARTID
360
1000015E
  0
DICTIONARY
  5
10000160
330
1000015F
100
AcDbDictionary
280
     1
  3
BTDETID
360
10000161
  3
BTPARTID
360
10000162
  3
BTUNFLATTENEDPARTID
360
10000163
  0
DICTIONARY
  5
10000165
330
10000164
100
AcDbDictionary
280
     1
  3
BTARCONSURFACERADIUS
360
10000168
  3
BTDETID
360
10000166
  3
BTOWNERFACEID_
360
10000167
  3
BTPARTID
360
10000169
  3
BTUNFLATTENEDPARTID
360
1000016A
  0
DICTIONARY
  5
1000016C
330
1000016B
100
AcDbDictionary
280
     1
  3
BTARCONSURFACERADIUS
360
1000016F
  3
BTDETID
360
1000016D
  3
BTOWNERFACEID_
360
1000016E
  3
BTPARTID
360
10000170
  3
BTUNFLATTENEDPARTID
360
10000171
  0
DICTIONARY
  5
10000173
330
10000172
100
AcDbDictionary
280
     1
  3
BTDETID
360
10000174
  3
BTPARTID
360
10000175
  3
BTUNFLATTENEDPARTID
360
10000176
  0
DICTIONARY
  5
10000178
330
10000177
100
AcDbDictionary
280
     1
  3
BTARCONSURFACERADIUS
360
1000017B
  3
BTDETID
360
10000179
  3
BTOWNERFACEID_
360
1000017A
  3
BTPARTID
360
1000017C
  3
BTUNFLATTENEDPARTID
360
1000017D
  0
DICTIONARY
  5
1000017F
330
1000017E
100
AcDbDictionary
280
     1
  3
BTDETID
360
10000180
  3
BTPARTID
360
10000181
  3
BTUNFLATTENEDPARTID
360
10000182
  0
DICTIONARY
  5
10000184
330
10000183
100
AcDbDictionary
280
     1
  3
BTDETID
360
10000185
  3
BTPARTID
360
10000186
  3
BTUNFLATTENEDPARTID
360
10000187
  0
DICTIONARY
  5
10000189
330
10000188
100
AcDbDictionary
280
     1
  3
BTARCONSURFACERADIUS
360
1000018C
  3
BTDETID
360
1000018A
  3
BTOWNERFACEID_
360
1000018B
  3
BTPARTID
360
1000018D
  3
BTUNFLATTENEDPARTID
360
1000018E
  0
DICTIONARY
  5
10000190
330
1000018F
100
AcDbDictionary
280
     1
  3
BTDETID
360
10000191
  3
BTPARTID
360
10000192
  3
BTUNFLATTENEDPARTID
360
10000193
  0
DICTIONARY
  5
10000195
330
10000194
100
AcDbDictionary
280
     1
  3
BTARCONSURFACERADIUS
360
10000198
  3
BTDETID
360
10000196
  3
BTOWNERFACEID_
360
10000197
  3
BTPARTID
360
10000199
  3
BTUNFLATTENEDPARTID
360
1000019A
  0
DICTIONARY
  5
1000019C
330
1000019B
100
AcDbDictionary
280
     1
  3
BTDETID
360
1000019D
  3
BTPARTID
360
1000019E
  3
BTUNFLATTENEDPARTID
360
1000019F
  0
DICTIONARY
  5
100001A1
330
100001A0
100
AcDbDictionary
280
     1
  3
BTARCONSURFACERADIUS
360
100001A4
  3
BTDETID
360
100001A2
  3
BTOWNERFACEID_
360
100001A3
  3
BTPARTID
360
100001A5
  3
BTUNFLATTENEDPARTID
360
100001A6
  0
DICTIONARY
  5
100001A8
330
100001A7
100
AcDbDictionary
280
     1
  3
BTDETID
360
100001A9
  3
BTPARTID
360
100001AA
  3
BTUNFLATTENEDPARTID
360
100001AB
  0
DICTIONARY
  5
100001AD
330
100001AC
100
AcDbDictionary
280
     1
  3
BTARCONSURFACERADIUS
360
100001B0
  3
BTDETID
360
100001AE
  3
BTOWNERFACEID_
360
100001AF
  3
BTPARTID
360
100001B1
  3
BTUNFLATTENEDPARTID
360
100001B2
  0
DICTIONARY
  5
100001B4
330
100001B3
100
AcDbDictionary
280
     1
  3
BTARCONSURFACERADIUS
360
100001B7
  3
BTDETID
360
100001B5
  3
BTOWNERFACEID_
360
100001B6
  3
BTPARTID
360
100001B8
  3
BTUNFLATTENEDPARTID
360
100001B9
  0
DICTIONARY
  5
100001BB
330
100001BA
100
AcDbDictionary
280
     1
  3
BTDETID
360
100001BC
  3
BTPARTID
360
100001BD
  3
BTUNFLATTENEDPARTID
360
100001BE
  0
DICTIONARY
  5
100001C0
330
100001BF
100
AcDbDictionary
280
     1
  3
BTARCONSURFACERADIUS
360
100001C3
  3
BTDETID
360
100001C1
  3
BTOWNERFACEID_
360
100001C2
  3
BTPARTID
360
100001C4
  3
BTUNFLATTENEDPARTID
360
100001C5
  0
DICTIONARY
  5
100001C7
330
100001C6
100
AcDbDictionary
280
     1
  3
BTDETID
360
100001C8
  3
BTPARTID
360
100001C9
  3
BTUNFLATTENEDPARTID
360
100001CA
  0
DICTIONARY
  5
100001CC
330
100001CB
100
AcDbDictionary
280
     1
  3
BTDETID
360
100001CD
  3
BTPARTID
360
100001CE
  3
BTUNFLATTENEDPARTID
360
100001CF
  0
DICTIONARY
  5
100001D1
330
100001D0
100
AcDbDictionary
280
     1
  3
BTARCONSURFACERADIUS
360
100001D4
  3
BTDETID
360
100001D2
  3
BTOWNERFACEID_
360
100001D3
  3
BTPARTID
360
100001D5
  3
BTUNFLATTENEDPARTID
360
100001D6
  0
DICTIONARY
  5
100001D8
330
100001D7
100
AcDbDictionary
280
     1
  3
BTDETID
360
100001D9
  3
BTPARTID
360
100001DA
  3
BTUNFLATTENEDPARTID
360
100001DB
  0
DICTIONARY
  5
100001DD
330
100001DC
100
AcDbDictionary
280
     1
  3
BTARCONSURFACERADIUS
360
100001E0
  3
BTDETID
360
100001DE
  3
BTOWNERFACEID_
360
100001DF
  3
BTPARTID
360
100001E1
  3
BTUNFLATTENEDPARTID
360
100001E2
  0
DICTIONARY
  5
100001E4
330
100001E3
100
AcDbDictionary
280
     1
  3
BTDETID
360
100001E5
  3
BTPARTID
360
100001E6
  3
BTUNFLATTENEDPARTID
360
100001E7
  0
DICTIONARY
  5
100001E9
330
100001E8
100
AcDbDictionary
280
     1
  3
BTARCONSURFACERADIUS
360
100001EC
  3
BTDETID
360
100001EA
  3
BTOWNERFACEID_
360
100001EB
  3
BTPARTID
360
100001ED
  3
BTUNFLATTENEDPARTID
360
100001EE
  0
DICTIONARY
  5
100001F0
330
100001EF
100
AcDbDictionary
280
     1
  3
BTDETID
360
100001F1
  3
BTPARTID
360
100001F2
  3
BTUNFLATTENEDPARTID
360
100001F3
  0
DICTIONARY
  5
100001F5
330
100001F4
100
AcDbDictionary
280
     1
  3
BTARCONSURFACERADIUS
360
100001F8
  3
BTDETID
360
100001F6
  3
BTOWNERFACEID_
360
100001F7
  3
BTPARTID
360
100001F9
  3
BTUNFLATTENEDPARTID
360
100001FA
  0
DICTIONARY
  5
D
102
{ACAD_REACTORS
330
C
102
}
330
C
100
AcDbDictionary
  0
DICTIONARY
  5
1A
102
{ACAD_REACTORS
330
C
102
}
330
C
100
AcDbDictionary
  0
DICTIONARY
  5
43
102
{ACAD_REACTORS
330
C
102
}
330
C
100
AcDbDictionary
  3
BYBLOCK
350
45
  3
BYLAYER
350
44
  3
GLOBAL
350
46
  0
DICTIONARY
  5
5B
102
{ACAD_REACTORS
330
C
102
}
330
C
100
AcDbDictionary
  3
STANDARD
350
5C
  0
DICTIONARY
  5
17
102
{ACAD_REACTORS
330
C
102
}
330
C
100
AcDbDictionary
  3
STANDARD
350
18
  0
DICTIONARY
  5
19
102
{ACAD_REACTORS
330
C
102
}
330
C
100
AcDbDictionary
  0
DICTIONARY
  5
47
102
{ACAD_REACTORS
330
C
102
}
330
C
100
AcDbDictionary
  3
SCALE100_1
350
10000023
  3
SCALE10_1
350
1000001D
  3
SCALE12_1
350
1000001E
  3
SCALE16_1
350
1000001F
  3
SCALE1_1
350
10000006
  3
SCALE1_10
350
1000000D
  3
SCALE1_100
350
10000016
  3
SCALE1_12
350
1000000E
  3
SCALE1_16
350
1000000F
  3
SCALE1_2
350
10000007
  3
SCALE1_20
350
10000010
  3
SCALE1_25
350
10000011
  3
SCALE1_3
350
10000008
  3
SCALE1_32
350
10000012
  3
SCALE1_4
350
10000009
  3
SCALE1_40
350
10000013
  3
SCALE1_5
350
1000000A
  3
SCALE1_50
350
10000014
  3
SCALE1_6
350
1000000B
  3
SCALE1_8
350
1000000C
  3
SCALE1_80
350
10000015
  3
SCALE20_1
350
10000020
  3
SCALE2_1
350
10000017
  3
SCALE32_1
350
10000021
  3
SCALE3_1
350
10000018
  3
SCALE4_1
350
10000019
  3
SCALE50_1
350
10000022
  3
SCALE5_1
350
1000001A
  3
SCALE6_1
350
1000001B
  3
SCALE8_1
350
1000001C
  0
DICTIONARY
  5
2A
102
{ACAD_REACTORS
330
C
102
}
330
C
100
AcDbDictionary
  3
2DWIREFRAME
350
2F
  3
BASIC
350
32
  3
BRIGHTEN
350
36
  3
COLORCHANGE
350
3A
  3
CONCEPTUAL
350
34
  3
DIM
350
35
  3
EDGECOLOROFF
350
3D
  3
FACEPATTERN
350
39
  3
FLAT
350
2B
  3
FLATWITHEDGES
350
2C
  3
GOURAUD
350
2D
  3
GOURAUDWITHEDGES
350
2E
  3
HIDDEN
350
31
  3
JITTEROFF
350
3B
  3
LINEPATTERN
350
38
  3
OVERHANGOFF
350
3C
  3
REALISTIC
350
33
  3
SHADED
350
42
  3
SHADED_WITH_EDGES
350
41
  3
SHADES_OF_GRAY
350
3E
  3
SKETCHY
350
3F
  3
THICKEN
350
37
  3
WIREFRAME
350
30
  3
X-RAY
350
40
  0
DICTIONARY
  5
100001FD
102
{ACAD_REACTORS
330
C
102
}
330
C
100
AcDbDictionary
  3
CEPSNID
350
10000207
  3
CEPSNTYPE
350
10000206
  3
DIMSTYLEDATA
350
1000021D
  3
FINGERPRINTGUID
350
10000208
  3
HYPERLINKBASE
350
10000200
  3
INSUNITS
350
10000205
  3
LAYOUTDICT
350
10000202
  3
LWETCUNION
350
10000204
  3
PLOTSETDICT
350
10000203
  3
PSVPSCALE
350
1000020A
  3
PUCSBASE
350
1000020D
  3
PUCSORGBACK
350
10000213
  3
PUCSORGBOTTOM
350
1000020F
  3
PUCSORGFRONT
350
10000212
  3
PUCSORGLEFT
350
10000210
  3
PUCSORGRIGHT
350
10000211
  3
PUCSORGTOP
350
1000020E
  3
PUCSORTHOREF
350
1000020B
  3
PUCSORTHOVIEW
350
1000020C
  3
STYLESHEET
350
10000201
  3
TSTACKALIGN
350
100001FE
  3
TSTACKSIZE
350
100001FF
  3
UCSBASE
350
10000216
  3
UCSORGBACK
350
1000021C
  3
UCSORGBOTTOM
350
10000218
  3
UCSORGFRONT
350
1000021B
  3
UCSORGLEFT
350
10000219
  3
UCSORGRIGHT
350
1000021A
  3
UCSORGTOP
350
10000217
  3
UCSORTHOREF
350
10000214
  3
UCSORTHOVIEW
350
10000215
  3
VERSIONGUID
350
10000209
  0
DICTIONARY
  5
1000021E
102
{ACAD_REACTORS
330
C
102
}
330
C
100
AcDbDictionary
  3
CANNOSCALE
350
1000022C
  3
CENTEREXE
350
10000225
  3
CENTERLTYPEFILE
350
10000226
  3
CMLEADERSTYLE
350
10000220
  3
CTABLESTYLE
350
1000021F
  3
DIMASSOC
350
10000227
  3
HIDETEXT
350
10000228
  3
MSLTSCALE
350
1000022D
  3
PSOLHEIGHT
350
10000222
  3
PSOLWIDTH
350
10000221
  0
XRECORD
  5
10000229
102
{ACAD_REACTORS
330
C
102
}
330
C
100
AcDbXrecord
  1
DWGPROPS COOKIE
  2

  3

  4

  6
File was created by BTDwgCreate
  7

  8
onshape
  9

300
=
301
=
302
=
303
=
304
=
305
=
306
=
307
=
308
=
309
=
 40
0.0
 41
2461117.310543044
 42
2461117.31054309
  1

 90
        0
  0
DICTIONARY
  5
10000001
102
{ACAD_REACTORS
330
C
102
}
330
C
100
AcDbDictionary
280
     1
  3
DIM_UNITS
360
10000003
  3
DWGGEN_VERSION
360
10000002
  3
FIRST_ANGLE
360
10000005
  0
XRECORD
  5
1000022B
102
{ACAD_REACTORS
330
1000022A
102
}
330
1000022A
100
AcDbXrecord
102
VTR_0.000_0.000_1.000_1.000_VISUALSTYLE
340
2F
102
VTR_0.000_0.000_1.000_1.000_GRIDDISPLAY
 70
     3
102
VTR_0.000_0.000_1.000_1.000_GRIDMAJOR
 70
     5
102
VTR_0.000_0.000_1.000_1.000_DEFAULTLIGHTING
280
     1
102
VTR_0.000_0.000_1.000_1.000_DEFAULTLIGHTINGTYPE
 70
     1
102
VTR_0.000_0.000_1.000_1.000_BRIGHTNESS
141
0.0
102
VTR_0.000_0.000_1.000_1.000_CONTRAST
142
0.0
  0
SORTENTSTABLE
  5
100001FC
102
{ACAD_REACTORS
330
100001FB
102
}
330
100001FB
100
AcDbSortentsTable
330
1F
  0
XRECORD
  5
1000005E
102
{ACAD_REACTORS
330
1000005A
102
}
330
1000005A
100
AcDbXrecord
 40
1.570796326794897
  0
ACAD_PROXY_OBJECT
  5
1000005F
102
{ACAD_REACTORS
330
1000005A
102
}
330
1000005A
100
AcDbProxyObject
 90
      499
 91
      509
 93
       34
310
40C8804000
  0
XRECORD
  5
1000005D
102
{ACAD_REACTORS
330
1000005A
102
}
330
1000005A
100
AcDbXrecord
 40
2.0
  0
XRECORD
  5
1000005B
102
{ACAD_REACTORS
330
1000005A
102
}
330
1000005A
100
AcDbXrecord
1000
RKFB
  0
ACAD_PROXY_OBJECT
  5
1000005C
102
{ACAD_REACTORS
330
1000005A
102
}
330
1000005A
100
AcDbProxyObject
 90
      499
 91
      509
 93
       34
310
40C8804040
  0
XRECORD
  5
10000060
102
{ACAD_REACTORS
330
1000005A
102
}
330
1000005A
100
AcDbXrecord
1000
RKFD
  0
XRECORD
  5
10000065
102
{ACAD_REACTORS
330
10000062
102
}
330
10000062
100
AcDbXrecord
 40
1.3
  0
XRECORD
  5
10000063
102
{ACAD_REACTORS
330
10000062
102
}
330
10000062
100
AcDbXrecord
1000
RLFB
  0
XRECORD
  5
10000064
102
{ACAD_REACTORS
330
10000062
102
}
330
10000062
100
AcDbXrecord
1000
SLFaE
  0
XRECORD
  5
10000066
102
{ACAD_REACTORS
330
10000062
102
}
330
10000062
100
AcDbXrecord
1000
RMFD
  0
XRECORD
  5
10000067
102
{ACAD_REACTORS
330
10000062
102
}
330
10000062
100
AcDbXrecord
1000
RNFD
  0
XRECORD
  5
1000006C
102
{ACAD_REACTORS
330
10000069
102
}
330
10000069
100
AcDbXrecord
 40
1.3
  0
XRECORD
  5
1000006A
102
{ACAD_REACTORS
330
10000069
102
}
330
10000069
100
AcDbXrecord
1000
RLFJ
  0
XRECORD
  5
1000006B
102
{ACAD_REACTORS
330
10000069
102
}
330
10000069
100
AcDbXrecord
1000
SLFaE
  0
XRECORD
  5
1000006D
102
{ACAD_REACTORS
330
10000069
102
}
330
10000069
100
AcDbXrecord
1000
RMFD
  0
XRECORD
  5
1000006E
102
{ACAD_REACTORS
330
10000069
102
}
330
10000069
100
AcDbXrecord
1000
RNFD
  0
XRECORD
  5
10000071
102
{ACAD_REACTORS
330
10000070
102
}
330
10000070
100
AcDbXrecord
1000
SLF9L
  0
XRECORD
  5
10000072
102
{ACAD_REACTORS
330
10000070
102
}
330
10000070
100
AcDbXrecord
1000
RMFD
  0
XRECORD
  5
10000073
102
{ACAD_REACTORS
330
10000070
102
}
330
10000070
100
AcDbXrecord
1000
RNFD
  0
XRECORD
  5
10000078
102
{ACAD_REACTORS
330
10000075
102
}
330
10000075
100
AcDbXrecord
 40
4.0
  0
XRECORD
  5
10000076
102
{ACAD_REACTORS
330
10000075
102
}
330
10000075
100
AcDbXrecord
1000
SLFlK
  0
XRECORD
  5
10000077
102
{ACAD_REACTORS
330
10000075
102
}
330
10000075
100
AcDbXrecord
1000
SLFaE
  0
XRECORD
  5
10000079
102
{ACAD_REACTORS
330
10000075
102
}
330
10000075
100
AcDbXrecord
1000
RMFD
  0
XRECORD
  5
1000007A
102
{ACAD_REACTORS
330
10000075
102
}
330
10000075
100
AcDbXrecord
1000
RNFD
  0
XRECORD
  5
1000007D
102
{ACAD_REACTORS
330
1000007C
102
}
330
1000007C
100
AcDbXrecord
1000
SLFtL
  0
XRECORD
  5
1000007E
102
{ACAD_REACTORS
330
1000007C
102
}
330
1000007C
100
AcDbXrecord
1000
RMFD
  0
XRECORD
  5
1000007F
102
{ACAD_REACTORS
330
1000007C
102
}
330
1000007C
100
AcDbXrecord
1000
RNFD
  0
XRECORD
  5
10000084
102
{ACAD_REACTORS
330
10000081
102
}
330
10000081
100
AcDbXrecord
 40
4.0
  0
XRECORD
  5
10000082
102
{ACAD_REACTORS
330
10000081
102
}
330
10000081
100
AcDbXrecord
1000
SLFVK
  0
XRECORD
  5
10000083
102
{ACAD_REACTORS
330
10000081
102
}
330
10000081
100
AcDbXrecord
1000
SLFaE
  0
XRECORD
  5
10000085
102
{ACAD_REACTORS
330
10000081
102
}
330
10000081
100
AcDbXrecord
1000
RMFD
  0
XRECORD
  5
10000086
102
{ACAD_REACTORS
330
10000081
102
}
330
10000081
100
AcDbXrecord
1000
RNFD
  0
XRECORD
  5
10000089
102
{ACAD_REACTORS
330
10000088
102
}
330
10000088
100
AcDbXrecord
1000
SLFNM
  0
XRECORD
  5
1000008A
102
{ACAD_REACTORS
330
10000088
102
}
330
10000088
100
AcDbXrecord
1000
RMFD
  0
XRECORD
  5
1000008B
102
{ACAD_REACTORS
330
10000088
102
}
330
10000088
100
AcDbXrecord
1000
RNFD
  0
XRECORD
  5
1000008E
102
{ACAD_REACTORS
330
1000008D
102
}
330
1000008D
100
AcDbXrecord
1000
SLFFM
  0
XRECORD
  5
1000008F
102
{ACAD_REACTORS
330
1000008D
102
}
330
1000008D
100
AcDbXrecord
1000
RMFD
  0
XRECORD
  5
10000090
102
{ACAD_REACTORS
330
1000008D
102
}
330
1000008D
100
AcDbXrecord
1000
RNFD
  0
XRECORD
  5
10000095
102
{ACAD_REACTORS
330
10000092
102
}
330
10000092
100
AcDbXrecord
 40
1.0
  0
XRECORD
  5
10000093
102
{ACAD_REACTORS
330
10000092
102
}
330
10000092
100
AcDbXrecord
1000
SLFBL
  0
XRECORD
  5
10000094
102
{ACAD_REACTORS
330
10000092
102
}
330
10000092
100
AcDbXrecord
1000
SLFaE
  0
XRECORD
  5
10000096
102
{ACAD_REACTORS
330
10000092
102
}
330
10000092
100
AcDbXrecord
1000
RMFD
  0
XRECORD
  5
10000097
102
{ACAD_REACTORS
330
10000092
102
}
330
10000092
100
AcDbXrecord
1000
RNFD
  0
XRECORD
  5
1000009A
102
{ACAD_REACTORS
330
10000099
102
}
330
10000099
100
AcDbXrecord
1000
SLF9M
  0
XRECORD
  5
1000009B
102
{ACAD_REACTORS
330
10000099
102
}
330
10000099
100
AcDbXrecord
1000
RMFD
  0
XRECORD
  5
1000009C
102
{ACAD_REACTORS
330
10000099
102
}
330
10000099
100
AcDbXrecord
1000
RNFD
  0
XRECORD
  5
100000A1
102
{ACAD_REACTORS
330
1000009E
102
}
330
1000009E
100
AcDbXrecord
 40
1.0
  0
XRECORD
  5
1000009F
102
{ACAD_REACTORS
330
1000009E
102
}
330
1000009E
100
AcDbXrecord
1000
SLFhL
  0
XRECORD
  5
100000A0
102
{ACAD_REACTORS
330
1000009E
102
}
330
1000009E
100
AcDbXrecord
1000
SLFaE
  0
XRECORD
  5
100000A2
102
{ACAD_REACTORS
330
1000009E
102
}
330
1000009E
100
AcDbXrecord
1000
RMFD
  0
XRECORD
  5
100000A3
102
{ACAD_REACTORS
330
1000009E
102
}
330
1000009E
100
AcDbXrecord
1000
RNFD
  0
XRECORD
  5
100000A6
102
{ACAD_REACTORS
330
100000A5
102
}
330
100000A5
100
AcDbXrecord
1000
SLFdM
  0
XRECORD
  5
100000A7
102
{ACAD_REACTORS
330
100000A5
102
}
330
100000A5
100
AcDbXrecord
1000
RMFD
  0
XRECORD
  5
100000A8
102
{ACAD_REACTORS
330
100000A5
102
}
330
100000A5
100
AcDbXrecord
1000
RNFD
  0
XRECORD
  5
100000AD
102
{ACAD_REACTORS
330
100000AA
102
}
330
100000AA
100
AcDbXrecord
 40
119.3186679685855
  0
XRECORD
  5
100000AB
102
{ACAD_REACTORS
330
100000AA
102
}
330
100000AA
100
AcDbXrecord
1000
SLFdJ
  0
XRECORD
  5
100000AC
102
{ACAD_REACTORS
330
100000AA
102
}
330
100000AA
100
AcDbXrecord
1000
SLFaE
  0
XRECORD
  5
100000AE
102
{ACAD_REACTORS
330
100000AA
102
}
330
100000AA
100
AcDbXrecord
1000
RMFD
  0
XRECORD
  5
100000AF
102
{ACAD_REACTORS
330
100000AA
102
}
330
100000AA
100
AcDbXrecord
1000
RNFD
  0
XRECORD
  5
100000B2
102
{ACAD_REACTORS
330
100000B1
102
}
330
100000B1
100
AcDbXrecord
1000
SLFVH
  0
XRECORD
  5
100000B3
102
{ACAD_REACTORS
330
100000B1
102
}
330
100000B1
100
AcDbXrecord
1000
RMFD
  0
XRECORD
  5
100000B4
102
{ACAD_REACTORS
330
100000B1
102
}
330
100000B1
100
AcDbXrecord
1000
RNFD
  0
XRECORD
  5
100000B7
102
{ACAD_REACTORS
330
100000B6
102
}
330
100000B6
100
AcDbXrecord
1000
SLFFJ
  0
XRECORD
  5
100000B8
102
{ACAD_REACTORS
330
100000B6
102
}
330
100000B6
100
AcDbXrecord
1000
RMFD
  0
XRECORD
  5
100000B9
102
{ACAD_REACTORS
330
100000B6
102
}
330
100000B6
100
AcDbXrecord
1000
RNFD
  0
XRECORD
  5
100000BE
102
{ACAD_REACTORS
330
100000BB
102
}
330
100000BB
100
AcDbXrecord
 40
1.00000000000008
  0
XRECORD
  5
100000BC
102
{ACAD_REACTORS
330
100000BB
102
}
330
100000BB
100
AcDbXrecord
1000
SLFVI
  0
XRECORD
  5
100000BD
102
{ACAD_REACTORS
330
100000BB
102
}
330
100000BB
100
AcDbXrecord
1000
SLFaE
  0
XRECORD
  5
100000BF
102
{ACAD_REACTORS
330
100000BB
102
}
330
100000BB
100
AcDbXrecord
1000
RMFD
  0
XRECORD
  5
100000C0
102
{ACAD_REACTORS
330
100000BB
102
}
330
100000BB
100
AcDbXrecord
1000
RNFD
  0
XRECORD
  5
100000C5
102
{ACAD_REACTORS
330
100000C2
102
}
330
100000C2
100
AcDbXrecord
 40
0.9999999999999972
  0
XRECORD
  5
100000C3
102
{ACAD_REACTORS
330
100000C2
102
}
330
100000C2
100
AcDbXrecord
1000
SLFdI
  0
XRECORD
  5
100000C4
102
{ACAD_REACTORS
330
100000C2
102
}
330
100000C2
100
AcDbXrecord
1000
SLFaE
  0
XRECORD
  5
100000C6
102
{ACAD_REACTORS
330
100000C2
102
}
330
100000C2
100
AcDbXrecord
1000
RMFD
  0
XRECORD
  5
100000C7
102
{ACAD_REACTORS
330
100000C2
102
}
330
100000C2
100
AcDbXrecord
1000
RNFD
  0
XRECORD
  5
100000CC
102
{ACAD_REACTORS
330
100000C9
102
}
330
100000C9
100
AcDbXrecord
 40
0.999999999999964
  0
XRECORD
  5
100000CA
102
{ACAD_REACTORS
330
100000C9
102
}
330
100000C9
100
AcDbXrecord
1000
SLFlI
  0
XRECORD
  5
100000CB
102
{ACAD_REACTORS
330
100000C9
102
}
330
100000C9
100
AcDbXrecord
1000
SLFaE
  0
XRECORD
  5
100000CD
102
{ACAD_REACTORS
330
100000C9
102
}
330
100000C9
100
AcDbXrecord
1000
RMFD
  0
XRECORD
  5
100000CE
102
{ACAD_REACTORS
330
100000C9
102
}
330
100000C9
100
AcDbXrecord
1000
RNFD
  0
XRECORD
  5
100000D1
102
{ACAD_REACTORS
330
100000D0
102
}
330
100000D0
100
AcDbXrecord
1000
SLF9I
  0
XRECORD
  5
100000D2
102
{ACAD_REACTORS
330
100000D0
102
}
330
100000D0
100
AcDbXrecord
1000
RMFD
  0
XRECORD
  5
100000D3
102
{ACAD_REACTORS
330
100000D0
102
}
330
100000D0
100
AcDbXrecord
1000
RNFD
  0
XRECORD
  5
100000D6
102
{ACAD_REACTORS
330
100000D5
102
}
330
100000D5
100
AcDbXrecord
1000
SLFNH
  0
XRECORD
  5
100000D7
102
{ACAD_REACTORS
330
100000D5
102
}
330
100000D5
100
AcDbXrecord
1000
RMFD
  0
XRECORD
  5
100000D8
102
{ACAD_REACTORS
330
100000D5
102
}
330
100000D5
100
AcDbXrecord
1000
RNFD
  0
XRECORD
  5
100000DB
102
{ACAD_REACTORS
330
100000DA
102
}
330
100000DA
100
AcDbXrecord
1000
SLF1I
  0
XRECORD
  5
100000DC
102
{ACAD_REACTORS
330
100000DA
102
}
330
100000DA
100
AcDbXrecord
1000
RMFD
  0
XRECORD
  5
100000DD
102
{ACAD_REACTORS
330
100000DA
102
}
330
100000DA
100
AcDbXrecord
1000
RNFD
  0
XRECORD
  5
100000E2
102
{ACAD_REACTORS
330
100000DF
102
}
330
100000DF
100
AcDbXrecord
 40
1.000000000000067
  0
XRECORD
  5
100000E0
102
{ACAD_REACTORS
330
100000DF
102
}
330
100000DF
100
AcDbXrecord
1000
SLF9H
  0
XRECORD
  5
100000E1
102
{ACAD_REACTORS
330
100000DF
102
}
330
100000DF
100
AcDbXrecord
1000
SLFaE
  0
XRECORD
  5
100000E3
102
{ACAD_REACTORS
330
100000DF
102
}
330
100000DF
100
AcDbXrecord
1000
RMFD
  0
XRECORD
  5
100000E4
102
{ACAD_REACTORS
330
100000DF
102
}
330
100000DF
100
AcDbXrecord
1000
RNFD
  0
XRECORD
  5
100000E9
102
{ACAD_REACTORS
330
100000E6
102
}
330
100000E6
100
AcDbXrecord
 40
1.000000000000004
  0
XRECORD
  5
100000E7
102
{ACAD_REACTORS
330
100000E6
102
}
330
100000E6
100
AcDbXrecord
1000
SLFFI
  0
XRECORD
  5
100000E8
102
{ACAD_REACTORS
330
100000E6
102
}
330
100000E6
100
AcDbXrecord
1000
SLFaE
  0
XRECORD
  5
100000EA
102
{ACAD_REACTORS
330
100000E6
102
}
330
100000E6
100
AcDbXrecord
1000
RMFD
  0
XRECORD
  5
100000EB
102
{ACAD_REACTORS
330
100000E6
102
}
330
100000E6
100
AcDbXrecord
1000
RNFD
  0
XRECORD
  5
100000F0
102
{ACAD_REACTORS
330
100000ED
102
}
330
100000ED
100
AcDbXrecord
 40
1.000000000000034
  0
XRECORD
  5
100000EE
102
{ACAD_REACTORS
330
100000ED
102
}
330
100000ED
100
AcDbXrecord
1000
SLFNI
  0
XRECORD
  5
100000EF
102
{ACAD_REACTORS
330
100000ED
102
}
330
100000ED
100
AcDbXrecord
1000
SLFaE
  0
XRECORD
  5
100000F1
102
{ACAD_REACTORS
330
100000ED
102
}
330
100000ED
100
AcDbXrecord
1000
RMFD
  0
XRECORD
  5
100000F2
102
{ACAD_REACTORS
330
100000ED
102
}
330
100000ED
100
AcDbXrecord
1000
RNFD
  0
XRECORD
  5
100000F5
102
{ACAD_REACTORS
330
100000F4
102
}
330
100000F4
100
AcDbXrecord
1000
SLFtI
  0
XRECORD
  5
100000F6
102
{ACAD_REACTORS
330
100000F4
102
}
330
100000F4
100
AcDbXrecord
1000
RMFD
  0
XRECORD
  5
100000F7
102
{ACAD_REACTORS
330
100000F4
102
}
330
100000F4
100
AcDbXrecord
1000
RNFD
  0
XRECORD
  5
100000FA
102
{ACAD_REACTORS
330
100000F9
102
}
330
100000F9
100
AcDbXrecord
1000
SLFFH
  0
XRECORD
  5
100000FB
102
{ACAD_REACTORS
330
100000F9
102
}
330
100000F9
100
AcDbXrecord
1000
RMFD
  0
XRECORD
  5
100000FC
102
{ACAD_REACTORS
330
100000F9
102
}
330
100000F9
100
AcDbXrecord
1000
RNFD
  0
XRECORD
  5
10000101
102
{ACAD_REACTORS
330
100000FE
102
}
330
100000FE
100
AcDbXrecord
 40
147.9263206604942
  0
XRECORD
  5
100000FF
102
{ACAD_REACTORS
330
100000FE
102
}
330
100000FE
100
AcDbXrecord
1000
SLF9J
  0
XRECORD
  5
10000100
102
{ACAD_REACTORS
330
100000FE
102
}
330
100000FE
100
AcDbXrecord
1000
SLFaE
  0
XRECORD
  5
10000102
102
{ACAD_REACTORS
330
100000FE
102
}
330
100000FE
100
AcDbXrecord
1000
RMFD
  0
XRECORD
  5
10000103
102
{ACAD_REACTORS
330
100000FE
102
}
330
100000FE
100
AcDbXrecord
1000
RNFD
  0
XRECORD
  5
10000108
102
{ACAD_REACTORS
330
10000105
102
}
330
10000105
100
AcDbXrecord
 40
2.500000000000002
  0
XRECORD
  5
10000106
102
{ACAD_REACTORS
330
10000105
102
}
330
10000105
100
AcDbXrecord
1000
SLF1J
  0
XRECORD
  5
10000107
102
{ACAD_REACTORS
330
10000105
102
}
330
10000105
100
AcDbXrecord
1000
SLFaE
  0
XRECORD
  5
10000109
102
{ACAD_REACTORS
330
10000105
102
}
330
10000105
100
AcDbXrecord
1000
RMFD
  0
XRECORD
  5
1000010A
102
{ACAD_REACTORS
330
10000105
102
}
330
10000105
100
AcDbXrecord
1000
RNFD
  0
XRECORD
  5
1000010F
102
{ACAD_REACTORS
330
1000010C
102
}
330
1000010C
100
AcDbXrecord
 40
147.9263206604942
  0
XRECORD
  5
1000010D
102
{ACAD_REACTORS
330
1000010C
102
}
330
1000010C
100
AcDbXrecord
1000
SLFFK
  0
XRECORD
  5
1000010E
102
{ACAD_REACTORS
330
1000010C
102
}
330
1000010C
100
AcDbXrecord
1000
SLFaE
  0
XRECORD
  5
10000110
102
{ACAD_REACTORS
330
1000010C
102
}
330
1000010C
100
AcDbXrecord
1000
RMFD
  0
XRECORD
  5
10000111
102
{ACAD_REACTORS
330
1000010C
102
}
330
1000010C
100
AcDbXrecord
1000
RNFD
  0
XRECORD
  5
10000114
102
{ACAD_REACTORS
330
10000113
102
}
330
10000113
100
AcDbXrecord
1000
SLFRJ
  0
XRECORD
  5
10000115
102
{ACAD_REACTORS
330
10000113
102
}
330
10000113
100
AcDbXrecord
1000
RMFD
  0
XRECORD
  5
10000116
102
{ACAD_REACTORS
330
10000113
102
}
330
10000113
100
AcDbXrecord
1000
RNFD
  0
XRECORD
  5
10000119
102
{ACAD_REACTORS
330
10000118
102
}
330
10000118
100
AcDbXrecord
1000
SLFVM
  0
XRECORD
  5
1000011A
102
{ACAD_REACTORS
330
10000118
102
}
330
10000118
100
AcDbXrecord
1000
RMFD
  0
XRECORD
  5
1000011B
102
{ACAD_REACTORS
330
10000118
102
}
330
10000118
100
AcDbXrecord
1000
RNFD
  0
XRECORD
  5
10000120
102
{ACAD_REACTORS
330
1000011D
102
}
330
1000011D
100
AcDbXrecord
 40
1.0
  0
XRECORD
  5
1000011E
102
{ACAD_REACTORS
330
1000011D
102
}
330
1000011D
100
AcDbXrecord
1000
SLFRL
  0
XRECORD
  5
1000011F
102
{ACAD_REACTORS
330
1000011D
102
}
330
1000011D
100
AcDbXrecord
1000
SLFaE
  0
XRECORD
  5
10000121
102
{ACAD_REACTORS
330
1000011D
102
}
330
1000011D
100
AcDbXrecord
1000
RMFD
  0
XRECORD
  5
10000122
102
{ACAD_REACTORS
330
1000011D
102
}
330
1000011D
100
AcDbXrecord
1000
RNFD
  0
XRECORD
  5
10000125
102
{ACAD_REACTORS
330
10000124
102
}
330
10000124
100
AcDbXrecord
1000
SLF1M
  0
XRECORD
  5
10000126
102
{ACAD_REACTORS
330
10000124
102
}
330
10000124
100
AcDbXrecord
1000
RMFD
  0
XRECORD
  5
10000127
102
{ACAD_REACTORS
330
10000124
102
}
330
10000124
100
AcDbXrecord
1000
RNFD
  0
XRECORD
  5
1000012C
102
{ACAD_REACTORS
330
10000129
102
}
330
10000129
100
AcDbXrecord
 40
1.0
  0
XRECORD
  5
1000012A
102
{ACAD_REACTORS
330
10000129
102
}
330
10000129
100
AcDbXrecord
1000
SLFxK
  0
XRECORD
  5
1000012B
102
{ACAD_REACTORS
330
10000129
102
}
330
10000129
100
AcDbXrecord
1000
SLFaE
  0
XRECORD
  5
1000012D
102
{ACAD_REACTORS
330
10000129
102
}
330
10000129
100
AcDbXrecord
1000
RMFD
  0
XRECORD
  5
1000012E
102
{ACAD_REACTORS
330
10000129
102
}
330
10000129
100
AcDbXrecord
1000
RNFD
  0
XRECORD
  5
10000131
102
{ACAD_REACTORS
330
10000130
102
}
330
10000130
100
AcDbXrecord
1000
SLF1L
  0
XRECORD
  5
10000132
102
{ACAD_REACTORS
330
10000130
102
}
330
10000130
100
AcDbXrecord
1000
RMFD
  0
XRECORD
  5
10000133
102
{ACAD_REACTORS
330
10000130
102
}
330
10000130
100
AcDbXrecord
1000
RNFD
  0
XRECORD
  5
10000138
102
{ACAD_REACTORS
330
10000135
102
}
330
10000135
100
AcDbXrecord
 40
5.000000000000001
  0
XRECORD
  5
10000136
102
{ACAD_REACTORS
330
10000135
102
}
330
10000135
100
AcDbXrecord
1000
SLF9C
  0
XRECORD
  5
10000137
102
{ACAD_REACTORS
330
10000135
102
}
330
10000135
100
AcDbXrecord
1000
SLFaE
  0
XRECORD
  5
10000139
102
{ACAD_REACTORS
330
10000135
102
}
330
10000135
100
AcDbXrecord
1000
RMFD
  0
XRECORD
  5
1000013A
102
{ACAD_REACTORS
330
10000135
102
}
330
10000135
100
AcDbXrecord
1000
RNFD
  0
XRECORD
  5
1000013D
102
{ACAD_REACTORS
330
1000013C
102
}
330
1000013C
100
AcDbXrecord
1000
SLFVD
  0
XRECORD
  5
1000013E
102
{ACAD_REACTORS
330
1000013C
102
}
330
1000013C
100
AcDbXrecord
1000
RMFD
  0
XRECORD
  5
1000013F
102
{ACAD_REACTORS
330
1000013C
102
}
330
1000013C
100
AcDbXrecord
1000
RNFD
  0
XRECORD
  5
10000144
102
{ACAD_REACTORS
330
10000141
102
}
330
10000141
100
AcDbXrecord
 40
1.500000000000001
  0
XRECORD
  5
10000142
102
{ACAD_REACTORS
330
10000141
102
}
330
10000141
100
AcDbXrecord
1000
SLFlG
  0
XRECORD
  5
10000143
102
{ACAD_REACTORS
330
10000141
102
}
330
10000141
100
AcDbXrecord
1000
SLFaE
  0
XRECORD
  5
10000145
102
{ACAD_REACTORS
330
10000141
102
}
330
10000141
100
AcDbXrecord
1000
RMFD
  0
XRECORD
  5
10000146
102
{ACAD_REACTORS
330
10000141
102
}
330
10000141
100
AcDbXrecord
1000
RNFD
  0
XRECORD
  5
10000149
102
{ACAD_REACTORS
330
10000148
102
}
330
10000148
100
AcDbXrecord
1000
SLFND
  0
XRECORD
  5
1000014A
102
{ACAD_REACTORS
330
10000148
102
}
330
10000148
100
AcDbXrecord
1000
RMFD
  0
XRECORD
  5
1000014B
102
{ACAD_REACTORS
330
10000148
102
}
330
10000148
100
AcDbXrecord
1000
RNFD
  0
XRECORD
  5
10000150
102
{ACAD_REACTORS
330
1000014D
102
}
330
1000014D
100
AcDbXrecord
 40
1.500000000000001
  0
XRECORD
  5
1000014E
102
{ACAD_REACTORS
330
1000014D
102
}
330
1000014D
100
AcDbXrecord
1000
SLFFD
  0
XRECORD
  5
1000014F
102
{ACAD_REACTORS
330
1000014D
102
}
330
1000014D
100
AcDbXrecord
1000
SLFaE
  0
XRECORD
  5
10000151
102
{ACAD_REACTORS
330
1000014D
102
}
330
1000014D
100
AcDbXrecord
1000
RMFD
  0
XRECORD
  5
10000152
102
{ACAD_REACTORS
330
1000014D
102
}
330
1000014D
100
AcDbXrecord
1000
RNFD
  0
XRECORD
  5
10000155
102
{ACAD_REACTORS
330
10000154
102
}
330
10000154
100
AcDbXrecord
1000
SLFVG
  0
XRECORD
  5
10000156
102
{ACAD_REACTORS
330
10000154
102
}
330
10000154
100
AcDbXrecord
1000
RMFD
  0
XRECORD
  5
10000157
102
{ACAD_REACTORS
330
10000154
102
}
330
10000154
100
AcDbXrecord
1000
RNFD
  0
XRECORD
  5
1000015C
102
{ACAD_REACTORS
330
10000159
102
}
330
10000159
100
AcDbXrecord
 40
1.5
  0
XRECORD
  5
1000015A
102
{ACAD_REACTORS
330
10000159
102
}
330
10000159
100
AcDbXrecord
1000
SLFFG
  0
XRECORD
  5
1000015B
102
{ACAD_REACTORS
330
10000159
102
}
330
10000159
100
AcDbXrecord
1000
SLFaE
  0
XRECORD
  5
1000015D
102
{ACAD_REACTORS
330
10000159
102
}
330
10000159
100
AcDbXrecord
1000
RMFD
  0
XRECORD
  5
1000015E
102
{ACAD_REACTORS
330
10000159
102
}
330
10000159
100
AcDbXrecord
1000
RNFD
  0
XRECORD
  5
10000161
102
{ACAD_REACTORS
330
10000160
102
}
330
10000160
100
AcDbXrecord
1000
SLFNG
  0
XRECORD
  5
10000162
102
{ACAD_REACTORS
330
10000160
102
}
330
10000160
100
AcDbXrecord
1000
RMFD
  0
XRECORD
  5
10000163
102
{ACAD_REACTORS
330
10000160
102
}
330
10000160
100
AcDbXrecord
1000
RNFD
  0
XRECORD
  5
10000168
102
{ACAD_REACTORS
330
10000165
102
}
330
10000165
100
AcDbXrecord
 40
1.500000000000005
  0
XRECORD
  5
10000166
102
{ACAD_REACTORS
330
10000165
102
}
330
10000165
100
AcDbXrecord
1000
SLFdG
  0
XRECORD
  5
10000167
102
{ACAD_REACTORS
330
10000165
102
}
330
10000165
100
AcDbXrecord
1000
SLFaE
  0
XRECORD
  5
10000169
102
{ACAD_REACTORS
330
10000165
102
}
330
10000165
100
AcDbXrecord
1000
RMFD
  0
XRECORD
  5
1000016A
102
{ACAD_REACTORS
330
10000165
102
}
330
10000165
100
AcDbXrecord
1000
RNFD
  0
XRECORD
  5
1000016F
102
{ACAD_REACTORS
330
1000016C
102
}
330
1000016C
100
AcDbXrecord
 40
1.499999999999998
  0
XRECORD
  5
1000016D
102
{ACAD_REACTORS
330
1000016C
102
}
330
1000016C
100
AcDbXrecord
1000
SLFtF
  0
XRECORD
  5
1000016E
102
{ACAD_REACTORS
330
1000016C
102
}
330
1000016C
100
AcDbXrecord
1000
SLFaE
  0
XRECORD
  5
10000170
102
{ACAD_REACTORS
330
1000016C
102
}
330
1000016C
100
AcDbXrecord
1000
RMFD
  0
XRECORD
  5
10000171
102
{ACAD_REACTORS
330
1000016C
102
}
330
1000016C
100
AcDbXrecord
1000
RNFD
  0
XRECORD
  5
10000174
102
{ACAD_REACTORS
330
10000173
102
}
330
10000173
100
AcDbXrecord
1000
SLF1F
  0
XRECORD
  5
10000175
102
{ACAD_REACTORS
330
10000173
102
}
330
10000173
100
AcDbXrecord
1000
RMFD
  0
XRECORD
  5
10000176
102
{ACAD_REACTORS
330
10000173
102
}
330
10000173
100
AcDbXrecord
1000
RNFD
  0
XRECORD
  5
1000017B
102
{ACAD_REACTORS
330
10000178
102
}
330
10000178
100
AcDbXrecord
 40
1.500000000000001
  0
XRECORD
  5
10000179
102
{ACAD_REACTORS
330
10000178
102
}
330
10000178
100
AcDbXrecord
1000
SLFtG
  0
XRECORD
  5
1000017A
102
{ACAD_REACTORS
330
10000178
102
}
330
10000178
100
AcDbXrecord
1000
SLFaE
  0
XRECORD
  5
1000017C
102
{ACAD_REACTORS
330
10000178
102
}
330
10000178
100
AcDbXrecord
1000
RMFD
  0
XRECORD
  5
1000017D
102
{ACAD_REACTORS
330
10000178
102
}
330
10000178
100
AcDbXrecord
1000
RNFD
  0
XRECORD
  5
10000180
102
{ACAD_REACTORS
330
1000017F
102
}
330
1000017F
100
AcDbXrecord
1000
SLF9F
  0
XRECORD
  5
10000181
102
{ACAD_REACTORS
330
1000017F
102
}
330
1000017F
100
AcDbXrecord
1000
RMFD
  0
XRECORD
  5
10000182
102
{ACAD_REACTORS
330
1000017F
102
}
330
1000017F
100
AcDbXrecord
1000
RNFD
  0
XRECORD
  5
10000185
102
{ACAD_REACTORS
330
10000184
102
}
330
10000184
100
AcDbXrecord
1000
SLFdF
  0
XRECORD
  5
10000186
102
{ACAD_REACTORS
330
10000184
102
}
330
10000184
100
AcDbXrecord
1000
RMFD
  0
XRECORD
  5
10000187
102
{ACAD_REACTORS
330
10000184
102
}
330
10000184
100
AcDbXrecord
1000
RNFD
  0
XRECORD
  5
1000018C
102
{ACAD_REACTORS
330
10000189
102
}
330
10000189
100
AcDbXrecord
 40
1.499999999999998
  0
XRECORD
  5
1000018A
102
{ACAD_REACTORS
330
10000189
102
}
330
10000189
100
AcDbXrecord
1000
SLFNF
  0
XRECORD
  5
1000018B
102
{ACAD_REACTORS
330
10000189
102
}
330
10000189
100
AcDbXrecord
1000
SLFaE
  0
XRECORD
  5
1000018D
102
{ACAD_REACTORS
330
10000189
102
}
330
10000189
100
AcDbXrecord
1000
RMFD
  0
XRECORD
  5
1000018E
102
{ACAD_REACTORS
330
10000189
102
}
330
10000189
100
AcDbXrecord
1000
RNFD
  0
XRECORD
  5
10000191
102
{ACAD_REACTORS
330
10000190
102
}
330
10000190
100
AcDbXrecord
1000
SLFVF
  0
XRECORD
  5
10000192
102
{ACAD_REACTORS
330
10000190
102
}
330
10000190
100
AcDbXrecord
1000
RMFD
  0
XRECORD
  5
10000193
102
{ACAD_REACTORS
330
10000190
102
}
330
10000190
100
AcDbXrecord
1000
RNFD
  0
XRECORD
  5
10000198
102
{ACAD_REACTORS
330
10000195
102
}
330
10000195
100
AcDbXrecord
 40
1.500000000000005
  0
XRECORD
  5
10000196
102
{ACAD_REACTORS
330
10000195
102
}
330
10000195
100
AcDbXrecord
1000
SLFlF
  0
XRECORD
  5
10000197
102
{ACAD_REACTORS
330
10000195
102
}
330
10000195
100
AcDbXrecord
1000
SLFaE
  0
XRECORD
  5
10000199
102
{ACAD_REACTORS
330
10000195
102
}
330
10000195
100
AcDbXrecord
1000
RMFD
  0
XRECORD
  5
1000019A
102
{ACAD_REACTORS
330
10000195
102
}
330
10000195
100
AcDbXrecord
1000
RNFD
  0
XRECORD
  5
1000019D
102
{ACAD_REACTORS
330
1000019C
102
}
330
1000019C
100
AcDbXrecord
1000
SLFlE
  0
XRECORD
  5
1000019E
102
{ACAD_REACTORS
330
1000019C
102
}
330
1000019C
100
AcDbXrecord
1000
RMFD
  0
XRECORD
  5
1000019F
102
{ACAD_REACTORS
330
1000019C
102
}
330
1000019C
100
AcDbXrecord
1000
RNFD
  0
XRECORD
  5
100001A4
102
{ACAD_REACTORS
330
100001A1
102
}
330
100001A1
100
AcDbXrecord
 40
1.5
  0
XRECORD
  5
100001A2
102
{ACAD_REACTORS
330
100001A1
102
}
330
100001A1
100
AcDbXrecord
1000
SLFVE
  0
XRECORD
  5
100001A3
102
{ACAD_REACTORS
330
100001A1
102
}
330
100001A1
100
AcDbXrecord
1000
SLFaE
  0
XRECORD
  5
100001A5
102
{ACAD_REACTORS
330
100001A1
102
}
330
100001A1
100
AcDbXrecord
1000
RMFD
  0
XRECORD
  5
100001A6
102
{ACAD_REACTORS
330
100001A1
102
}
330
100001A1
100
AcDbXrecord
1000
RNFD
  0
XRECORD
  5
100001A9
102
{ACAD_REACTORS
330
100001A8
102
}
330
100001A8
100
AcDbXrecord
1000
SLFdE
  0
XRECORD
  5
100001AA
102
{ACAD_REACTORS
330
100001A8
102
}
330
100001A8
100
AcDbXrecord
1000
RMFD
  0
XRECORD
  5
100001AB
102
{ACAD_REACTORS
330
100001A8
102
}
330
100001A8
100
AcDbXrecord
1000
RNFD
  0
XRECORD
  5
100001B0
102
{ACAD_REACTORS
330
100001AD
102
}
330
100001AD
100
AcDbXrecord
 40
1.500000000000001
  0
XRECORD
  5
100001AE
102
{ACAD_REACTORS
330
100001AD
102
}
330
100001AD
100
AcDbXrecord
1000
SLFtE
  0
XRECORD
  5
100001AF
102
{ACAD_REACTORS
330
100001AD
102
}
330
100001AD
100
AcDbXrecord
1000
SLFaE
  0
XRECORD
  5
100001B1
102
{ACAD_REACTORS
330
100001AD
102
}
330
100001AD
100
AcDbXrecord
1000
RMFD
  0
XRECORD
  5
100001B2
102
{ACAD_REACTORS
330
100001AD
102
}
330
100001AD
100
AcDbXrecord
1000
RNFD
  0
XRECORD
  5
100001B7
102
{ACAD_REACTORS
330
100001B4
102
}
330
100001B4
100
AcDbXrecord
 40
1.499999999999999
  0
XRECORD
  5
100001B5
102
{ACAD_REACTORS
330
100001B4
102
}
330
100001B4
100
AcDbXrecord
1000
SLF9D
  0
XRECORD
  5
100001B6
102
{ACAD_REACTORS
330
100001B4
102
}
330
100001B4
100
AcDbXrecord
1000
SLFaE
  0
XRECORD
  5
100001B8
102
{ACAD_REACTORS
330
100001B4
102
}
330
100001B4
100
AcDbXrecord
1000
RMFD
  0
XRECORD
  5
100001B9
102
{ACAD_REACTORS
330
100001B4
102
}
330
100001B4
100
AcDbXrecord
1000
RNFD
  0
XRECORD
  5
100001BC
102
{ACAD_REACTORS
330
100001BB
102
}
330
100001BB
100
AcDbXrecord
1000
SLFFE
  0
XRECORD
  5
100001BD
102
{ACAD_REACTORS
330
100001BB
102
}
330
100001BB
100
AcDbXrecord
1000
RMFD
  0
XRECORD
  5
100001BE
102
{ACAD_REACTORS
330
100001BB
102
}
330
100001BB
100
AcDbXrecord
1000
RNFD
  0
XRECORD
  5
100001C3
102
{ACAD_REACTORS
330
100001C0
102
}
330
100001C0
100
AcDbXrecord
 40
1.500000000000001
  0
XRECORD
  5
100001C1
102
{ACAD_REACTORS
330
100001C0
102
}
330
100001C0
100
AcDbXrecord
1000
SLF9G
  0
XRECORD
  5
100001C2
102
{ACAD_REACTORS
330
100001C0
102
}
330
100001C0
100
AcDbXrecord
1000
SLFaE
  0
XRECORD
  5
100001C4
102
{ACAD_REACTORS
330
100001C0
102
}
330
100001C0
100
AcDbXrecord
1000
RMFD
  0
XRECORD
  5
100001C5
102
{ACAD_REACTORS
330
100001C0
102
}
330
100001C0
100
AcDbXrecord
1000
RNFD
  0
XRECORD
  5
100001C8
102
{ACAD_REACTORS
330
100001C7
102
}
330
100001C7
100
AcDbXrecord
1000
SLFNE
  0
XRECORD
  5
100001C9
102
{ACAD_REACTORS
330
100001C7
102
}
330
100001C7
100
AcDbXrecord
1000
RMFD
  0
XRECORD
  5
100001CA
102
{ACAD_REACTORS
330
100001C7
102
}
330
100001C7
100
AcDbXrecord
1000
RNFD
  0
XRECORD
  5
100001CD
102
{ACAD_REACTORS
330
100001CC
102
}
330
100001CC
100
AcDbXrecord
1000
SLFtD
  0
XRECORD
  5
100001CE
102
{ACAD_REACTORS
330
100001CC
102
}
330
100001CC
100
AcDbXrecord
1000
RMFD
  0
XRECORD
  5
100001CF
102
{ACAD_REACTORS
330
100001CC
102
}
330
100001CC
100
AcDbXrecord
1000
RNFD
  0
XRECORD
  5
100001D4
102
{ACAD_REACTORS
330
100001D1
102
}
330
100001D1
100
AcDbXrecord
 40
1.500000000000001
  0
XRECORD
  5
100001D2
102
{ACAD_REACTORS
330
100001D1
102
}
330
100001D1
100
AcDbXrecord
1000
SLFdD
  0
XRECORD
  5
100001D3
102
{ACAD_REACTORS
330
100001D1
102
}
330
100001D1
100
AcDbXrecord
1000
SLFaE
  0
XRECORD
  5
100001D5
102
{ACAD_REACTORS
330
100001D1
102
}
330
100001D1
100
AcDbXrecord
1000
RMFD
  0
XRECORD
  5
100001D6
102
{ACAD_REACTORS
330
100001D1
102
}
330
100001D1
100
AcDbXrecord
1000
RNFD
  0
XRECORD
  5
100001D9
102
{ACAD_REACTORS
330
100001D8
102
}
330
100001D8
100
AcDbXrecord
1000
SLFlD
  0
XRECORD
  5
100001DA
102
{ACAD_REACTORS
330
100001D8
102
}
330
100001D8
100
AcDbXrecord
1000
RMFD
  0
XRECORD
  5
100001DB
102
{ACAD_REACTORS
330
100001D8
102
}
330
100001D8
100
AcDbXrecord
1000
RNFD
  0
XRECORD
  5
100001E0
102
{ACAD_REACTORS
330
100001DD
102
}
330
100001DD
100
AcDbXrecord
 40
1.500000000000004
  0
XRECORD
  5
100001DE
102
{ACAD_REACTORS
330
100001DD
102
}
330
100001DD
100
AcDbXrecord
1000
SLF1D
  0
XRECORD
  5
100001DF
102
{ACAD_REACTORS
330
100001DD
102
}
330
100001DD
100
AcDbXrecord
1000
SLFaE
  0
XRECORD
  5
100001E1
102
{ACAD_REACTORS
330
100001DD
102
}
330
100001DD
100
AcDbXrecord
1000
RMFD
  0
XRECORD
  5
100001E2
102
{ACAD_REACTORS
330
100001DD
102
}
330
100001DD
100
AcDbXrecord
1000
RNFD
  0
XRECORD
  5
100001E5
102
{ACAD_REACTORS
330
100001E4
102
}
330
100001E4
100
AcDbXrecord
1000
SLF9E
  0
XRECORD
  5
100001E6
102
{ACAD_REACTORS
330
100001E4
102
}
330
100001E4
100
AcDbXrecord
1000
RMFD
  0
XRECORD
  5
100001E7
102
{ACAD_REACTORS
330
100001E4
102
}
330
100001E4
100
AcDbXrecord
1000
RNFD
  0
XRECORD
  5
100001EC
102
{ACAD_REACTORS
330
100001E9
102
}
330
100001E9
100
AcDbXrecord
 40
1.500000000000001
  0
XRECORD
  5
100001EA
102
{ACAD_REACTORS
330
100001E9
102
}
330
100001E9
100
AcDbXrecord
1000
SLF1G
  0
XRECORD
  5
100001EB
102
{ACAD_REACTORS
330
100001E9
102
}
330
100001E9
100
AcDbXrecord
1000
SLFaE
  0
XRECORD
  5
100001ED
102
{ACAD_REACTORS
330
100001E9
102
}
330
100001E9
100
AcDbXrecord
1000
RMFD
  0
XRECORD
  5
100001EE
102
{ACAD_REACTORS
330
100001E9
102
}
330
100001E9
100
AcDbXrecord
1000
RNFD
  0
XRECORD
  5
100001F1
102
{ACAD_REACTORS
330
100001F0
102
}
330
100001F0
100
AcDbXrecord
1000
SLF1E
  0
XRECORD
  5
100001F2
102
{ACAD_REACTORS
330
100001F0
102
}
330
100001F0
100
AcDbXrecord
1000
RMFD
  0
XRECORD
  5
100001F3
102
{ACAD_REACTORS
330
100001F0
102
}
330
100001F0
100
AcDbXrecord
1000
RNFD
  0
XRECORD
  5
100001F8
102
{ACAD_REACTORS
330
100001F5
102
}
330
100001F5
100
AcDbXrecord
 40
1.500000000000001
  0
XRECORD
  5
100001F6
102
{ACAD_REACTORS
330
100001F5
102
}
330
100001F5
100
AcDbXrecord
1000
SLFFF
  0
XRECORD
  5
100001F7
102
{ACAD_REACTORS
330
100001F5
102
}
330
100001F5
100
AcDbXrecord
1000
SLFaE
  0
XRECORD
  5
100001F9
102
{ACAD_REACTORS
330
100001F5
102
}
330
100001F5
100
AcDbXrecord
1000
RMFD
  0
XRECORD
  5
100001FA
102
{ACAD_REACTORS
330
100001F5
102
}
330
100001F5
100
AcDbXrecord
1000
RNFD
  0
MATERIAL
  5
45
102
{ACAD_REACTORS
330
43
102
}
102
{ACAD_XDICTIONARY
360
10000230
102
}
330
43
100
AcDbMaterial
  1
BYBLOCK
  0
MATERIAL
  5
44
102
{ACAD_REACTORS
330
43
102
}
102
{ACAD_XDICTIONARY
360
1000022E
102
}
330
43
100
AcDbMaterial
  1
BYLAYER
  0
MATERIAL
  5
46
102
{ACAD_REACTORS
330
43
102
}
102
{ACAD_XDICTIONARY
360
10000232
102
}
330
43
100
AcDbMaterial
  1
GLOBAL
  0
ACAD_PROXY_OBJECT
  5
5C
102
{ACAD_REACTORS
330
5B
102
}
330
5B
100
AcDbProxyObject
 90
      499
 91
      505
 93
      610
310
40901902A4063FBFFFFFE0000000000000020400000000000020404214DD185B99185C990000000000000104090141901A00000000000004100000000000000041025764000000000000039000
340
14
340
0
340
11
340
0
 94
        0
1001
ACAD_MLEADERVER
1070
     2
  0
MLINESTYLE
  5
18
102
{ACAD_REACTORS
330
17
102
}
330
17
100
AcDbMlineStyle
  2
Standard
 70
     0
  3

 62
   256
 51
90.0
 52
90.0
 71
     2
 49
0.5
 62
   256
  6
BYLAYER
 49
-0.5
 62
   256
  6
BYLAYER
  0
ACAD_PROXY_OBJECT
  5
10000023
102
{ACAD_REACTORS
330
47
102
}
330
47
100
AcDbProxyObject
 90
      499
 91
      503
 93
      121
310
9053130303A310000000000001650100
  0
ACAD_PROXY_OBJECT
  5
1000001D
102
{ACAD_REACTORS
330
47
102
}
330
47
100
AcDbProxyObject
 90
      499
 91
      503
 93
      113
310
90431303A310000000000000910100
  0
ACAD_PROXY_OBJECT
  5
1000001E
102
{ACAD_REACTORS
330
47
102
}
330
47
100
AcDbProxyObject
 90
      499
 91
      503
 93
      113
310
90431323A310000000000000A10100
  0
ACAD_PROXY_OBJECT
  5
1000001F
102
{ACAD_REACTORS
330
47
102
}
330
47
100
AcDbProxyObject
 90
      499
 91
      503
 93
      113
310
90431363A310000000000000C10100
  0
ACAD_PROXY_OBJECT
  5
10000006
102
{ACAD_REACTORS
330
47
102
}
330
47
100
AcDbProxyObject
 90
      499
 91
      503
 93
       41
310
903313A31500
  0
ACAD_PROXY_OBJECT
  5
1000000D
102
{ACAD_REACTORS
330
47
102
}
330
47
100
AcDbProxyObject
 90
      499
 91
      503
 93
      113
310
904313A31304000000000000244000
  0
ACAD_PROXY_OBJECT
  5
10000016
102
{ACAD_REACTORS
330
47
102
}
330
47
100
AcDbProxyObject
 90
      499
 91
      503
 93
      121
310
905313A3130304000000000000594000
  0
ACAD_PROXY_OBJECT
  5
1000000E
102
{ACAD_REACTORS
330
47
102
}
330
47
100
AcDbProxyObject
 90
      499
 91
      503
 93
      113
310
904313A31324000000000000284000
  0
ACAD_PROXY_OBJECT
  5
1000000F
102
{ACAD_REACTORS
330
47
102
}
330
47
100
AcDbProxyObject
 90
      499
 91
      503
 93
      113
310
904313A31364000000000000304000
  0
ACAD_PROXY_OBJECT
  5
10000007
102
{ACAD_REACTORS
330
47
102
}
330
47
100
AcDbProxyObject
 90
      499
 91
      503
 93
      105
310
903313A324000000000000004000
  0
ACAD_PROXY_OBJECT
  5
10000010
102
{ACAD_REACTORS
330
47
102
}
330
47
100
AcDbProxyObject
 90
      499
 91
      503
 93
      113
310
904313A32304000000000000344000
  0
ACAD_PROXY_OBJECT
  5
10000011
102
{ACAD_REACTORS
330
47
102
}
330
47
100
AcDbProxyObject
 90
      499
 91
      503
 93
      113
310
904313A32354000000000000394000
  0
ACAD_PROXY_OBJECT
  5
10000008
102
{ACAD_REACTORS
330
47
102
}
330
47
100
AcDbProxyObject
 90
      499
 91
      503
 93
      105
310
903313A334000000000000084000
  0
ACAD_PROXY_OBJECT
  5
10000012
102
{ACAD_REACTORS
330
47
102
}
330
47
100
AcDbProxyObject
 90
      499
 91
      503
 93
      113
310
904313A33324000000000000404000
  0
ACAD_PROXY_OBJECT
  5
10000009
102
{ACAD_REACTORS
330
47
102
}
330
47
100
AcDbProxyObject
 90
      499
 91
      503
 93
      105
310
903313A344000000000000104000
  0
ACAD_PROXY_OBJECT
  5
10000013
102
{ACAD_REACTORS
330
47
102
}
330
47
100
AcDbProxyObject
 90
      499
 91
      503
 93
      113
310
904313A34304000000000000444000
  0
ACAD_PROXY_OBJECT
  5
1000000A
102
{ACAD_REACTORS
330
47
102
}
330
47
100
AcDbProxyObject
 90
      499
 91
      503
 93
      105
310
903313A354000000000000144000
  0
ACAD_PROXY_OBJECT
  5
10000014
102
{ACAD_REACTORS
330
47
102
}
330
47
100
AcDbProxyObject
 90
      499
 91
      503
 93
      113
310
904313A35304000000000000494000
  0
ACAD_PROXY_OBJECT
  5
1000000B
102
{ACAD_REACTORS
330
47
102
}
330
47
100
AcDbProxyObject
 90
      499
 91
      503
 93
      105
310
903313A364000000000000184000
  0
ACAD_PROXY_OBJECT
  5
1000000C
102
{ACAD_REACTORS
330
47
102
}
330
47
100
AcDbProxyObject
 90
      499
 91
      503
 93
      105
310
903313A384000000000000204000
  0
ACAD_PROXY_OBJECT
  5
10000015
102
{ACAD_REACTORS
330
47
102
}
330
47
100
AcDbProxyObject
 90
      499
 91
      503
 93
      113
310
904313A38304000000000000544000
  0
ACAD_PROXY_OBJECT
  5
10000020
102
{ACAD_REACTORS
330
47
102
}
330
47
100
AcDbProxyObject
 90
      499
 91
      503
 93
      113
310
90432303A310000000000000D10100
  0
ACAD_PROXY_OBJECT
  5
10000017
102
{ACAD_REACTORS
330
47
102
}
330
47
100
AcDbProxyObject
 90
      499
 91
      503
 93
      105
310
903323A310000000000000010100
  0
ACAD_PROXY_OBJECT
  5
10000021
102
{ACAD_REACTORS
330
47
102
}
330
47
100
AcDbProxyObject
 90
      499
 91
      503
 93
      113
310
90433323A310000000000001010100
  0
ACAD_PROXY_OBJECT
  5
10000018
102
{ACAD_REACTORS
330
47
102
}
330
47
100
AcDbProxyObject
 90
      499
 91
      503
 93
      105
310
903333A310000000000000210100
  0
ACAD_PROXY_OBJECT
  5
10000019
102
{ACAD_REACTORS
330
47
102
}
330
47
100
AcDbProxyObject
 90
      499
 91
      503
 93
      105
310
903343A310000000000000410100
  0
ACAD_PROXY_OBJECT
  5
10000022
102
{ACAD_REACTORS
330
47
102
}
330
47
100
AcDbProxyObject
 90
      499
 91
      503
 93
      113
310
90435303A310000000000001250100
  0
ACAD_PROXY_OBJECT
  5
1000001A
102
{ACAD_REACTORS
330
47
102
}
330
47
100
AcDbProxyObject
 90
      499
 91
      503
 93
      105
310
903353A310000000000000510100
  0
ACAD_PROXY_OBJECT
  5
1000001B
102
{ACAD_REACTORS
330
47
102
}
330
47
100
AcDbProxyObject
 90
      499
 91
      503
 93
      105
310
903363A310000000000000610100
  0
ACAD_PROXY_OBJECT
  5
1000001C
102
{ACAD_REACTORS
330
47
102
}
330
47
100
AcDbProxyObject
 90
      499
 91
      503
 93
      105
310
903383A310000000000000810100
  0
ACAD_PROXY_OBJECT
  5
2F
102
{ACAD_REACTORS
330
2A
102
}
330
2A
100
AcDbProxyObject
 90
      499
 91
      501
 93
      436
310
42CC9915DA5C99599C985B595049028333333333333E33F0000000000000F90107901411070040501600405405064090741402480A0340
1001
ACAD
1000
AcDbSavedByObjectVersion
1070
     0
  0
ACAD_PROXY_OBJECT
  5
32
102
{ACAD_REACTORS
330
2A
102
}
330
2A
100
AcDbProxyObject
 90
      499
 91
      501
 93
      388
310
4150985CDA58D07406404333333333333E33F0000000000000F90107A41107004050150841D405064090741402480A0350
1001
ACAD
1000
AcDbSavedByObjectVersion
1070
     0
  0
ACAD_PROXY_OBJECT
  5
36
102
{ACAD_REACTORS
330
2A
102
}
330
2A
100
AcDbProxyObject
 90
      499
 91
      501
 93
      428
310
42109C9A59DA1D195B90C409028333333333333E33F0000000000000F9010790141107004050150841D405064090741402480A029950
1001
ACAD
1000
AcDbSavedByObjectVersion
1070
     0
  0
ACAD_PROXY_OBJECT
  5
3A
102
{ACAD_REACTORS
330
2A
102
}
330
2A
100
AcDbProxyObject
 90
      499
 91
      501
 93
      452
310
42D0DBDB1BDC90DA185B99D95104090240C333333333333E33F0000000000000F90108901411070040501508421405064090741402480A0350
1001
ACAD
1000
AcDbSavedByObjectVersion
1070
     0
  0
ACAD_PROXY_OBJECT
  5
34
102
{ACAD_REACTORS
330
2A
102
}
330
2A
100
AcDbProxyObject
 90
      499
 91
      501
 93
      500
310
4290DBDB98D95C1D1D585B10940D028333333333333E33F0000000000000F90107902409070040501000000000018199010841D405064090740C02480A0340
1001
ACAD
1000
AcDbSavedByObjectVersion
1070
     0
  0
ACAD_PROXY_OBJECT
  5
35
102
{ACAD_REACTORS
330
2A
102
}
330
2A
100
AcDbProxyObject
 90
      499
 91
      501
 93
      412
310
40D11A5B50B409028333333333333E33F0000000000000F9010790141107004050150841D405064090741402480A02677FFFFFD0
1001
ACAD
1000
AcDbSavedByObjectVersion
1070
     0
  0
ACAD_PROXY_OBJECT
  5
3D
102
{ACAD_REACTORS
330
2A
102
}
330
2A
100
AcDbProxyObject
 90
      499
 91
      501
 93
      452
310
43115919D950DBDB1BDC93D999916409028333333333333E33F0000000000000F9010790141107004050150841D405064090741402480A0350
1001
ACAD
1000
AcDbSavedByObjectVersion
1070
     0
  0
ACAD_PROXY_OBJECT
  5
39
102
{ACAD_REACTORS
330
2A
102
}
330
2A
100
AcDbProxyObject
 90
      499
 91
      501
 93
      444
310
42D19858D95C185D1D195C9B90F409028333333333333E33F0000000000000F9010790141107004050150841D405064090741402480A0350
1001
ACAD
1000
AcDbSavedByObjectVersion
1070
     0
  0
ACAD_PROXY_OBJECT
  5
2B
102
{ACAD_REACTORS
330
2A
102
}
330
2A
100
AcDbProxyObject
 90
      499
 91
      501
 93
      380
310
41119B185D240901404333333333333E33F0000000000000F9010740A907004050150841D405064090741402480A1B50
1001
ACAD
1000
AcDbSavedByObjectVersion
1070
     0
  0
ACAD_PROXY_OBJECT
  5
2C
102
{ACAD_REACTORS
330
2A
102
}
330
2A
100
AcDbProxyObject
 90
      499
 91
      501
 93
      468
310
43519B185D15DA5D1A115919D95CD0140901404333333333333E33F0000000000000F90107409019070040501600405405064090741402480A1B50
1001
ACAD
1000
AcDbSavedByObjectVersion
1070
     0
  0
ACAD_PROXY_OBJECT
  5
2D
102
{ACAD_REACTORS
330
2A
102
}
330
2A
100
AcDbProxyObject
 90
      499
 91
      501
 93
      404
310
41D1DBDD5C985D5910240902404333333333333E33F0000000000000F9010740A9070040501641D405064090741402480A1B50
1001
ACAD
1000
AcDbSavedByObjectVersion
1070
     0
  0
ACAD_PROXY_OBJECT
  5
2E
102
{ACAD_REACTORS
330
2A
102
}
330
2A
100
AcDbProxyObject
 90
      499
 91
      501
 93
      492
310
4411DBDD5C985D5915DA5D1A115919D95CD0340902404333333333333E33F0000000000000F90107409019070040501600405405064090741402480A1B50
1001
ACAD
1000
AcDbSavedByObjectVersion
1070
     0
  0
ACAD_PROXY_OBJECT
  5
31
102
{ACAD_REACTORS
330
2A
102
}
330
2A
100
AcDbProxyObject
 90
      499
 91
      501
 93
      476
310
41921A5919195B90640502408333333333333E33F0000000000000F901079024090700405020000000000001110200405405064090740C02480A0340
1001
ACAD
1000
AcDbSavedByObjectVersion
1070
     0
  0
ACAD_PROXY_OBJECT
  5
3B
102
{ACAD_REACTORS
330
2A
102
}
330
2A
100
AcDbProxyObject
 90
      499
 91
      501
 93
      428
310
42529A5D1D195C93D999914409028333333333333E33F0000000000000F9010790141107004050150A41D405064090741402480A0350
1001
ACAD
1000
AcDbSavedByObjectVersion
1070
     0
  0
ACAD_PROXY_OBJECT
  5
38
102
{ACAD_REACTORS
330
2A
102
}
330
2A
100
AcDbProxyObject
 90
      499
 91
      501
 93
      444
310
42D31A5B995C185D1D195C9B90E409028333333333333E33F0000000000000F9010790141107004050750841D405064090741402483A0350
1001
ACAD
1000
AcDbSavedByObjectVersion
1070
     0
  0
ACAD_PROXY_OBJECT
  5
3C
102
{ACAD_REACTORS
330
2A
102
}
330
2A
100
AcDbProxyObject
 90
      499
 91
      501
 93
      444
310
42D3DD995C9A185B99D3D999915409028333333333333E33F0000000000000F9010790141107004050150941D405064090741402480A0350
1001
ACAD
1000
AcDbSavedByObjectVersion
1070
     0
  0
ACAD_PROXY_OBJECT
  5
33
102
{ACAD_REACTORS
330
2A
102
}
330
2A
100
AcDbProxyObject
 90
      499
 91
      501
 93
      428
310
425499585B1A5CDD1A58D08409038333333333333E33F0000000000000F9010740A907004050150800405405064090740C02480A1B40
1001
ACAD
1000
AcDbSavedByObjectVersion
1070
     0
  0
ACAD_PROXY_OBJECT
  5
42
102
{ACAD_REACTORS
330
2A
102
}
330
2A
100
AcDbProxyObject
 90
      499
 91
      501
 93
      420
310
4194DA1859195911B40902404333333333333E33F0000000000000F9010740A41107004050150800405405064090840C02480A0B40
1001
ACAD
1000
AcDbSavedByObjectVersion
1070
     0
  0
ACAD_PROXY_OBJECT
  5
41
102
{ACAD_REACTORS
330
2A
102
}
330
2A
100
AcDbProxyObject
 90
      499
 91
      501
 93
      516
310
4454DA18591959081DDA5D1A08195919D95CD1A40902404333333333333E33F0000000000000F901074090142907004050250800405405064090740C02480A0B40
1001
ACAD
1000
AcDbSavedByObjectVersion
1070
     0
  0
ACAD_PROXY_OBJECT
  5
3E
102
{ACAD_REACTORS
330
2A
102
}
330
2A
100
AcDbProxyObject
 90
      499
 91
      501
 93
      532
310
4394DA1859195CC81BD98811DC985E5174090240C333333333333E33F0000000000000F901079024090741D01000000000000111010841D405064090740C02480A0340
1001
ACAD
1000
AcDbSavedByObjectVersion
1070
     0
  0
ACAD_PROXY_OBJECT
  5
3F
102
{ACAD_REACTORS
330
2A
102
}
330
2A
100
AcDbProxyObject
 90
      499
 91
      501
 93
      476
310
41D4DAD95D18DA1E51840502408333333333333E33F0000000000000F901079024090741D01000000000000111010B41D405064090741802480A0340
1001
ACAD
1000
AcDbSavedByObjectVersion
1070
     0
  0
ACAD_PROXY_OBJECT
  5
37
102
{ACAD_REACTORS
330
2A
102
}
330
2A
100
AcDbProxyObject
 90
      499
 91
      501
 93
      412
310
41D51A1A58DAD95B90D409028333333333333E33F0000000000000F9010790141107004050150C41D405064090741402480A0350
1001
ACAD
1000
AcDbSavedByObjectVersion
1070
     0
  0
ACAD_PROXY_OBJECT
  5
30
102
{ACAD_REACTORS
330
2A
102
}
330
2A
100
AcDbProxyObject
 90
      499
 91
      501
 93
      420
310
4255DA5C99599C985B595059028333333333333E33F0000000000000F90107901411070040501600405405064090740C02480A0340
1001
ACAD
1000
AcDbSavedByObjectVersion
1070
     0
  0
ACAD_PROXY_OBJECT
  5
40
102
{ACAD_REACTORS
330
2A
102
}
330
2A
100
AcDbProxyObject
 90
      499
 91
      501
 93
      404
310
41560B54985E51940902404000000000000E03F0000000000000F9010740501907004050150841D405064090740C02480A1B40
1001
ACAD
1000
AcDbSavedByObjectVersion
1070
     0
  0
XRECORD
  5
10000207
102
{ACAD_REACTORS
330
100001FD
102
}
330
100001FD
100
AcDbXrecord
340
0
  0
XRECORD
  5
10000206
102
{ACAD_REACTORS
330
100001FD
102
}
330
100001FD
100
AcDbXrecord
 90
        0
  0
XRECORD
  5
1000021D
102
{ACAD_REACTORS
330
100001FD
102
}
330
100001FD
100
AcDbXrecord
1000
DSTYLE
1002
{
1070
   340
340
11
1002
}
  0
XRECORD
  5
10000208
102
{ACAD_REACTORS
330
100001FD
102
}
330
100001FD
100
AcDbXrecord
  1
{37797533-f530-b873-3074-3462b2727238}
  0
XRECORD
  5
10000200
102
{ACAD_REACTORS
330
100001FD
102
}
330
100001FD
100
AcDbXrecord
  1

  0
XRECORD
  5
10000205
102
{ACAD_REACTORS
330
100001FD
102
}
330
100001FD
100
AcDbXrecord
 90
        4
  0
XRECORD
  5
10000202
102
{ACAD_REACTORS
330
100001FD
102
}
330
100001FD
100
AcDbXrecord
340
1A
  0
XRECORD
  5
10000204
102
{ACAD_REACTORS
330
100001FD
102
}
330
100001FD
100
AcDbXrecord
 90
    10781
  0
XRECORD
  5
10000203
102
{ACAD_REACTORS
330
100001FD
102
}
330
100001FD
100
AcDbXrecord
340
19
  0
XRECORD
  5
1000020A
102
{ACAD_REACTORS
330
100001FD
102
}
330
100001FD
100
AcDbXrecord
 40
0.0
  0
XRECORD
  5
1000020D
102
{ACAD_REACTORS
330
100001FD
102
}
330
100001FD
100
AcDbXrecord
340
0
  0
XRECORD
  5
10000213
102
{ACAD_REACTORS
330
100001FD
102
}
330
100001FD
100
AcDbXrecord
 10
0.0
 20
0.0
 30
0.0
  0
XRECORD
  5
1000020F
102
{ACAD_REACTORS
330
100001FD
102
}
330
100001FD
100
AcDbXrecord
 10
0.0
 20
0.0
 30
0.0
  0
XRECORD
  5
10000212
102
{ACAD_REACTORS
330
100001FD
102
}
330
100001FD
100
AcDbXrecord
 10
0.0
 20
0.0
 30
0.0
  0
XRECORD
  5
10000210
102
{ACAD_REACTORS
330
100001FD
102
}
330
100001FD
100
AcDbXrecord
 10
0.0
 20
0.0
 30
0.0
  0
XRECORD
  5
10000211
102
{ACAD_REACTORS
330
100001FD
102
}
330
100001FD
100
AcDbXrecord
 10
0.0
 20
0.0
 30
0.0
  0
XRECORD
  5
1000020E
102
{ACAD_REACTORS
330
100001FD
102
}
330
100001FD
100
AcDbXrecord
 10
0.0
 20
0.0
 30
0.0
  0
XRECORD
  5
1000020B
102
{ACAD_REACTORS
330
100001FD
102
}
330
100001FD
100
AcDbXrecord
340
0
  0
XRECORD
  5
1000020C
102
{ACAD_REACTORS
330
100001FD
102
}
330
100001FD
100
AcDbXrecord
 70
     0
  0
XRECORD
  5
10000201
102
{ACAD_REACTORS
330
100001FD
102
}
330
100001FD
100
AcDbXrecord
  1

  0
XRECORD
  5
100001FE
102
{ACAD_REACTORS
330
100001FD
102
}
330
100001FD
100
AcDbXrecord
 90
        1
  0
XRECORD
  5
100001FF
102
{ACAD_REACTORS
330
100001FD
102
}
330
100001FD
100
AcDbXrecord
 90
       70
  0
XRECORD
  5
10000216
102
{ACAD_REACTORS
330
100001FD
102
}
330
100001FD
100
AcDbXrecord
340
0
  0
XRECORD
  5
1000021C
102
{ACAD_REACTORS
330
100001FD
102
}
330
100001FD
100
AcDbXrecord
 10
0.0
 20
0.0
 30
0.0
  0
XRECORD
  5
10000218
102
{ACAD_REACTORS
330
100001FD
102
}
330
100001FD
100
AcDbXrecord
 10
0.0
 20
0.0
 30
0.0
  0
XRECORD
  5
1000021B
102
{ACAD_REACTORS
330
100001FD
102
}
330
100001FD
100
AcDbXrecord
 10
0.0
 20
0.0
 30
0.0
  0
XRECORD
  5
10000219
102
{ACAD_REACTORS
330
100001FD
102
}
330
100001FD
100
AcDbXrecord
 10
0.0
 20
0.0
 30
0.0
  0
XRECORD
  5
1000021A
102
{ACAD_REACTORS
330
100001FD
102
}
330
100001FD
100
AcDbXrecord
 10
0.0
 20
0.0
 30
0.0
  0
XRECORD
  5
10000217
102
{ACAD_REACTORS
330
100001FD
102
}
330
100001FD
100
AcDbXrecord
 10
0.0
 20
0.0
 30
0.0
  0
XRECORD
  5
10000214
102
{ACAD_REACTORS
330
100001FD
102
}
330
100001FD
100
AcDbXrecord
340
0
  0
XRECORD
  5
10000215
102
{ACAD_REACTORS
330
100001FD
102
}
330
100001FD
100
AcDbXrecord
 70
     0
  0
XRECORD
  5
10000209
102
{ACAD_REACTORS
330
100001FD
102
}
330
100001FD
100
AcDbXrecord
  1
{FAEB1C32-E019-11D5-929B-00C0DF256EC4}
  0
DICTIONARYVAR
  5
1000022C
102
{ACAD_REACTORS
330
1000021E
102
}
330
1000021E
100
DictionaryVariables
280
     0
  1
1:1
  0
DICTIONARYVAR
  5
10000225
102
{ACAD_REACTORS
330
1000021E
102
}
330
1000021E
100
DictionaryVariables
280
     0
  1
3.500000
  0
DICTIONARYVAR
  5
10000226
102
{ACAD_REACTORS
330
1000021E
102
}
330
1000021E
100
DictionaryVariables
280
     0
  1
acadiso.lin
  0
DICTIONARYVAR
  5
10000220
102
{ACAD_REACTORS
330
1000021E
102
}
330
1000021E
100
DictionaryVariables
280
     0
  1
Standard
  0
DICTIONARYVAR
  5
1000021F
102
{ACAD_REACTORS
330
1000021E
102
}
330
1000021E
100
DictionaryVariables
280
     0
  1
Standard
  0
DICTIONARYVAR
  5
10000227
102
{ACAD_REACTORS
330
1000021E
102
}
330
1000021E
100
DictionaryVariables
280
     0
  1
2
  0
DICTIONARYVAR
  5
10000228
102
{ACAD_REACTORS
330
1000021E
102
}
330
1000021E
100
DictionaryVariables
280
     0
  1
1
  0
DICTIONARYVAR
  5
1000022D
102
{ACAD_REACTORS
330
1000021E
102
}
330
1000021E
100
DictionaryVariables
280
     0
  1
1
  0
DICTIONARYVAR
  5
10000222
102
{ACAD_REACTORS
330
1000021E
102
}
330
1000021E
100
DictionaryVariables
280
     0
  1
80.000000
  0
DICTIONARYVAR
  5
10000221
102
{ACAD_REACTORS
330
1000021E
102
}
330
1000021E
100
DictionaryVariables
280
     0
  1
5.000000
  0
XRECORD
  5
10000003
102
{ACAD_REACTORS
330
10000001
102
}
330
10000001
100
AcDbXrecord
 70
     4
  0
XRECORD
  5
10000002
102
{ACAD_REACTORS
330
10000001
102
}
330
10000001
100
AcDbXrecord
1040
89.0
  0
ACAD_PROXY_OBJECT
  5
10000005
102
{ACAD_REACTORS
330
10000001
102
}
330
10000001
100
AcDbProxyObject
 90
      499
 91
      509
 93
       34
310
40C8804040
  0
DICTIONARY
  5
10000230
330
45
100
AcDbDictionary
280
     1
  3
ACAD_XREC_ROUNDTRIP
360
10000231
  0
DICTIONARY
  5
1000022E
330
44
100
AcDbDictionary
280
     1
  3
ACAD_XREC_ROUNDTRIP
360
1000022F
  0
DICTIONARY
  5
10000232
330
46
100
AcDbDictionary
280
     1
  3
ACAD_XREC_ROUNDTRIP
360
10000233
  0
XRECORD
  5
10000231
102
{ACAD_REACTORS
330
10000230
102
}
330
10000230
100
AcDbXrecord
102
MATERIAL
148
0.0
149
0.0
149
0.0
 93
        0
 94
      127
282
     0
 72
     1
 77
     1
171
     1
175
     1
179
     1
273
     0
  0
XRECORD
  5
1000022F
102
{ACAD_REACTORS
330
1000022E
102
}
330
1000022E
100
AcDbXrecord
102
MATERIAL
148
0.0
149
0.0
149
0.0
 93
        0
 94
      127
282
     0
 72
     1
 77
     1
171
     1
175
     1
179
     1
273
     0
  0
XRECORD
  5
10000233
102
{ACAD_REACTORS
330
10000232
102
}
330
10000232
100
AcDbXrecord
102
MATERIAL
148
0.0
149
0.0
149
0.0
 93
        0
 94
      127
282
     0
 72
     1
 77
     1
171
     1
175
     1
179
     1
273
     0
  0
ENDSEC
  0
EOF
