ISO-10303-21;
HEADER;
/* Generated by software containing ST-Developer
 * from STEP Tools, Inc. (www.steptools.com) 
 */
/* OPTION: using custom renumber hook */

FILE_DESCRIPTION(
/* description */ ('STEP AP242 Edition 2',
'CAx-IF Rec.Pracs.---Representation and Presentation of Product Manufa
cturing Information (PMI)---4.0---2014-10-13',
'CAx-IF Rec.Pracs.---3D Tessellated Geometry---0.4---2014-09-14','2;1',
'CAx-IF Rec.Pracs.---User Defined Attributes---1.5---2016-08-15'),
/* implementation_level */ '2;1');

FILE_NAME(
/* name */ '698d6ace768197fb8a7f7845',
/* time_stamp */ '2026-02-12T05:53:19Z',
/* author */ (''),
/* organization */ (''),
/* preprocessor_version */ 'ST-DEVELOPER v20',
/* originating_system */ 'ONSHAPE BY PTC INC, 1.210',
/* authorisation */ '  ');

FILE_SCHEMA (('AP242_MANAGED_MODEL_BASED_3D_ENGINEERING_MIM_LF { 1 0 10303 442 3 1 4 }'));
ENDSEC;

DATA;
#10=SHAPE_REPRESENTATION_RELATIONSHIP('','',#1870,#11);
#11=ADVANCED_BREP_SHAPE_REPRESENTATION('',(#1868),#3169);
#12=CYLINDRICAL_SURFACE('',#1881,0.019);
#13=CYLINDRICAL_SURFACE('',#1901,0.002);
#14=CYLINDRICAL_SURFACE('',#1903,0.0025);
#15=CYLINDRICAL_SURFACE('',#1936,0.011);
#16=CYLINDRICAL_SURFACE('',#1940,0.011);
#17=CYLINDRICAL_SURFACE('',#1959,0.005);
#18=CYLINDRICAL_SURFACE('',#1962,0.0015875);
#19=CYLINDRICAL_SURFACE('',#1964,0.0015875);
#20=CYLINDRICAL_SURFACE('',#1966,0.0015875);
#21=CYLINDRICAL_SURFACE('',#1969,0.0015875);
#22=CYLINDRICAL_SURFACE('',#1972,0.007);
#23=CYLINDRICAL_SURFACE('',#1974,0.005);
#24=CYLINDRICAL_SURFACE('',#1990,0.00550132832103989);
#25=CYLINDRICAL_SURFACE('',#1992,0.002);
#26=CYLINDRICAL_SURFACE('',#2010,0.0035);
#27=CYLINDRICAL_SURFACE('',#2011,0.0035);
#28=CYLINDRICAL_SURFACE('',#2012,0.0035);
#29=CYLINDRICAL_SURFACE('',#2013,0.0035);
#30=CYLINDRICAL_SURFACE('',#2019,0.006);
#31=CYLINDRICAL_SURFACE('',#2020,0.006);
#32=CYLINDRICAL_SURFACE('',#2021,0.002);
#33=CYLINDRICAL_SURFACE('',#2022,0.002);
#34=CYLINDRICAL_SURFACE('',#2023,0.001);
#35=CYLINDRICAL_SURFACE('',#2024,0.001);
#36=CYLINDRICAL_SURFACE('',#2025,0.001);
#37=CYLINDRICAL_SURFACE('',#2026,0.001);
#38=CYLINDRICAL_SURFACE('',#2031,0.002);
#39=CYLINDRICAL_SURFACE('',#2032,0.002);
#40=CYLINDRICAL_SURFACE('',#2035,0.001);
#41=CYLINDRICAL_SURFACE('',#2036,0.001);
#42=CYLINDRICAL_SURFACE('',#2037,0.001);
#43=CYLINDRICAL_SURFACE('',#2038,0.001);
#44=CYLINDRICAL_SURFACE('',#2039,0.001);
#45=CYLINDRICAL_SURFACE('',#2040,0.001);
#46=CYLINDRICAL_SURFACE('',#2041,0.001);
#47=CYLINDRICAL_SURFACE('',#2042,0.001);
#48=CYLINDRICAL_SURFACE('',#2045,0.001);
#49=CYLINDRICAL_SURFACE('',#2046,0.001);
#50=CYLINDRICAL_SURFACE('',#2047,0.001);
#51=CYLINDRICAL_SURFACE('',#2050,0.001);
#52=CYLINDRICAL_SURFACE('',#2051,0.001);
#53=CYLINDRICAL_SURFACE('',#2052,0.004);
#54=CYLINDRICAL_SURFACE('',#2059,0.004);
#55=CYLINDRICAL_SURFACE('',#2060,0.004);
#56=CYLINDRICAL_SURFACE('',#2062,0.00400000000000009);
#57=CYLINDRICAL_SURFACE('',#2063,0.016);
#58=CYLINDRICAL_SURFACE('',#2065,0.005);
#59=CYLINDRICAL_SURFACE('',#2067,0.005);
#60=CYLINDRICAL_SURFACE('',#2074,0.004);
#61=CYLINDRICAL_SURFACE('',#2075,0.004);
#62=CYLINDRICAL_SURFACE('',#2076,0.002);
#63=CYLINDRICAL_SURFACE('',#2077,0.002);
#64=CYLINDRICAL_SURFACE('',#2078,0.001);
#65=CYLINDRICAL_SURFACE('',#2079,0.001);
#66=CYLINDRICAL_SURFACE('',#2082,0.001);
#67=CYLINDRICAL_SURFACE('',#2083,0.0015875);
#68=ELLIPSE('',#1875,0.00103185002863505,0.001);
#69=ELLIPSE('',#2030,0.00100030504666258,0.001);
#70=CIRCLE('',#1873,0.001);
#71=CIRCLE('',#1874,0.001);
#72=CIRCLE('',#1876,0.001);
#73=CIRCLE('',#1878,0.001);
#74=CIRCLE('',#1879,0.001);
#75=CIRCLE('',#1880,0.001);
#76=CIRCLE('',#1882,0.019);
#77=CIRCLE('',#1883,0.019);
#78=CIRCLE('',#1885,0.007);
#79=CIRCLE('',#1886,0.001);
#80=CIRCLE('',#1887,0.001);
#81=CIRCLE('',#1888,0.001);
#82=CIRCLE('',#1889,0.001);
#83=CIRCLE('',#1890,0.004);
#84=CIRCLE('',#1891,0.002);
#85=CIRCLE('',#1892,0.002);
#86=CIRCLE('',#1893,0.002);
#87=CIRCLE('',#1894,0.0035);
#88=CIRCLE('',#1895,0.002);
#89=CIRCLE('',#1896,0.0025);
#90=CIRCLE('',#1897,0.00400000000000009);
#91=CIRCLE('',#1898,0.004);
#92=CIRCLE('',#1899,0.002);
#93=CIRCLE('',#1900,0.004);
#94=CIRCLE('',#1902,0.002);
#95=CIRCLE('',#1904,0.0025);
#96=CIRCLE('',#1906,0.001);
#97=CIRCLE('',#1908,0.001);
#98=CIRCLE('',#1910,0.011);
#99=CIRCLE('',#1911,0.011);
#100=CIRCLE('',#1912,0.002);
#101=CIRCLE('',#1913,0.002);
#102=CIRCLE('',#1914,0.016);
#103=CIRCLE('',#1915,0.005);
#104=CIRCLE('',#1916,0.005);
#105=CIRCLE('',#1917,0.005);
#106=CIRCLE('',#1918,0.0015875);
#107=CIRCLE('',#1919,0.001);
#108=CIRCLE('',#1920,0.001);
#109=CIRCLE('',#1921,0.001);
#110=CIRCLE('',#1922,0.001);
#111=CIRCLE('',#1923,0.005);
#112=CIRCLE('',#1924,0.0015875);
#113=CIRCLE('',#1925,0.0015875);
#114=CIRCLE('',#1926,0.00550132832103989);
#115=CIRCLE('',#1927,0.002);
#116=CIRCLE('',#1931,0.004);
#117=CIRCLE('',#1932,0.002);
#118=CIRCLE('',#1933,0.0035);
#119=CIRCLE('',#1934,0.0035);
#120=CIRCLE('',#1935,0.004);
#121=CIRCLE('',#1937,0.011);
#122=CIRCLE('',#1938,0.011);
#123=CIRCLE('',#1941,0.011);
#124=CIRCLE('',#1942,0.011);
#125=CIRCLE('',#1946,0.001);
#126=CIRCLE('',#1949,0.001);
#127=CIRCLE('',#1950,0.001);
#128=CIRCLE('',#1951,0.001);
#129=CIRCLE('',#1952,0.001);
#130=CIRCLE('',#1953,0.001);
#131=CIRCLE('',#1955,0.001);
#132=CIRCLE('',#1956,0.001);
#133=CIRCLE('',#1957,0.001);
#134=CIRCLE('',#1960,0.005);
#135=CIRCLE('',#1963,0.0015875);
#136=CIRCLE('',#1965,0.0015875);
#137=CIRCLE('',#1967,0.0015875);
#138=CIRCLE('',#1968,0.0015875);
#139=CIRCLE('',#1970,0.0015875);
#140=CIRCLE('',#1971,0.0015875);
#141=CIRCLE('',#1973,0.007);
#142=CIRCLE('',#1975,0.005);
#143=CIRCLE('',#1977,0.016);
#144=CIRCLE('',#1978,0.005);
#145=CIRCLE('',#1979,0.005);
#146=CIRCLE('',#1980,0.0015875);
#147=CIRCLE('',#1981,0.001);
#148=CIRCLE('',#1982,0.001);
#149=CIRCLE('',#1983,0.001);
#150=CIRCLE('',#1984,0.001);
#151=CIRCLE('',#1985,0.001);
#152=CIRCLE('',#1986,0.001);
#153=CIRCLE('',#1987,0.001);
#154=CIRCLE('',#1988,0.001);
#155=CIRCLE('',#1991,0.00550132832103989);
#156=CIRCLE('',#1993,0.002);
#157=CIRCLE('',#1995,0.001);
#158=CIRCLE('',#1998,0.006);
#159=CIRCLE('',#1999,0.006);
#160=CIRCLE('',#2000,0.0035);
#161=CIRCLE('',#2001,0.002);
#162=CIRCLE('',#2004,0.0035);
#163=CIRCLE('',#2005,0.0035);
#164=CIRCLE('',#2008,0.0035);
#165=CIRCLE('',#2009,0.0035);
#166=CIRCLE('',#2016,0.006);
#167=CIRCLE('',#2017,0.002);
#168=CIRCLE('',#2018,0.006);
#169=CIRCLE('',#2028,0.001);
#170=CIRCLE('',#2034,0.001);
#171=CIRCLE('',#2043,0.001);
#172=CIRCLE('',#2048,0.001);
#173=CIRCLE('',#2053,0.004);
#174=CIRCLE('',#2055,0.004);
#175=CIRCLE('',#2056,0.004);
#176=CIRCLE('',#2057,0.00400000000000009);
#177=CIRCLE('',#2069,0.002);
#178=CIRCLE('',#2070,0.002);
#179=CIRCLE('',#2071,0.004);
#180=CIRCLE('',#2072,0.004);
#181=CIRCLE('',#2080,0.001);
#182=ORIENTED_EDGE('',*,*,#674,.T.);
#183=ORIENTED_EDGE('',*,*,#675,.T.);
#184=ORIENTED_EDGE('',*,*,#676,.F.);
#185=ORIENTED_EDGE('',*,*,#677,.F.);
#186=ORIENTED_EDGE('',*,*,#678,.F.);
#187=ORIENTED_EDGE('',*,*,#679,.T.);
#188=ORIENTED_EDGE('',*,*,#680,.F.);
#189=ORIENTED_EDGE('',*,*,#681,.T.);
#190=ORIENTED_EDGE('',*,*,#682,.F.);
#191=ORIENTED_EDGE('',*,*,#683,.T.);
#192=ORIENTED_EDGE('',*,*,#684,.F.);
#193=ORIENTED_EDGE('',*,*,#685,.T.);
#194=ORIENTED_EDGE('',*,*,#686,.T.);
#195=ORIENTED_EDGE('',*,*,#687,.F.);
#196=ORIENTED_EDGE('',*,*,#688,.F.);
#197=ORIENTED_EDGE('',*,*,#689,.T.);
#198=ORIENTED_EDGE('',*,*,#690,.F.);
#199=ORIENTED_EDGE('',*,*,#691,.T.);
#200=ORIENTED_EDGE('',*,*,#692,.T.);
#201=ORIENTED_EDGE('',*,*,#693,.T.);
#202=ORIENTED_EDGE('',*,*,#694,.T.);
#203=ORIENTED_EDGE('',*,*,#695,.F.);
#204=ORIENTED_EDGE('',*,*,#696,.F.);
#205=ORIENTED_EDGE('',*,*,#697,.F.);
#206=ORIENTED_EDGE('',*,*,#698,.F.);
#207=ORIENTED_EDGE('',*,*,#699,.T.);
#208=ORIENTED_EDGE('',*,*,#700,.F.);
#209=ORIENTED_EDGE('',*,*,#701,.F.);
#210=ORIENTED_EDGE('',*,*,#702,.F.);
#211=ORIENTED_EDGE('',*,*,#703,.T.);
#212=ORIENTED_EDGE('',*,*,#704,.T.);
#213=ORIENTED_EDGE('',*,*,#705,.T.);
#214=ORIENTED_EDGE('',*,*,#706,.F.);
#215=ORIENTED_EDGE('',*,*,#707,.T.);
#216=ORIENTED_EDGE('',*,*,#708,.T.);
#217=ORIENTED_EDGE('',*,*,#709,.T.);
#218=ORIENTED_EDGE('',*,*,#710,.T.);
#219=ORIENTED_EDGE('',*,*,#711,.T.);
#220=ORIENTED_EDGE('',*,*,#712,.T.);
#221=ORIENTED_EDGE('',*,*,#690,.T.);
#222=ORIENTED_EDGE('',*,*,#713,.T.);
#223=ORIENTED_EDGE('',*,*,#714,.F.);
#224=ORIENTED_EDGE('',*,*,#715,.F.);
#225=ORIENTED_EDGE('',*,*,#716,.T.);
#226=ORIENTED_EDGE('',*,*,#717,.T.);
#227=ORIENTED_EDGE('',*,*,#718,.T.);
#228=ORIENTED_EDGE('',*,*,#719,.F.);
#229=ORIENTED_EDGE('',*,*,#720,.T.);
#230=ORIENTED_EDGE('',*,*,#721,.T.);
#231=ORIENTED_EDGE('',*,*,#722,.F.);
#232=ORIENTED_EDGE('',*,*,#723,.T.);
#233=ORIENTED_EDGE('',*,*,#724,.F.);
#234=ORIENTED_EDGE('',*,*,#725,.T.);
#235=ORIENTED_EDGE('',*,*,#676,.T.);
#236=ORIENTED_EDGE('',*,*,#726,.T.);
#237=ORIENTED_EDGE('',*,*,#727,.T.);
#238=ORIENTED_EDGE('',*,*,#728,.F.);
#239=ORIENTED_EDGE('',*,*,#729,.F.);
#240=ORIENTED_EDGE('',*,*,#730,.F.);
#241=ORIENTED_EDGE('',*,*,#731,.F.);
#242=ORIENTED_EDGE('',*,*,#732,.F.);
#243=ORIENTED_EDGE('',*,*,#721,.F.);
#244=ORIENTED_EDGE('',*,*,#733,.T.);
#245=ORIENTED_EDGE('',*,*,#734,.T.);
#246=ORIENTED_EDGE('',*,*,#735,.T.);
#247=ORIENTED_EDGE('',*,*,#736,.F.);
#248=ORIENTED_EDGE('',*,*,#737,.T.);
#249=ORIENTED_EDGE('',*,*,#738,.T.);
#250=ORIENTED_EDGE('',*,*,#739,.F.);
#251=ORIENTED_EDGE('',*,*,#740,.F.);
#252=ORIENTED_EDGE('',*,*,#741,.T.);
#253=ORIENTED_EDGE('',*,*,#742,.T.);
#254=ORIENTED_EDGE('',*,*,#743,.F.);
#255=ORIENTED_EDGE('',*,*,#744,.F.);
#256=ORIENTED_EDGE('',*,*,#745,.T.);
#257=ORIENTED_EDGE('',*,*,#719,.T.);
#258=ORIENTED_EDGE('',*,*,#746,.T.);
#259=ORIENTED_EDGE('',*,*,#747,.T.);
#260=ORIENTED_EDGE('',*,*,#748,.T.);
#261=ORIENTED_EDGE('',*,*,#749,.F.);
#262=ORIENTED_EDGE('',*,*,#686,.F.);
#263=ORIENTED_EDGE('',*,*,#750,.F.);
#264=ORIENTED_EDGE('',*,*,#739,.T.);
#265=ORIENTED_EDGE('',*,*,#751,.T.);
#266=ORIENTED_EDGE('',*,*,#752,.F.);
#267=ORIENTED_EDGE('',*,*,#731,.T.);
#268=ORIENTED_EDGE('',*,*,#753,.F.);
#269=ORIENTED_EDGE('',*,*,#734,.F.);
#270=ORIENTED_EDGE('',*,*,#754,.T.);
#271=ORIENTED_EDGE('',*,*,#744,.T.);
#272=ORIENTED_EDGE('',*,*,#755,.T.);
#273=ORIENTED_EDGE('',*,*,#756,.F.);
#274=ORIENTED_EDGE('',*,*,#699,.F.);
#275=ORIENTED_EDGE('',*,*,#757,.F.);
#276=ORIENTED_EDGE('',*,*,#758,.F.);
#277=ORIENTED_EDGE('',*,*,#759,.T.);
#278=ORIENTED_EDGE('',*,*,#760,.F.);
#279=ORIENTED_EDGE('',*,*,#702,.T.);
#280=ORIENTED_EDGE('',*,*,#761,.F.);
#281=ORIENTED_EDGE('',*,*,#762,.T.);
#282=ORIENTED_EDGE('',*,*,#763,.T.);
#283=ORIENTED_EDGE('',*,*,#764,.T.);
#284=ORIENTED_EDGE('',*,*,#765,.T.);
#285=ORIENTED_EDGE('',*,*,#766,.T.);
#286=ORIENTED_EDGE('',*,*,#767,.T.);
#287=ORIENTED_EDGE('',*,*,#768,.T.);
#288=ORIENTED_EDGE('',*,*,#769,.T.);
#289=ORIENTED_EDGE('',*,*,#770,.T.);
#290=ORIENTED_EDGE('',*,*,#771,.T.);
#291=ORIENTED_EDGE('',*,*,#772,.F.);
#292=ORIENTED_EDGE('',*,*,#773,.F.);
#293=ORIENTED_EDGE('',*,*,#774,.F.);
#294=ORIENTED_EDGE('',*,*,#775,.F.);
#295=ORIENTED_EDGE('',*,*,#776,.F.);
#296=ORIENTED_EDGE('',*,*,#777,.F.);
#297=ORIENTED_EDGE('',*,*,#778,.F.);
#298=ORIENTED_EDGE('',*,*,#779,.F.);
#299=ORIENTED_EDGE('',*,*,#780,.F.);
#300=ORIENTED_EDGE('',*,*,#781,.F.);
#301=ORIENTED_EDGE('',*,*,#782,.T.);
#302=ORIENTED_EDGE('',*,*,#715,.T.);
#303=ORIENTED_EDGE('',*,*,#783,.F.);
#304=ORIENTED_EDGE('',*,*,#784,.F.);
#305=ORIENTED_EDGE('',*,*,#785,.F.);
#306=ORIENTED_EDGE('',*,*,#786,.F.);
#307=ORIENTED_EDGE('',*,*,#787,.F.);
#308=ORIENTED_EDGE('',*,*,#788,.T.);
#309=ORIENTED_EDGE('',*,*,#789,.F.);
#310=ORIENTED_EDGE('',*,*,#790,.T.);
#311=ORIENTED_EDGE('',*,*,#791,.T.);
#312=ORIENTED_EDGE('',*,*,#792,.F.);
#313=ORIENTED_EDGE('',*,*,#793,.T.);
#314=ORIENTED_EDGE('',*,*,#737,.F.);
#315=ORIENTED_EDGE('',*,*,#794,.T.);
#316=ORIENTED_EDGE('',*,*,#795,.F.);
#317=ORIENTED_EDGE('',*,*,#796,.T.);
#318=ORIENTED_EDGE('',*,*,#680,.T.);
#319=ORIENTED_EDGE('',*,*,#797,.T.);
#320=ORIENTED_EDGE('',*,*,#798,.F.);
#321=ORIENTED_EDGE('',*,*,#799,.T.);
#322=ORIENTED_EDGE('',*,*,#800,.F.);
#323=ORIENTED_EDGE('',*,*,#687,.T.);
#324=ORIENTED_EDGE('',*,*,#749,.T.);
#325=ORIENTED_EDGE('',*,*,#748,.F.);
#326=ORIENTED_EDGE('',*,*,#717,.F.);
#327=ORIENTED_EDGE('',*,*,#801,.T.);
#328=ORIENTED_EDGE('',*,*,#802,.T.);
#329=ORIENTED_EDGE('',*,*,#803,.T.);
#330=ORIENTED_EDGE('',*,*,#804,.F.);
#331=ORIENTED_EDGE('',*,*,#805,.T.);
#332=ORIENTED_EDGE('',*,*,#806,.F.);
#333=ORIENTED_EDGE('',*,*,#740,.T.);
#334=ORIENTED_EDGE('',*,*,#750,.T.);
#335=ORIENTED_EDGE('',*,*,#685,.F.);
#336=ORIENTED_EDGE('',*,*,#807,.F.);
#337=ORIENTED_EDGE('',*,*,#808,.T.);
#338=ORIENTED_EDGE('',*,*,#809,.T.);
#339=ORIENTED_EDGE('',*,*,#764,.F.);
#340=ORIENTED_EDGE('',*,*,#809,.F.);
#341=ORIENTED_EDGE('',*,*,#810,.T.);
#342=ORIENTED_EDGE('',*,*,#811,.T.);
#343=ORIENTED_EDGE('',*,*,#765,.F.);
#344=ORIENTED_EDGE('',*,*,#812,.F.);
#345=ORIENTED_EDGE('',*,*,#811,.F.);
#346=ORIENTED_EDGE('',*,*,#813,.T.);
#347=ORIENTED_EDGE('',*,*,#814,.T.);
#348=ORIENTED_EDGE('',*,*,#766,.F.);
#349=ORIENTED_EDGE('',*,*,#814,.F.);
#350=ORIENTED_EDGE('',*,*,#815,.T.);
#351=ORIENTED_EDGE('',*,*,#816,.T.);
#352=ORIENTED_EDGE('',*,*,#767,.F.);
#353=ORIENTED_EDGE('',*,*,#817,.F.);
#354=ORIENTED_EDGE('',*,*,#818,.F.);
#355=ORIENTED_EDGE('',*,*,#819,.F.);
#356=ORIENTED_EDGE('',*,*,#820,.F.);
#357=ORIENTED_EDGE('',*,*,#821,.F.);
#358=ORIENTED_EDGE('',*,*,#816,.F.);
#359=ORIENTED_EDGE('',*,*,#822,.T.);
#360=ORIENTED_EDGE('',*,*,#823,.T.);
#361=ORIENTED_EDGE('',*,*,#768,.F.);
#362=ORIENTED_EDGE('',*,*,#824,.F.);
#363=ORIENTED_EDGE('',*,*,#825,.F.);
#364=ORIENTED_EDGE('',*,*,#826,.F.);
#365=ORIENTED_EDGE('',*,*,#827,.F.);
#366=ORIENTED_EDGE('',*,*,#700,.T.);
#367=ORIENTED_EDGE('',*,*,#756,.T.);
#368=ORIENTED_EDGE('',*,*,#828,.F.);
#369=ORIENTED_EDGE('',*,*,#829,.F.);
#370=ORIENTED_EDGE('',*,*,#830,.T.);
#371=ORIENTED_EDGE('',*,*,#807,.T.);
#372=ORIENTED_EDGE('',*,*,#763,.F.);
#373=ORIENTED_EDGE('',*,*,#831,.F.);
#374=ORIENTED_EDGE('',*,*,#832,.T.);
#375=ORIENTED_EDGE('',*,*,#761,.T.);
#376=ORIENTED_EDGE('',*,*,#705,.F.);
#377=ORIENTED_EDGE('',*,*,#832,.F.);
#378=ORIENTED_EDGE('',*,*,#833,.T.);
#379=ORIENTED_EDGE('',*,*,#829,.T.);
#380=ORIENTED_EDGE('',*,*,#762,.F.);
#381=ORIENTED_EDGE('',*,*,#776,.T.);
#382=ORIENTED_EDGE('',*,*,#834,.F.);
#383=ORIENTED_EDGE('',*,*,#775,.T.);
#384=ORIENTED_EDGE('',*,*,#835,.F.);
#385=ORIENTED_EDGE('',*,*,#836,.F.);
#386=ORIENTED_EDGE('',*,*,#837,.T.);
#387=ORIENTED_EDGE('',*,*,#838,.F.);
#388=ORIENTED_EDGE('',*,*,#839,.T.);
#389=ORIENTED_EDGE('',*,*,#706,.T.);
#390=ORIENTED_EDGE('',*,*,#840,.F.);
#391=ORIENTED_EDGE('',*,*,#774,.T.);
#392=ORIENTED_EDGE('',*,*,#841,.F.);
#393=ORIENTED_EDGE('',*,*,#827,.T.);
#394=ORIENTED_EDGE('',*,*,#842,.T.);
#395=ORIENTED_EDGE('',*,*,#822,.F.);
#396=ORIENTED_EDGE('',*,*,#815,.F.);
#397=ORIENTED_EDGE('',*,*,#813,.F.);
#398=ORIENTED_EDGE('',*,*,#810,.F.);
#399=ORIENTED_EDGE('',*,*,#808,.F.);
#400=ORIENTED_EDGE('',*,*,#830,.F.);
#401=ORIENTED_EDGE('',*,*,#833,.F.);
#402=ORIENTED_EDGE('',*,*,#831,.T.);
#403=ORIENTED_EDGE('',*,*,#704,.F.);
#404=ORIENTED_EDGE('',*,*,#843,.T.);
#405=ORIENTED_EDGE('',*,*,#844,.F.);
#406=ORIENTED_EDGE('',*,*,#845,.T.);
#407=ORIENTED_EDGE('',*,*,#846,.T.);
#408=ORIENTED_EDGE('',*,*,#701,.T.);
#409=ORIENTED_EDGE('',*,*,#847,.T.);
#410=ORIENTED_EDGE('',*,*,#848,.T.);
#411=ORIENTED_EDGE('',*,*,#849,.T.);
#412=ORIENTED_EDGE('',*,*,#850,.F.);
#413=ORIENTED_EDGE('',*,*,#851,.F.);
#414=ORIENTED_EDGE('',*,*,#852,.F.);
#415=ORIENTED_EDGE('',*,*,#853,.F.);
#416=ORIENTED_EDGE('',*,*,#854,.F.);
#417=ORIENTED_EDGE('',*,*,#855,.F.);
#418=ORIENTED_EDGE('',*,*,#841,.T.);
#419=ORIENTED_EDGE('',*,*,#838,.T.);
#420=ORIENTED_EDGE('',*,*,#835,.T.);
#421=ORIENTED_EDGE('',*,*,#834,.T.);
#422=ORIENTED_EDGE('',*,*,#836,.T.);
#423=ORIENTED_EDGE('',*,*,#840,.T.);
#424=ORIENTED_EDGE('',*,*,#856,.T.);
#425=ORIENTED_EDGE('',*,*,#777,.T.);
#426=ORIENTED_EDGE('',*,*,#857,.F.);
#427=ORIENTED_EDGE('',*,*,#858,.F.);
#428=ORIENTED_EDGE('',*,*,#859,.T.);
#429=ORIENTED_EDGE('',*,*,#778,.T.);
#430=ORIENTED_EDGE('',*,*,#856,.F.);
#431=ORIENTED_EDGE('',*,*,#860,.F.);
#432=ORIENTED_EDGE('',*,*,#857,.T.);
#433=ORIENTED_EDGE('',*,*,#780,.T.);
#434=ORIENTED_EDGE('',*,*,#861,.F.);
#435=ORIENTED_EDGE('',*,*,#862,.F.);
#436=ORIENTED_EDGE('',*,*,#863,.T.);
#437=ORIENTED_EDGE('',*,*,#861,.T.);
#438=ORIENTED_EDGE('',*,*,#779,.T.);
#439=ORIENTED_EDGE('',*,*,#859,.F.);
#440=ORIENTED_EDGE('',*,*,#864,.F.);
#441=ORIENTED_EDGE('',*,*,#860,.T.);
#442=ORIENTED_EDGE('',*,*,#858,.T.);
#443=ORIENTED_EDGE('',*,*,#862,.T.);
#444=ORIENTED_EDGE('',*,*,#864,.T.);
#445=ORIENTED_EDGE('',*,*,#837,.F.);
#446=ORIENTED_EDGE('',*,*,#781,.T.);
#447=ORIENTED_EDGE('',*,*,#865,.T.);
#448=ORIENTED_EDGE('',*,*,#789,.T.);
#449=ORIENTED_EDGE('',*,*,#866,.T.);
#450=ORIENTED_EDGE('',*,*,#798,.T.);
#451=ORIENTED_EDGE('',*,*,#747,.F.);
#452=ORIENTED_EDGE('',*,*,#867,.T.);
#453=ORIENTED_EDGE('',*,*,#802,.F.);
#454=ORIENTED_EDGE('',*,*,#868,.T.);
#455=ORIENTED_EDGE('',*,*,#869,.F.);
#456=ORIENTED_EDGE('',*,*,#870,.T.);
#457=ORIENTED_EDGE('',*,*,#795,.T.);
#458=ORIENTED_EDGE('',*,*,#871,.T.);
#459=ORIENTED_EDGE('',*,*,#872,.F.);
#460=ORIENTED_EDGE('',*,*,#873,.F.);
#461=ORIENTED_EDGE('',*,*,#806,.T.);
#462=ORIENTED_EDGE('',*,*,#874,.T.);
#463=ORIENTED_EDGE('',*,*,#875,.F.);
#464=ORIENTED_EDGE('',*,*,#872,.T.);
#465=ORIENTED_EDGE('',*,*,#876,.T.);
#466=ORIENTED_EDGE('',*,*,#741,.F.);
#467=ORIENTED_EDGE('',*,*,#839,.F.);
#468=ORIENTED_EDGE('',*,*,#875,.T.);
#469=ORIENTED_EDGE('',*,*,#877,.T.);
#470=ORIENTED_EDGE('',*,*,#878,.F.);
#471=ORIENTED_EDGE('',*,*,#873,.T.);
#472=ORIENTED_EDGE('',*,*,#684,.T.);
#473=ORIENTED_EDGE('',*,*,#879,.T.);
#474=ORIENTED_EDGE('',*,*,#682,.T.);
#475=ORIENTED_EDGE('',*,*,#880,.T.);
#476=ORIENTED_EDGE('',*,*,#869,.T.);
#477=ORIENTED_EDGE('',*,*,#878,.T.);
#478=ORIENTED_EDGE('',*,*,#881,.T.);
#479=ORIENTED_EDGE('',*,*,#804,.T.);
#480=ORIENTED_EDGE('',*,*,#881,.F.);
#481=ORIENTED_EDGE('',*,*,#877,.F.);
#482=ORIENTED_EDGE('',*,*,#874,.F.);
#483=ORIENTED_EDGE('',*,*,#805,.F.);
#484=ORIENTED_EDGE('',*,*,#880,.F.);
#485=ORIENTED_EDGE('',*,*,#681,.F.);
#486=ORIENTED_EDGE('',*,*,#796,.F.);
#487=ORIENTED_EDGE('',*,*,#870,.F.);
#488=ORIENTED_EDGE('',*,*,#867,.F.);
#489=ORIENTED_EDGE('',*,*,#746,.F.);
#490=ORIENTED_EDGE('',*,*,#718,.F.);
#491=ORIENTED_EDGE('',*,*,#803,.F.);
#492=ORIENTED_EDGE('',*,*,#876,.F.);
#493=ORIENTED_EDGE('',*,*,#871,.F.);
#494=ORIENTED_EDGE('',*,*,#794,.F.);
#495=ORIENTED_EDGE('',*,*,#742,.F.);
#496=ORIENTED_EDGE('',*,*,#714,.T.);
#497=ORIENTED_EDGE('',*,*,#882,.T.);
#498=ORIENTED_EDGE('',*,*,#883,.F.);
#499=ORIENTED_EDGE('',*,*,#783,.T.);
#500=ORIENTED_EDGE('',*,*,#787,.T.);
#501=ORIENTED_EDGE('',*,*,#884,.T.);
#502=ORIENTED_EDGE('',*,*,#784,.T.);
#503=ORIENTED_EDGE('',*,*,#883,.T.);
#504=ORIENTED_EDGE('',*,*,#885,.T.);
#505=ORIENTED_EDGE('',*,*,#688,.T.);
#506=ORIENTED_EDGE('',*,*,#800,.T.);
#507=ORIENTED_EDGE('',*,*,#886,.T.);
#508=ORIENTED_EDGE('',*,*,#886,.F.);
#509=ORIENTED_EDGE('',*,*,#799,.F.);
#510=ORIENTED_EDGE('',*,*,#866,.F.);
#511=ORIENTED_EDGE('',*,*,#788,.F.);
#512=ORIENTED_EDGE('',*,*,#785,.T.);
#513=ORIENTED_EDGE('',*,*,#884,.F.);
#514=ORIENTED_EDGE('',*,*,#786,.T.);
#515=ORIENTED_EDGE('',*,*,#865,.F.);
#516=ORIENTED_EDGE('',*,*,#716,.F.);
#517=ORIENTED_EDGE('',*,*,#782,.F.);
#518=ORIENTED_EDGE('',*,*,#868,.F.);
#519=ORIENTED_EDGE('',*,*,#801,.F.);
#520=ORIENTED_EDGE('',*,*,#885,.F.);
#521=ORIENTED_EDGE('',*,*,#882,.F.);
#522=ORIENTED_EDGE('',*,*,#713,.F.);
#523=ORIENTED_EDGE('',*,*,#689,.F.);
#524=ORIENTED_EDGE('',*,*,#855,.T.);
#525=ORIENTED_EDGE('',*,*,#707,.F.);
#526=ORIENTED_EDGE('',*,*,#854,.T.);
#527=ORIENTED_EDGE('',*,*,#710,.F.);
#528=ORIENTED_EDGE('',*,*,#853,.T.);
#529=ORIENTED_EDGE('',*,*,#709,.F.);
#530=ORIENTED_EDGE('',*,*,#852,.T.);
#531=ORIENTED_EDGE('',*,*,#708,.F.);
#532=ORIENTED_EDGE('',*,*,#730,.T.);
#533=ORIENTED_EDGE('',*,*,#887,.F.);
#534=ORIENTED_EDGE('',*,*,#888,.T.);
#535=ORIENTED_EDGE('',*,*,#722,.T.);
#536=ORIENTED_EDGE('',*,*,#735,.F.);
#537=ORIENTED_EDGE('',*,*,#753,.T.);
#538=ORIENTED_EDGE('',*,*,#889,.T.);
#539=ORIENTED_EDGE('',*,*,#890,.T.);
#540=ORIENTED_EDGE('',*,*,#891,.T.);
#541=ORIENTED_EDGE('',*,*,#892,.T.);
#542=ORIENTED_EDGE('',*,*,#732,.T.);
#543=ORIENTED_EDGE('',*,*,#752,.T.);
#544=ORIENTED_EDGE('',*,*,#893,.T.);
#545=ORIENTED_EDGE('',*,*,#792,.T.);
#546=ORIENTED_EDGE('',*,*,#751,.F.);
#547=ORIENTED_EDGE('',*,*,#738,.F.);
#548=ORIENTED_EDGE('',*,*,#793,.F.);
#549=ORIENTED_EDGE('',*,*,#893,.F.);
#550=ORIENTED_EDGE('',*,*,#754,.F.);
#551=ORIENTED_EDGE('',*,*,#733,.F.);
#552=ORIENTED_EDGE('',*,*,#720,.F.);
#553=ORIENTED_EDGE('',*,*,#745,.F.);
#554=ORIENTED_EDGE('',*,*,#894,.T.);
#555=ORIENTED_EDGE('',*,*,#879,.F.);
#556=ORIENTED_EDGE('',*,*,#825,.T.);
#557=ORIENTED_EDGE('',*,*,#683,.F.);
#558=ORIENTED_EDGE('',*,*,#894,.F.);
#559=ORIENTED_EDGE('',*,*,#824,.T.);
#560=ORIENTED_EDGE('',*,*,#692,.F.);
#561=ORIENTED_EDGE('',*,*,#828,.T.);
#562=ORIENTED_EDGE('',*,*,#694,.F.);
#563=ORIENTED_EDGE('',*,*,#820,.T.);
#564=ORIENTED_EDGE('',*,*,#890,.F.);
#565=ORIENTED_EDGE('',*,*,#821,.T.);
#566=ORIENTED_EDGE('',*,*,#889,.F.);
#567=ORIENTED_EDGE('',*,*,#736,.T.);
#568=ORIENTED_EDGE('',*,*,#819,.T.);
#569=ORIENTED_EDGE('',*,*,#743,.T.);
#570=ORIENTED_EDGE('',*,*,#818,.T.);
#571=ORIENTED_EDGE('',*,*,#895,.F.);
#572=ORIENTED_EDGE('',*,*,#817,.T.);
#573=ORIENTED_EDGE('',*,*,#895,.T.);
#574=ORIENTED_EDGE('',*,*,#851,.T.);
#575=ORIENTED_EDGE('',*,*,#773,.T.);
#576=ORIENTED_EDGE('',*,*,#850,.T.);
#577=ORIENTED_EDGE('',*,*,#772,.T.);
#578=ORIENTED_EDGE('',*,*,#896,.F.);
#579=ORIENTED_EDGE('',*,*,#812,.T.);
#580=ORIENTED_EDGE('',*,*,#896,.T.);
#581=ORIENTED_EDGE('',*,*,#771,.F.);
#582=ORIENTED_EDGE('',*,*,#849,.F.);
#583=ORIENTED_EDGE('',*,*,#770,.F.);
#584=ORIENTED_EDGE('',*,*,#848,.F.);
#585=ORIENTED_EDGE('',*,*,#891,.F.);
#586=ORIENTED_EDGE('',*,*,#791,.F.);
#587=ORIENTED_EDGE('',*,*,#897,.F.);
#588=ORIENTED_EDGE('',*,*,#898,.T.);
#589=ORIENTED_EDGE('',*,*,#892,.F.);
#590=ORIENTED_EDGE('',*,*,#898,.F.);
#591=ORIENTED_EDGE('',*,*,#899,.F.);
#592=ORIENTED_EDGE('',*,*,#900,.F.);
#593=ORIENTED_EDGE('',*,*,#678,.T.);
#594=ORIENTED_EDGE('',*,*,#901,.F.);
#595=ORIENTED_EDGE('',*,*,#902,.T.);
#596=ORIENTED_EDGE('',*,*,#903,.F.);
#597=ORIENTED_EDGE('',*,*,#887,.T.);
#598=ORIENTED_EDGE('',*,*,#729,.T.);
#599=ORIENTED_EDGE('',*,*,#904,.F.);
#600=ORIENTED_EDGE('',*,*,#899,.T.);
#601=ORIENTED_EDGE('',*,*,#897,.T.);
#602=ORIENTED_EDGE('',*,*,#790,.F.);
#603=ORIENTED_EDGE('',*,*,#679,.F.);
#604=ORIENTED_EDGE('',*,*,#900,.T.);
#605=ORIENTED_EDGE('',*,*,#904,.T.);
#606=ORIENTED_EDGE('',*,*,#797,.F.);
#607=ORIENTED_EDGE('',*,*,#905,.F.);
#608=ORIENTED_EDGE('',*,*,#901,.T.);
#609=ORIENTED_EDGE('',*,*,#677,.T.);
#610=ORIENTED_EDGE('',*,*,#725,.F.);
#611=ORIENTED_EDGE('',*,*,#902,.F.);
#612=ORIENTED_EDGE('',*,*,#905,.T.);
#613=ORIENTED_EDGE('',*,*,#724,.T.);
#614=ORIENTED_EDGE('',*,*,#906,.F.);
#615=ORIENTED_EDGE('',*,*,#888,.F.);
#616=ORIENTED_EDGE('',*,*,#903,.T.);
#617=ORIENTED_EDGE('',*,*,#906,.T.);
#618=ORIENTED_EDGE('',*,*,#723,.F.);
#619=ORIENTED_EDGE('',*,*,#842,.F.);
#620=ORIENTED_EDGE('',*,*,#826,.T.);
#621=ORIENTED_EDGE('',*,*,#755,.F.);
#622=ORIENTED_EDGE('',*,*,#823,.F.);
#623=ORIENTED_EDGE('',*,*,#843,.F.);
#624=ORIENTED_EDGE('',*,*,#703,.F.);
#625=ORIENTED_EDGE('',*,*,#760,.T.);
#626=ORIENTED_EDGE('',*,*,#907,.T.);
#627=ORIENTED_EDGE('',*,*,#846,.F.);
#628=ORIENTED_EDGE('',*,*,#908,.F.);
#629=ORIENTED_EDGE('',*,*,#757,.T.);
#630=ORIENTED_EDGE('',*,*,#698,.T.);
#631=ORIENTED_EDGE('',*,*,#845,.F.);
#632=ORIENTED_EDGE('',*,*,#909,.F.);
#633=ORIENTED_EDGE('',*,*,#758,.T.);
#634=ORIENTED_EDGE('',*,*,#908,.T.);
#635=ORIENTED_EDGE('',*,*,#844,.T.);
#636=ORIENTED_EDGE('',*,*,#907,.F.);
#637=ORIENTED_EDGE('',*,*,#759,.F.);
#638=ORIENTED_EDGE('',*,*,#909,.T.);
#639=ORIENTED_EDGE('',*,*,#910,.T.);
#640=ORIENTED_EDGE('',*,*,#674,.F.);
#641=ORIENTED_EDGE('',*,*,#911,.T.);
#642=ORIENTED_EDGE('',*,*,#912,.T.);
#643=ORIENTED_EDGE('',*,*,#913,.T.);
#644=ORIENTED_EDGE('',*,*,#914,.T.);
#645=ORIENTED_EDGE('',*,*,#728,.T.);
#646=ORIENTED_EDGE('',*,*,#915,.T.);
#647=ORIENTED_EDGE('',*,*,#913,.F.);
#648=ORIENTED_EDGE('',*,*,#916,.T.);
#649=ORIENTED_EDGE('',*,*,#914,.F.);
#650=ORIENTED_EDGE('',*,*,#915,.F.);
#651=ORIENTED_EDGE('',*,*,#727,.F.);
#652=ORIENTED_EDGE('',*,*,#917,.F.);
#653=ORIENTED_EDGE('',*,*,#912,.F.);
#654=ORIENTED_EDGE('',*,*,#918,.F.);
#655=ORIENTED_EDGE('',*,*,#711,.F.);
#656=ORIENTED_EDGE('',*,*,#916,.F.);
#657=ORIENTED_EDGE('',*,*,#911,.F.);
#658=ORIENTED_EDGE('',*,*,#691,.F.);
#659=ORIENTED_EDGE('',*,*,#712,.F.);
#660=ORIENTED_EDGE('',*,*,#918,.T.);
#661=ORIENTED_EDGE('',*,*,#910,.F.);
#662=ORIENTED_EDGE('',*,*,#917,.T.);
#663=ORIENTED_EDGE('',*,*,#726,.F.);
#664=ORIENTED_EDGE('',*,*,#675,.F.);
#665=ORIENTED_EDGE('',*,*,#695,.T.);
#666=ORIENTED_EDGE('',*,*,#863,.F.);
#667=ORIENTED_EDGE('',*,*,#919,.F.);
#668=ORIENTED_EDGE('',*,*,#697,.T.);
#669=ORIENTED_EDGE('',*,*,#919,.T.);
#670=ORIENTED_EDGE('',*,*,#696,.T.);
#671=ORIENTED_EDGE('',*,*,#693,.F.);
#672=ORIENTED_EDGE('',*,*,#769,.F.);
#673=ORIENTED_EDGE('',*,*,#847,.F.);
#674=EDGE_CURVE('',#920,#921,#1101,.T.);
#675=EDGE_CURVE('',#921,#922,#1102,.T.);
#676=EDGE_CURVE('',#923,#922,#1103,.T.);
#677=EDGE_CURVE('',#924,#923,#1104,.T.);
#678=EDGE_CURVE('',#925,#924,#1105,.T.);
#679=EDGE_CURVE('',#925,#926,#1106,.T.);
#680=EDGE_CURVE('',#927,#926,#1107,.T.);
#681=EDGE_CURVE('',#927,#928,#1108,.F.);
#682=EDGE_CURVE('',#929,#928,#1109,.T.);
#683=EDGE_CURVE('',#929,#930,#70,.F.);
#684=EDGE_CURVE('',#931,#930,#1110,.T.);
#685=EDGE_CURVE('',#931,#932,#1111,.T.);
#686=EDGE_CURVE('',#932,#933,#1112,.T.);
#687=EDGE_CURVE('',#934,#933,#1113,.T.);
#688=EDGE_CURVE('',#935,#934,#1114,.T.);
#689=EDGE_CURVE('',#935,#936,#1115,.T.);
#690=EDGE_CURVE('',#937,#936,#1116,.T.);
#691=EDGE_CURVE('',#937,#920,#1117,.F.);
#692=EDGE_CURVE('',#938,#938,#71,.F.);
#693=EDGE_CURVE('',#939,#939,#68,.T.);
#694=EDGE_CURVE('',#940,#940,#72,.F.);
#695=EDGE_CURVE('',#941,#941,#73,.T.);
#696=EDGE_CURVE('',#942,#942,#74,.T.);
#697=EDGE_CURVE('',#943,#943,#75,.T.);
#698=EDGE_CURVE('',#944,#945,#1118,.T.);
#699=EDGE_CURVE('',#944,#946,#1119,.T.);
#700=EDGE_CURVE('',#947,#946,#1120,.T.);
#701=EDGE_CURVE('',#945,#947,#1121,.T.);
#702=EDGE_CURVE('',#948,#949,#76,.T.);
#703=EDGE_CURVE('',#948,#950,#1122,.T.);
#704=EDGE_CURVE('',#950,#951,#77,.F.);
#705=EDGE_CURVE('',#951,#949,#1123,.T.);
#706=EDGE_CURVE('',#952,#952,#78,.F.);
#707=EDGE_CURVE('',#953,#953,#79,.T.);
#708=EDGE_CURVE('',#954,#954,#80,.T.);
#709=EDGE_CURVE('',#955,#955,#81,.T.);
#710=EDGE_CURVE('',#956,#956,#82,.T.);
#711=EDGE_CURVE('',#957,#958,#83,.T.);
#712=EDGE_CURVE('',#958,#937,#84,.F.);
#713=EDGE_CURVE('',#936,#959,#85,.F.);
#714=EDGE_CURVE('',#960,#959,#1124,.T.);
#715=EDGE_CURVE('',#961,#960,#1125,.T.);
#716=EDGE_CURVE('',#961,#962,#86,.F.);
#717=EDGE_CURVE('',#962,#963,#1126,.T.);
#718=EDGE_CURVE('',#963,#964,#87,.F.);
#719=EDGE_CURVE('',#965,#964,#1127,.T.);
#720=EDGE_CURVE('',#965,#966,#88,.T.);
#721=EDGE_CURVE('',#966,#967,#89,.T.);
#722=EDGE_CURVE('',#968,#967,#1128,.T.);
#723=EDGE_CURVE('',#968,#969,#90,.T.);
#724=EDGE_CURVE('',#970,#969,#1129,.T.);
#725=EDGE_CURVE('',#970,#923,#91,.T.);
#726=EDGE_CURVE('',#922,#971,#92,.F.);
#727=EDGE_CURVE('',#971,#972,#93,.T.);
#728=EDGE_CURVE('',#957,#972,#1130,.T.);
#729=EDGE_CURVE('',#973,#974,#1131,.T.);
#730=EDGE_CURVE('',#975,#973,#1132,.T.);
#731=EDGE_CURVE('',#976,#975,#94,.F.);
#732=EDGE_CURVE('',#974,#976,#1133,.F.);
#733=EDGE_CURVE('',#966,#977,#1134,.F.);
#734=EDGE_CURVE('',#977,#978,#95,.T.);
#735=EDGE_CURVE('',#978,#967,#1135,.T.);
#736=EDGE_CURVE('',#979,#979,#96,.T.);
#737=EDGE_CURVE('',#980,#981,#1136,.T.);
#738=EDGE_CURVE('',#981,#982,#1137,.F.);
#739=EDGE_CURVE('',#983,#982,#1138,.T.);
#740=EDGE_CURVE('',#984,#983,#1139,.T.);
#741=EDGE_CURVE('',#984,#985,#1140,.T.);
#742=EDGE_CURVE('',#985,#980,#1141,.T.);
#743=EDGE_CURVE('',#986,#986,#97,.T.);
#744=EDGE_CURVE('',#987,#988,#1142,.T.);
#745=EDGE_CURVE('',#987,#965,#1143,.T.);
#746=EDGE_CURVE('',#964,#989,#1144,.F.);
#747=EDGE_CURVE('',#989,#990,#1145,.T.);
#748=EDGE_CURVE('',#990,#988,#1146,.T.);
#749=EDGE_CURVE('',#933,#988,#98,.T.);
#750=EDGE_CURVE('',#983,#932,#99,.T.);
#751=EDGE_CURVE('',#982,#991,#100,.T.);
#752=EDGE_CURVE('',#976,#991,#1147,.T.);
#753=EDGE_CURVE('',#978,#975,#1148,.T.);
#754=EDGE_CURVE('',#977,#987,#101,.T.);
#755=EDGE_CURVE('',#992,#993,#102,.T.);
#756=EDGE_CURVE('',#946,#993,#1149,.T.);
#757=EDGE_CURVE('',#994,#944,#103,.T.);
#758=EDGE_CURVE('',#995,#994,#1150,.T.);
#759=EDGE_CURVE('',#995,#996,#104,.T.);
#760=EDGE_CURVE('',#948,#996,#1151,.T.);
#761=EDGE_CURVE('',#997,#949,#105,.T.);
#762=EDGE_CURVE('',#997,#998,#1152,.T.);
#763=EDGE_CURVE('',#998,#999,#1153,.T.);
#764=EDGE_CURVE('',#999,#1000,#1154,.T.);
#765=EDGE_CURVE('',#1000,#1001,#1155,.T.);
#766=EDGE_CURVE('',#1001,#1002,#1156,.T.);
#767=EDGE_CURVE('',#1002,#1003,#1157,.T.);
#768=EDGE_CURVE('',#1003,#992,#1158,.T.);
#769=EDGE_CURVE('',#1004,#1004,#106,.F.);
#770=EDGE_CURVE('',#1005,#1005,#107,.F.);
#771=EDGE_CURVE('',#1006,#1006,#108,.F.);
#772=EDGE_CURVE('',#1007,#1007,#109,.T.);
#773=EDGE_CURVE('',#1008,#1008,#110,.T.);
#774=EDGE_CURVE('',#1009,#1009,#111,.T.);
#775=EDGE_CURVE('',#1010,#1010,#112,.T.);
#776=EDGE_CURVE('',#1011,#1011,#113,.T.);
#777=EDGE_CURVE('',#1012,#1013,#1159,.T.);
#778=EDGE_CURVE('',#1014,#1012,#114,.T.);
#779=EDGE_CURVE('',#1015,#1014,#1160,.T.);
#780=EDGE_CURVE('',#1013,#1015,#115,.T.);
#781=EDGE_CURVE('',#1016,#1017,#1161,.T.);
#782=EDGE_CURVE('',#1016,#961,#1162,.F.);
#783=EDGE_CURVE('',#1018,#960,#1163,.T.);
#784=EDGE_CURVE('',#1019,#1018,#1164,.T.);
#785=EDGE_CURVE('',#1017,#1019,#1165,.F.);
#786=EDGE_CURVE('',#1020,#1021,#1166,.T.);
#787=EDGE_CURVE('',#1022,#1020,#1167,.T.);
#788=EDGE_CURVE('',#1022,#1023,#1168,.T.);
#789=EDGE_CURVE('',#1021,#1023,#1169,.T.);
#790=EDGE_CURVE('',#1024,#1025,#1170,.T.);
#791=EDGE_CURVE('',#1025,#1026,#116,.T.);
#792=EDGE_CURVE('',#1027,#1026,#1171,.T.);
#793=EDGE_CURVE('',#1027,#981,#117,.T.);
#794=EDGE_CURVE('',#980,#1028,#118,.F.);
#795=EDGE_CURVE('',#1029,#1028,#1172,.T.);
#796=EDGE_CURVE('',#1029,#927,#119,.F.);
#797=EDGE_CURVE('',#926,#1024,#120,.T.);
#798=EDGE_CURVE('',#1030,#990,#121,.T.);
#799=EDGE_CURVE('',#1030,#1031,#1173,.T.);
#800=EDGE_CURVE('',#934,#1031,#122,.T.);
#801=EDGE_CURVE('',#962,#1032,#1174,.T.);
#802=EDGE_CURVE('',#1032,#1033,#1175,.T.);
#803=EDGE_CURVE('',#1033,#963,#1176,.T.);
#804=EDGE_CURVE('',#1034,#931,#123,.T.);
#805=EDGE_CURVE('',#1034,#1035,#1177,.F.);
#806=EDGE_CURVE('',#984,#1035,#124,.T.);
#807=EDGE_CURVE('',#1036,#999,#1178,.T.);
#808=EDGE_CURVE('',#1036,#1037,#1179,.T.);
#809=EDGE_CURVE('',#1037,#1000,#1180,.T.);
#810=EDGE_CURVE('',#1037,#1038,#1181,.T.);
#811=EDGE_CURVE('',#1038,#1001,#1182,.T.);
#812=EDGE_CURVE('',#1039,#1039,#125,.T.);
#813=EDGE_CURVE('',#1038,#1040,#1183,.T.);
#814=EDGE_CURVE('',#1040,#1002,#1184,.T.);
#815=EDGE_CURVE('',#1040,#1041,#1185,.T.);
#816=EDGE_CURVE('',#1041,#1003,#1186,.T.);
#817=EDGE_CURVE('',#1042,#1042,#126,.T.);
#818=EDGE_CURVE('',#1043,#1043,#127,.T.);
#819=EDGE_CURVE('',#1044,#1044,#128,.T.);
#820=EDGE_CURVE('',#1045,#1045,#129,.T.);
#821=EDGE_CURVE('',#1046,#1046,#130,.T.);
#822=EDGE_CURVE('',#1041,#1047,#1187,.T.);
#823=EDGE_CURVE('',#1047,#992,#1188,.T.);
#824=EDGE_CURVE('',#1048,#1048,#131,.T.);
#825=EDGE_CURVE('',#1049,#1049,#132,.T.);
#826=EDGE_CURVE('',#1050,#993,#1189,.T.);
#827=EDGE_CURVE('',#947,#1050,#1190,.T.);
#828=EDGE_CURVE('',#1051,#1051,#133,.T.);
#829=EDGE_CURVE('',#1052,#998,#1191,.T.);
#830=EDGE_CURVE('',#1052,#1036,#1192,.T.);
#831=EDGE_CURVE('',#1053,#951,#134,.F.);
#832=EDGE_CURVE('',#1053,#997,#1193,.T.);
#833=EDGE_CURVE('',#1053,#1052,#1194,.T.);
#834=EDGE_CURVE('',#1054,#1054,#135,.F.);
#835=EDGE_CURVE('',#1055,#1055,#136,.F.);
#836=EDGE_CURVE('',#1056,#1056,#137,.F.);
#837=EDGE_CURVE('',#1057,#1057,#138,.T.);
#838=EDGE_CURVE('',#1058,#1058,#139,.F.);
#839=EDGE_CURVE('',#1059,#1059,#140,.T.);
#840=EDGE_CURVE('',#1060,#1060,#141,.F.);
#841=EDGE_CURVE('',#1061,#1061,#142,.F.);
#842=EDGE_CURVE('',#1050,#1047,#143,.F.);
#843=EDGE_CURVE('',#950,#1062,#1195,.T.);
#844=EDGE_CURVE('',#1063,#1062,#144,.T.);
#845=EDGE_CURVE('',#1063,#1064,#1196,.T.);
#846=EDGE_CURVE('',#1064,#945,#145,.T.);
#847=EDGE_CURVE('',#1065,#1065,#146,.F.);
#848=EDGE_CURVE('',#1066,#1066,#147,.F.);
#849=EDGE_CURVE('',#1067,#1067,#148,.F.);
#850=EDGE_CURVE('',#1068,#1068,#149,.T.);
#851=EDGE_CURVE('',#1069,#1069,#150,.T.);
#852=EDGE_CURVE('',#1070,#1070,#151,.T.);
#853=EDGE_CURVE('',#1071,#1071,#152,.T.);
#854=EDGE_CURVE('',#1072,#1072,#153,.T.);
#855=EDGE_CURVE('',#1073,#1073,#154,.T.);
#856=EDGE_CURVE('',#1074,#1012,#1197,.T.);
#857=EDGE_CURVE('',#1075,#1013,#1198,.T.);
#858=EDGE_CURVE('',#1074,#1075,#1199,.T.);
#859=EDGE_CURVE('',#1076,#1014,#1200,.T.);
#860=EDGE_CURVE('',#1076,#1074,#155,.F.);
#861=EDGE_CURVE('',#1077,#1015,#1201,.T.);
#862=EDGE_CURVE('',#1075,#1077,#156,.F.);
#863=EDGE_CURVE('',#1078,#1078,#157,.T.);
#864=EDGE_CURVE('',#1077,#1076,#1202,.T.);
#865=EDGE_CURVE('',#1017,#1021,#158,.T.);
#866=EDGE_CURVE('',#1023,#1030,#159,.T.);
#867=EDGE_CURVE('',#989,#1033,#160,.F.);
#868=EDGE_CURVE('',#1032,#1016,#161,.F.);
#869=EDGE_CURVE('',#1079,#1080,#1203,.T.);
#870=EDGE_CURVE('',#1079,#1029,#1204,.T.);
#871=EDGE_CURVE('',#1028,#1081,#1205,.F.);
#872=EDGE_CURVE('',#1082,#1081,#1206,.T.);
#873=EDGE_CURVE('',#1080,#1082,#1207,.T.);
#874=EDGE_CURVE('',#1035,#1083,#162,.T.);
#875=EDGE_CURVE('',#1082,#1083,#1208,.T.);
#876=EDGE_CURVE('',#1081,#985,#163,.F.);
#877=EDGE_CURVE('',#1083,#1084,#1209,.F.);
#878=EDGE_CURVE('',#1080,#1084,#1210,.T.);
#879=EDGE_CURVE('',#930,#929,#1211,.T.);
#880=EDGE_CURVE('',#928,#1079,#164,.F.);
#881=EDGE_CURVE('',#1084,#1034,#165,.F.);
#882=EDGE_CURVE('',#959,#1085,#1212,.F.);
#883=EDGE_CURVE('',#1018,#1085,#1213,.T.);
#884=EDGE_CURVE('',#1020,#1019,#166,.F.);
#885=EDGE_CURVE('',#1085,#935,#167,.F.);
#886=EDGE_CURVE('',#1031,#1022,#168,.F.);
#887=EDGE_CURVE('',#1086,#973,#1214,.T.);
#888=EDGE_CURVE('',#1086,#968,#1215,.T.);
#889=EDGE_CURVE('',#1087,#1087,#169,.T.);
#890=EDGE_CURVE('',#1088,#1088,#69,.T.);
#891=EDGE_CURVE('',#1026,#1089,#1216,.F.);
#892=EDGE_CURVE('',#1089,#974,#1217,.T.);
#893=EDGE_CURVE('',#991,#1027,#1218,.T.);
#894=EDGE_CURVE('',#930,#929,#170,.F.);
#895=EDGE_CURVE('',#1090,#1090,#171,.T.);
#896=EDGE_CURVE('',#1091,#1091,#172,.T.);
#897=EDGE_CURVE('',#1092,#1025,#1219,.T.);
#898=EDGE_CURVE('',#1092,#1089,#173,.T.);
#899=EDGE_CURVE('',#1093,#1092,#1220,.T.);
#900=EDGE_CURVE('',#925,#1093,#174,.T.);
#901=EDGE_CURVE('',#1094,#924,#175,.T.);
#902=EDGE_CURVE('',#1094,#1095,#1221,.T.);
#903=EDGE_CURVE('',#1086,#1095,#176,.T.);
#904=EDGE_CURVE('',#1093,#1024,#1222,.T.);
#905=EDGE_CURVE('',#1094,#970,#1223,.T.);
#906=EDGE_CURVE('',#1095,#969,#1224,.T.);
#907=EDGE_CURVE('',#996,#1062,#1225,.T.);
#908=EDGE_CURVE('',#994,#1064,#1226,.T.);
#909=EDGE_CURVE('',#995,#1063,#1227,.T.);
#910=EDGE_CURVE('',#1096,#921,#177,.F.);
#911=EDGE_CURVE('',#920,#1097,#178,.F.);
#912=EDGE_CURVE('',#1097,#1098,#179,.T.);
#913=EDGE_CURVE('',#1098,#1099,#1228,.T.);
#914=EDGE_CURVE('',#1099,#1096,#180,.T.);
#915=EDGE_CURVE('',#972,#1099,#1229,.F.);
#916=EDGE_CURVE('',#1098,#957,#1230,.T.);
#917=EDGE_CURVE('',#1096,#971,#1231,.T.);
#918=EDGE_CURVE('',#958,#1097,#1232,.F.);
#919=EDGE_CURVE('',#1100,#1100,#181,.T.);
#920=VERTEX_POINT('',#2645);
#921=VERTEX_POINT('',#2646);
#922=VERTEX_POINT('',#2648);
#923=VERTEX_POINT('',#2650);
#924=VERTEX_POINT('',#2652);
#925=VERTEX_POINT('',#2654);
#926=VERTEX_POINT('',#2656);
#927=VERTEX_POINT('',#2658);
#928=VERTEX_POINT('',#2660);
#929=VERTEX_POINT('',#2662);
#930=VERTEX_POINT('',#2664);
#931=VERTEX_POINT('',#2666);
#932=VERTEX_POINT('',#2668);
#933=VERTEX_POINT('',#2670);
#934=VERTEX_POINT('',#2672);
#935=VERTEX_POINT('',#2674);
#936=VERTEX_POINT('',#2676);
#937=VERTEX_POINT('',#2678);
#938=VERTEX_POINT('',#2681);
#939=VERTEX_POINT('',#2683);
#940=VERTEX_POINT('',#2685);
#941=VERTEX_POINT('',#2688);
#942=VERTEX_POINT('',#2690);
#943=VERTEX_POINT('',#2692);
#944=VERTEX_POINT('',#2694);
#945=VERTEX_POINT('',#2695);
#946=VERTEX_POINT('',#2697);
#947=VERTEX_POINT('',#2699);
#948=VERTEX_POINT('',#2703);
#949=VERTEX_POINT('',#2704);
#950=VERTEX_POINT('',#2706);
#951=VERTEX_POINT('',#2708);
#952=VERTEX_POINT('',#2712);
#953=VERTEX_POINT('',#2714);
#954=VERTEX_POINT('',#2716);
#955=VERTEX_POINT('',#2718);
#956=VERTEX_POINT('',#2720);
#957=VERTEX_POINT('',#2722);
#958=VERTEX_POINT('',#2723);
#959=VERTEX_POINT('',#2726);
#960=VERTEX_POINT('',#2728);
#961=VERTEX_POINT('',#2730);
#962=VERTEX_POINT('',#2732);
#963=VERTEX_POINT('',#2734);
#964=VERTEX_POINT('',#2736);
#965=VERTEX_POINT('',#2738);
#966=VERTEX_POINT('',#2740);
#967=VERTEX_POINT('',#2742);
#968=VERTEX_POINT('',#2744);
#969=VERTEX_POINT('',#2746);
#970=VERTEX_POINT('',#2748);
#971=VERTEX_POINT('',#2751);
#972=VERTEX_POINT('',#2753);
#973=VERTEX_POINT('',#2757);
#974=VERTEX_POINT('',#2758);
#975=VERTEX_POINT('',#2760);
#976=VERTEX_POINT('',#2762);
#977=VERTEX_POINT('',#2766);
#978=VERTEX_POINT('',#2768);
#979=VERTEX_POINT('',#2772);
#980=VERTEX_POINT('',#2774);
#981=VERTEX_POINT('',#2775);
#982=VERTEX_POINT('',#2777);
#983=VERTEX_POINT('',#2779);
#984=VERTEX_POINT('',#2781);
#985=VERTEX_POINT('',#2783);
#986=VERTEX_POINT('',#2787);
#987=VERTEX_POINT('',#2789);
#988=VERTEX_POINT('',#2790);
#989=VERTEX_POINT('',#2793);
#990=VERTEX_POINT('',#2795);
#991=VERTEX_POINT('',#2801);
#992=VERTEX_POINT('',#2806);
#993=VERTEX_POINT('',#2807);
#994=VERTEX_POINT('',#2810);
#995=VERTEX_POINT('',#2812);
#996=VERTEX_POINT('',#2814);
#997=VERTEX_POINT('',#2817);
#998=VERTEX_POINT('',#2819);
#999=VERTEX_POINT('',#2821);
#1000=VERTEX_POINT('',#2823);
#1001=VERTEX_POINT('',#2825);
#1002=VERTEX_POINT('',#2827);
#1003=VERTEX_POINT('',#2829);
#1004=VERTEX_POINT('',#2832);
#1005=VERTEX_POINT('',#2834);
#1006=VERTEX_POINT('',#2836);
#1007=VERTEX_POINT('',#2838);
#1008=VERTEX_POINT('',#2840);
#1009=VERTEX_POINT('',#2842);
#1010=VERTEX_POINT('',#2844);
#1011=VERTEX_POINT('',#2846);
#1012=VERTEX_POINT('',#2848);
#1013=VERTEX_POINT('',#2849);
#1014=VERTEX_POINT('',#2851);
#1015=VERTEX_POINT('',#2853);
#1016=VERTEX_POINT('',#2857);
#1017=VERTEX_POINT('',#2858);
#1018=VERTEX_POINT('',#2861);
#1019=VERTEX_POINT('',#2863);
#1020=VERTEX_POINT('',#2867);
#1021=VERTEX_POINT('',#2868);
#1022=VERTEX_POINT('',#2870);
#1023=VERTEX_POINT('',#2872);
#1024=VERTEX_POINT('',#2876);
#1025=VERTEX_POINT('',#2877);
#1026=VERTEX_POINT('',#2879);
#1027=VERTEX_POINT('',#2881);
#1028=VERTEX_POINT('',#2884);
#1029=VERTEX_POINT('',#2886);
#1030=VERTEX_POINT('',#2891);
#1031=VERTEX_POINT('',#2893);
#1032=VERTEX_POINT('',#2897);
#1033=VERTEX_POINT('',#2899);
#1034=VERTEX_POINT('',#2903);
#1035=VERTEX_POINT('',#2905);
#1036=VERTEX_POINT('',#2909);
#1037=VERTEX_POINT('',#2911);
#1038=VERTEX_POINT('',#2915);
#1039=VERTEX_POINT('',#2919);
#1040=VERTEX_POINT('',#2921);
#1041=VERTEX_POINT('',#2925);
#1042=VERTEX_POINT('',#2929);
#1043=VERTEX_POINT('',#2931);
#1044=VERTEX_POINT('',#2933);
#1045=VERTEX_POINT('',#2935);
#1046=VERTEX_POINT('',#2937);
#1047=VERTEX_POINT('',#2939);
#1048=VERTEX_POINT('',#2943);
#1049=VERTEX_POINT('',#2945);
#1050=VERTEX_POINT('',#2947);
#1051=VERTEX_POINT('',#2950);
#1052=VERTEX_POINT('',#2953);
#1053=VERTEX_POINT('',#2957);
#1054=VERTEX_POINT('',#2963);
#1055=VERTEX_POINT('',#2966);
#1056=VERTEX_POINT('',#2969);
#1057=VERTEX_POINT('',#2971);
#1058=VERTEX_POINT('',#2974);
#1059=VERTEX_POINT('',#2976);
#1060=VERTEX_POINT('',#2979);
#1061=VERTEX_POINT('',#2982);
#1062=VERTEX_POINT('',#2986);
#1063=VERTEX_POINT('',#2988);
#1064=VERTEX_POINT('',#2990);
#1065=VERTEX_POINT('',#2993);
#1066=VERTEX_POINT('',#2995);
#1067=VERTEX_POINT('',#2997);
#1068=VERTEX_POINT('',#2999);
#1069=VERTEX_POINT('',#3001);
#1070=VERTEX_POINT('',#3003);
#1071=VERTEX_POINT('',#3005);
#1072=VERTEX_POINT('',#3007);
#1073=VERTEX_POINT('',#3009);
#1074=VERTEX_POINT('',#3012);
#1075=VERTEX_POINT('',#3014);
#1076=VERTEX_POINT('',#3018);
#1077=VERTEX_POINT('',#3022);
#1078=VERTEX_POINT('',#3026);
#1079=VERTEX_POINT('',#3036);
#1080=VERTEX_POINT('',#3037);
#1081=VERTEX_POINT('',#3040);
#1082=VERTEX_POINT('',#3042);
#1083=VERTEX_POINT('',#3046);
#1084=VERTEX_POINT('',#3051);
#1085=VERTEX_POINT('',#3063);
#1086=VERTEX_POINT('',#3079);
#1087=VERTEX_POINT('',#3082);
#1088=VERTEX_POINT('',#3085);
#1089=VERTEX_POINT('',#3087);
#1090=VERTEX_POINT('',#3103);
#1091=VERTEX_POINT('',#3109);
#1092=VERTEX_POINT('',#3115);
#1093=VERTEX_POINT('',#3119);
#1094=VERTEX_POINT('',#3122);
#1095=VERTEX_POINT('',#3124);
#1096=VERTEX_POINT('',#3144);
#1097=VERTEX_POINT('',#3146);
#1098=VERTEX_POINT('',#3148);
#1099=VERTEX_POINT('',#3150);
#1100=VERTEX_POINT('',#3164);
#1101=LINE('',#2644,#1233);
#1102=LINE('',#2647,#1234);
#1103=LINE('',#2649,#1235);
#1104=LINE('',#2651,#1236);
#1105=LINE('',#2653,#1237);
#1106=LINE('',#2655,#1238);
#1107=LINE('',#2657,#1239);
#1108=LINE('',#2659,#1240);
#1109=LINE('',#2661,#1241);
#1110=LINE('',#2665,#1242);
#1111=LINE('',#2667,#1243);
#1112=LINE('',#2669,#1244);
#1113=LINE('',#2671,#1245);
#1114=LINE('',#2673,#1246);
#1115=LINE('',#2675,#1247);
#1116=LINE('',#2677,#1248);
#1117=LINE('',#2679,#1249);
#1118=LINE('',#2693,#1250);
#1119=LINE('',#2696,#1251);
#1120=LINE('',#2698,#1252);
#1121=LINE('',#2700,#1253);
#1122=LINE('',#2705,#1254);
#1123=LINE('',#2709,#1255);
#1124=LINE('',#2727,#1256);
#1125=LINE('',#2729,#1257);
#1126=LINE('',#2733,#1258);
#1127=LINE('',#2737,#1259);
#1128=LINE('',#2743,#1260);
#1129=LINE('',#2747,#1261);
#1130=LINE('',#2754,#1262);
#1131=LINE('',#2756,#1263);
#1132=LINE('',#2759,#1264);
#1133=LINE('',#2763,#1265);
#1134=LINE('',#2765,#1266);
#1135=LINE('',#2769,#1267);
#1136=LINE('',#2773,#1268);
#1137=LINE('',#2776,#1269);
#1138=LINE('',#2778,#1270);
#1139=LINE('',#2780,#1271);
#1140=LINE('',#2782,#1272);
#1141=LINE('',#2784,#1273);
#1142=LINE('',#2788,#1274);
#1143=LINE('',#2791,#1275);
#1144=LINE('',#2792,#1276);
#1145=LINE('',#2794,#1277);
#1146=LINE('',#2796,#1278);
#1147=LINE('',#2802,#1279);
#1148=LINE('',#2803,#1280);
#1149=LINE('',#2808,#1281);
#1150=LINE('',#2811,#1282);
#1151=LINE('',#2815,#1283);
#1152=LINE('',#2818,#1284);
#1153=LINE('',#2820,#1285);
#1154=LINE('',#2822,#1286);
#1155=LINE('',#2824,#1287);
#1156=LINE('',#2826,#1288);
#1157=LINE('',#2828,#1289);
#1158=LINE('',#2830,#1290);
#1159=LINE('',#2847,#1291);
#1160=LINE('',#2852,#1292);
#1161=LINE('',#2856,#1293);
#1162=LINE('',#2859,#1294);
#1163=LINE('',#2860,#1295);
#1164=LINE('',#2862,#1296);
#1165=LINE('',#2864,#1297);
#1166=LINE('',#2866,#1298);
#1167=LINE('',#2869,#1299);
#1168=LINE('',#2871,#1300);
#1169=LINE('',#2873,#1301);
#1170=LINE('',#2875,#1302);
#1171=LINE('',#2880,#1303);
#1172=LINE('',#2885,#1304);
#1173=LINE('',#2892,#1305);
#1174=LINE('',#2896,#1306);
#1175=LINE('',#2898,#1307);
#1176=LINE('',#2900,#1308);
#1177=LINE('',#2904,#1309);
#1178=LINE('',#2908,#1310);
#1179=LINE('',#2910,#1311);
#1180=LINE('',#2912,#1312);
#1181=LINE('',#2914,#1313);
#1182=LINE('',#2916,#1314);
#1183=LINE('',#2920,#1315);
#1184=LINE('',#2922,#1316);
#1185=LINE('',#2924,#1317);
#1186=LINE('',#2926,#1318);
#1187=LINE('',#2938,#1319);
#1188=LINE('',#2940,#1320);
#1189=LINE('',#2946,#1321);
#1190=LINE('',#2948,#1322);
#1191=LINE('',#2952,#1323);
#1192=LINE('',#2954,#1324);
#1193=LINE('',#2958,#1325);
#1194=LINE('',#2960,#1326);
#1195=LINE('',#2985,#1327);
#1196=LINE('',#2989,#1328);
#1197=LINE('',#3011,#1329);
#1198=LINE('',#3013,#1330);
#1199=LINE('',#3015,#1331);
#1200=LINE('',#3017,#1332);
#1201=LINE('',#3021,#1333);
#1202=LINE('',#3027,#1334);
#1203=LINE('',#3035,#1335);
#1204=LINE('',#3038,#1336);
#1205=LINE('',#3039,#1337);
#1206=LINE('',#3041,#1338);
#1207=LINE('',#3043,#1339);
#1208=LINE('',#3047,#1340);
#1209=LINE('',#3050,#1341);
#1210=LINE('',#3052,#1342);
#1211=LINE('',#3054,#1343);
#1212=LINE('',#3062,#1344);
#1213=LINE('',#3064,#1345);
#1214=LINE('',#3078,#1346);
#1215=LINE('',#3080,#1347);
#1216=LINE('',#3086,#1348);
#1217=LINE('',#3088,#1349);
#1218=LINE('',#3089,#1350);
#1219=LINE('',#3114,#1351);
#1220=LINE('',#3118,#1352);
#1221=LINE('',#3123,#1353);
#1222=LINE('',#3127,#1354);
#1223=LINE('',#3130,#1355);
#1224=LINE('',#3132,#1356);
#1225=LINE('',#3136,#1357);
#1226=LINE('',#3138,#1358);
#1227=LINE('',#3140,#1359);
#1228=LINE('',#3149,#1360);
#1229=LINE('',#3153,#1361);
#1230=LINE('',#3154,#1362);
#1231=LINE('',#3156,#1363);
#1232=LINE('',#3158,#1364);
#1233=VECTOR('',#2088,1.);
#1234=VECTOR('',#2089,1.);
#1235=VECTOR('',#2090,1.);
#1236=VECTOR('',#2091,1.);
#1237=VECTOR('',#2092,1.);
#1238=VECTOR('',#2093,1.);
#1239=VECTOR('',#2094,1.);
#1240=VECTOR('',#2095,1.);
#1241=VECTOR('',#2096,1.);
#1242=VECTOR('',#2099,1.);
#1243=VECTOR('',#2100,1.);
#1244=VECTOR('',#2101,1.);
#1245=VECTOR('',#2102,1.);
#1246=VECTOR('',#2103,1.);
#1247=VECTOR('',#2104,1.);
#1248=VECTOR('',#2105,1.);
#1249=VECTOR('',#2106,1.);
#1250=VECTOR('',#2121,1.);
#1251=VECTOR('',#2122,1.);
#1252=VECTOR('',#2123,1.);
#1253=VECTOR('',#2124,1.);
#1254=VECTOR('',#2129,1.);
#1255=VECTOR('',#2132,1.);
#1256=VECTOR('',#2151,1.);
#1257=VECTOR('',#2152,1.);
#1258=VECTOR('',#2155,1.);
#1259=VECTOR('',#2158,1.);
#1260=VECTOR('',#2163,1.);
#1261=VECTOR('',#2166,1.);
#1262=VECTOR('',#2173,1.);
#1263=VECTOR('',#2176,1.);
#1264=VECTOR('',#2177,1.);
#1265=VECTOR('',#2180,1.);
#1266=VECTOR('',#2183,1.);
#1267=VECTOR('',#2186,1.);
#1268=VECTOR('',#2191,1.);
#1269=VECTOR('',#2192,1.);
#1270=VECTOR('',#2193,1.);
#1271=VECTOR('',#2194,1.);
#1272=VECTOR('',#2195,1.);
#1273=VECTOR('',#2196,1.);
#1274=VECTOR('',#2201,1.);
#1275=VECTOR('',#2202,1.);
#1276=VECTOR('',#2203,1.);
#1277=VECTOR('',#2204,1.);
#1278=VECTOR('',#2205,1.);
#1279=VECTOR('',#2214,1.);
#1280=VECTOR('',#2215,1.);
#1281=VECTOR('',#2220,1.);
#1282=VECTOR('',#2223,1.);
#1283=VECTOR('',#2226,1.);
#1284=VECTOR('',#2229,1.);
#1285=VECTOR('',#2230,1.);
#1286=VECTOR('',#2231,1.);
#1287=VECTOR('',#2232,1.);
#1288=VECTOR('',#2233,1.);
#1289=VECTOR('',#2234,1.);
#1290=VECTOR('',#2235,1.);
#1291=VECTOR('',#2252,1.);
#1292=VECTOR('',#2255,1.);
#1293=VECTOR('',#2260,1.);
#1294=VECTOR('',#2261,1.);
#1295=VECTOR('',#2262,1.);
#1296=VECTOR('',#2263,1.);
#1297=VECTOR('',#2264,1.);
#1298=VECTOR('',#2267,1.);
#1299=VECTOR('',#2268,1.);
#1300=VECTOR('',#2269,1.);
#1301=VECTOR('',#2270,1.);
#1302=VECTOR('',#2273,1.);
#1303=VECTOR('',#2276,1.);
#1304=VECTOR('',#2281,1.);
#1305=VECTOR('',#2290,1.);
#1306=VECTOR('',#2295,1.);
#1307=VECTOR('',#2296,1.);
#1308=VECTOR('',#2297,1.);
#1309=VECTOR('',#2302,1.);
#1310=VECTOR('',#2307,1.);
#1311=VECTOR('',#2308,1.);
#1312=VECTOR('',#2309,1.);
#1313=VECTOR('',#2312,1.);
#1314=VECTOR('',#2313,1.);
#1315=VECTOR('',#2318,1.);
#1316=VECTOR('',#2319,1.);
#1317=VECTOR('',#2322,1.);
#1318=VECTOR('',#2323,1.);
#1319=VECTOR('',#2336,1.);
#1320=VECTOR('',#2337,1.);
#1321=VECTOR('',#2344,1.);
#1322=VECTOR('',#2345,1.);
#1323=VECTOR('',#2350,1.);
#1324=VECTOR('',#2351,1.);
#1325=VECTOR('',#2356,1.);
#1326=VECTOR('',#2359,1.);
#1327=VECTOR('',#2392,1.);
#1328=VECTOR('',#2395,1.);
#1329=VECTOR('',#2418,1.);
#1330=VECTOR('',#2419,1.);
#1331=VECTOR('',#2420,1.);
#1332=VECTOR('',#2423,1.);
#1333=VECTOR('',#2428,1.);
#1334=VECTOR('',#2435,1.);
#1335=VECTOR('',#2450,1.);
#1336=VECTOR('',#2451,1.);
#1337=VECTOR('',#2452,1.);
#1338=VECTOR('',#2453,1.);
#1339=VECTOR('',#2454,1.);
#1340=VECTOR('',#2459,1.);
#1341=VECTOR('',#2464,1.);
#1342=VECTOR('',#2465,1.);
#1343=VECTOR('',#2468,1.);
#1344=VECTOR('',#2483,1.);
#1345=VECTOR('',#2484,1.);
#1346=VECTOR('',#2511,1.);
#1347=VECTOR('',#2512,1.);
#1348=VECTOR('',#2519,1.);
#1349=VECTOR('',#2520,1.);
#1350=VECTOR('',#2521,1.);
#1351=VECTOR('',#2566,1.);
#1352=VECTOR('',#2571,1.);
#1353=VECTOR('',#2576,1.);
#1354=VECTOR('',#2581,1.);
#1355=VECTOR('',#2586,1.);
#1356=VECTOR('',#2589,1.);
#1357=VECTOR('',#2596,1.);
#1358=VECTOR('',#2599,1.);
#1359=VECTOR('',#2602,1.);
#1360=VECTOR('',#2613,1.);
#1361=VECTOR('',#2618,1.);
#1362=VECTOR('',#2619,1.);
#1363=VECTOR('',#2622,1.);
#1364=VECTOR('',#2625,1.);
#1365=EDGE_LOOP('',(#182,#183,#184,#185,#186,#187,#188,#189,#190,#191,#192,
#193,#194,#195,#196,#197,#198,#199));
#1366=EDGE_LOOP('',(#200));
#1367=EDGE_LOOP('',(#201));
#1368=EDGE_LOOP('',(#202));
#1369=EDGE_LOOP('',(#203));
#1370=EDGE_LOOP('',(#204));
#1371=EDGE_LOOP('',(#205));
#1372=EDGE_LOOP('',(#206,#207,#208,#209));
#1373=EDGE_LOOP('',(#210,#211,#212,#213));
#1374=EDGE_LOOP('',(#214));
#1375=EDGE_LOOP('',(#215));
#1376=EDGE_LOOP('',(#216));
#1377=EDGE_LOOP('',(#217));
#1378=EDGE_LOOP('',(#218));
#1379=EDGE_LOOP('',(#219,#220,#221,#222,#223,#224,#225,#226,#227,#228,#229,
#230,#231,#232,#233,#234,#235,#236,#237,#238));
#1380=EDGE_LOOP('',(#239,#240,#241,#242));
#1381=EDGE_LOOP('',(#243,#244,#245,#246));
#1382=EDGE_LOOP('',(#247));
#1383=EDGE_LOOP('',(#248,#249,#250,#251,#252,#253));
#1384=EDGE_LOOP('',(#254));
#1385=EDGE_LOOP('',(#255,#256,#257,#258,#259,#260));
#1386=EDGE_LOOP('',(#261,#262,#263,#264,#265,#266,#267,#268,#269,#270,#271));
#1387=EDGE_LOOP('',(#272,#273,#274,#275,#276,#277,#278,#279,#280,#281,#282,
#283,#284,#285,#286,#287));
#1388=EDGE_LOOP('',(#288));
#1389=EDGE_LOOP('',(#289));
#1390=EDGE_LOOP('',(#290));
#1391=EDGE_LOOP('',(#291));
#1392=EDGE_LOOP('',(#292));
#1393=EDGE_LOOP('',(#293));
#1394=EDGE_LOOP('',(#294));
#1395=EDGE_LOOP('',(#295));
#1396=EDGE_LOOP('',(#296,#297,#298,#299));
#1397=EDGE_LOOP('',(#300,#301,#302,#303,#304,#305));
#1398=EDGE_LOOP('',(#306,#307,#308,#309));
#1399=EDGE_LOOP('',(#310,#311,#312,#313,#314,#315,#316,#317,#318,#319));
#1400=EDGE_LOOP('',(#320,#321,#322,#323,#324,#325));
#1401=EDGE_LOOP('',(#326,#327,#328,#329));
#1402=EDGE_LOOP('',(#330,#331,#332,#333,#334,#335));
#1403=EDGE_LOOP('',(#336,#337,#338,#339));
#1404=EDGE_LOOP('',(#340,#341,#342,#343));
#1405=EDGE_LOOP('',(#344));
#1406=EDGE_LOOP('',(#345,#346,#347,#348));
#1407=EDGE_LOOP('',(#349,#350,#351,#352));
#1408=EDGE_LOOP('',(#353));
#1409=EDGE_LOOP('',(#354));
#1410=EDGE_LOOP('',(#355));
#1411=EDGE_LOOP('',(#356));
#1412=EDGE_LOOP('',(#357));
#1413=EDGE_LOOP('',(#358,#359,#360,#361));
#1414=EDGE_LOOP('',(#362));
#1415=EDGE_LOOP('',(#363));
#1416=EDGE_LOOP('',(#364,#365,#366,#367));
#1417=EDGE_LOOP('',(#368));
#1418=EDGE_LOOP('',(#369,#370,#371,#372));
#1419=EDGE_LOOP('',(#373,#374,#375,#376));
#1420=EDGE_LOOP('',(#377,#378,#379,#380));
#1421=EDGE_LOOP('',(#381));
#1422=EDGE_LOOP('',(#382));
#1423=EDGE_LOOP('',(#383));
#1424=EDGE_LOOP('',(#384));
#1425=EDGE_LOOP('',(#385));
#1426=EDGE_LOOP('',(#386));
#1427=EDGE_LOOP('',(#387));
#1428=EDGE_LOOP('',(#388));
#1429=EDGE_LOOP('',(#389));
#1430=EDGE_LOOP('',(#390));
#1431=EDGE_LOOP('',(#391));
#1432=EDGE_LOOP('',(#392));
#1433=EDGE_LOOP('',(#393,#394,#395,#396,#397,#398,#399,#400,#401,#402,#403,
#404,#405,#406,#407,#408));
#1434=EDGE_LOOP('',(#409));
#1435=EDGE_LOOP('',(#410));
#1436=EDGE_LOOP('',(#411));
#1437=EDGE_LOOP('',(#412));
#1438=EDGE_LOOP('',(#413));
#1439=EDGE_LOOP('',(#414));
#1440=EDGE_LOOP('',(#415));
#1441=EDGE_LOOP('',(#416));
#1442=EDGE_LOOP('',(#417));
#1443=EDGE_LOOP('',(#418));
#1444=EDGE_LOOP('',(#419));
#1445=EDGE_LOOP('',(#420));
#1446=EDGE_LOOP('',(#421));
#1447=EDGE_LOOP('',(#422));
#1448=EDGE_LOOP('',(#423));
#1449=EDGE_LOOP('',(#424,#425,#426,#427));
#1450=EDGE_LOOP('',(#428,#429,#430,#431));
#1451=EDGE_LOOP('',(#432,#433,#434,#435));
#1452=EDGE_LOOP('',(#436));
#1453=EDGE_LOOP('',(#437,#438,#439,#440));
#1454=EDGE_LOOP('',(#441,#442,#443,#444));
#1455=EDGE_LOOP('',(#445));
#1456=EDGE_LOOP('',(#446,#447,#448,#449,#450,#451,#452,#453,#454));
#1457=EDGE_LOOP('',(#455,#456,#457,#458,#459,#460));
#1458=EDGE_LOOP('',(#461,#462,#463,#464,#465,#466));
#1459=EDGE_LOOP('',(#467));
#1460=EDGE_LOOP('',(#468,#469,#470,#471));
#1461=EDGE_LOOP('',(#472,#473,#474,#475,#476,#477,#478,#479));
#1462=EDGE_LOOP('',(#480,#481,#482,#483));
#1463=EDGE_LOOP('',(#484,#485,#486,#487));
#1464=EDGE_LOOP('',(#488,#489,#490,#491));
#1465=EDGE_LOOP('',(#492,#493,#494,#495));
#1466=EDGE_LOOP('',(#496,#497,#498,#499));
#1467=EDGE_LOOP('',(#500,#501,#502,#503,#504,#505,#506,#507));
#1468=EDGE_LOOP('',(#508,#509,#510,#511));
#1469=EDGE_LOOP('',(#512,#513,#514,#515));
#1470=EDGE_LOOP('',(#516,#517,#518,#519));
#1471=EDGE_LOOP('',(#520,#521,#522,#523));
#1472=EDGE_LOOP('',(#524));
#1473=EDGE_LOOP('',(#525));
#1474=EDGE_LOOP('',(#526));
#1475=EDGE_LOOP('',(#527));
#1476=EDGE_LOOP('',(#528));
#1477=EDGE_LOOP('',(#529));
#1478=EDGE_LOOP('',(#530));
#1479=EDGE_LOOP('',(#531));
#1480=EDGE_LOOP('',(#532,#533,#534,#535,#536,#537));
#1481=EDGE_LOOP('',(#538));
#1482=EDGE_LOOP('',(#539));
#1483=EDGE_LOOP('',(#540,#541,#542,#543,#544,#545));
#1484=EDGE_LOOP('',(#546,#547,#548,#549));
#1485=EDGE_LOOP('',(#550,#551,#552,#553));
#1486=EDGE_LOOP('',(#554,#555));
#1487=EDGE_LOOP('',(#556));
#1488=EDGE_LOOP('',(#557,#558));
#1489=EDGE_LOOP('',(#559));
#1490=EDGE_LOOP('',(#560));
#1491=EDGE_LOOP('',(#561));
#1492=EDGE_LOOP('',(#562));
#1493=EDGE_LOOP('',(#563));
#1494=EDGE_LOOP('',(#564));
#1495=EDGE_LOOP('',(#565));
#1496=EDGE_LOOP('',(#566));
#1497=EDGE_LOOP('',(#567));
#1498=EDGE_LOOP('',(#568));
#1499=EDGE_LOOP('',(#569));
#1500=EDGE_LOOP('',(#570));
#1501=EDGE_LOOP('',(#571));
#1502=EDGE_LOOP('',(#572));
#1503=EDGE_LOOP('',(#573));
#1504=EDGE_LOOP('',(#574));
#1505=EDGE_LOOP('',(#575));
#1506=EDGE_LOOP('',(#576));
#1507=EDGE_LOOP('',(#577));
#1508=EDGE_LOOP('',(#578));
#1509=EDGE_LOOP('',(#579));
#1510=EDGE_LOOP('',(#580));
#1511=EDGE_LOOP('',(#581));
#1512=EDGE_LOOP('',(#582));
#1513=EDGE_LOOP('',(#583));
#1514=EDGE_LOOP('',(#584));
#1515=EDGE_LOOP('',(#585,#586,#587,#588));
#1516=EDGE_LOOP('',(#589,#590,#591,#592,#593,#594,#595,#596,#597,#598));
#1517=EDGE_LOOP('',(#599,#600,#601,#602));
#1518=EDGE_LOOP('',(#603,#604,#605,#606));
#1519=EDGE_LOOP('',(#607,#608,#609,#610));
#1520=EDGE_LOOP('',(#611,#612,#613,#614));
#1521=EDGE_LOOP('',(#615,#616,#617,#618));
#1522=EDGE_LOOP('',(#619,#620,#621,#622));
#1523=EDGE_LOOP('',(#623,#624,#625,#626));
#1524=EDGE_LOOP('',(#627,#628,#629,#630));
#1525=EDGE_LOOP('',(#631,#632,#633,#634));
#1526=EDGE_LOOP('',(#635,#636,#637,#638));
#1527=EDGE_LOOP('',(#639,#640,#641,#642,#643,#644));
#1528=EDGE_LOOP('',(#645,#646,#647,#648));
#1529=EDGE_LOOP('',(#649,#650,#651,#652));
#1530=EDGE_LOOP('',(#653,#654,#655,#656));
#1531=EDGE_LOOP('',(#657,#658,#659,#660));
#1532=EDGE_LOOP('',(#661,#662,#663,#664));
#1533=EDGE_LOOP('',(#665));
#1534=EDGE_LOOP('',(#666));
#1535=EDGE_LOOP('',(#667));
#1536=EDGE_LOOP('',(#668));
#1537=EDGE_LOOP('',(#669));
#1538=EDGE_LOOP('',(#670));
#1539=EDGE_LOOP('',(#671));
#1540=EDGE_LOOP('',(#672));
#1541=EDGE_LOOP('',(#673));
#1542=FACE_BOUND('',#1365,.T.);
#1543=FACE_BOUND('',#1366,.T.);
#1544=FACE_BOUND('',#1367,.T.);
#1545=FACE_BOUND('',#1368,.T.);
#1546=FACE_BOUND('',#1369,.T.);
#1547=FACE_BOUND('',#1370,.T.);
#1548=FACE_BOUND('',#1371,.T.);
#1549=FACE_BOUND('',#1372,.T.);
#1550=FACE_BOUND('',#1373,.T.);
#1551=FACE_BOUND('',#1374,.T.);
#1552=FACE_BOUND('',#1375,.T.);
#1553=FACE_BOUND('',#1376,.T.);
#1554=FACE_BOUND('',#1377,.T.);
#1555=FACE_BOUND('',#1378,.T.);
#1556=FACE_BOUND('',#1379,.T.);
#1557=FACE_BOUND('',#1380,.T.);
#1558=FACE_BOUND('',#1381,.T.);
#1559=FACE_BOUND('',#1382,.T.);
#1560=FACE_BOUND('',#1383,.T.);
#1561=FACE_BOUND('',#1384,.T.);
#1562=FACE_BOUND('',#1385,.T.);
#1563=FACE_BOUND('',#1386,.T.);
#1564=FACE_BOUND('',#1387,.T.);
#1565=FACE_BOUND('',#1388,.T.);
#1566=FACE_BOUND('',#1389,.T.);
#1567=FACE_BOUND('',#1390,.T.);
#1568=FACE_BOUND('',#1391,.T.);
#1569=FACE_BOUND('',#1392,.T.);
#1570=FACE_BOUND('',#1393,.T.);
#1571=FACE_BOUND('',#1394,.T.);
#1572=FACE_BOUND('',#1395,.T.);
#1573=FACE_BOUND('',#1396,.T.);
#1574=FACE_BOUND('',#1397,.T.);
#1575=FACE_BOUND('',#1398,.T.);
#1576=FACE_BOUND('',#1399,.T.);
#1577=FACE_BOUND('',#1400,.T.);
#1578=FACE_BOUND('',#1401,.T.);
#1579=FACE_BOUND('',#1402,.T.);
#1580=FACE_BOUND('',#1403,.T.);
#1581=FACE_BOUND('',#1404,.T.);
#1582=FACE_BOUND('',#1405,.T.);
#1583=FACE_BOUND('',#1406,.T.);
#1584=FACE_BOUND('',#1407,.T.);
#1585=FACE_BOUND('',#1408,.T.);
#1586=FACE_BOUND('',#1409,.T.);
#1587=FACE_BOUND('',#1410,.T.);
#1588=FACE_BOUND('',#1411,.T.);
#1589=FACE_BOUND('',#1412,.T.);
#1590=FACE_BOUND('',#1413,.T.);
#1591=FACE_BOUND('',#1414,.T.);
#1592=FACE_BOUND('',#1415,.T.);
#1593=FACE_BOUND('',#1416,.T.);
#1594=FACE_BOUND('',#1417,.T.);
#1595=FACE_BOUND('',#1418,.T.);
#1596=FACE_BOUND('',#1419,.T.);
#1597=FACE_BOUND('',#1420,.T.);
#1598=FACE_BOUND('',#1421,.T.);
#1599=FACE_BOUND('',#1422,.T.);
#1600=FACE_BOUND('',#1423,.T.);
#1601=FACE_BOUND('',#1424,.T.);
#1602=FACE_BOUND('',#1425,.T.);
#1603=FACE_BOUND('',#1426,.T.);
#1604=FACE_BOUND('',#1427,.T.);
#1605=FACE_BOUND('',#1428,.T.);
#1606=FACE_BOUND('',#1429,.T.);
#1607=FACE_BOUND('',#1430,.T.);
#1608=FACE_BOUND('',#1431,.T.);
#1609=FACE_BOUND('',#1432,.T.);
#1610=FACE_BOUND('',#1433,.T.);
#1611=FACE_BOUND('',#1434,.T.);
#1612=FACE_BOUND('',#1435,.T.);
#1613=FACE_BOUND('',#1436,.T.);
#1614=FACE_BOUND('',#1437,.T.);
#1615=FACE_BOUND('',#1438,.T.);
#1616=FACE_BOUND('',#1439,.T.);
#1617=FACE_BOUND('',#1440,.T.);
#1618=FACE_BOUND('',#1441,.T.);
#1619=FACE_BOUND('',#1442,.T.);
#1620=FACE_BOUND('',#1443,.T.);
#1621=FACE_BOUND('',#1444,.T.);
#1622=FACE_BOUND('',#1445,.T.);
#1623=FACE_BOUND('',#1446,.T.);
#1624=FACE_BOUND('',#1447,.T.);
#1625=FACE_BOUND('',#1448,.T.);
#1626=FACE_BOUND('',#1449,.T.);
#1627=FACE_BOUND('',#1450,.T.);
#1628=FACE_BOUND('',#1451,.T.);
#1629=FACE_BOUND('',#1452,.T.);
#1630=FACE_BOUND('',#1453,.T.);
#1631=FACE_BOUND('',#1454,.T.);
#1632=FACE_BOUND('',#1455,.T.);
#1633=FACE_BOUND('',#1456,.T.);
#1634=FACE_BOUND('',#1457,.T.);
#1635=FACE_BOUND('',#1458,.T.);
#1636=FACE_BOUND('',#1459,.T.);
#1637=FACE_BOUND('',#1460,.T.);
#1638=FACE_BOUND('',#1461,.T.);
#1639=FACE_BOUND('',#1462,.T.);
#1640=FACE_BOUND('',#1463,.T.);
#1641=FACE_BOUND('',#1464,.T.);
#1642=FACE_BOUND('',#1465,.T.);
#1643=FACE_BOUND('',#1466,.T.);
#1644=FACE_BOUND('',#1467,.T.);
#1645=FACE_BOUND('',#1468,.T.);
#1646=FACE_BOUND('',#1469,.T.);
#1647=FACE_BOUND('',#1470,.T.);
#1648=FACE_BOUND('',#1471,.T.);
#1649=FACE_BOUND('',#1472,.T.);
#1650=FACE_BOUND('',#1473,.T.);
#1651=FACE_BOUND('',#1474,.T.);
#1652=FACE_BOUND('',#1475,.T.);
#1653=FACE_BOUND('',#1476,.T.);
#1654=FACE_BOUND('',#1477,.T.);
#1655=FACE_BOUND('',#1478,.T.);
#1656=FACE_BOUND('',#1479,.T.);
#1657=FACE_BOUND('',#1480,.T.);
#1658=FACE_BOUND('',#1481,.T.);
#1659=FACE_BOUND('',#1482,.T.);
#1660=FACE_BOUND('',#1483,.T.);
#1661=FACE_BOUND('',#1484,.T.);
#1662=FACE_BOUND('',#1485,.T.);
#1663=FACE_BOUND('',#1486,.T.);
#1664=FACE_BOUND('',#1487,.T.);
#1665=FACE_BOUND('',#1488,.T.);
#1666=FACE_BOUND('',#1489,.T.);
#1667=FACE_BOUND('',#1490,.T.);
#1668=FACE_BOUND('',#1491,.T.);
#1669=FACE_BOUND('',#1492,.T.);
#1670=FACE_BOUND('',#1493,.T.);
#1671=FACE_BOUND('',#1494,.T.);
#1672=FACE_BOUND('',#1495,.T.);
#1673=FACE_BOUND('',#1496,.T.);
#1674=FACE_BOUND('',#1497,.T.);
#1675=FACE_BOUND('',#1498,.T.);
#1676=FACE_BOUND('',#1499,.T.);
#1677=FACE_BOUND('',#1500,.T.);
#1678=FACE_BOUND('',#1501,.T.);
#1679=FACE_BOUND('',#1502,.T.);
#1680=FACE_BOUND('',#1503,.T.);
#1681=FACE_BOUND('',#1504,.T.);
#1682=FACE_BOUND('',#1505,.T.);
#1683=FACE_BOUND('',#1506,.T.);
#1684=FACE_BOUND('',#1507,.T.);
#1685=FACE_BOUND('',#1508,.T.);
#1686=FACE_BOUND('',#1509,.T.);
#1687=FACE_BOUND('',#1510,.T.);
#1688=FACE_BOUND('',#1511,.T.);
#1689=FACE_BOUND('',#1512,.T.);
#1690=FACE_BOUND('',#1513,.T.);
#1691=FACE_BOUND('',#1514,.T.);
#1692=FACE_BOUND('',#1515,.T.);
#1693=FACE_BOUND('',#1516,.T.);
#1694=FACE_BOUND('',#1517,.T.);
#1695=FACE_BOUND('',#1518,.T.);
#1696=FACE_BOUND('',#1519,.T.);
#1697=FACE_BOUND('',#1520,.T.);
#1698=FACE_BOUND('',#1521,.T.);
#1699=FACE_BOUND('',#1522,.T.);
#1700=FACE_BOUND('',#1523,.T.);
#1701=FACE_BOUND('',#1524,.T.);
#1702=FACE_BOUND('',#1525,.T.);
#1703=FACE_BOUND('',#1526,.T.);
#1704=FACE_BOUND('',#1527,.T.);
#1705=FACE_BOUND('',#1528,.T.);
#1706=FACE_BOUND('',#1529,.T.);
#1707=FACE_BOUND('',#1530,.T.);
#1708=FACE_BOUND('',#1531,.T.);
#1709=FACE_BOUND('',#1532,.T.);
#1710=FACE_BOUND('',#1533,.T.);
#1711=FACE_BOUND('',#1534,.T.);
#1712=FACE_BOUND('',#1535,.T.);
#1713=FACE_BOUND('',#1536,.T.);
#1714=FACE_BOUND('',#1537,.T.);
#1715=FACE_BOUND('',#1538,.T.);
#1716=FACE_BOUND('',#1539,.T.);
#1717=FACE_BOUND('',#1540,.T.);
#1718=FACE_BOUND('',#1541,.T.);
#1719=PLANE('',#1872);
#1720=PLANE('',#1877);
#1721=PLANE('',#1884);
#1722=PLANE('',#1905);
#1723=PLANE('',#1907);
#1724=PLANE('',#1909);
#1725=PLANE('',#1928);
#1726=PLANE('',#1929);
#1727=PLANE('',#1930);
#1728=PLANE('',#1939);
#1729=PLANE('',#1943);
#1730=PLANE('',#1944);
#1731=PLANE('',#1945);
#1732=PLANE('',#1947);
#1733=PLANE('',#1948);
#1734=PLANE('',#1954);
#1735=PLANE('',#1958);
#1736=PLANE('',#1961);
#1737=PLANE('',#1976);
#1738=PLANE('',#1989);
#1739=PLANE('',#1994);
#1740=PLANE('',#1996);
#1741=PLANE('',#1997);
#1742=PLANE('',#2002);
#1743=PLANE('',#2003);
#1744=PLANE('',#2006);
#1745=PLANE('',#2007);
#1746=PLANE('',#2014);
#1747=PLANE('',#2015);
#1748=PLANE('',#2027);
#1749=PLANE('',#2029);
#1750=PLANE('',#2033);
#1751=PLANE('',#2044);
#1752=PLANE('',#2049);
#1753=PLANE('',#2054);
#1754=PLANE('',#2058);
#1755=PLANE('',#2061);
#1756=PLANE('',#2064);
#1757=PLANE('',#2066);
#1758=PLANE('',#2068);
#1759=PLANE('',#2073);
#1760=PLANE('',#2081);
#1761=ADVANCED_FACE('',(#1542,#1543,#1544,#1545),#1719,.F.);
#1762=ADVANCED_FACE('',(#1546,#1547,#1548,#1549),#1720,.F.);
#1763=ADVANCED_FACE('',(#1550),#12,.T.);
#1764=ADVANCED_FACE('',(#1551,#1552,#1553,#1554,#1555,#1556),#1721,.F.);
#1765=ADVANCED_FACE('',(#1557),#13,.F.);
#1766=ADVANCED_FACE('',(#1558),#14,.F.);
#1767=ADVANCED_FACE('',(#1559,#1560),#1722,.T.);
#1768=ADVANCED_FACE('',(#1561,#1562),#1723,.T.);
#1769=ADVANCED_FACE('',(#1563,#1564,#1565,#1566,#1567,#1568,#1569,#1570,
#1571,#1572,#1573),#1724,.T.);
#1770=ADVANCED_FACE('',(#1574),#1725,.F.);
#1771=ADVANCED_FACE('',(#1575),#1726,.F.);
#1772=ADVANCED_FACE('',(#1576),#1727,.F.);
#1773=ADVANCED_FACE('',(#1577),#15,.F.);
#1774=ADVANCED_FACE('',(#1578),#1728,.T.);
#1775=ADVANCED_FACE('',(#1579),#16,.F.);
#1776=ADVANCED_FACE('',(#1580),#1729,.T.);
#1777=ADVANCED_FACE('',(#1581),#1730,.T.);
#1778=ADVANCED_FACE('',(#1582,#1583),#1731,.T.);
#1779=ADVANCED_FACE('',(#1584),#1732,.T.);
#1780=ADVANCED_FACE('',(#1585,#1586,#1587,#1588,#1589,#1590),#1733,.T.);
#1781=ADVANCED_FACE('',(#1591,#1592,#1593,#1594),#1734,.F.);
#1782=ADVANCED_FACE('',(#1595),#1735,.T.);
#1783=ADVANCED_FACE('',(#1596),#17,.F.);
#1784=ADVANCED_FACE('',(#1597),#1736,.T.);
#1785=ADVANCED_FACE('',(#1598,#1599),#18,.F.);
#1786=ADVANCED_FACE('',(#1600,#1601),#19,.F.);
#1787=ADVANCED_FACE('',(#1602,#1603),#20,.F.);
#1788=ADVANCED_FACE('',(#1604,#1605),#21,.F.);
#1789=ADVANCED_FACE('',(#1606,#1607),#22,.F.);
#1790=ADVANCED_FACE('',(#1608,#1609),#23,.F.);
#1791=ADVANCED_FACE('',(#1610,#1611,#1612,#1613,#1614,#1615,#1616,#1617,
#1618,#1619,#1620,#1621,#1622,#1623,#1624,#1625),#1737,.T.);
#1792=ADVANCED_FACE('',(#1626),#1738,.F.);
#1793=ADVANCED_FACE('',(#1627),#24,.F.);
#1794=ADVANCED_FACE('',(#1628),#25,.F.);
#1795=ADVANCED_FACE('',(#1629,#1630),#1739,.F.);
#1796=ADVANCED_FACE('',(#1631),#1740,.F.);
#1797=ADVANCED_FACE('',(#1632,#1633),#1741,.T.);
#1798=ADVANCED_FACE('',(#1634),#1742,.F.);
#1799=ADVANCED_FACE('',(#1635,#1636),#1743,.T.);
#1800=ADVANCED_FACE('',(#1637),#1744,.F.);
#1801=ADVANCED_FACE('',(#1638),#1745,.T.);
#1802=ADVANCED_FACE('',(#1639),#26,.F.);
#1803=ADVANCED_FACE('',(#1640),#27,.F.);
#1804=ADVANCED_FACE('',(#1641),#28,.F.);
#1805=ADVANCED_FACE('',(#1642),#29,.F.);
#1806=ADVANCED_FACE('',(#1643),#1746,.F.);
#1807=ADVANCED_FACE('',(#1644),#1747,.T.);
#1808=ADVANCED_FACE('',(#1645),#30,.F.);
#1809=ADVANCED_FACE('',(#1646),#31,.F.);
#1810=ADVANCED_FACE('',(#1647),#32,.F.);
#1811=ADVANCED_FACE('',(#1648),#33,.F.);
#1812=ADVANCED_FACE('',(#1649,#1650),#34,.F.);
#1813=ADVANCED_FACE('',(#1651,#1652),#35,.F.);
#1814=ADVANCED_FACE('',(#1653,#1654),#36,.F.);
#1815=ADVANCED_FACE('',(#1655,#1656),#37,.F.);
#1816=ADVANCED_FACE('',(#1657,#1658),#1748,.F.);
#1817=ADVANCED_FACE('',(#1659,#1660),#1749,.F.);
#1818=ADVANCED_FACE('',(#1661),#38,.T.);
#1819=ADVANCED_FACE('',(#1662),#39,.T.);
#1820=ADVANCED_FACE('',(#1663),#1750,.F.);
#1821=ADVANCED_FACE('',(#1664,#1665),#40,.F.);
#1822=ADVANCED_FACE('',(#1666,#1667),#41,.F.);
#1823=ADVANCED_FACE('',(#1668,#1669),#42,.F.);
#1824=ADVANCED_FACE('',(#1670,#1671),#43,.F.);
#1825=ADVANCED_FACE('',(#1672,#1673),#44,.F.);
#1826=ADVANCED_FACE('',(#1674,#1675),#45,.F.);
#1827=ADVANCED_FACE('',(#1676,#1677),#46,.F.);
#1828=ADVANCED_FACE('',(#1678,#1679),#47,.F.);
#1829=ADVANCED_FACE('',(#1680),#1751,.T.);
#1830=ADVANCED_FACE('',(#1681,#1682),#48,.F.);
#1831=ADVANCED_FACE('',(#1683,#1684),#49,.F.);
#1832=ADVANCED_FACE('',(#1685,#1686),#50,.F.);
#1833=ADVANCED_FACE('',(#1687),#1752,.T.);
#1834=ADVANCED_FACE('',(#1688,#1689),#51,.F.);
#1835=ADVANCED_FACE('',(#1690,#1691),#52,.F.);
#1836=ADVANCED_FACE('',(#1692),#53,.F.);
#1837=ADVANCED_FACE('',(#1693),#1753,.T.);
#1838=ADVANCED_FACE('',(#1694),#1754,.T.);
#1839=ADVANCED_FACE('',(#1695),#54,.F.);
#1840=ADVANCED_FACE('',(#1696),#55,.F.);
#1841=ADVANCED_FACE('',(#1697),#1755,.F.);
#1842=ADVANCED_FACE('',(#1698),#56,.F.);
#1843=ADVANCED_FACE('',(#1699),#57,.T.);
#1844=ADVANCED_FACE('',(#1700),#1756,.T.);
#1845=ADVANCED_FACE('',(#1701),#58,.F.);
#1846=ADVANCED_FACE('',(#1702),#1757,.T.);
#1847=ADVANCED_FACE('',(#1703),#59,.T.);
#1848=ADVANCED_FACE('',(#1704),#1758,.T.);
#1849=ADVANCED_FACE('',(#1705),#1759,.F.);
#1850=ADVANCED_FACE('',(#1706),#60,.T.);
#1851=ADVANCED_FACE('',(#1707),#61,.T.);
#1852=ADVANCED_FACE('',(#1708),#62,.F.);
#1853=ADVANCED_FACE('',(#1709),#63,.F.);
#1854=ADVANCED_FACE('',(#1710,#1711),#64,.F.);
#1855=ADVANCED_FACE('',(#1712,#1713),#65,.F.);
#1856=ADVANCED_FACE('',(#1714),#1760,.T.);
#1857=ADVANCED_FACE('',(#1715,#1716),#66,.F.);
#1858=ADVANCED_FACE('',(#1717,#1718),#67,.F.);
#1859=CLOSED_SHELL('',(#1761,#1762,#1763,#1764,#1765,#1766,#1767,#1768,
#1769,#1770,#1771,#1772,#1773,#1774,#1775,#1776,#1777,#1778,#1779,#1780,
#1781,#1782,#1783,#1784,#1785,#1786,#1787,#1788,#1789,#1790,#1791,#1792,
#1793,#1794,#1795,#1796,#1797,#1798,#1799,#1800,#1801,#1802,#1803,#1804,
#1805,#1806,#1807,#1808,#1809,#1810,#1811,#1812,#1813,#1814,#1815,#1816,
#1817,#1818,#1819,#1820,#1821,#1822,#1823,#1824,#1825,#1826,#1827,#1828,
#1829,#1830,#1831,#1832,#1833,#1834,#1835,#1836,#1837,#1838,#1839,#1840,
#1841,#1842,#1843,#1844,#1845,#1846,#1847,#1848,#1849,#1850,#1851,#1852,
#1853,#1854,#1855,#1856,#1857,#1858));
#1860=STYLED_ITEM('',(#1861),#1868);
#1861=PRESENTATION_STYLE_ASSIGNMENT((#1862));
#1862=SURFACE_STYLE_USAGE(.BOTH.,#1863);
#1863=SURFACE_SIDE_STYLE('',(#1864));
#1864=SURFACE_STYLE_FILL_AREA(#1865);
#1865=FILL_AREA_STYLE('',(#1866));
#1866=FILL_AREA_STYLE_COLOUR('',#1867);
#1867=COLOUR_RGB('',0.615686274509804,0.811764705882353,0.929411764705882);
#1868=MANIFOLD_SOLID_BREP('chassis-left',#1859);
#1869=SHAPE_DEFINITION_REPRESENTATION(#3174,#1870);
#1870=SHAPE_REPRESENTATION('chassis-left',(#1871),#3169);
#1871=AXIS2_PLACEMENT_3D('',#2642,#2084,#2085);
#1872=AXIS2_PLACEMENT_3D('',#2643,#2086,#2087);
#1873=AXIS2_PLACEMENT_3D('',#2663,#2097,#2098);
#1874=AXIS2_PLACEMENT_3D('',#2680,#2107,#2108);
#1875=AXIS2_PLACEMENT_3D('',#2682,#2109,#2110);
#1876=AXIS2_PLACEMENT_3D('',#2684,#2111,#2112);
#1877=AXIS2_PLACEMENT_3D('',#2686,#2113,#2114);
#1878=AXIS2_PLACEMENT_3D('',#2687,#2115,#2116);
#1879=AXIS2_PLACEMENT_3D('',#2689,#2117,#2118);
#1880=AXIS2_PLACEMENT_3D('',#2691,#2119,#2120);
#1881=AXIS2_PLACEMENT_3D('',#2701,#2125,#2126);
#1882=AXIS2_PLACEMENT_3D('',#2702,#2127,#2128);
#1883=AXIS2_PLACEMENT_3D('',#2707,#2130,#2131);
#1884=AXIS2_PLACEMENT_3D('',#2710,#2133,#2134);
#1885=AXIS2_PLACEMENT_3D('',#2711,#2135,#2136);
#1886=AXIS2_PLACEMENT_3D('',#2713,#2137,#2138);
#1887=AXIS2_PLACEMENT_3D('',#2715,#2139,#2140);
#1888=AXIS2_PLACEMENT_3D('',#2717,#2141,#2142);
#1889=AXIS2_PLACEMENT_3D('',#2719,#2143,#2144);
#1890=AXIS2_PLACEMENT_3D('',#2721,#2145,#2146);
#1891=AXIS2_PLACEMENT_3D('',#2724,#2147,#2148);
#1892=AXIS2_PLACEMENT_3D('',#2725,#2149,#2150);
#1893=AXIS2_PLACEMENT_3D('',#2731,#2153,#2154);
#1894=AXIS2_PLACEMENT_3D('',#2735,#2156,#2157);
#1895=AXIS2_PLACEMENT_3D('',#2739,#2159,#2160);
#1896=AXIS2_PLACEMENT_3D('',#2741,#2161,#2162);
#1897=AXIS2_PLACEMENT_3D('',#2745,#2164,#2165);
#1898=AXIS2_PLACEMENT_3D('',#2749,#2167,#2168);
#1899=AXIS2_PLACEMENT_3D('',#2750,#2169,#2170);
#1900=AXIS2_PLACEMENT_3D('',#2752,#2171,#2172);
#1901=AXIS2_PLACEMENT_3D('',#2755,#2174,#2175);
#1902=AXIS2_PLACEMENT_3D('',#2761,#2178,#2179);
#1903=AXIS2_PLACEMENT_3D('',#2764,#2181,#2182);
#1904=AXIS2_PLACEMENT_3D('',#2767,#2184,#2185);
#1905=AXIS2_PLACEMENT_3D('',#2770,#2187,#2188);
#1906=AXIS2_PLACEMENT_3D('',#2771,#2189,#2190);
#1907=AXIS2_PLACEMENT_3D('',#2785,#2197,#2198);
#1908=AXIS2_PLACEMENT_3D('',#2786,#2199,#2200);
#1909=AXIS2_PLACEMENT_3D('',#2797,#2206,#2207);
#1910=AXIS2_PLACEMENT_3D('',#2798,#2208,#2209);
#1911=AXIS2_PLACEMENT_3D('',#2799,#2210,#2211);
#1912=AXIS2_PLACEMENT_3D('',#2800,#2212,#2213);
#1913=AXIS2_PLACEMENT_3D('',#2804,#2216,#2217);
#1914=AXIS2_PLACEMENT_3D('',#2805,#2218,#2219);
#1915=AXIS2_PLACEMENT_3D('',#2809,#2221,#2222);
#1916=AXIS2_PLACEMENT_3D('',#2813,#2224,#2225);
#1917=AXIS2_PLACEMENT_3D('',#2816,#2227,#2228);
#1918=AXIS2_PLACEMENT_3D('',#2831,#2236,#2237);
#1919=AXIS2_PLACEMENT_3D('',#2833,#2238,#2239);
#1920=AXIS2_PLACEMENT_3D('',#2835,#2240,#2241);
#1921=AXIS2_PLACEMENT_3D('',#2837,#2242,#2243);
#1922=AXIS2_PLACEMENT_3D('',#2839,#2244,#2245);
#1923=AXIS2_PLACEMENT_3D('',#2841,#2246,#2247);
#1924=AXIS2_PLACEMENT_3D('',#2843,#2248,#2249);
#1925=AXIS2_PLACEMENT_3D('',#2845,#2250,#2251);
#1926=AXIS2_PLACEMENT_3D('',#2850,#2253,#2254);
#1927=AXIS2_PLACEMENT_3D('',#2854,#2256,#2257);
#1928=AXIS2_PLACEMENT_3D('',#2855,#2258,#2259);
#1929=AXIS2_PLACEMENT_3D('',#2865,#2265,#2266);
#1930=AXIS2_PLACEMENT_3D('',#2874,#2271,#2272);
#1931=AXIS2_PLACEMENT_3D('',#2878,#2274,#2275);
#1932=AXIS2_PLACEMENT_3D('',#2882,#2277,#2278);
#1933=AXIS2_PLACEMENT_3D('',#2883,#2279,#2280);
#1934=AXIS2_PLACEMENT_3D('',#2887,#2282,#2283);
#1935=AXIS2_PLACEMENT_3D('',#2888,#2284,#2285);
#1936=AXIS2_PLACEMENT_3D('',#2889,#2286,#2287);
#1937=AXIS2_PLACEMENT_3D('',#2890,#2288,#2289);
#1938=AXIS2_PLACEMENT_3D('',#2894,#2291,#2292);
#1939=AXIS2_PLACEMENT_3D('',#2895,#2293,#2294);
#1940=AXIS2_PLACEMENT_3D('',#2901,#2298,#2299);
#1941=AXIS2_PLACEMENT_3D('',#2902,#2300,#2301);
#1942=AXIS2_PLACEMENT_3D('',#2906,#2303,#2304);
#1943=AXIS2_PLACEMENT_3D('',#2907,#2305,#2306);
#1944=AXIS2_PLACEMENT_3D('',#2913,#2310,#2311);
#1945=AXIS2_PLACEMENT_3D('',#2917,#2314,#2315);
#1946=AXIS2_PLACEMENT_3D('',#2918,#2316,#2317);
#1947=AXIS2_PLACEMENT_3D('',#2923,#2320,#2321);
#1948=AXIS2_PLACEMENT_3D('',#2927,#2324,#2325);
#1949=AXIS2_PLACEMENT_3D('',#2928,#2326,#2327);
#1950=AXIS2_PLACEMENT_3D('',#2930,#2328,#2329);
#1951=AXIS2_PLACEMENT_3D('',#2932,#2330,#2331);
#1952=AXIS2_PLACEMENT_3D('',#2934,#2332,#2333);
#1953=AXIS2_PLACEMENT_3D('',#2936,#2334,#2335);
#1954=AXIS2_PLACEMENT_3D('',#2941,#2338,#2339);
#1955=AXIS2_PLACEMENT_3D('',#2942,#2340,#2341);
#1956=AXIS2_PLACEMENT_3D('',#2944,#2342,#2343);
#1957=AXIS2_PLACEMENT_3D('',#2949,#2346,#2347);
#1958=AXIS2_PLACEMENT_3D('',#2951,#2348,#2349);
#1959=AXIS2_PLACEMENT_3D('',#2955,#2352,#2353);
#1960=AXIS2_PLACEMENT_3D('',#2956,#2354,#2355);
#1961=AXIS2_PLACEMENT_3D('',#2959,#2357,#2358);
#1962=AXIS2_PLACEMENT_3D('',#2961,#2360,#2361);
#1963=AXIS2_PLACEMENT_3D('',#2962,#2362,#2363);
#1964=AXIS2_PLACEMENT_3D('',#2964,#2364,#2365);
#1965=AXIS2_PLACEMENT_3D('',#2965,#2366,#2367);
#1966=AXIS2_PLACEMENT_3D('',#2967,#2368,#2369);
#1967=AXIS2_PLACEMENT_3D('',#2968,#2370,#2371);
#1968=AXIS2_PLACEMENT_3D('',#2970,#2372,#2373);
#1969=AXIS2_PLACEMENT_3D('',#2972,#2374,#2375);
#1970=AXIS2_PLACEMENT_3D('',#2973,#2376,#2377);
#1971=AXIS2_PLACEMENT_3D('',#2975,#2378,#2379);
#1972=AXIS2_PLACEMENT_3D('',#2977,#2380,#2381);
#1973=AXIS2_PLACEMENT_3D('',#2978,#2382,#2383);
#1974=AXIS2_PLACEMENT_3D('',#2980,#2384,#2385);
#1975=AXIS2_PLACEMENT_3D('',#2981,#2386,#2387);
#1976=AXIS2_PLACEMENT_3D('',#2983,#2388,#2389);
#1977=AXIS2_PLACEMENT_3D('',#2984,#2390,#2391);
#1978=AXIS2_PLACEMENT_3D('',#2987,#2393,#2394);
#1979=AXIS2_PLACEMENT_3D('',#2991,#2396,#2397);
#1980=AXIS2_PLACEMENT_3D('',#2992,#2398,#2399);
#1981=AXIS2_PLACEMENT_3D('',#2994,#2400,#2401);
#1982=AXIS2_PLACEMENT_3D('',#2996,#2402,#2403);
#1983=AXIS2_PLACEMENT_3D('',#2998,#2404,#2405);
#1984=AXIS2_PLACEMENT_3D('',#3000,#2406,#2407);
#1985=AXIS2_PLACEMENT_3D('',#3002,#2408,#2409);
#1986=AXIS2_PLACEMENT_3D('',#3004,#2410,#2411);
#1987=AXIS2_PLACEMENT_3D('',#3006,#2412,#2413);
#1988=AXIS2_PLACEMENT_3D('',#3008,#2414,#2415);
#1989=AXIS2_PLACEMENT_3D('',#3010,#2416,#2417);
#1990=AXIS2_PLACEMENT_3D('',#3016,#2421,#2422);
#1991=AXIS2_PLACEMENT_3D('',#3019,#2424,#2425);
#1992=AXIS2_PLACEMENT_3D('',#3020,#2426,#2427);
#1993=AXIS2_PLACEMENT_3D('',#3023,#2429,#2430);
#1994=AXIS2_PLACEMENT_3D('',#3024,#2431,#2432);
#1995=AXIS2_PLACEMENT_3D('',#3025,#2433,#2434);
#1996=AXIS2_PLACEMENT_3D('',#3028,#2436,#2437);
#1997=AXIS2_PLACEMENT_3D('',#3029,#2438,#2439);
#1998=AXIS2_PLACEMENT_3D('',#3030,#2440,#2441);
#1999=AXIS2_PLACEMENT_3D('',#3031,#2442,#2443);
#2000=AXIS2_PLACEMENT_3D('',#3032,#2444,#2445);
#2001=AXIS2_PLACEMENT_3D('',#3033,#2446,#2447);
#2002=AXIS2_PLACEMENT_3D('',#3034,#2448,#2449);
#2003=AXIS2_PLACEMENT_3D('',#3044,#2455,#2456);
#2004=AXIS2_PLACEMENT_3D('',#3045,#2457,#2458);
#2005=AXIS2_PLACEMENT_3D('',#3048,#2460,#2461);
#2006=AXIS2_PLACEMENT_3D('',#3049,#2462,#2463);
#2007=AXIS2_PLACEMENT_3D('',#3053,#2466,#2467);
#2008=AXIS2_PLACEMENT_3D('',#3055,#2469,#2470);
#2009=AXIS2_PLACEMENT_3D('',#3056,#2471,#2472);
#2010=AXIS2_PLACEMENT_3D('',#3057,#2473,#2474);
#2011=AXIS2_PLACEMENT_3D('',#3058,#2475,#2476);
#2012=AXIS2_PLACEMENT_3D('',#3059,#2477,#2478);
#2013=AXIS2_PLACEMENT_3D('',#3060,#2479,#2480);
#2014=AXIS2_PLACEMENT_3D('',#3061,#2481,#2482);
#2015=AXIS2_PLACEMENT_3D('',#3065,#2485,#2486);
#2016=AXIS2_PLACEMENT_3D('',#3066,#2487,#2488);
#2017=AXIS2_PLACEMENT_3D('',#3067,#2489,#2490);
#2018=AXIS2_PLACEMENT_3D('',#3068,#2491,#2492);
#2019=AXIS2_PLACEMENT_3D('',#3069,#2493,#2494);
#2020=AXIS2_PLACEMENT_3D('',#3070,#2495,#2496);
#2021=AXIS2_PLACEMENT_3D('',#3071,#2497,#2498);
#2022=AXIS2_PLACEMENT_3D('',#3072,#2499,#2500);
#2023=AXIS2_PLACEMENT_3D('',#3073,#2501,#2502);
#2024=AXIS2_PLACEMENT_3D('',#3074,#2503,#2504);
#2025=AXIS2_PLACEMENT_3D('',#3075,#2505,#2506);
#2026=AXIS2_PLACEMENT_3D('',#3076,#2507,#2508);
#2027=AXIS2_PLACEMENT_3D('',#3077,#2509,#2510);
#2028=AXIS2_PLACEMENT_3D('',#3081,#2513,#2514);
#2029=AXIS2_PLACEMENT_3D('',#3083,#2515,#2516);
#2030=AXIS2_PLACEMENT_3D('',#3084,#2517,#2518);
#2031=AXIS2_PLACEMENT_3D('',#3090,#2522,#2523);
#2032=AXIS2_PLACEMENT_3D('',#3091,#2524,#2525);
#2033=AXIS2_PLACEMENT_3D('',#3092,#2526,#2527);
#2034=AXIS2_PLACEMENT_3D('',#3093,#2528,#2529);
#2035=AXIS2_PLACEMENT_3D('',#3094,#2530,#2531);
#2036=AXIS2_PLACEMENT_3D('',#3095,#2532,#2533);
#2037=AXIS2_PLACEMENT_3D('',#3096,#2534,#2535);
#2038=AXIS2_PLACEMENT_3D('',#3097,#2536,#2537);
#2039=AXIS2_PLACEMENT_3D('',#3098,#2538,#2539);
#2040=AXIS2_PLACEMENT_3D('',#3099,#2540,#2541);
#2041=AXIS2_PLACEMENT_3D('',#3100,#2542,#2543);
#2042=AXIS2_PLACEMENT_3D('',#3101,#2544,#2545);
#2043=AXIS2_PLACEMENT_3D('',#3102,#2546,#2547);
#2044=AXIS2_PLACEMENT_3D('',#3104,#2548,#2549);
#2045=AXIS2_PLACEMENT_3D('',#3105,#2550,#2551);
#2046=AXIS2_PLACEMENT_3D('',#3106,#2552,#2553);
#2047=AXIS2_PLACEMENT_3D('',#3107,#2554,#2555);
#2048=AXIS2_PLACEMENT_3D('',#3108,#2556,#2557);
#2049=AXIS2_PLACEMENT_3D('',#3110,#2558,#2559);
#2050=AXIS2_PLACEMENT_3D('',#3111,#2560,#2561);
#2051=AXIS2_PLACEMENT_3D('',#3112,#2562,#2563);
#2052=AXIS2_PLACEMENT_3D('',#3113,#2564,#2565);
#2053=AXIS2_PLACEMENT_3D('',#3116,#2567,#2568);
#2054=AXIS2_PLACEMENT_3D('',#3117,#2569,#2570);
#2055=AXIS2_PLACEMENT_3D('',#3120,#2572,#2573);
#2056=AXIS2_PLACEMENT_3D('',#3121,#2574,#2575);
#2057=AXIS2_PLACEMENT_3D('',#3125,#2577,#2578);
#2058=AXIS2_PLACEMENT_3D('',#3126,#2579,#2580);
#2059=AXIS2_PLACEMENT_3D('',#3128,#2582,#2583);
#2060=AXIS2_PLACEMENT_3D('',#3129,#2584,#2585);
#2061=AXIS2_PLACEMENT_3D('',#3131,#2587,#2588);
#2062=AXIS2_PLACEMENT_3D('',#3133,#2590,#2591);
#2063=AXIS2_PLACEMENT_3D('',#3134,#2592,#2593);
#2064=AXIS2_PLACEMENT_3D('',#3135,#2594,#2595);
#2065=AXIS2_PLACEMENT_3D('',#3137,#2597,#2598);
#2066=AXIS2_PLACEMENT_3D('',#3139,#2600,#2601);
#2067=AXIS2_PLACEMENT_3D('',#3141,#2603,#2604);
#2068=AXIS2_PLACEMENT_3D('',#3142,#2605,#2606);
#2069=AXIS2_PLACEMENT_3D('',#3143,#2607,#2608);
#2070=AXIS2_PLACEMENT_3D('',#3145,#2609,#2610);
#2071=AXIS2_PLACEMENT_3D('',#3147,#2611,#2612);
#2072=AXIS2_PLACEMENT_3D('',#3151,#2614,#2615);
#2073=AXIS2_PLACEMENT_3D('',#3152,#2616,#2617);
#2074=AXIS2_PLACEMENT_3D('',#3155,#2620,#2621);
#2075=AXIS2_PLACEMENT_3D('',#3157,#2623,#2624);
#2076=AXIS2_PLACEMENT_3D('',#3159,#2626,#2627);
#2077=AXIS2_PLACEMENT_3D('',#3160,#2628,#2629);
#2078=AXIS2_PLACEMENT_3D('',#3161,#2630,#2631);
#2079=AXIS2_PLACEMENT_3D('',#3162,#2632,#2633);
#2080=AXIS2_PLACEMENT_3D('',#3163,#2634,#2635);
#2081=AXIS2_PLACEMENT_3D('',#3165,#2636,#2637);
#2082=AXIS2_PLACEMENT_3D('',#3166,#2638,#2639);
#2083=AXIS2_PLACEMENT_3D('',#3167,#2640,#2641);
#2084=DIRECTION('',(0.,0.,1.));
#2085=DIRECTION('',(1.,0.,0.));
#2086=DIRECTION('',(0.,-1.56770366033369E-16,1.));
#2087=DIRECTION('',(0.,-1.,-1.56770366033369E-16));
#2088=DIRECTION('',(0.,1.,1.56770366033369E-16));
#2089=DIRECTION('',(-1.,0.,0.));
#2090=DIRECTION('',(0.,-1.,-1.56770366033369E-16));
#2091=DIRECTION('',(-1.,0.,0.));
#2092=DIRECTION('',(0.,-1.,-1.56770366033369E-16));
#2093=DIRECTION('',(-1.,0.,0.));
#2094=DIRECTION('',(0.,-1.,-1.56770366033369E-16));
#2095=DIRECTION('',(-1.,0.,0.));
#2096=DIRECTION('',(0.,-1.,-1.56770366033369E-16));
#2097=DIRECTION('',(0.,0.,-1.));
#2098=DIRECTION('',(-1.,0.,0.));
#2099=DIRECTION('',(0.,-1.,-1.56770366033369E-16));
#2100=DIRECTION('',(1.,0.,0.));
#2101=DIRECTION('',(0.,-1.,-1.56770366033369E-16));
#2102=DIRECTION('',(1.,0.,0.));
#2103=DIRECTION('',(0.,-1.,0.));
#2104=DIRECTION('',(-1.,0.,0.));
#2105=DIRECTION('',(0.,-1.,-1.56770366033369E-16));
#2106=DIRECTION('',(-1.,0.,0.));
#2107=DIRECTION('',(0.,0.,-1.));
#2108=DIRECTION('',(-1.,0.,0.));
#2109=DIRECTION('',(0.,-1.56770366033369E-16,1.));
#2110=DIRECTION('',(0.,1.,1.56770366033369E-16));
#2111=DIRECTION('',(0.,0.,-1.));
#2112=DIRECTION('',(-1.,0.,0.));
#2113=DIRECTION('',(0.,-0.246538164169085,-0.969133083538137));
#2114=DIRECTION('',(0.,0.969133083538137,-0.246538164169085));
#2115=DIRECTION('',(0.,0.246538164169085,0.969133083538137));
#2116=DIRECTION('',(0.,-0.969133083538137,0.246538164169085));
#2117=DIRECTION('',(0.,0.246538164169085,0.969133083538137));
#2118=DIRECTION('',(0.,-0.969133083538137,0.246538164169085));
#2119=DIRECTION('',(0.,0.246538164169085,0.969133083538137));
#2120=DIRECTION('',(0.,-0.969133083538137,0.246538164169085));
#2121=DIRECTION('',(-1.,0.,0.));
#2122=DIRECTION('',(0.,0.969133083538137,-0.246538164169085));
#2123=DIRECTION('',(1.,0.,0.));
#2124=DIRECTION('',(0.,0.969133083538137,-0.246538164169085));
#2125=DIRECTION('',(1.,0.,0.));
#2126=DIRECTION('',(0.,0.,-1.));
#2127=DIRECTION('',(1.,0.,0.));
#2128=DIRECTION('',(0.,0.,-1.));
#2129=DIRECTION('',(-1.,0.,0.));
#2130=DIRECTION('',(-1.,0.,0.));
#2131=DIRECTION('',(0.,0.,1.));
#2132=DIRECTION('',(1.,0.,0.));
#2133=DIRECTION('',(-1.,0.,0.));
#2134=DIRECTION('',(0.,-1.,0.));
#2135=DIRECTION('',(-1.,0.,0.));
#2136=DIRECTION('',(0.,0.,1.));
#2137=DIRECTION('',(-1.,0.,0.));
#2138=DIRECTION('',(0.,0.,1.));
#2139=DIRECTION('',(-1.,0.,0.));
#2140=DIRECTION('',(0.,0.,1.));
#2141=DIRECTION('',(-1.,0.,0.));
#2142=DIRECTION('',(0.,0.,1.));
#2143=DIRECTION('',(-1.,0.,0.));
#2144=DIRECTION('',(0.,0.,1.));
#2145=DIRECTION('',(-1.,0.,0.));
#2146=DIRECTION('',(0.,0.,1.));
#2147=DIRECTION('',(-1.,0.,0.));
#2148=DIRECTION('',(0.,0.,1.));
#2149=DIRECTION('',(-1.,0.,0.));
#2150=DIRECTION('',(0.,0.,1.));
#2151=DIRECTION('',(0.,0.707106781186548,0.707106781186547));
#2152=DIRECTION('',(0.,1.,0.));
#2153=DIRECTION('',(-1.,0.,0.));
#2154=DIRECTION('',(0.,0.,1.));
#2155=DIRECTION('',(0.,0.,-1.));
#2156=DIRECTION('',(-1.,0.,0.));
#2157=DIRECTION('',(0.,0.,1.));
#2158=DIRECTION('',(0.,-1.,-1.17577774525027E-16));
#2159=DIRECTION('',(-1.,0.,0.));
#2160=DIRECTION('',(0.,0.,1.));
#2161=DIRECTION('',(1.,0.,0.));
#2162=DIRECTION('',(0.,0.,-1.));
#2163=DIRECTION('',(0.,-1.,-1.57702134179709E-16));
#2164=DIRECTION('',(1.,0.,0.));
#2165=DIRECTION('',(0.,0.,-1.));
#2166=DIRECTION('',(0.,-0.86070498644335,-0.509104042717747));
#2167=DIRECTION('',(1.,0.,0.));
#2168=DIRECTION('',(0.,0.,-1.));
#2169=DIRECTION('',(-1.,0.,0.));
#2170=DIRECTION('',(0.,0.,1.));
#2171=DIRECTION('',(-1.,0.,0.));
#2172=DIRECTION('',(0.,0.,1.));
#2173=DIRECTION('',(0.,1.,0.));
#2174=DIRECTION('',(1.,0.,0.));
#2175=DIRECTION('',(0.,0.,-1.));
#2176=DIRECTION('',(0.,1.,0.));
#2177=DIRECTION('',(-1.,0.,0.));
#2178=DIRECTION('',(1.,0.,0.));
#2179=DIRECTION('',(0.,0.,-1.));
#2180=DIRECTION('',(-1.,0.,0.));
#2181=DIRECTION('',(-1.,0.,0.));
#2182=DIRECTION('',(0.,0.,1.));
#2183=DIRECTION('',(-1.,0.,0.));
#2184=DIRECTION('',(1.,0.,0.));
#2185=DIRECTION('',(0.,0.,-1.));
#2186=DIRECTION('',(-1.,0.,0.));
#2187=DIRECTION('',(0.,-1.17577774525027E-16,1.));
#2188=DIRECTION('',(0.,-1.,-1.17577774525027E-16));
#2189=DIRECTION('',(0.,-1.17577774525027E-16,1.));
#2190=DIRECTION('',(0.,-1.,-1.17577774525027E-16));
#2191=DIRECTION('',(0.,-1.,-1.17577774525027E-16));
#2192=DIRECTION('',(-1.,0.,0.));
#2193=DIRECTION('',(0.,-1.,-1.17577774525027E-16));
#2194=DIRECTION('',(1.,0.,0.));
#2195=DIRECTION('',(0.,-1.,-1.17577774525027E-16));
#2196=DIRECTION('',(-1.,0.,0.));
#2197=DIRECTION('',(0.,-1.17577774525027E-16,1.));
#2198=DIRECTION('',(0.,-1.,-1.17577774525027E-16));
#2199=DIRECTION('',(0.,-1.17577774525027E-16,1.));
#2200=DIRECTION('',(0.,-1.,-1.17577774525027E-16));
#2201=DIRECTION('',(0.,-1.,-1.17577774525027E-16));
#2202=DIRECTION('',(-1.,0.,0.));
#2203=DIRECTION('',(-1.,0.,0.));
#2204=DIRECTION('',(0.,-1.,-1.17577774525027E-16));
#2205=DIRECTION('',(1.,0.,0.));
#2206=DIRECTION('',(1.,0.,0.));
#2207=DIRECTION('',(0.,1.,0.));
#2208=DIRECTION('',(1.,0.,0.));
#2209=DIRECTION('',(0.,0.,-1.));
#2210=DIRECTION('',(1.,0.,0.));
#2211=DIRECTION('',(0.,0.,-1.));
#2212=DIRECTION('',(1.,0.,0.));
#2213=DIRECTION('',(0.,0.,-1.));
#2214=DIRECTION('',(0.,0.999695046362506,0.02469441795765));
#2215=DIRECTION('',(0.,1.,1.57702134179709E-16));
#2216=DIRECTION('',(1.,0.,0.));
#2217=DIRECTION('',(0.,0.,-1.));
#2218=DIRECTION('',(1.,0.,0.));
#2219=DIRECTION('',(0.,0.,-1.));
#2220=DIRECTION('',(0.,1.,0.));
#2221=DIRECTION('',(1.,0.,0.));
#2222=DIRECTION('',(0.,0.,-1.));
#2223=DIRECTION('',(0.,0.0861047752994561,-0.9962860872614));
#2224=DIRECTION('',(1.,0.,0.));
#2225=DIRECTION('',(0.,0.,-1.));
#2226=DIRECTION('',(0.,0.677154065431042,0.735841267985299));
#2227=DIRECTION('',(1.,0.,0.));
#2228=DIRECTION('',(0.,0.,-1.));
#2229=DIRECTION('',(0.,-0.5,-0.866025403784438));
#2230=DIRECTION('',(0.,0.,-1.));
#2231=DIRECTION('',(0.,1.,0.));
#2232=DIRECTION('',(0.,0.707106781186548,-0.707106781186548));
#2233=DIRECTION('',(0.,1.,0.));
#2234=DIRECTION('',(0.,0.707106781186548,0.707106781186548));
#2235=DIRECTION('',(0.,1.,0.));
#2236=DIRECTION('',(1.,0.,0.));
#2237=DIRECTION('',(0.,0.,-1.));
#2238=DIRECTION('',(1.,0.,0.));
#2239=DIRECTION('',(0.,0.,-1.));
#2240=DIRECTION('',(1.,0.,0.));
#2241=DIRECTION('',(0.,0.,-1.));
#2242=DIRECTION('',(1.,0.,0.));
#2243=DIRECTION('',(0.,0.,-1.));
#2244=DIRECTION('',(1.,0.,0.));
#2245=DIRECTION('',(0.,0.,-1.));
#2246=DIRECTION('',(1.,0.,0.));
#2247=DIRECTION('',(0.,0.,-1.));
#2248=DIRECTION('',(1.,0.,0.));
#2249=DIRECTION('',(0.,0.,-1.));
#2250=DIRECTION('',(1.,0.,0.));
#2251=DIRECTION('',(0.,0.,-1.));
#2252=DIRECTION('',(0.,1.,0.));
#2253=DIRECTION('',(1.,0.,0.));
#2254=DIRECTION('',(0.,0.,-1.));
#2255=DIRECTION('',(0.,-0.969133083538137,0.246538164169085));
#2256=DIRECTION('',(1.,0.,0.));
#2257=DIRECTION('',(0.,0.,-1.));
#2258=DIRECTION('',(0.,0.,1.));
#2259=DIRECTION('',(1.,0.,0.));
#2260=DIRECTION('',(0.,-1.,0.));
#2261=DIRECTION('',(1.,0.,0.));
#2262=DIRECTION('',(-1.,0.,0.));
#2263=DIRECTION('',(0.,1.,0.));
#2264=DIRECTION('',(-1.,0.,0.));
#2265=DIRECTION('',(0.,0.,1.));
#2266=DIRECTION('',(1.,0.,0.));
#2267=DIRECTION('',(-1.,0.,0.));
#2268=DIRECTION('',(0.,1.,0.));
#2269=DIRECTION('',(-1.,0.,0.));
#2270=DIRECTION('',(0.,-1.,0.));
#2271=DIRECTION('',(-1.,0.,0.));
#2272=DIRECTION('',(0.,-1.,0.));
#2273=DIRECTION('',(0.,-0.86070498644335,-0.509104042717747));
#2274=DIRECTION('',(1.,0.,0.));
#2275=DIRECTION('',(0.,0.,-1.));
#2276=DIRECTION('',(0.,-0.999695046362506,-0.02469441795765));
#2277=DIRECTION('',(-1.,0.,0.));
#2278=DIRECTION('',(0.,0.,1.));
#2279=DIRECTION('',(-1.,0.,0.));
#2280=DIRECTION('',(0.,0.,1.));
#2281=DIRECTION('',(0.,0.,-1.));
#2282=DIRECTION('',(-1.,0.,0.));
#2283=DIRECTION('',(0.,0.,1.));
#2284=DIRECTION('',(1.,0.,0.));
#2285=DIRECTION('',(0.,0.,-1.));
#2286=DIRECTION('',(1.,0.,0.));
#2287=DIRECTION('',(0.,0.,-1.));
#2288=DIRECTION('',(1.,0.,0.));
#2289=DIRECTION('',(0.,0.,-1.));
#2290=DIRECTION('',(1.,0.,0.));
#2291=DIRECTION('',(1.,0.,0.));
#2292=DIRECTION('',(0.,0.,-1.));
#2293=DIRECTION('',(0.,1.,0.));
#2294=DIRECTION('',(0.,0.,1.));
#2295=DIRECTION('',(1.,0.,0.));
#2296=DIRECTION('',(0.,0.,-1.));
#2297=DIRECTION('',(-1.,0.,0.));
#2298=DIRECTION('',(1.,0.,0.));
#2299=DIRECTION('',(0.,0.,-1.));
#2300=DIRECTION('',(1.,0.,0.));
#2301=DIRECTION('',(0.,0.,-1.));
#2302=DIRECTION('',(1.,0.,0.));
#2303=DIRECTION('',(1.,0.,0.));
#2304=DIRECTION('',(0.,0.,-1.));
#2305=DIRECTION('',(0.,0.,-1.));
#2306=DIRECTION('',(-1.,0.,0.));
#2307=DIRECTION('',(1.,0.,0.));
#2308=DIRECTION('',(0.,1.,0.));
#2309=DIRECTION('',(1.,0.,0.));
#2310=DIRECTION('',(0.,-0.707106781186548,-0.707106781186548));
#2311=DIRECTION('',(0.,0.707106781186548,-0.707106781186548));
#2312=DIRECTION('',(0.,0.707106781186548,-0.707106781186548));
#2313=DIRECTION('',(1.,0.,0.));
#2314=DIRECTION('',(0.,0.,-1.));
#2315=DIRECTION('',(-1.,0.,0.));
#2316=DIRECTION('',(0.,0.,-1.));
#2317=DIRECTION('',(-1.,0.,0.));
#2318=DIRECTION('',(0.,1.,0.));
#2319=DIRECTION('',(1.,0.,0.));
#2320=DIRECTION('',(0.,0.707106781186548,-0.707106781186548));
#2321=DIRECTION('',(0.,0.707106781186548,0.707106781186548));
#2322=DIRECTION('',(0.,0.707106781186548,0.707106781186548));
#2323=DIRECTION('',(1.,0.,0.));
#2324=DIRECTION('',(0.,0.,-1.));
#2325=DIRECTION('',(-1.,0.,0.));
#2326=DIRECTION('',(0.,0.,-1.));
#2327=DIRECTION('',(-1.,0.,0.));
#2328=DIRECTION('',(0.,0.,-1.));
#2329=DIRECTION('',(-1.,0.,0.));
#2330=DIRECTION('',(0.,0.,-1.));
#2331=DIRECTION('',(-1.,0.,0.));
#2332=DIRECTION('',(0.,0.,-1.));
#2333=DIRECTION('',(-1.,0.,0.));
#2334=DIRECTION('',(0.,0.,-1.));
#2335=DIRECTION('',(-1.,0.,0.));
#2336=DIRECTION('',(0.,1.,0.));
#2337=DIRECTION('',(1.,0.,0.));
#2338=DIRECTION('',(0.,0.,-1.));
#2339=DIRECTION('',(-1.,0.,0.));
#2340=DIRECTION('',(0.,0.,1.));
#2341=DIRECTION('',(1.,0.,0.));
#2342=DIRECTION('',(0.,0.,1.));
#2343=DIRECTION('',(1.,0.,0.));
#2344=DIRECTION('',(1.,0.,0.));
#2345=DIRECTION('',(0.,1.,0.));
#2346=DIRECTION('',(0.,0.,1.));
#2347=DIRECTION('',(1.,0.,0.));
#2348=DIRECTION('',(0.,-1.,0.));
#2349=DIRECTION('',(0.,0.,-1.));
#2350=DIRECTION('',(1.,0.,0.));
#2351=DIRECTION('',(0.,0.,-1.));
#2352=DIRECTION('',(1.,0.,0.));
#2353=DIRECTION('',(0.,0.,-1.));
#2354=DIRECTION('',(-1.,0.,0.));
#2355=DIRECTION('',(0.,0.,1.));
#2356=DIRECTION('',(1.,0.,0.));
#2357=DIRECTION('',(0.,-0.866025403784438,0.5));
#2358=DIRECTION('',(0.,-0.5,-0.866025403784438));
#2359=DIRECTION('',(0.,-0.5,-0.866025403784438));
#2360=DIRECTION('',(1.,0.,0.));
#2361=DIRECTION('',(0.,0.,-1.));
#2362=DIRECTION('',(-1.,0.,0.));
#2363=DIRECTION('',(0.,0.,1.));
#2364=DIRECTION('',(1.,0.,0.));
#2365=DIRECTION('',(0.,0.,-1.));
#2366=DIRECTION('',(-1.,0.,0.));
#2367=DIRECTION('',(0.,0.,1.));
#2368=DIRECTION('',(1.,0.,0.));
#2369=DIRECTION('',(0.,0.,-1.));
#2370=DIRECTION('',(-1.,0.,0.));
#2371=DIRECTION('',(0.,0.,1.));
#2372=DIRECTION('',(1.,0.,0.));
#2373=DIRECTION('',(0.,0.,-1.));
#2374=DIRECTION('',(1.,0.,0.));
#2375=DIRECTION('',(0.,0.,-1.));
#2376=DIRECTION('',(-1.,0.,0.));
#2377=DIRECTION('',(0.,0.,1.));
#2378=DIRECTION('',(1.,0.,0.));
#2379=DIRECTION('',(0.,0.,-1.));
#2380=DIRECTION('',(1.,0.,0.));
#2381=DIRECTION('',(0.,0.,-1.));
#2382=DIRECTION('',(-1.,0.,0.));
#2383=DIRECTION('',(0.,0.,1.));
#2384=DIRECTION('',(1.,0.,0.));
#2385=DIRECTION('',(0.,0.,-1.));
#2386=DIRECTION('',(-1.,0.,0.));
#2387=DIRECTION('',(0.,0.,1.));
#2388=DIRECTION('',(-1.,0.,0.));
#2389=DIRECTION('',(0.,-1.,0.));
#2390=DIRECTION('',(1.,0.,0.));
#2391=DIRECTION('',(0.,0.,-1.));
#2392=DIRECTION('',(0.,0.677154065431042,0.735841267985299));
#2393=DIRECTION('',(1.,0.,0.));
#2394=DIRECTION('',(0.,0.,-1.));
#2395=DIRECTION('',(0.,0.0861047752994561,-0.9962860872614));
#2396=DIRECTION('',(1.,0.,0.));
#2397=DIRECTION('',(0.,0.,-1.));
#2398=DIRECTION('',(-1.,0.,0.));
#2399=DIRECTION('',(0.,0.,1.));
#2400=DIRECTION('',(-1.,0.,0.));
#2401=DIRECTION('',(0.,0.,1.));
#2402=DIRECTION('',(-1.,0.,0.));
#2403=DIRECTION('',(0.,0.,1.));
#2404=DIRECTION('',(-1.,0.,0.));
#2405=DIRECTION('',(0.,0.,1.));
#2406=DIRECTION('',(-1.,0.,0.));
#2407=DIRECTION('',(0.,0.,1.));
#2408=DIRECTION('',(-1.,0.,0.));
#2409=DIRECTION('',(0.,0.,1.));
#2410=DIRECTION('',(-1.,0.,0.));
#2411=DIRECTION('',(0.,0.,1.));
#2412=DIRECTION('',(-1.,0.,0.));
#2413=DIRECTION('',(0.,0.,1.));
#2414=DIRECTION('',(-1.,0.,0.));
#2415=DIRECTION('',(0.,0.,1.));
#2416=DIRECTION('',(0.,0.,-1.));
#2417=DIRECTION('',(-1.,0.,0.));
#2418=DIRECTION('',(1.,0.,0.));
#2419=DIRECTION('',(1.,0.,0.));
#2420=DIRECTION('',(0.,1.,0.));
#2421=DIRECTION('',(1.,0.,0.));
#2422=DIRECTION('',(0.,0.,-1.));
#2423=DIRECTION('',(1.,0.,0.));
#2424=DIRECTION('',(-1.,0.,0.));
#2425=DIRECTION('',(0.,0.,1.));
#2426=DIRECTION('',(1.,0.,0.));
#2427=DIRECTION('',(0.,0.,-1.));
#2428=DIRECTION('',(1.,0.,0.));
#2429=DIRECTION('',(-1.,0.,0.));
#2430=DIRECTION('',(0.,0.,1.));
#2431=DIRECTION('',(0.,0.246538164169085,0.969133083538137));
#2432=DIRECTION('',(0.,-0.969133083538137,0.246538164169085));
#2433=DIRECTION('',(0.,0.246538164169085,0.969133083538137));
#2434=DIRECTION('',(0.,-0.969133083538137,0.246538164169085));
#2435=DIRECTION('',(0.,-0.969133083538137,0.246538164169085));
#2436=DIRECTION('',(-1.,0.,0.));
#2437=DIRECTION('',(0.,-1.,0.));
#2438=DIRECTION('',(1.,0.,0.));
#2439=DIRECTION('',(0.,1.,0.));
#2440=DIRECTION('',(1.,0.,0.));
#2441=DIRECTION('',(0.,0.,-1.));
#2442=DIRECTION('',(1.,0.,0.));
#2443=DIRECTION('',(0.,0.,-1.));
#2444=DIRECTION('',(1.,0.,0.));
#2445=DIRECTION('',(0.,0.,-1.));
#2446=DIRECTION('',(1.,0.,0.));
#2447=DIRECTION('',(0.,0.,-1.));
#2448=DIRECTION('',(0.,1.,0.));
#2449=DIRECTION('',(0.,0.,1.));
#2450=DIRECTION('',(0.,0.,-1.));
#2451=DIRECTION('',(-1.,0.,0.));
#2452=DIRECTION('',(-1.,0.,0.));
#2453=DIRECTION('',(0.,0.,-1.));
#2454=DIRECTION('',(-1.,0.,0.));
#2455=DIRECTION('',(1.,0.,0.));
#2456=DIRECTION('',(0.,1.,0.));
#2457=DIRECTION('',(1.,0.,0.));
#2458=DIRECTION('',(0.,0.,-1.));
#2459=DIRECTION('',(0.,1.,0.));
#2460=DIRECTION('',(1.,0.,0.));
#2461=DIRECTION('',(0.,0.,-1.));
#2462=DIRECTION('',(0.,0.,1.));
#2463=DIRECTION('',(1.,0.,0.));
#2464=DIRECTION('',(-1.,0.,0.));
#2465=DIRECTION('',(0.,1.,0.));
#2466=DIRECTION('',(1.,0.,0.));
#2467=DIRECTION('',(0.,1.,0.));
#2468=DIRECTION('',(0.,-1.,-1.56770366033369E-16));
#2469=DIRECTION('',(1.,0.,0.));
#2470=DIRECTION('',(0.,0.,-1.));
#2471=DIRECTION('',(1.,0.,0.));
#2472=DIRECTION('',(0.,0.,-1.));
#2473=DIRECTION('',(1.,0.,0.));
#2474=DIRECTION('',(0.,0.,-1.));
#2475=DIRECTION('',(1.,0.,0.));
#2476=DIRECTION('',(0.,0.,-1.));
#2477=DIRECTION('',(1.,0.,0.));
#2478=DIRECTION('',(0.,0.,-1.));
#2479=DIRECTION('',(-1.,0.,0.));
#2480=DIRECTION('',(0.,0.,1.));
#2481=DIRECTION('',(0.,-0.707106781186547,0.707106781186548));
#2482=DIRECTION('',(0.,-0.707106781186548,-0.707106781186547));
#2483=DIRECTION('',(-1.,0.,0.));
#2484=DIRECTION('',(0.,0.707106781186548,0.707106781186547));
#2485=DIRECTION('',(1.,0.,0.));
#2486=DIRECTION('',(0.,1.,0.));
#2487=DIRECTION('',(1.,0.,0.));
#2488=DIRECTION('',(0.,0.,-1.));
#2489=DIRECTION('',(1.,0.,0.));
#2490=DIRECTION('',(0.,0.,-1.));
#2491=DIRECTION('',(1.,0.,0.));
#2492=DIRECTION('',(0.,0.,-1.));
#2493=DIRECTION('',(1.,0.,0.));
#2494=DIRECTION('',(0.,0.,-1.));
#2495=DIRECTION('',(-1.,0.,0.));
#2496=DIRECTION('',(0.,0.,1.));
#2497=DIRECTION('',(1.,0.,0.));
#2498=DIRECTION('',(0.,0.,-1.));
#2499=DIRECTION('',(1.,0.,0.));
#2500=DIRECTION('',(0.,0.,-1.));
#2501=DIRECTION('',(1.,0.,0.));
#2502=DIRECTION('',(0.,0.,-1.));
#2503=DIRECTION('',(1.,0.,0.));
#2504=DIRECTION('',(0.,0.,-1.));
#2505=DIRECTION('',(1.,0.,0.));
#2506=DIRECTION('',(0.,0.,-1.));
#2507=DIRECTION('',(1.,0.,0.));
#2508=DIRECTION('',(0.,0.,-1.));
#2509=DIRECTION('',(0.,1.57702134179709E-16,-1.));
#2510=DIRECTION('',(0.,1.,1.57702134179709E-16));
#2511=DIRECTION('',(0.,1.,0.));
#2512=DIRECTION('',(-1.,0.,0.));
#2513=DIRECTION('',(0.,1.57702134179709E-16,-1.));
#2514=DIRECTION('',(0.,1.,1.57702134179709E-16));
#2515=DIRECTION('',(0.,0.02469441795765,-0.999695046362506));
#2516=DIRECTION('',(0.,0.999695046362506,0.02469441795765));
#2517=DIRECTION('',(0.,0.02469441795765,-0.999695046362506));
#2518=DIRECTION('',(0.,-0.999695046362506,-0.02469441795765));
#2519=DIRECTION('',(-1.,0.,0.));
#2520=DIRECTION('',(0.,-0.999695046362506,-0.02469441795765));
#2521=DIRECTION('',(-1.,0.,0.));
#2522=DIRECTION('',(1.,0.,0.));
#2523=DIRECTION('',(0.,0.,-1.));
#2524=DIRECTION('',(-1.,0.,0.));
#2525=DIRECTION('',(0.,0.,1.));
#2526=DIRECTION('',(0.,0.,-1.));
#2527=DIRECTION('',(1.,0.,0.));
#2528=DIRECTION('',(0.,0.,-1.));
#2529=DIRECTION('',(-1.,0.,0.));
#2530=DIRECTION('',(0.,0.,1.));
#2531=DIRECTION('',(1.,0.,0.));
#2532=DIRECTION('',(0.,0.,1.));
#2533=DIRECTION('',(1.,0.,0.));
#2534=DIRECTION('',(0.,0.,1.));
#2535=DIRECTION('',(1.,0.,0.));
#2536=DIRECTION('',(0.,0.,-1.));
#2537=DIRECTION('',(-1.,0.,0.));
#2538=DIRECTION('',(0.,0.,-1.));
#2539=DIRECTION('',(-1.,0.,0.));
#2540=DIRECTION('',(0.,0.,-1.));
#2541=DIRECTION('',(-1.,0.,0.));
#2542=DIRECTION('',(0.,0.,-1.));
#2543=DIRECTION('',(-1.,0.,0.));
#2544=DIRECTION('',(0.,0.,-1.));
#2545=DIRECTION('',(-1.,0.,0.));
#2546=DIRECTION('',(0.,0.,-1.));
#2547=DIRECTION('',(-1.,0.,0.));
#2548=DIRECTION('',(0.,0.,-1.));
#2549=DIRECTION('',(1.,0.,0.));
#2550=DIRECTION('',(1.,0.,0.));
#2551=DIRECTION('',(0.,0.,-1.));
#2552=DIRECTION('',(1.,0.,0.));
#2553=DIRECTION('',(0.,0.,-1.));
#2554=DIRECTION('',(0.,0.,-1.));
#2555=DIRECTION('',(-1.,0.,0.));
#2556=DIRECTION('',(0.,0.,-1.));
#2557=DIRECTION('',(-1.,0.,0.));
#2558=DIRECTION('',(0.,0.,-1.));
#2559=DIRECTION('',(1.,0.,0.));
#2560=DIRECTION('',(-1.,0.,0.));
#2561=DIRECTION('',(0.,0.,1.));
#2562=DIRECTION('',(-1.,0.,0.));
#2563=DIRECTION('',(0.,0.,1.));
#2564=DIRECTION('',(-1.,0.,0.));
#2565=DIRECTION('',(0.,0.,1.));
#2566=DIRECTION('',(-1.,0.,0.));
#2567=DIRECTION('',(1.,0.,0.));
#2568=DIRECTION('',(0.,0.,-1.));
#2569=DIRECTION('',(1.,0.,0.));
#2570=DIRECTION('',(0.,1.,0.));
#2571=DIRECTION('',(0.,-0.86070498644335,-0.509104042717747));
#2572=DIRECTION('',(1.,0.,0.));
#2573=DIRECTION('',(0.,0.,-1.));
#2574=DIRECTION('',(1.,0.,0.));
#2575=DIRECTION('',(0.,0.,-1.));
#2576=DIRECTION('',(0.,-0.86070498644335,-0.509104042717747));
#2577=DIRECTION('',(1.,0.,0.));
#2578=DIRECTION('',(0.,0.,-1.));
#2579=DIRECTION('',(0.,0.509104042717747,-0.860704986443349));
#2580=DIRECTION('',(0.,0.86070498644335,0.509104042717747));
#2581=DIRECTION('',(-1.,0.,0.));
#2582=DIRECTION('',(-1.,0.,0.));
#2583=DIRECTION('',(0.,0.,1.));
#2584=DIRECTION('',(-1.,0.,0.));
#2585=DIRECTION('',(0.,0.,1.));
#2586=DIRECTION('',(-1.,0.,0.));
#2587=DIRECTION('',(0.,0.509104042717747,-0.86070498644335));
#2588=DIRECTION('',(0.,0.86070498644335,0.509104042717747));
#2589=DIRECTION('',(-1.,0.,0.));
#2590=DIRECTION('',(-1.,0.,0.));
#2591=DIRECTION('',(0.,0.,1.));
#2592=DIRECTION('',(1.,0.,0.));
#2593=DIRECTION('',(0.,0.,-1.));
#2594=DIRECTION('',(0.,-0.735841267985299,0.677154065431042));
#2595=DIRECTION('',(0.,-0.677154065431042,-0.735841267985299));
#2596=DIRECTION('',(-1.,0.,0.));
#2597=DIRECTION('',(-1.,0.,0.));
#2598=DIRECTION('',(0.,0.,1.));
#2599=DIRECTION('',(-1.,0.,0.));
#2600=DIRECTION('',(0.,0.9962860872614,0.0861047752994561));
#2601=DIRECTION('',(0.,-0.0861047752994561,0.9962860872614));
#2602=DIRECTION('',(-1.,0.,0.));
#2603=DIRECTION('',(-1.,0.,0.));
#2604=DIRECTION('',(0.,0.,1.));
#2605=DIRECTION('',(1.,0.,0.));
#2606=DIRECTION('',(0.,1.,0.));
#2607=DIRECTION('',(1.,0.,0.));
#2608=DIRECTION('',(0.,0.,-1.));
#2609=DIRECTION('',(1.,0.,0.));
#2610=DIRECTION('',(0.,0.,-1.));
#2611=DIRECTION('',(1.,0.,0.));
#2612=DIRECTION('',(0.,0.,-1.));
#2613=DIRECTION('',(0.,1.,0.));
#2614=DIRECTION('',(1.,0.,0.));
#2615=DIRECTION('',(0.,0.,-1.));
#2616=DIRECTION('',(0.,0.,1.));
#2617=DIRECTION('',(1.,0.,0.));
#2618=DIRECTION('',(-1.,0.,0.));
#2619=DIRECTION('',(-1.,0.,0.));
#2620=DIRECTION('',(1.,0.,0.));
#2621=DIRECTION('',(0.,0.,-1.));
#2622=DIRECTION('',(-1.,0.,0.));
#2623=DIRECTION('',(-1.,0.,0.));
#2624=DIRECTION('',(0.,0.,1.));
#2625=DIRECTION('',(-1.,0.,0.));
#2626=DIRECTION('',(1.,0.,0.));
#2627=DIRECTION('',(0.,0.,-1.));
#2628=DIRECTION('',(-1.,0.,0.));
#2629=DIRECTION('',(0.,0.,1.));
#2630=DIRECTION('',(0.,0.246538164169085,0.969133083538137));
#2631=DIRECTION('',(0.,-0.969133083538137,0.246538164169085));
#2632=DIRECTION('',(0.,0.246538164169085,0.969133083538137));
#2633=DIRECTION('',(0.,-0.969133083538137,0.246538164169085));
#2634=DIRECTION('',(0.,0.246538164169085,0.969133083538137));
#2635=DIRECTION('',(0.,-0.969133083538137,0.246538164169085));
#2636=DIRECTION('',(0.,0.246538164169085,0.969133083538137));
#2637=DIRECTION('',(1.,0.,0.));
#2638=DIRECTION('',(0.,0.246538164169085,0.969133083538137));
#2639=DIRECTION('',(0.,-0.969133083538137,0.246538164169085));
#2640=DIRECTION('',(-1.,0.,0.));
#2641=DIRECTION('',(0.,0.,1.));
#2642=CARTESIAN_POINT('',(0.,0.,0.));
#2643=CARTESIAN_POINT('',(0.045998,0.104392272463313,0.0325));
#2644=CARTESIAN_POINT('',(0.048,0.104392272463313,0.0325));
#2645=CARTESIAN_POINT('',(0.048,0.100791038706946,0.0325));
#2646=CARTESIAN_POINT('',(0.048,0.124791038706946,0.0325));
#2647=CARTESIAN_POINT('',(0.045998,0.124791038706946,0.0325));
#2648=CARTESIAN_POINT('',(0.046,0.124791038706946,0.0325));
#2649=CARTESIAN_POINT('',(0.046,0.104392272463313,0.0325));
#2650=CARTESIAN_POINT('',(0.046,0.1288375337777,0.0325));
#2651=CARTESIAN_POINT('',(0.048002,0.1288375337777,0.0325));
#2652=CARTESIAN_POINT('',(0.048,0.1288375337777,0.0325));
#2653=CARTESIAN_POINT('',(0.048,0.104392272463313,0.0325));
#2654=CARTESIAN_POINT('',(0.048,0.156336824345624,0.0325));
#2655=CARTESIAN_POINT('',(0.048002,0.156336824345624,0.0325));
#2656=CARTESIAN_POINT('',(0.046,0.156336824345624,0.0325));
#2657=CARTESIAN_POINT('',(0.046,0.104392272463313,0.0325));
#2658=CARTESIAN_POINT('',(0.046,0.158284544926627,0.0325));
#2659=CARTESIAN_POINT('',(0.05,0.158284544926627,0.0325));
#2660=CARTESIAN_POINT('',(0.05,0.158284544926627,0.0325));
#2661=CARTESIAN_POINT('',(0.05,0.104392272463313,0.0325));
#2662=CARTESIAN_POINT('',(0.05,0.164784544926627,0.0325));
#2663=CARTESIAN_POINT('',(0.05,0.165784544926627,0.0325));
#2664=CARTESIAN_POINT('',(0.05,0.166784544926627,0.0325));
#2665=CARTESIAN_POINT('',(0.05,0.104392272463313,0.0325));
#2666=CARTESIAN_POINT('',(0.05,0.170784544926627,0.0325));
#2667=CARTESIAN_POINT('',(0.045998,0.170784544926627,0.0325));
#2668=CARTESIAN_POINT('',(0.055,0.170784544926627,0.0325));
#2669=CARTESIAN_POINT('',(0.055,0.104392272463313,0.0325));
#2670=CARTESIAN_POINT('',(0.055,0.038,0.0325));
#2671=CARTESIAN_POINT('',(0.045998,0.038,0.0325));
#2672=CARTESIAN_POINT('',(0.051,0.038,0.0325));
#2673=CARTESIAN_POINT('',(0.051,0.0672242622804488,0.0325));
#2674=CARTESIAN_POINT('',(0.051,0.0722953300923146,0.0325));
#2675=CARTESIAN_POINT('',(0.046,0.0722953300923146,0.0325));
#2676=CARTESIAN_POINT('',(0.046,0.0722953300923146,0.0325));
#2677=CARTESIAN_POINT('',(0.046,0.104392272463313,0.0325));
#2678=CARTESIAN_POINT('',(0.046,0.100791038706946,0.0325));
#2679=CARTESIAN_POINT('',(0.048,0.100791038706946,0.0325));
#2680=CARTESIAN_POINT('',(0.05,0.131787791816787,0.0325));
#2681=CARTESIAN_POINT('',(0.049,0.131787791816787,0.0325));
#2682=CARTESIAN_POINT('',(0.05,0.0832642864190787,0.0325));
#2683=CARTESIAN_POINT('',(0.05,0.0842961364477137,0.0325));
#2684=CARTESIAN_POINT('',(0.05,0.0977910387069464,0.0325));
#2685=CARTESIAN_POINT('',(0.049,0.0977910387069464,0.0325));
#2686=CARTESIAN_POINT('',(0.044998,0.0487376319130822,0.0487067642936113));
#2687=CARTESIAN_POINT('',(0.05,0.0484790454580047,0.0487725462083934));
#2688=CARTESIAN_POINT('',(0.05,0.0475099123744666,0.0490190843725625));
#2689=CARTESIAN_POINT('',(0.05,0.0850379740386413,0.0394723053133522));
#2690=CARTESIAN_POINT('',(0.05,0.0840688409551032,0.0397188434775212));
#2691=CARTESIAN_POINT('',(0.05,0.066758509748323,0.0441224257608728));
#2692=CARTESIAN_POINT('',(0.05,0.0657893766647849,0.0443689639250419));
#2693=CARTESIAN_POINT('',(0.053,0.0150736149383834,0.0572705674332165));
#2694=CARTESIAN_POINT('',(0.055,0.0150736149383834,0.0572705674332165));
#2695=CARTESIAN_POINT('',(0.045,0.0150736149383834,0.0572705674332165));
#2696=CARTESIAN_POINT('',(0.055,0.0487376319130822,0.0487067642936113));
#2697=CARTESIAN_POINT('',(0.055,0.0927910387069519,0.0374999999999981));
#2698=CARTESIAN_POINT('',(0.044998,0.0927910387069519,0.0374999999999981));
#2699=CARTESIAN_POINT('',(0.045,0.0927910387069519,0.0374999999999981));
#2700=CARTESIAN_POINT('',(0.045,0.0487376319130822,0.0487067642936113));
#2701=CARTESIAN_POINT('',(0.044998,-6.50521303491303E-18,0.0415));
#2702=CARTESIAN_POINT('',(0.055,-6.50521303491303E-18,0.0415));
#2703=CARTESIAN_POINT('',(0.055,-0.0139809840917207,0.0543659272431898));
#2704=CARTESIAN_POINT('',(0.055,-0.00931681982432048,0.0249411090842065));
#2705=CARTESIAN_POINT('',(0.053,-0.0139809840917207,0.0543659272431898));
#2706=CARTESIAN_POINT('',(0.045,-0.0139809840917207,0.0543659272431898));
#2707=CARTESIAN_POINT('',(0.045,-6.50521303491303E-18,0.0415));
#2708=CARTESIAN_POINT('',(0.045,-0.00931681982432048,0.0249411090842065));
#2709=CARTESIAN_POINT('',(0.044998,-0.00931681982432048,0.0249411090842065));
#2710=CARTESIAN_POINT('',(0.046,0.180071632737131,0.));
#2711=CARTESIAN_POINT('',(0.046,0.0937910387069464,0.0204999999999985));
#2712=CARTESIAN_POINT('',(0.046,0.0937910387069464,0.0274999999999985));
#2713=CARTESIAN_POINT('',(0.046,0.0903468878156606,0.0121850842073969));
#2714=CARTESIAN_POINT('',(0.046,0.0903468878156606,0.0131850842073969));
#2715=CARTESIAN_POINT('',(0.046,0.0854761229143449,0.0239441508912843));
#2716=CARTESIAN_POINT('',(0.046,0.0854761229143449,0.0249441508912843));
#2717=CARTESIAN_POINT('',(0.046,0.0972351895982322,0.0288149157926));
#2718=CARTESIAN_POINT('',(0.046,0.0972351895982322,0.0298149157926));
#2719=CARTESIAN_POINT('',(0.046,0.102105954499548,0.0170558491087127));
#2720=CARTESIAN_POINT('',(0.046,0.102105954499548,0.0180558491087127));
#2721=CARTESIAN_POINT('',(0.046,0.106791038706946,0.0305));
#2722=CARTESIAN_POINT('',(0.046,0.106791038706946,0.0265));
#2723=CARTESIAN_POINT('',(0.046,0.102791038706946,0.0305));
#2724=CARTESIAN_POINT('',(0.046,0.100791038706946,0.0305));
#2725=CARTESIAN_POINT('',(0.046,0.0722953300923146,0.0305));
#2726=CARTESIAN_POINT('',(0.046,0.0708811165299415,0.0319142135623731));
#2727=CARTESIAN_POINT('',(0.046,0.109519267852349,0.0705523648847811));
#2728=CARTESIAN_POINT('',(0.046,0.0654669029675681,0.0265));
#2729=CARTESIAN_POINT('',(0.046,0.180071632737131,0.0265));
#2730=CARTESIAN_POINT('',(0.046,0.051,0.0265));
#2731=CARTESIAN_POINT('',(0.046,0.051,0.0244999999999997));
#2732=CARTESIAN_POINT('',(0.046,0.049,0.0244999999999997));
#2733=CARTESIAN_POINT('',(0.046,0.049,0.0215));
#2734=CARTESIAN_POINT('',(0.046,0.049,0.0139999999999993));
#2735=CARTESIAN_POINT('',(0.046,0.0525,0.0139999999999993));
#2736=CARTESIAN_POINT('',(0.046,0.0525,0.0104999999999993));
#2737=CARTESIAN_POINT('',(0.046,0.104392272463314,0.0104999999999993));
#2738=CARTESIAN_POINT('',(0.046,0.0877642236128675,0.0104999999999993));
#2739=CARTESIAN_POINT('',(0.046,0.0877642236128675,0.00849999999999935));
#2740=CARTESIAN_POINT('',(0.046,0.0889120743696645,0.0101378152032871));
#2741=CARTESIAN_POINT('',(0.046,0.0903468878156606,0.0121850842073969));
#2742=CARTESIAN_POINT('',(0.046,0.0903468878156606,0.00968508420739689));
#2743=CARTESIAN_POINT('',(0.046,0.106846887815661,0.0096850842073984));
#2744=CARTESIAN_POINT('',(0.046,0.103791038706946,0.0096850842073984));
#2745=CARTESIAN_POINT('',(0.046,0.103791038706946,0.0136850842073985));
#2746=CARTESIAN_POINT('',(0.046,0.105827454877817,0.010242264261625));
#2747=CARTESIAN_POINT('',(0.046,0.118350702413194,0.0176497221579258));
#2748=CARTESIAN_POINT('',(0.046,0.130873949948571,0.0250571800542266));
#2749=CARTESIAN_POINT('',(0.046,0.1288375337777,0.0285));
#2750=CARTESIAN_POINT('',(0.046,0.124791038706946,0.0305));
#2751=CARTESIAN_POINT('',(0.046,0.122791038706946,0.0305));
#2752=CARTESIAN_POINT('',(0.046,0.118791038706946,0.0305));
#2753=CARTESIAN_POINT('',(0.046,0.118791038706946,0.0265));
#2754=CARTESIAN_POINT('',(0.046,0.112791038706946,0.0265));
#2755=CARTESIAN_POINT('',(0.270985451842326,0.123322189631864,0.0116850842073984));
#2756=CARTESIAN_POINT('',(0.048,0.117540683990908,0.00968508420739841));
#2757=CARTESIAN_POINT('',(0.048,0.123322189631863,0.0096850842073984));
#2758=CARTESIAN_POINT('',(0.048,0.123371570759643,0.00968538164069974));
#2759=CARTESIAN_POINT('',(0.046,0.123322189631864,0.00968508420739841));
#2760=CARTESIAN_POINT('',(0.055,0.123322189631864,0.00968508420739841));
#2761=CARTESIAN_POINT('',(0.055,0.123322189631864,0.0116850842073984));
#2762=CARTESIAN_POINT('',(0.055,0.123371578467779,0.0096856941146734));
#2763=CARTESIAN_POINT('',(0.055,0.123371578467779,0.0096856941146734));
#2764=CARTESIAN_POINT('',(0.055002,0.0903468878156606,0.0121850842073969));
#2765=CARTESIAN_POINT('',(0.055002,0.0889120743696645,0.0101378152032871));
#2766=CARTESIAN_POINT('',(0.055,0.0889120743696645,0.0101378152032871));
#2767=CARTESIAN_POINT('',(0.055,0.0903468878156606,0.0121850842073969));
#2768=CARTESIAN_POINT('',(0.055,0.0903468878156606,0.00968508420739689));
#2769=CARTESIAN_POINT('',(0.270985451842326,0.0903468878156606,0.00968508420739689));
#2770=CARTESIAN_POINT('',(0.045998,0.104392272463314,0.0104999999999993));
#2771=CARTESIAN_POINT('',(0.05,0.165784544926627,0.0104999999999993));
#2772=CARTESIAN_POINT('',(0.05,0.164784544926627,0.0104999999999993));
#2773=CARTESIAN_POINT('',(0.046,0.104392272463314,0.0104999999999993));
#2774=CARTESIAN_POINT('',(0.046,0.158284544926627,0.0104999999999993));
#2775=CARTESIAN_POINT('',(0.046,0.156361522529482,0.0104999999999993));
#2776=CARTESIAN_POINT('',(0.055,0.156361522529482,0.0104999999999993));
#2777=CARTESIAN_POINT('',(0.055,0.156361522529482,0.0104999999999993));
#2778=CARTESIAN_POINT('',(0.055,0.104392272463314,0.0104999999999993));
#2779=CARTESIAN_POINT('',(0.055,0.170784544926627,0.0104999999999994));
#2780=CARTESIAN_POINT('',(0.045998,0.170784544926627,0.0104999999999994));
#2781=CARTESIAN_POINT('',(0.048,0.170784544926627,0.0104999999999994));
#2782=CARTESIAN_POINT('',(0.048,0.104392272463314,0.0104999999999993));
#2783=CARTESIAN_POINT('',(0.048,0.158284544926627,0.0104999999999993));
#2784=CARTESIAN_POINT('',(0.045998,0.158284544926627,0.0104999999999993));
#2785=CARTESIAN_POINT('',(0.045998,0.104392272463314,0.0104999999999993));
#2786=CARTESIAN_POINT('',(0.05,0.0610264791536373,0.0104999999999993));
#2787=CARTESIAN_POINT('',(0.05,0.0600264791536373,0.0104999999999993));
#2788=CARTESIAN_POINT('',(0.055,0.104392272463314,0.0104999999999993));
#2789=CARTESIAN_POINT('',(0.055,0.0877642236128675,0.0104999999999993));
#2790=CARTESIAN_POINT('',(0.055,0.038,0.0104999999999993));
#2791=CARTESIAN_POINT('',(0.045998,0.0877642236128675,0.0104999999999993));
#2792=CARTESIAN_POINT('',(0.048,0.0525,0.0104999999999993));
#2793=CARTESIAN_POINT('',(0.048,0.0525,0.0104999999999993));
#2794=CARTESIAN_POINT('',(0.048,0.104392272463314,0.0104999999999993));
#2795=CARTESIAN_POINT('',(0.048,0.038,0.0104999999999993));
#2796=CARTESIAN_POINT('',(0.045998,0.038,0.0104999999999993));
#2797=CARTESIAN_POINT('',(0.055,0.0838922724633136,0.03075));
#2798=CARTESIAN_POINT('',(0.055,0.038,0.0214999999999997));
#2799=CARTESIAN_POINT('',(0.055,0.170784544926627,0.0214999999999997));
#2800=CARTESIAN_POINT('',(0.055,0.156361522529482,0.00849999999999935));
#2801=CARTESIAN_POINT('',(0.055,0.156312133693566,0.0104993900927244));
#2802=CARTESIAN_POINT('',(0.055,0.0844363596533617,0.00872391825094953));
#2803=CARTESIAN_POINT('',(0.055,0.0838922724633136,0.0096850842073984));
#2804=CARTESIAN_POINT('',(0.055,0.0877642236128675,0.00849999999999935));
#2805=CARTESIAN_POINT('',(0.055,0.173284544926627,0.0214999999999997));
#2806=CARTESIAN_POINT('',(0.055,0.173284544926627,0.00549999999999763));
#2807=CARTESIAN_POINT('',(0.055,0.173284544926627,0.0375));
#2808=CARTESIAN_POINT('',(0.055,0.131787791816789,0.0375));
#2809=CARTESIAN_POINT('',(0.055,0.0163063057592288,0.0621162328509072));
#2810=CARTESIAN_POINT('',(0.055,0.0113248753229218,0.06168570897441));
#2811=CARTESIAN_POINT('',(0.055,0.0110162471936136,0.0652567294003721));
#2812=CARTESIAN_POINT('',(0.055,0.0107076190643055,0.0688277498263342));
#2813=CARTESIAN_POINT('',(0.055,0.00572618862799847,0.0683972259498369));
#2814=CARTESIAN_POINT('',(0.055,0.00204698228807197,0.0717829962769921));
#2815=CARTESIAN_POINT('',(0.055,-0.00596700090182435,0.063074461760091));
#2816=CARTESIAN_POINT('',(0.055,-0.0117686145149311,0.0205835062116293));
#2817=CARTESIAN_POINT('',(0.055,-0.00743848749600894,0.0180835062116292));
#2818=CARTESIAN_POINT('',(0.055,-0.0081230262232527,0.0168978503562946));
#2819=CARTESIAN_POINT('',(0.055,-0.00880756495049645,0.0157121945009598));
#2820=CARTESIAN_POINT('',(0.055,-0.00880756495049645,0.0106060972504789));
#2821=CARTESIAN_POINT('',(0.055,-0.00880756495049645,0.0054999999999981));
#2822=CARTESIAN_POINT('',(0.055,-0.00815378247524727,0.0055));
#2823=CARTESIAN_POINT('',(0.055,-0.00749999999999808,0.0054999999999981));
#2824=CARTESIAN_POINT('',(0.055,-0.00524999999999904,0.00324999999999905));
#2825=CARTESIAN_POINT('',(0.055,-0.003,0.001));
#2826=CARTESIAN_POINT('',(0.055,7.37257477290143E-18,0.001));
#2827=CARTESIAN_POINT('',(0.055,0.003,0.00100000000000001));
#2828=CARTESIAN_POINT('',(0.055,0.00524999999999905,0.00324999999999905));
#2829=CARTESIAN_POINT('',(0.055,0.0074999999999981,0.0055));
#2830=CARTESIAN_POINT('',(0.055,0.0891422724633126,0.0055));
#2831=CARTESIAN_POINT('',(0.055,0.0203431807974572,0.0401501019712341));
#2832=CARTESIAN_POINT('',(0.055,0.0203431807974572,0.0385626019712342));
#2833=CARTESIAN_POINT('',(0.055,0.181402925217425,0.029));
#2834=CARTESIAN_POINT('',(0.055,0.181402925217425,0.028));
#2835=CARTESIAN_POINT('',(0.055,0.181402925217425,0.0139999999999997));
#2836=CARTESIAN_POINT('',(0.055,0.181402925217425,0.0129999999999997));
#2837=CARTESIAN_POINT('',(0.055,-0.00274837805639163,0.0530937570925963));
#2838=CARTESIAN_POINT('',(0.055,-0.00274837805639163,0.0520937570925963));
#2839=CARTESIAN_POINT('',(0.055,0.00723244257341996,0.0509689260154024));
#2840=CARTESIAN_POINT('',(0.055,0.00723244257341996,0.0499689260154024));
#2841=CARTESIAN_POINT('',(0.055,0.,0.0415));
#2842=CARTESIAN_POINT('',(0.055,0.,0.0365));
#2843=CARTESIAN_POINT('',(0.055,0.00781308230375283,0.0305));
#2844=CARTESIAN_POINT('',(0.055,0.00781308230375283,0.0289125));
#2845=CARTESIAN_POINT('',(0.055,0.00298999683999264,0.0124999999999997));
#2846=CARTESIAN_POINT('',(0.055,0.00298999683999264,0.0109124999999997));
#2847=CARTESIAN_POINT('',(0.055,0.0464841156443038,0.0365));
#2848=CARTESIAN_POINT('',(0.055,0.0325013283210396,0.0365));
#2849=CARTESIAN_POINT('',(0.055,0.0604669029675681,0.0365));
#2850=CARTESIAN_POINT('',(0.055,0.0325013283210396,0.0420013283210399));
#2851=CARTESIAN_POINT('',(0.055,0.0338576157058002,0.0473328476003649));
#2852=CARTESIAN_POINT('',(0.055,0.0474087975008532,0.0438855568837206));
#2853=CARTESIAN_POINT('',(0.055,0.0609599792959062,0.0404382661670762));
#2854=CARTESIAN_POINT('',(0.055,0.0604669029675681,0.0385));
#2855=CARTESIAN_POINT('',(0.051,0.0425918313110984,0.0265));
#2856=CARTESIAN_POINT('',(0.048,0.180071632737131,0.0265));
#2857=CARTESIAN_POINT('',(0.048,0.051,0.0265));
#2858=CARTESIAN_POINT('',(0.048,0.0413166247903554,0.0265));
#2859=CARTESIAN_POINT('',(0.051,0.051,0.0265));
#2860=CARTESIAN_POINT('',(0.051,0.0654669029675681,0.0265));
#2861=CARTESIAN_POINT('',(0.051,0.0654669029675681,0.0265));
#2862=CARTESIAN_POINT('',(0.051,0.0425918313110984,0.0265));
#2863=CARTESIAN_POINT('',(0.051,0.0413166247903554,0.0265));
#2864=CARTESIAN_POINT('',(0.272985451842326,0.0413166247903554,0.0265));
#2865=CARTESIAN_POINT('',(0.051,0.0425918313110984,0.0265));
#2866=CARTESIAN_POINT('',(0.272985451842326,0.0346833752096446,0.0265));
#2867=CARTESIAN_POINT('',(0.051,0.0346833752096446,0.0265));
#2868=CARTESIAN_POINT('',(0.048,0.0346833752096446,0.0265));
#2869=CARTESIAN_POINT('',(0.051,0.0425918313110984,0.0265));
#2870=CARTESIAN_POINT('',(0.051,0.0331010205144337,0.0265));
#2871=CARTESIAN_POINT('',(0.048,0.0331010205144337,0.0265));
#2872=CARTESIAN_POINT('',(0.048,0.0331010205144337,0.0265));
#2873=CARTESIAN_POINT('',(0.048,0.180071632737131,0.0265));
#2874=CARTESIAN_POINT('',(0.046,0.180071632737131,0.));
#2875=CARTESIAN_POINT('',(0.046,0.141777160639376,0.0245353620494726));
#2876=CARTESIAN_POINT('',(0.046,0.154300408174753,0.0319428199457734));
#2877=CARTESIAN_POINT('',(0.046,0.129253913103999,0.0171279041531718));
#2878=CARTESIAN_POINT('',(0.046,0.13129032927487,0.0136850842073984));
#2879=CARTESIAN_POINT('',(0.046,0.130143615855262,0.00985297664976231));
#2880=CARTESIAN_POINT('',(0.046,0.139841856080642,0.0100925421036981));
#2881=CARTESIAN_POINT('',(0.046,0.156312133693566,0.0104993900927244));
#2882=CARTESIAN_POINT('',(0.046,0.156361522529482,0.00849999999999935));
#2883=CARTESIAN_POINT('',(0.046,0.158284544926627,0.0139999999999993));
#2884=CARTESIAN_POINT('',(0.046,0.161784544926627,0.0139999999999993));
#2885=CARTESIAN_POINT('',(0.046,0.161784544926627,0.0214999999999997));
#2886=CARTESIAN_POINT('',(0.046,0.161784544926627,0.029));
#2887=CARTESIAN_POINT('',(0.046,0.158284544926627,0.029));
#2888=CARTESIAN_POINT('',(0.046,0.156336824345624,0.0285));
#2889=CARTESIAN_POINT('',(0.045998,0.038,0.0214999999999997));
#2890=CARTESIAN_POINT('',(0.048,0.038,0.0214999999999997));
#2891=CARTESIAN_POINT('',(0.048,0.027222245131754,0.0192999999999997));
#2892=CARTESIAN_POINT('',(0.045998,0.027222245131754,0.0192999999999997));
#2893=CARTESIAN_POINT('',(0.051,0.027222245131754,0.0192999999999997));
#2894=CARTESIAN_POINT('',(0.051,0.038,0.0214999999999997));
#2895=CARTESIAN_POINT('',(0.048002,0.049,0.0215));
#2896=CARTESIAN_POINT('',(0.048002,0.049,0.0244999999999997));
#2897=CARTESIAN_POINT('',(0.048,0.049,0.0244999999999997));
#2898=CARTESIAN_POINT('',(0.048,0.049,0.0215));
#2899=CARTESIAN_POINT('',(0.048,0.049,0.0139999999999993));
#2900=CARTESIAN_POINT('',(0.046,0.049,0.0139999999999993));
#2901=CARTESIAN_POINT('',(0.045998,0.170784544926627,0.0214999999999997));
#2902=CARTESIAN_POINT('',(0.05,0.170784544926627,0.0214999999999997));
#2903=CARTESIAN_POINT('',(0.05,0.180513310978337,0.0266333333333331));
#2904=CARTESIAN_POINT('',(0.045998,0.180513310978337,0.0266333333333331));
#2905=CARTESIAN_POINT('',(0.048,0.180513310978337,0.0266333333333331));
#2906=CARTESIAN_POINT('',(0.048,0.170784544926627,0.0214999999999997));
#2907=CARTESIAN_POINT('',(0.044998,-0.00815378247524727,0.0055));
#2908=CARTESIAN_POINT('',(0.044998,-0.00880756495049645,0.0054999999999981));
#2909=CARTESIAN_POINT('',(0.045,-0.00880756495049645,0.0054999999999981));
#2910=CARTESIAN_POINT('',(0.045,-0.00815378247524727,0.0055));
#2911=CARTESIAN_POINT('',(0.045,-0.00749999999999808,0.0054999999999981));
#2912=CARTESIAN_POINT('',(0.044998,-0.00749999999999808,0.0054999999999981));
#2913=CARTESIAN_POINT('',(0.044998,-0.00524999999999904,0.00324999999999905));
#2914=CARTESIAN_POINT('',(0.045,-0.00524999999999904,0.00324999999999905));
#2915=CARTESIAN_POINT('',(0.045,-0.003,0.001));
#2916=CARTESIAN_POINT('',(0.044998,-0.003,0.001));
#2917=CARTESIAN_POINT('',(0.044998,7.37257477290143E-18,0.001));
#2918=CARTESIAN_POINT('',(0.05,-3.30344640081266E-19,0.001));
#2919=CARTESIAN_POINT('',(0.049,-3.30344640081266E-19,0.001));
#2920=CARTESIAN_POINT('',(0.045,7.37257477290143E-18,0.001));
#2921=CARTESIAN_POINT('',(0.045,0.003,0.00100000000000001));
#2922=CARTESIAN_POINT('',(0.044998,0.003,0.00100000000000001));
#2923=CARTESIAN_POINT('',(0.044998,0.00524999999999905,0.00324999999999905));
#2924=CARTESIAN_POINT('',(0.045,0.00524999999999905,0.00324999999999905));
#2925=CARTESIAN_POINT('',(0.045,0.0074999999999981,0.0055));
#2926=CARTESIAN_POINT('',(0.044998,0.0074999999999981,0.0055));
#2927=CARTESIAN_POINT('',(0.044998,0.0891422724633126,0.0055));
#2928=CARTESIAN_POINT('',(0.05,0.0256458228220626,0.0055));
#2929=CARTESIAN_POINT('',(0.049,0.0256458228220626,0.0055));
#2930=CARTESIAN_POINT('',(0.05,0.0610264791536373,0.0055));
#2931=CARTESIAN_POINT('',(0.049,0.0610264791536373,0.0055));
#2932=CARTESIAN_POINT('',(0.05,0.165784544926627,0.0055));
#2933=CARTESIAN_POINT('',(0.049,0.165784544926627,0.0055));
#2934=CARTESIAN_POINT('',(0.05,0.131787791816787,0.0055));
#2935=CARTESIAN_POINT('',(0.049,0.131787791816787,0.0055));
#2936=CARTESIAN_POINT('',(0.05,0.096407135485212,0.0055));
#2937=CARTESIAN_POINT('',(0.049,0.096407135485212,0.0055));
#2938=CARTESIAN_POINT('',(0.045,0.0891422724633126,0.0055));
#2939=CARTESIAN_POINT('',(0.045,0.173284544926627,0.00549999999999763));
#2940=CARTESIAN_POINT('',(0.044998,0.173284544926627,0.00549999999999763));
#2941=CARTESIAN_POINT('',(0.044998,0.131787791816789,0.0375));
#2942=CARTESIAN_POINT('',(0.05,0.131787791816787,0.0375));
#2943=CARTESIAN_POINT('',(0.051,0.131787791816787,0.0375));
#2944=CARTESIAN_POINT('',(0.05,0.165784544926627,0.0375));
#2945=CARTESIAN_POINT('',(0.051,0.165784544926627,0.0375));
#2946=CARTESIAN_POINT('',(0.044998,0.173284544926627,0.0375));
#2947=CARTESIAN_POINT('',(0.045,0.173284544926627,0.0375));
#2948=CARTESIAN_POINT('',(0.045,0.131787791816789,0.0375));
#2949=CARTESIAN_POINT('',(0.05,0.0977910387069464,0.0375));
#2950=CARTESIAN_POINT('',(0.051,0.0977910387069464,0.0375));
#2951=CARTESIAN_POINT('',(0.044998,-0.00880756495049645,0.0106060972504789));
#2952=CARTESIAN_POINT('',(0.044998,-0.00880756495049645,0.0157121945009598));
#2953=CARTESIAN_POINT('',(0.045,-0.00880756495049645,0.0157121945009598));
#2954=CARTESIAN_POINT('',(0.045,-0.00880756495049645,0.0106060972504789));
#2955=CARTESIAN_POINT('',(0.044998,-0.0117686145149311,0.0205835062116293));
#2956=CARTESIAN_POINT('',(0.045,-0.0117686145149311,0.0205835062116293));
#2957=CARTESIAN_POINT('',(0.045,-0.00743848749600894,0.0180835062116292));
#2958=CARTESIAN_POINT('',(0.044998,-0.00743848749600894,0.0180835062116292));
#2959=CARTESIAN_POINT('',(0.044998,-0.0081230262232527,0.0168978503562946));
#2960=CARTESIAN_POINT('',(0.045,-0.0081230262232527,0.0168978503562946));
#2961=CARTESIAN_POINT('',(0.044998,0.00298999683999264,0.0124999999999997));
#2962=CARTESIAN_POINT('',(0.045,0.00298999683999264,0.0124999999999997));
#2963=CARTESIAN_POINT('',(0.045,0.00298999683999264,0.0140874999999997));
#2964=CARTESIAN_POINT('',(0.044998,0.00781308230375283,0.0305));
#2965=CARTESIAN_POINT('',(0.045,0.00781308230375283,0.0305));
#2966=CARTESIAN_POINT('',(0.045,0.00781308230375283,0.0320875));
#2967=CARTESIAN_POINT('',(0.044998,0.038,0.0214999999999997));
#2968=CARTESIAN_POINT('',(0.045,0.038,0.0214999999999997));
#2969=CARTESIAN_POINT('',(0.045,0.038,0.0230874999999997));
#2970=CARTESIAN_POINT('',(0.048,0.038,0.0214999999999997));
#2971=CARTESIAN_POINT('',(0.048,0.038,0.0199124999999997));
#2972=CARTESIAN_POINT('',(0.044998,0.170784544926627,0.0214999999999997));
#2973=CARTESIAN_POINT('',(0.045,0.170784544926627,0.0214999999999997));
#2974=CARTESIAN_POINT('',(0.045,0.170784544926627,0.0230874999999997));
#2975=CARTESIAN_POINT('',(0.048,0.170784544926627,0.0214999999999997));
#2976=CARTESIAN_POINT('',(0.048,0.170784544926627,0.0199124999999997));
#2977=CARTESIAN_POINT('',(0.044998,0.0937910387069464,0.0204999999999985));
#2978=CARTESIAN_POINT('',(0.045,0.0937910387069464,0.0204999999999985));
#2979=CARTESIAN_POINT('',(0.045,0.0937910387069464,0.0274999999999985));
#2980=CARTESIAN_POINT('',(0.044998,0.,0.0415));
#2981=CARTESIAN_POINT('',(0.045,0.,0.0415));
#2982=CARTESIAN_POINT('',(0.045,0.,0.0465));
#2983=CARTESIAN_POINT('',(0.045,-0.00880756495049645,0.));
#2984=CARTESIAN_POINT('',(0.045,0.173284544926627,0.0214999999999997));
#2985=CARTESIAN_POINT('',(0.045,-0.00596700090182435,0.063074461760091));
#2986=CARTESIAN_POINT('',(0.045,0.00204698228807197,0.0717829962769921));
#2987=CARTESIAN_POINT('',(0.045,0.00572618862799847,0.0683972259498369));
#2988=CARTESIAN_POINT('',(0.045,0.0107076190643055,0.0688277498263342));
#2989=CARTESIAN_POINT('',(0.045,0.0110162471936136,0.0652567294003721));
#2990=CARTESIAN_POINT('',(0.045,0.0113248753229218,0.06168570897441));
#2991=CARTESIAN_POINT('',(0.045,0.0163063057592288,0.0621162328509072));
#2992=CARTESIAN_POINT('',(0.045,0.0203431807974572,0.0401501019712341));
#2993=CARTESIAN_POINT('',(0.045,0.0203431807974572,0.0417376019712341));
#2994=CARTESIAN_POINT('',(0.045,0.181402925217425,0.029));
#2995=CARTESIAN_POINT('',(0.045,0.181402925217425,0.03));
#2996=CARTESIAN_POINT('',(0.045,0.181402925217425,0.0139999999999997));
#2997=CARTESIAN_POINT('',(0.045,0.181402925217425,0.0149999999999997));
#2998=CARTESIAN_POINT('',(0.045,-0.00274837805639163,0.0530937570925963));
#2999=CARTESIAN_POINT('',(0.045,-0.00274837805639163,0.0540937570925963));
#3000=CARTESIAN_POINT('',(0.045,0.00723244257341996,0.0509689260154024));
#3001=CARTESIAN_POINT('',(0.045,0.00723244257341996,0.0519689260154024));
#3002=CARTESIAN_POINT('',(0.045,0.0854761229143449,0.0239441508912843));
#3003=CARTESIAN_POINT('',(0.045,0.0854761229143449,0.0249441508912843));
#3004=CARTESIAN_POINT('',(0.045,0.0972351895982322,0.0288149157926));
#3005=CARTESIAN_POINT('',(0.045,0.0972351895982322,0.0298149157926));
#3006=CARTESIAN_POINT('',(0.045,0.102105954499548,0.0170558491087127));
#3007=CARTESIAN_POINT('',(0.045,0.102105954499548,0.0180558491087127));
#3008=CARTESIAN_POINT('',(0.045,0.0903468878156606,0.0121850842073969));
#3009=CARTESIAN_POINT('',(0.045,0.0903468878156606,0.0131850842073969));
#3010=CARTESIAN_POINT('',(0.045998,0.0464841156443038,0.0365));
#3011=CARTESIAN_POINT('',(0.045998,0.0325013283210396,0.0365));
#3012=CARTESIAN_POINT('',(0.046,0.0325013283210396,0.0365));
#3013=CARTESIAN_POINT('',(0.045998,0.0604669029675681,0.0365));
#3014=CARTESIAN_POINT('',(0.046,0.0604669029675681,0.0365));
#3015=CARTESIAN_POINT('',(0.046,0.0464841156443038,0.0365));
#3016=CARTESIAN_POINT('',(0.045998,0.0325013283210396,0.0420013283210399));
#3017=CARTESIAN_POINT('',(0.045998,0.0338576157058002,0.0473328476003649));
#3018=CARTESIAN_POINT('',(0.046,0.0338576157058002,0.0473328476003649));
#3019=CARTESIAN_POINT('',(0.046,0.0325013283210396,0.0420013283210399));
#3020=CARTESIAN_POINT('',(0.045998,0.0604669029675681,0.0385));
#3021=CARTESIAN_POINT('',(0.045998,0.0609599792959062,0.0404382661670762));
#3022=CARTESIAN_POINT('',(0.046,0.0609599792959062,0.0404382661670762));
#3023=CARTESIAN_POINT('',(0.046,0.0604669029675681,0.0385));
#3024=CARTESIAN_POINT('',(0.045998,0.0474087975008532,0.0438855568837206));
#3025=CARTESIAN_POINT('',(0.05,0.0472463546371593,0.0439268807907027));
#3026=CARTESIAN_POINT('',(0.05,0.0462772215536212,0.0441734189548718));
#3027=CARTESIAN_POINT('',(0.046,0.0474087975008532,0.0438855568837206));
#3028=CARTESIAN_POINT('',(0.046,0.180071632737131,0.));
#3029=CARTESIAN_POINT('',(0.048,0.180071632737131,0.));
#3030=CARTESIAN_POINT('',(0.048,0.038,0.0214999999999997));
#3031=CARTESIAN_POINT('',(0.048,0.0331010205144337,0.0204999999999997));
#3032=CARTESIAN_POINT('',(0.048,0.0525,0.0139999999999993));
#3033=CARTESIAN_POINT('',(0.048,0.051,0.0244999999999997));
#3034=CARTESIAN_POINT('',(0.048002,0.161784544926627,0.0214999999999997));
#3035=CARTESIAN_POINT('',(0.05,0.161784544926627,0.0214999999999997));
#3036=CARTESIAN_POINT('',(0.05,0.161784544926627,0.029));
#3037=CARTESIAN_POINT('',(0.05,0.161784544926627,0.0285));
#3038=CARTESIAN_POINT('',(0.046,0.161784544926627,0.029));
#3039=CARTESIAN_POINT('',(0.048002,0.161784544926627,0.0139999999999993));
#3040=CARTESIAN_POINT('',(0.048,0.161784544926627,0.0139999999999993));
#3041=CARTESIAN_POINT('',(0.048,0.161784544926627,0.0214999999999997));
#3042=CARTESIAN_POINT('',(0.048,0.161784544926627,0.0285));
#3043=CARTESIAN_POINT('',(0.05,0.161784544926627,0.0285));
#3044=CARTESIAN_POINT('',(0.048,0.180071632737131,0.));
#3045=CARTESIAN_POINT('',(0.048,0.177417794507338,0.0249999999999997));
#3046=CARTESIAN_POINT('',(0.048,0.177417794507338,0.0285));
#3047=CARTESIAN_POINT('',(0.048,0.170527185613746,0.0285));
#3048=CARTESIAN_POINT('',(0.048,0.158284544926627,0.0139999999999993));
#3049=CARTESIAN_POINT('',(0.05,0.170527185613746,0.0285));
#3050=CARTESIAN_POINT('',(0.05,0.177417794507338,0.0285));
#3051=CARTESIAN_POINT('',(0.05,0.177417794507338,0.0285));
#3052=CARTESIAN_POINT('',(0.05,0.170527185613746,0.0285));
#3053=CARTESIAN_POINT('',(0.05,0.171784544926627,0.0214999999999997));
#3054=CARTESIAN_POINT('',(0.05,0.104392272463313,0.0325));
#3055=CARTESIAN_POINT('',(0.05,0.158284544926627,0.029));
#3056=CARTESIAN_POINT('',(0.05,0.177417794507338,0.0249999999999997));
#3057=CARTESIAN_POINT('',(0.045998,0.177417794507338,0.0249999999999997));
#3058=CARTESIAN_POINT('',(0.048002,0.158284544926627,0.029));
#3059=CARTESIAN_POINT('',(0.048002,0.0525,0.0139999999999993));
#3060=CARTESIAN_POINT('',(0.045998,0.158284544926627,0.0139999999999993));
#3061=CARTESIAN_POINT('',(0.051,0.0684669029675681,0.0295));
#3062=CARTESIAN_POINT('',(0.051,0.0708811165299415,0.0319142135623731));
#3063=CARTESIAN_POINT('',(0.051,0.0708811165299415,0.0319142135623731));
#3064=CARTESIAN_POINT('',(0.051,0.0684669029675681,0.0295));
#3065=CARTESIAN_POINT('',(0.051,0.049233451483784,0.0214999999999997));
#3066=CARTESIAN_POINT('',(0.051,0.038,0.0214999999999997));
#3067=CARTESIAN_POINT('',(0.051,0.0722953300923146,0.0305));
#3068=CARTESIAN_POINT('',(0.051,0.0331010205144337,0.0204999999999997));
#3069=CARTESIAN_POINT('',(0.045998,0.0331010205144337,0.0204999999999997));
#3070=CARTESIAN_POINT('',(0.272985451842326,0.038,0.0214999999999997));
#3071=CARTESIAN_POINT('',(0.048002,0.051,0.0244999999999997));
#3072=CARTESIAN_POINT('',(0.045998,0.0722953300923146,0.0305));
#3073=CARTESIAN_POINT('',(-0.169985451842326,0.0903468878156606,0.0121850842073969));
#3074=CARTESIAN_POINT('',(-0.169985451842326,0.102105954499548,0.0170558491087127));
#3075=CARTESIAN_POINT('',(-0.169985451842326,0.0972351895982322,0.0288149157926));
#3076=CARTESIAN_POINT('',(-0.169985451842326,0.0854761229143449,0.0239441508912843));
#3077=CARTESIAN_POINT('',(0.270985451842326,0.106846887815661,0.0096850842073984));
#3078=CARTESIAN_POINT('',(0.048,0.117540683990908,0.00968508420739841));
#3079=CARTESIAN_POINT('',(0.048,0.103791038706946,0.0096850842073984));
#3080=CARTESIAN_POINT('',(0.048002,0.103791038706946,0.0096850842073984));
#3081=CARTESIAN_POINT('',(0.05,0.096407135485212,0.0096850842073984));
#3082=CARTESIAN_POINT('',(0.05,0.097407135485212,0.0096850842073984));
#3083=CARTESIAN_POINT('',(0.270985451842326,0.139841856080642,0.0100925421036981));
#3084=CARTESIAN_POINT('',(0.05,0.131787791816787,0.00989359100364707));
#3085=CARTESIAN_POINT('',(0.05,0.130787791816787,0.00986888905273964));
#3086=CARTESIAN_POINT('',(0.048002,0.130143615855262,0.00985297664976231));
#3087=CARTESIAN_POINT('',(0.048,0.130143615855262,0.00985297664976231));
#3088=CARTESIAN_POINT('',(0.048,0.139841856080642,0.0100925421036981));
#3089=CARTESIAN_POINT('',(0.046,0.156312133693566,0.0104993900927244));
#3090=CARTESIAN_POINT('',(0.270985451842326,0.156361522529482,0.00849999999999935));
#3091=CARTESIAN_POINT('',(0.055002,0.0877642236128675,0.00849999999999935));
#3092=CARTESIAN_POINT('',(0.055,0.038,0.0325));
#3093=CARTESIAN_POINT('',(0.05,0.165784544926627,0.0325));
#3094=CARTESIAN_POINT('',(0.05,0.165784544926627,0.032498));
#3095=CARTESIAN_POINT('',(0.05,0.131787791816787,0.032498));
#3096=CARTESIAN_POINT('',(0.05,0.0977910387069464,0.032498));
#3097=CARTESIAN_POINT('',(0.05,0.131787791816787,0.0155));
#3098=CARTESIAN_POINT('',(0.05,0.096407135485212,0.0155));
#3099=CARTESIAN_POINT('',(0.05,0.165784544926627,0.0155));
#3100=CARTESIAN_POINT('',(0.05,0.0610264791536373,0.0155));
#3101=CARTESIAN_POINT('',(0.05,0.0256458228220626,0.0155));
#3102=CARTESIAN_POINT('',(0.05,0.0256458228220626,0.0155));
#3103=CARTESIAN_POINT('',(0.049,0.0256458228220626,0.0155));
#3104=CARTESIAN_POINT('',(0.05,0.0891422724633126,0.0155));
#3105=CARTESIAN_POINT('',(-0.169985451842326,0.00723244257341996,0.0509689260154024));
#3106=CARTESIAN_POINT('',(-0.169985451842326,-0.00274837805639163,0.0530937570925963));
#3107=CARTESIAN_POINT('',(0.05,-3.30344640081266E-19,0.016));
#3108=CARTESIAN_POINT('',(0.05,-3.30344640081266E-19,0.016));
#3109=CARTESIAN_POINT('',(0.049,-3.30344640081266E-19,0.016));
#3110=CARTESIAN_POINT('',(0.05,2.60208521396521E-18,0.016));
#3111=CARTESIAN_POINT('',(0.224985451842326,0.181402925217425,0.0139999999999997));
#3112=CARTESIAN_POINT('',(0.224985451842326,0.181402925217425,0.029));
#3113=CARTESIAN_POINT('',(0.048002,0.13129032927487,0.0136850842073984));
#3114=CARTESIAN_POINT('',(0.048002,0.129253913103999,0.0171279041531718));
#3115=CARTESIAN_POINT('',(0.048,0.129253913103999,0.0171279041531718));
#3116=CARTESIAN_POINT('',(0.048,0.13129032927487,0.0136850842073984));
#3117=CARTESIAN_POINT('',(0.048,0.180071632737131,0.));
#3118=CARTESIAN_POINT('',(0.048,0.141777160639376,0.0245353620494726));
#3119=CARTESIAN_POINT('',(0.048,0.154300408174753,0.0319428199457734));
#3120=CARTESIAN_POINT('',(0.048,0.156336824345624,0.0285));
#3121=CARTESIAN_POINT('',(0.048,0.1288375337777,0.0285));
#3122=CARTESIAN_POINT('',(0.048,0.130873949948571,0.0250571800542266));
#3123=CARTESIAN_POINT('',(0.048,0.118350702413194,0.0176497221579258));
#3124=CARTESIAN_POINT('',(0.048,0.105827454877817,0.010242264261625));
#3125=CARTESIAN_POINT('',(0.048,0.103791038706946,0.0136850842073985));
#3126=CARTESIAN_POINT('',(0.048002,0.141777160639376,0.0245353620494726));
#3127=CARTESIAN_POINT('',(0.048002,0.154300408174753,0.0319428199457734));
#3128=CARTESIAN_POINT('',(0.048002,0.156336824345624,0.0285));
#3129=CARTESIAN_POINT('',(0.048002,0.1288375337777,0.0285));
#3130=CARTESIAN_POINT('',(0.048002,0.130873949948571,0.0250571800542266));
#3131=CARTESIAN_POINT('',(0.048002,0.118350702413194,0.0176497221579258));
#3132=CARTESIAN_POINT('',(0.048002,0.105827454877817,0.010242264261625));
#3133=CARTESIAN_POINT('',(0.048002,0.103791038706946,0.0136850842073985));
#3134=CARTESIAN_POINT('',(0.044998,0.173284544926627,0.0214999999999997));
#3135=CARTESIAN_POINT('',(0.053,-0.00596700090182435,0.063074461760091));
#3136=CARTESIAN_POINT('',(0.053,0.00204698228807197,0.0717829962769921));
#3137=CARTESIAN_POINT('',(0.053,0.0163063057592288,0.0621162328509072));
#3138=CARTESIAN_POINT('',(0.053,0.0113248753229218,0.06168570897441));
#3139=CARTESIAN_POINT('',(0.053,0.0110162471936136,0.0652567294003721));
#3140=CARTESIAN_POINT('',(0.053,0.0107076190643055,0.0688277498263342));
#3141=CARTESIAN_POINT('',(0.053,0.00572618862799847,0.0683972259498369));
#3142=CARTESIAN_POINT('',(0.048,-0.00880756495049645,0.));
#3143=CARTESIAN_POINT('',(0.048,0.124791038706946,0.0305));
#3144=CARTESIAN_POINT('',(0.048,0.122791038706946,0.0305));
#3145=CARTESIAN_POINT('',(0.048,0.100791038706946,0.0305));
#3146=CARTESIAN_POINT('',(0.048,0.102791038706946,0.0305));
#3147=CARTESIAN_POINT('',(0.048,0.106791038706946,0.0305));
#3148=CARTESIAN_POINT('',(0.048,0.106791038706946,0.0265));
#3149=CARTESIAN_POINT('',(0.048,0.112791038706946,0.0265));
#3150=CARTESIAN_POINT('',(0.048,0.118791038706946,0.0265));
#3151=CARTESIAN_POINT('',(0.048,0.118791038706946,0.0305));
#3152=CARTESIAN_POINT('',(0.048002,0.112791038706946,0.0265));
#3153=CARTESIAN_POINT('',(0.048,0.118791038706946,0.0265));
#3154=CARTESIAN_POINT('',(0.048002,0.106791038706946,0.0265));
#3155=CARTESIAN_POINT('',(0.048002,0.118791038706946,0.0305));
#3156=CARTESIAN_POINT('',(0.046,0.122791038706946,0.0305));
#3157=CARTESIAN_POINT('',(0.048002,0.106791038706946,0.0305));
#3158=CARTESIAN_POINT('',(0.048002,0.102791038706946,0.0305));
#3159=CARTESIAN_POINT('',(0.048002,0.100791038706946,0.0305));
#3160=CARTESIAN_POINT('',(0.045998,0.124791038706946,0.0305));
#3161=CARTESIAN_POINT('',(0.05,0.0460136638163138,0.039081215373012));
#3162=CARTESIAN_POINT('',(0.05,0.0642931281066322,0.0344310949254914));
#3163=CARTESIAN_POINT('',(0.05,0.0642931281066322,0.0344310949254914));
#3164=CARTESIAN_POINT('',(0.05,0.0633239950230941,0.0346776330896605));
#3165=CARTESIAN_POINT('',(0.002,0.0514669451809768,0.0376939528812259));
#3166=CARTESIAN_POINT('',(0.05,0.0825725923969505,0.0297809744779708));
#3167=CARTESIAN_POINT('',(0.32357692839476,0.0203431807974572,0.0401501019712341));
#3168=MECHANICAL_DESIGN_GEOMETRIC_PRESENTATION_REPRESENTATION('',(#1860),
#3169);
#3169=(
GEOMETRIC_REPRESENTATION_CONTEXT(3)
GLOBAL_UNCERTAINTY_ASSIGNED_CONTEXT((#3170))
GLOBAL_UNIT_ASSIGNED_CONTEXT((#3173,#3172,#3171))
REPRESENTATION_CONTEXT('chassis-left','TOP_LEVEL_ASSEMBLY_PART')
);
#3170=UNCERTAINTY_MEASURE_WITH_UNIT(LENGTH_MEASURE(1.09975844145705E-5),
#3173,'DISTANCE_ACCURACY_VALUE','Maximum Tolerance applied to model');
#3171=(
NAMED_UNIT(*)
SI_UNIT($,.STERADIAN.)
SOLID_ANGLE_UNIT()
);
#3172=(
NAMED_UNIT(*)
PLANE_ANGLE_UNIT()
SI_UNIT($,.RADIAN.)
);
#3173=(
LENGTH_UNIT()
NAMED_UNIT(*)
SI_UNIT($,.METRE.)
);
#3174=PRODUCT_DEFINITION_SHAPE('','',#3175);
#3175=PRODUCT_DEFINITION('','',#3177,#3176);
#3176=PRODUCT_DEFINITION_CONTEXT('',#3183,'design');
#3177=PRODUCT_DEFINITION_FORMATION_WITH_SPECIFIED_SOURCE('','',#3179,
 .NOT_KNOWN.);
#3178=PRODUCT_RELATED_PRODUCT_CATEGORY('','',(#3179));
#3179=PRODUCT('chassis-left','chassis-left','chassis-left',(#3181));
#3180=PRODUCT_CATEGORY('','');
#3181=PRODUCT_CONTEXT('',#3183,'mechanical');
#3182=APPLICATION_PROTOCOL_DEFINITION('international standard',
'ap242_managed_model_based_3d_engineering',2020,#3183);
#3183=APPLICATION_CONTEXT('managed model based 3d engineering');
ENDSEC;
END-ISO-10303-21;
