ISO-10303-21;
HEADER;
/* Generated by software containing ST-Developer
 * from STEP Tools, Inc. (www.steptools.com) 
 */
/* OPTION: using custom renumber hook */

FILE_DESCRIPTION(
/* description */ ('STEP AP242 Edition 2',
'CAx-IF Rec.Pracs.---Representation and Presentation of Product Manufa
cturing Information (PMI)---4.0---2014-10-13',
'CAx-IF Rec.Pracs.---3D Tessellated Geometry---0.4---2014-09-14','2;1',
'CAx-IF Rec.Pracs.---User Defined Attributes---1.5---2016-08-15'),
/* implementation_level */ '2;1');

FILE_NAME(
/* name */ '698d6ac9768197fb8a7f783d',
/* time_stamp */ '2026-02-12T05:53:13Z',
/* author */ (''),
/* organization */ (''),
/* preprocessor_version */ 'ST-DEVELOPER v20',
/* originating_system */ 'ONSHAPE BY PTC INC, 1.210',
/* authorisation */ '  ');

FILE_SCHEMA (('AP242_MANAGED_MODEL_BASED_3D_ENGINEERING_MIM_LF { 1 0 10303 442 3 1 4 }'));
ENDSEC;

DATA;
#10=SHAPE_REPRESENTATION_RELATIONSHIP('','',#1990,#11);
#11=ADVANCED_BREP_SHAPE_REPRESENTATION('',(#1988),#3373);
#12=CYLINDRICAL_SURFACE('',#2003,0.019);
#13=CYLINDRICAL_SURFACE('',#2023,0.002);
#14=CYLINDRICAL_SURFACE('',#2025,0.0025);
#15=CYLINDRICAL_SURFACE('',#2060,0.011);
#16=CYLINDRICAL_SURFACE('',#2064,0.011);
#17=CYLINDRICAL_SURFACE('',#2105,0.005);
#18=CYLINDRICAL_SURFACE('',#2107,0.0015875);
#19=CYLINDRICAL_SURFACE('',#2108,0.0015875);
#20=CYLINDRICAL_SURFACE('',#2109,0.0015875);
#21=CYLINDRICAL_SURFACE('',#2111,0.0015875);
#22=CYLINDRICAL_SURFACE('',#2113,0.007);
#23=CYLINDRICAL_SURFACE('',#2114,0.005);
#24=CYLINDRICAL_SURFACE('',#2119,0.00550132832103989);
#25=CYLINDRICAL_SURFACE('',#2120,0.002);
#26=CYLINDRICAL_SURFACE('',#2136,0.0035);
#27=CYLINDRICAL_SURFACE('',#2137,0.0035);
#28=CYLINDRICAL_SURFACE('',#2138,0.0035);
#29=CYLINDRICAL_SURFACE('',#2139,0.0035);
#30=CYLINDRICAL_SURFACE('',#2145,0.006);
#31=CYLINDRICAL_SURFACE('',#2146,0.006);
#32=CYLINDRICAL_SURFACE('',#2147,0.002);
#33=CYLINDRICAL_SURFACE('',#2148,0.002);
#34=CYLINDRICAL_SURFACE('',#2149,0.001);
#35=CYLINDRICAL_SURFACE('',#2150,0.001);
#36=CYLINDRICAL_SURFACE('',#2151,0.001);
#37=CYLINDRICAL_SURFACE('',#2152,0.001);
#38=CYLINDRICAL_SURFACE('',#2157,0.002);
#39=CYLINDRICAL_SURFACE('',#2158,0.002);
#40=CYLINDRICAL_SURFACE('',#2161,0.001);
#41=CYLINDRICAL_SURFACE('',#2162,0.001);
#42=CYLINDRICAL_SURFACE('',#2163,0.001);
#43=CYLINDRICAL_SURFACE('',#2164,0.001);
#44=CYLINDRICAL_SURFACE('',#2165,0.001);
#45=CYLINDRICAL_SURFACE('',#2166,0.001);
#46=CYLINDRICAL_SURFACE('',#2167,0.001);
#47=CYLINDRICAL_SURFACE('',#2168,0.001);
#48=CYLINDRICAL_SURFACE('',#2171,0.001);
#49=CYLINDRICAL_SURFACE('',#2172,0.001);
#50=CYLINDRICAL_SURFACE('',#2173,0.001);
#51=CYLINDRICAL_SURFACE('',#2176,0.001);
#52=CYLINDRICAL_SURFACE('',#2177,0.001);
#53=CYLINDRICAL_SURFACE('',#2178,0.004);
#54=CYLINDRICAL_SURFACE('',#2185,0.004);
#55=CYLINDRICAL_SURFACE('',#2186,0.004);
#56=CYLINDRICAL_SURFACE('',#2188,0.00400000000000009);
#57=CYLINDRICAL_SURFACE('',#2189,0.016);
#58=CYLINDRICAL_SURFACE('',#2191,0.005);
#59=CYLINDRICAL_SURFACE('',#2193,0.005);
#60=CYLINDRICAL_SURFACE('',#2204,0.001);
#61=CYLINDRICAL_SURFACE('',#2205,0.001);
#62=CYLINDRICAL_SURFACE('',#2206,0.003);
#63=CYLINDRICAL_SURFACE('',#2207,0.003);
#64=CYLINDRICAL_SURFACE('',#2208,0.004);
#65=CYLINDRICAL_SURFACE('',#2209,0.004);
#66=CYLINDRICAL_SURFACE('',#2210,0.002);
#67=CYLINDRICAL_SURFACE('',#2211,0.002);
#68=CYLINDRICAL_SURFACE('',#2212,0.001);
#69=CYLINDRICAL_SURFACE('',#2213,0.001);
#70=CYLINDRICAL_SURFACE('',#2216,0.001);
#71=CYLINDRICAL_SURFACE('',#2217,0.0015875);
#72=CIRCLE('',#1995,0.001);
#73=CIRCLE('',#1997,0.001);
#74=CIRCLE('',#1998,0.001);
#75=CIRCLE('',#2000,0.001);
#76=CIRCLE('',#2001,0.001);
#77=CIRCLE('',#2002,0.001);
#78=CIRCLE('',#2004,0.019);
#79=CIRCLE('',#2005,0.019);
#80=CIRCLE('',#2007,0.007);
#81=CIRCLE('',#2008,0.001);
#82=CIRCLE('',#2009,0.001);
#83=CIRCLE('',#2010,0.001);
#84=CIRCLE('',#2011,0.001);
#85=CIRCLE('',#2012,0.004);
#86=CIRCLE('',#2013,0.004);
#87=CIRCLE('',#2014,0.002);
#88=CIRCLE('',#2015,0.004);
#89=CIRCLE('',#2016,0.00400000000000009);
#90=CIRCLE('',#2017,0.0025);
#91=CIRCLE('',#2018,0.002);
#92=CIRCLE('',#2019,0.0035);
#93=CIRCLE('',#2020,0.002);
#94=CIRCLE('',#2021,0.002);
#95=CIRCLE('',#2022,0.002);
#96=CIRCLE('',#2024,0.002);
#97=CIRCLE('',#2026,0.0025);
#98=CIRCLE('',#2028,0.001);
#99=CIRCLE('',#2030,0.001);
#100=CIRCLE('',#2032,0.0015875);
#101=CIRCLE('',#2033,0.016);
#102=CIRCLE('',#2034,0.005);
#103=CIRCLE('',#2035,0.005);
#104=CIRCLE('',#2036,0.005);
#105=CIRCLE('',#2037,0.001);
#106=CIRCLE('',#2038,0.001);
#107=CIRCLE('',#2039,0.001);
#108=CIRCLE('',#2040,0.001);
#109=CIRCLE('',#2041,0.011);
#110=CIRCLE('',#2042,0.002);
#111=CIRCLE('',#2043,0.002);
#112=CIRCLE('',#2044,0.011);
#113=CIRCLE('',#2045,0.003);
#114=CIRCLE('',#2046,0.003);
#115=CIRCLE('',#2047,0.005);
#116=CIRCLE('',#2048,0.0015875);
#117=CIRCLE('',#2049,0.0015875);
#118=CIRCLE('',#2050,0.002);
#119=CIRCLE('',#2051,0.00550132832103989);
#120=CIRCLE('',#2055,0.004);
#121=CIRCLE('',#2056,0.0035);
#122=CIRCLE('',#2057,0.0035);
#123=CIRCLE('',#2058,0.002);
#124=CIRCLE('',#2059,0.004);
#125=CIRCLE('',#2061,0.011);
#126=CIRCLE('',#2062,0.011);
#127=CIRCLE('',#2065,0.011);
#128=CIRCLE('',#2066,0.011);
#129=CIRCLE('',#2068,0.0015875);
#130=CIRCLE('',#2069,0.001);
#131=CIRCLE('',#2070,0.001);
#132=CIRCLE('',#2071,0.005);
#133=CIRCLE('',#2072,0.016);
#134=CIRCLE('',#2073,0.005);
#135=CIRCLE('',#2074,0.005);
#136=CIRCLE('',#2075,0.001);
#137=CIRCLE('',#2076,0.001);
#138=CIRCLE('',#2077,0.001);
#139=CIRCLE('',#2078,0.001);
#140=CIRCLE('',#2079,0.001);
#141=CIRCLE('',#2080,0.001);
#142=CIRCLE('',#2081,0.001);
#143=CIRCLE('',#2082,0.001);
#144=CIRCLE('',#2083,0.005);
#145=CIRCLE('',#2084,0.0015875);
#146=CIRCLE('',#2085,0.0015875);
#147=CIRCLE('',#2086,0.0015875);
#148=CIRCLE('',#2087,0.0015875);
#149=CIRCLE('',#2088,0.007);
#150=CIRCLE('',#2092,0.001);
#151=CIRCLE('',#2095,0.001);
#152=CIRCLE('',#2096,0.001);
#153=CIRCLE('',#2097,0.001);
#154=CIRCLE('',#2098,0.001);
#155=CIRCLE('',#2099,0.001);
#156=CIRCLE('',#2101,0.001);
#157=CIRCLE('',#2102,0.001);
#158=CIRCLE('',#2103,0.001);
#159=CIRCLE('',#2110,0.0015875);
#160=CIRCLE('',#2112,0.0015875);
#161=CIRCLE('',#2116,0.00550132832103989);
#162=CIRCLE('',#2117,0.002);
#163=CIRCLE('',#2122,0.001);
#164=CIRCLE('',#2124,0.002);
#165=CIRCLE('',#2125,0.0035);
#166=CIRCLE('',#2126,0.006);
#167=CIRCLE('',#2127,0.006);
#168=CIRCLE('',#2129,0.0035);
#169=CIRCLE('',#2130,0.0035);
#170=CIRCLE('',#2134,0.0035);
#171=CIRCLE('',#2135,0.0035);
#172=CIRCLE('',#2142,0.006);
#173=CIRCLE('',#2143,0.002);
#174=CIRCLE('',#2144,0.006);
#175=CIRCLE('',#2154,0.001);
#176=CIRCLE('',#2160,0.001);
#177=CIRCLE('',#2169,0.001);
#178=CIRCLE('',#2174,0.001);
#179=CIRCLE('',#2179,0.004);
#180=CIRCLE('',#2181,0.00400000000000009);
#181=CIRCLE('',#2182,0.004);
#182=CIRCLE('',#2183,0.004);
#183=CIRCLE('',#2195,0.004);
#184=CIRCLE('',#2196,0.002);
#185=CIRCLE('',#2197,0.003);
#186=CIRCLE('',#2198,0.003);
#187=CIRCLE('',#2199,0.002);
#188=CIRCLE('',#2200,0.004);
#189=CIRCLE('',#2201,0.001);
#190=CIRCLE('',#2202,0.001);
#191=CIRCLE('',#2214,0.001);
#192=ELLIPSE('',#1994,0.00103185002863505,0.001);
#193=ELLIPSE('',#2156,0.00100030504666258,0.001);
#194=ORIENTED_EDGE('',*,*,#718,.T.);
#195=ORIENTED_EDGE('',*,*,#719,.F.);
#196=ORIENTED_EDGE('',*,*,#720,.T.);
#197=ORIENTED_EDGE('',*,*,#721,.F.);
#198=ORIENTED_EDGE('',*,*,#722,.T.);
#199=ORIENTED_EDGE('',*,*,#723,.F.);
#200=ORIENTED_EDGE('',*,*,#724,.T.);
#201=ORIENTED_EDGE('',*,*,#725,.F.);
#202=ORIENTED_EDGE('',*,*,#726,.T.);
#203=ORIENTED_EDGE('',*,*,#727,.T.);
#204=ORIENTED_EDGE('',*,*,#728,.F.);
#205=ORIENTED_EDGE('',*,*,#729,.T.);
#206=ORIENTED_EDGE('',*,*,#730,.F.);
#207=ORIENTED_EDGE('',*,*,#731,.F.);
#208=ORIENTED_EDGE('',*,*,#732,.F.);
#209=ORIENTED_EDGE('',*,*,#733,.F.);
#210=ORIENTED_EDGE('',*,*,#734,.T.);
#211=ORIENTED_EDGE('',*,*,#735,.F.);
#212=ORIENTED_EDGE('',*,*,#736,.F.);
#213=ORIENTED_EDGE('',*,*,#737,.T.);
#214=ORIENTED_EDGE('',*,*,#738,.F.);
#215=ORIENTED_EDGE('',*,*,#739,.T.);
#216=ORIENTED_EDGE('',*,*,#740,.F.);
#217=ORIENTED_EDGE('',*,*,#741,.T.);
#218=ORIENTED_EDGE('',*,*,#742,.F.);
#219=ORIENTED_EDGE('',*,*,#743,.T.);
#220=ORIENTED_EDGE('',*,*,#744,.T.);
#221=ORIENTED_EDGE('',*,*,#745,.T.);
#222=ORIENTED_EDGE('',*,*,#746,.F.);
#223=ORIENTED_EDGE('',*,*,#747,.F.);
#224=ORIENTED_EDGE('',*,*,#748,.F.);
#225=ORIENTED_EDGE('',*,*,#749,.F.);
#226=ORIENTED_EDGE('',*,*,#750,.T.);
#227=ORIENTED_EDGE('',*,*,#751,.T.);
#228=ORIENTED_EDGE('',*,*,#752,.T.);
#229=ORIENTED_EDGE('',*,*,#753,.F.);
#230=ORIENTED_EDGE('',*,*,#754,.T.);
#231=ORIENTED_EDGE('',*,*,#755,.F.);
#232=ORIENTED_EDGE('',*,*,#756,.F.);
#233=ORIENTED_EDGE('',*,*,#757,.F.);
#234=ORIENTED_EDGE('',*,*,#758,.T.);
#235=ORIENTED_EDGE('',*,*,#759,.F.);
#236=ORIENTED_EDGE('',*,*,#760,.F.);
#237=ORIENTED_EDGE('',*,*,#761,.F.);
#238=ORIENTED_EDGE('',*,*,#762,.F.);
#239=ORIENTED_EDGE('',*,*,#763,.F.);
#240=ORIENTED_EDGE('',*,*,#764,.T.);
#241=ORIENTED_EDGE('',*,*,#765,.F.);
#242=ORIENTED_EDGE('',*,*,#766,.F.);
#243=ORIENTED_EDGE('',*,*,#745,.F.);
#244=ORIENTED_EDGE('',*,*,#767,.F.);
#245=ORIENTED_EDGE('',*,*,#768,.T.);
#246=ORIENTED_EDGE('',*,*,#769,.F.);
#247=ORIENTED_EDGE('',*,*,#770,.T.);
#248=ORIENTED_EDGE('',*,*,#771,.F.);
#249=ORIENTED_EDGE('',*,*,#772,.F.);
#250=ORIENTED_EDGE('',*,*,#773,.T.);
#251=ORIENTED_EDGE('',*,*,#774,.F.);
#252=ORIENTED_EDGE('',*,*,#775,.F.);
#253=ORIENTED_EDGE('',*,*,#776,.F.);
#254=ORIENTED_EDGE('',*,*,#777,.T.);
#255=ORIENTED_EDGE('',*,*,#778,.T.);
#256=ORIENTED_EDGE('',*,*,#779,.F.);
#257=ORIENTED_EDGE('',*,*,#724,.F.);
#258=ORIENTED_EDGE('',*,*,#780,.F.);
#259=ORIENTED_EDGE('',*,*,#781,.T.);
#260=ORIENTED_EDGE('',*,*,#782,.T.);
#261=ORIENTED_EDGE('',*,*,#783,.T.);
#262=ORIENTED_EDGE('',*,*,#784,.T.);
#263=ORIENTED_EDGE('',*,*,#771,.T.);
#264=ORIENTED_EDGE('',*,*,#785,.F.);
#265=ORIENTED_EDGE('',*,*,#786,.F.);
#266=ORIENTED_EDGE('',*,*,#787,.F.);
#267=ORIENTED_EDGE('',*,*,#788,.T.);
#268=ORIENTED_EDGE('',*,*,#789,.F.);
#269=ORIENTED_EDGE('',*,*,#790,.F.);
#270=ORIENTED_EDGE('',*,*,#791,.F.);
#271=ORIENTED_EDGE('',*,*,#792,.T.);
#272=ORIENTED_EDGE('',*,*,#793,.T.);
#273=ORIENTED_EDGE('',*,*,#794,.F.);
#274=ORIENTED_EDGE('',*,*,#795,.T.);
#275=ORIENTED_EDGE('',*,*,#796,.T.);
#276=ORIENTED_EDGE('',*,*,#797,.F.);
#277=ORIENTED_EDGE('',*,*,#798,.F.);
#278=ORIENTED_EDGE('',*,*,#799,.F.);
#279=ORIENTED_EDGE('',*,*,#773,.F.);
#280=ORIENTED_EDGE('',*,*,#800,.F.);
#281=ORIENTED_EDGE('',*,*,#801,.T.);
#282=ORIENTED_EDGE('',*,*,#753,.T.);
#283=ORIENTED_EDGE('',*,*,#802,.T.);
#284=ORIENTED_EDGE('',*,*,#803,.F.);
#285=ORIENTED_EDGE('',*,*,#804,.F.);
#286=ORIENTED_EDGE('',*,*,#805,.F.);
#287=ORIENTED_EDGE('',*,*,#806,.F.);
#288=ORIENTED_EDGE('',*,*,#807,.F.);
#289=ORIENTED_EDGE('',*,*,#808,.F.);
#290=ORIENTED_EDGE('',*,*,#809,.F.);
#291=ORIENTED_EDGE('',*,*,#810,.F.);
#292=ORIENTED_EDGE('',*,*,#811,.T.);
#293=ORIENTED_EDGE('',*,*,#754,.F.);
#294=ORIENTED_EDGE('',*,*,#812,.T.);
#295=ORIENTED_EDGE('',*,*,#813,.F.);
#296=ORIENTED_EDGE('',*,*,#814,.T.);
#297=ORIENTED_EDGE('',*,*,#815,.T.);
#298=ORIENTED_EDGE('',*,*,#816,.F.);
#299=ORIENTED_EDGE('',*,*,#817,.F.);
#300=ORIENTED_EDGE('',*,*,#818,.T.);
#301=ORIENTED_EDGE('',*,*,#819,.T.);
#302=ORIENTED_EDGE('',*,*,#728,.T.);
#303=ORIENTED_EDGE('',*,*,#820,.T.);
#304=ORIENTED_EDGE('',*,*,#796,.F.);
#305=ORIENTED_EDGE('',*,*,#821,.F.);
#306=ORIENTED_EDGE('',*,*,#786,.T.);
#307=ORIENTED_EDGE('',*,*,#822,.T.);
#308=ORIENTED_EDGE('',*,*,#783,.F.);
#309=ORIENTED_EDGE('',*,*,#823,.T.);
#310=ORIENTED_EDGE('',*,*,#824,.F.);
#311=ORIENTED_EDGE('',*,*,#793,.F.);
#312=ORIENTED_EDGE('',*,*,#825,.T.);
#313=ORIENTED_EDGE('',*,*,#735,.T.);
#314=ORIENTED_EDGE('',*,*,#826,.F.);
#315=ORIENTED_EDGE('',*,*,#719,.T.);
#316=ORIENTED_EDGE('',*,*,#827,.F.);
#317=ORIENTED_EDGE('',*,*,#828,.T.);
#318=ORIENTED_EDGE('',*,*,#829,.T.);
#319=ORIENTED_EDGE('',*,*,#830,.T.);
#320=ORIENTED_EDGE('',*,*,#831,.T.);
#321=ORIENTED_EDGE('',*,*,#832,.T.);
#322=ORIENTED_EDGE('',*,*,#833,.T.);
#323=ORIENTED_EDGE('',*,*,#834,.T.);
#324=ORIENTED_EDGE('',*,*,#835,.T.);
#325=ORIENTED_EDGE('',*,*,#836,.T.);
#326=ORIENTED_EDGE('',*,*,#837,.T.);
#327=ORIENTED_EDGE('',*,*,#838,.T.);
#328=ORIENTED_EDGE('',*,*,#777,.F.);
#329=ORIENTED_EDGE('',*,*,#839,.F.);
#330=ORIENTED_EDGE('',*,*,#840,.T.);
#331=ORIENTED_EDGE('',*,*,#841,.T.);
#332=ORIENTED_EDGE('',*,*,#842,.F.);
#333=ORIENTED_EDGE('',*,*,#843,.T.);
#334=ORIENTED_EDGE('',*,*,#844,.F.);
#335=ORIENTED_EDGE('',*,*,#845,.F.);
#336=ORIENTED_EDGE('',*,*,#741,.F.);
#337=ORIENTED_EDGE('',*,*,#846,.F.);
#338=ORIENTED_EDGE('',*,*,#847,.T.);
#339=ORIENTED_EDGE('',*,*,#848,.F.);
#340=ORIENTED_EDGE('',*,*,#789,.T.);
#341=ORIENTED_EDGE('',*,*,#849,.F.);
#342=ORIENTED_EDGE('',*,*,#850,.T.);
#343=ORIENTED_EDGE('',*,*,#851,.F.);
#344=ORIENTED_EDGE('',*,*,#852,.T.);
#345=ORIENTED_EDGE('',*,*,#797,.T.);
#346=ORIENTED_EDGE('',*,*,#820,.F.);
#347=ORIENTED_EDGE('',*,*,#727,.F.);
#348=ORIENTED_EDGE('',*,*,#853,.T.);
#349=ORIENTED_EDGE('',*,*,#854,.F.);
#350=ORIENTED_EDGE('',*,*,#775,.T.);
#351=ORIENTED_EDGE('',*,*,#855,.F.);
#352=ORIENTED_EDGE('',*,*,#856,.F.);
#353=ORIENTED_EDGE('',*,*,#857,.F.);
#354=ORIENTED_EDGE('',*,*,#858,.T.);
#355=ORIENTED_EDGE('',*,*,#736,.T.);
#356=ORIENTED_EDGE('',*,*,#825,.F.);
#357=ORIENTED_EDGE('',*,*,#792,.F.);
#358=ORIENTED_EDGE('',*,*,#859,.T.);
#359=ORIENTED_EDGE('',*,*,#860,.F.);
#360=ORIENTED_EDGE('',*,*,#861,.T.);
#361=ORIENTED_EDGE('',*,*,#862,.F.);
#362=ORIENTED_EDGE('',*,*,#863,.F.);
#363=ORIENTED_EDGE('',*,*,#756,.T.);
#364=ORIENTED_EDGE('',*,*,#864,.F.);
#365=ORIENTED_EDGE('',*,*,#865,.T.);
#366=ORIENTED_EDGE('',*,*,#866,.T.);
#367=ORIENTED_EDGE('',*,*,#867,.T.);
#368=ORIENTED_EDGE('',*,*,#868,.T.);
#369=ORIENTED_EDGE('',*,*,#869,.T.);
#370=ORIENTED_EDGE('',*,*,#870,.T.);
#371=ORIENTED_EDGE('',*,*,#871,.T.);
#372=ORIENTED_EDGE('',*,*,#872,.F.);
#373=ORIENTED_EDGE('',*,*,#873,.F.);
#374=ORIENTED_EDGE('',*,*,#751,.F.);
#375=ORIENTED_EDGE('',*,*,#874,.F.);
#376=ORIENTED_EDGE('',*,*,#875,.F.);
#377=ORIENTED_EDGE('',*,*,#876,.T.);
#378=ORIENTED_EDGE('',*,*,#877,.F.);
#379=ORIENTED_EDGE('',*,*,#878,.F.);
#380=ORIENTED_EDGE('',*,*,#879,.F.);
#381=ORIENTED_EDGE('',*,*,#880,.T.);
#382=ORIENTED_EDGE('',*,*,#881,.T.);
#383=ORIENTED_EDGE('',*,*,#882,.T.);
#384=ORIENTED_EDGE('',*,*,#883,.T.);
#385=ORIENTED_EDGE('',*,*,#884,.T.);
#386=ORIENTED_EDGE('',*,*,#885,.T.);
#387=ORIENTED_EDGE('',*,*,#886,.F.);
#388=ORIENTED_EDGE('',*,*,#887,.F.);
#389=ORIENTED_EDGE('',*,*,#888,.F.);
#390=ORIENTED_EDGE('',*,*,#889,.F.);
#391=ORIENTED_EDGE('',*,*,#890,.F.);
#392=ORIENTED_EDGE('',*,*,#891,.F.);
#393=ORIENTED_EDGE('',*,*,#892,.T.);
#394=ORIENTED_EDGE('',*,*,#808,.T.);
#395=ORIENTED_EDGE('',*,*,#893,.F.);
#396=ORIENTED_EDGE('',*,*,#867,.F.);
#397=ORIENTED_EDGE('',*,*,#893,.T.);
#398=ORIENTED_EDGE('',*,*,#807,.T.);
#399=ORIENTED_EDGE('',*,*,#894,.F.);
#400=ORIENTED_EDGE('',*,*,#868,.F.);
#401=ORIENTED_EDGE('',*,*,#895,.T.);
#402=ORIENTED_EDGE('',*,*,#894,.T.);
#403=ORIENTED_EDGE('',*,*,#806,.T.);
#404=ORIENTED_EDGE('',*,*,#896,.F.);
#405=ORIENTED_EDGE('',*,*,#869,.F.);
#406=ORIENTED_EDGE('',*,*,#896,.T.);
#407=ORIENTED_EDGE('',*,*,#805,.T.);
#408=ORIENTED_EDGE('',*,*,#897,.F.);
#409=ORIENTED_EDGE('',*,*,#870,.F.);
#410=ORIENTED_EDGE('',*,*,#898,.T.);
#411=ORIENTED_EDGE('',*,*,#899,.T.);
#412=ORIENTED_EDGE('',*,*,#900,.T.);
#413=ORIENTED_EDGE('',*,*,#901,.T.);
#414=ORIENTED_EDGE('',*,*,#902,.T.);
#415=ORIENTED_EDGE('',*,*,#897,.T.);
#416=ORIENTED_EDGE('',*,*,#804,.T.);
#417=ORIENTED_EDGE('',*,*,#903,.F.);
#418=ORIENTED_EDGE('',*,*,#871,.F.);
#419=ORIENTED_EDGE('',*,*,#904,.T.);
#420=ORIENTED_EDGE('',*,*,#905,.T.);
#421=ORIENTED_EDGE('',*,*,#906,.T.);
#422=ORIENTED_EDGE('',*,*,#873,.T.);
#423=ORIENTED_EDGE('',*,*,#907,.T.);
#424=ORIENTED_EDGE('',*,*,#802,.F.);
#425=ORIENTED_EDGE('',*,*,#752,.F.);
#426=ORIENTED_EDGE('',*,*,#908,.T.);
#427=ORIENTED_EDGE('',*,*,#809,.T.);
#428=ORIENTED_EDGE('',*,*,#892,.F.);
#429=ORIENTED_EDGE('',*,*,#866,.F.);
#430=ORIENTED_EDGE('',*,*,#864,.T.);
#431=ORIENTED_EDGE('',*,*,#755,.T.);
#432=ORIENTED_EDGE('',*,*,#811,.F.);
#433=ORIENTED_EDGE('',*,*,#909,.F.);
#434=ORIENTED_EDGE('',*,*,#909,.T.);
#435=ORIENTED_EDGE('',*,*,#810,.T.);
#436=ORIENTED_EDGE('',*,*,#908,.F.);
#437=ORIENTED_EDGE('',*,*,#865,.F.);
#438=ORIENTED_EDGE('',*,*,#830,.F.);
#439=ORIENTED_EDGE('',*,*,#889,.T.);
#440=ORIENTED_EDGE('',*,*,#829,.F.);
#441=ORIENTED_EDGE('',*,*,#888,.T.);
#442=ORIENTED_EDGE('',*,*,#890,.T.);
#443=ORIENTED_EDGE('',*,*,#910,.F.);
#444=ORIENTED_EDGE('',*,*,#887,.T.);
#445=ORIENTED_EDGE('',*,*,#911,.F.);
#446=ORIENTED_EDGE('',*,*,#758,.F.);
#447=ORIENTED_EDGE('',*,*,#891,.T.);
#448=ORIENTED_EDGE('',*,*,#828,.F.);
#449=ORIENTED_EDGE('',*,*,#886,.T.);
#450=ORIENTED_EDGE('',*,*,#912,.F.);
#451=ORIENTED_EDGE('',*,*,#913,.F.);
#452=ORIENTED_EDGE('',*,*,#914,.F.);
#453=ORIENTED_EDGE('',*,*,#915,.F.);
#454=ORIENTED_EDGE('',*,*,#916,.F.);
#455=ORIENTED_EDGE('',*,*,#915,.T.);
#456=ORIENTED_EDGE('',*,*,#917,.T.);
#457=ORIENTED_EDGE('',*,*,#831,.F.);
#458=ORIENTED_EDGE('',*,*,#918,.F.);
#459=ORIENTED_EDGE('',*,*,#912,.T.);
#460=ORIENTED_EDGE('',*,*,#916,.T.);
#461=ORIENTED_EDGE('',*,*,#834,.F.);
#462=ORIENTED_EDGE('',*,*,#917,.F.);
#463=ORIENTED_EDGE('',*,*,#914,.T.);
#464=ORIENTED_EDGE('',*,*,#919,.T.);
#465=ORIENTED_EDGE('',*,*,#832,.F.);
#466=ORIENTED_EDGE('',*,*,#920,.T.);
#467=ORIENTED_EDGE('',*,*,#919,.F.);
#468=ORIENTED_EDGE('',*,*,#913,.T.);
#469=ORIENTED_EDGE('',*,*,#918,.T.);
#470=ORIENTED_EDGE('',*,*,#833,.F.);
#471=ORIENTED_EDGE('',*,*,#910,.T.);
#472=ORIENTED_EDGE('',*,*,#835,.F.);
#473=ORIENTED_EDGE('',*,*,#921,.F.);
#474=ORIENTED_EDGE('',*,*,#856,.T.);
#475=ORIENTED_EDGE('',*,*,#922,.F.);
#476=ORIENTED_EDGE('',*,*,#798,.T.);
#477=ORIENTED_EDGE('',*,*,#852,.F.);
#478=ORIENTED_EDGE('',*,*,#923,.F.);
#479=ORIENTED_EDGE('',*,*,#841,.F.);
#480=ORIENTED_EDGE('',*,*,#924,.F.);
#481=ORIENTED_EDGE('',*,*,#859,.F.);
#482=ORIENTED_EDGE('',*,*,#791,.T.);
#483=ORIENTED_EDGE('',*,*,#925,.F.);
#484=ORIENTED_EDGE('',*,*,#926,.F.);
#485=ORIENTED_EDGE('',*,*,#927,.T.);
#486=ORIENTED_EDGE('',*,*,#928,.F.);
#487=ORIENTED_EDGE('',*,*,#911,.T.);
#488=ORIENTED_EDGE('',*,*,#929,.T.);
#489=ORIENTED_EDGE('',*,*,#930,.T.);
#490=ORIENTED_EDGE('',*,*,#926,.T.);
#491=ORIENTED_EDGE('',*,*,#931,.F.);
#492=ORIENTED_EDGE('',*,*,#847,.F.);
#493=ORIENTED_EDGE('',*,*,#932,.F.);
#494=ORIENTED_EDGE('',*,*,#927,.F.);
#495=ORIENTED_EDGE('',*,*,#930,.F.);
#496=ORIENTED_EDGE('',*,*,#933,.T.);
#497=ORIENTED_EDGE('',*,*,#934,.F.);
#498=ORIENTED_EDGE('',*,*,#737,.F.);
#499=ORIENTED_EDGE('',*,*,#858,.F.);
#500=ORIENTED_EDGE('',*,*,#935,.F.);
#501=ORIENTED_EDGE('',*,*,#933,.F.);
#502=ORIENTED_EDGE('',*,*,#929,.F.);
#503=ORIENTED_EDGE('',*,*,#936,.F.);
#504=ORIENTED_EDGE('',*,*,#739,.F.);
#505=ORIENTED_EDGE('',*,*,#937,.F.);
#506=ORIENTED_EDGE('',*,*,#935,.T.);
#507=ORIENTED_EDGE('',*,*,#860,.T.);
#508=ORIENTED_EDGE('',*,*,#928,.T.);
#509=ORIENTED_EDGE('',*,*,#934,.T.);
#510=ORIENTED_EDGE('',*,*,#936,.T.);
#511=ORIENTED_EDGE('',*,*,#932,.T.);
#512=ORIENTED_EDGE('',*,*,#846,.T.);
#513=ORIENTED_EDGE('',*,*,#740,.T.);
#514=ORIENTED_EDGE('',*,*,#922,.T.);
#515=ORIENTED_EDGE('',*,*,#855,.T.);
#516=ORIENTED_EDGE('',*,*,#774,.T.);
#517=ORIENTED_EDGE('',*,*,#799,.T.);
#518=ORIENTED_EDGE('',*,*,#925,.T.);
#519=ORIENTED_EDGE('',*,*,#790,.T.);
#520=ORIENTED_EDGE('',*,*,#848,.T.);
#521=ORIENTED_EDGE('',*,*,#931,.T.);
#522=ORIENTED_EDGE('',*,*,#778,.F.);
#523=ORIENTED_EDGE('',*,*,#838,.F.);
#524=ORIENTED_EDGE('',*,*,#938,.T.);
#525=ORIENTED_EDGE('',*,*,#939,.F.);
#526=ORIENTED_EDGE('',*,*,#843,.F.);
#527=ORIENTED_EDGE('',*,*,#940,.F.);
#528=ORIENTED_EDGE('',*,*,#853,.F.);
#529=ORIENTED_EDGE('',*,*,#726,.F.);
#530=ORIENTED_EDGE('',*,*,#941,.F.);
#531=ORIENTED_EDGE('',*,*,#938,.F.);
#532=ORIENTED_EDGE('',*,*,#837,.F.);
#533=ORIENTED_EDGE('',*,*,#942,.F.);
#534=ORIENTED_EDGE('',*,*,#940,.T.);
#535=ORIENTED_EDGE('',*,*,#842,.T.);
#536=ORIENTED_EDGE('',*,*,#923,.T.);
#537=ORIENTED_EDGE('',*,*,#854,.T.);
#538=ORIENTED_EDGE('',*,*,#836,.F.);
#539=ORIENTED_EDGE('',*,*,#924,.T.);
#540=ORIENTED_EDGE('',*,*,#840,.F.);
#541=ORIENTED_EDGE('',*,*,#942,.T.);
#542=ORIENTED_EDGE('',*,*,#776,.T.);
#543=ORIENTED_EDGE('',*,*,#857,.T.);
#544=ORIENTED_EDGE('',*,*,#921,.T.);
#545=ORIENTED_EDGE('',*,*,#839,.T.);
#546=ORIENTED_EDGE('',*,*,#941,.T.);
#547=ORIENTED_EDGE('',*,*,#725,.T.);
#548=ORIENTED_EDGE('',*,*,#779,.T.);
#549=ORIENTED_EDGE('',*,*,#939,.T.);
#550=ORIENTED_EDGE('',*,*,#885,.F.);
#551=ORIENTED_EDGE('',*,*,#759,.T.);
#552=ORIENTED_EDGE('',*,*,#884,.F.);
#553=ORIENTED_EDGE('',*,*,#762,.T.);
#554=ORIENTED_EDGE('',*,*,#883,.F.);
#555=ORIENTED_EDGE('',*,*,#761,.T.);
#556=ORIENTED_EDGE('',*,*,#882,.F.);
#557=ORIENTED_EDGE('',*,*,#760,.T.);
#558=ORIENTED_EDGE('',*,*,#784,.F.);
#559=ORIENTED_EDGE('',*,*,#822,.F.);
#560=ORIENTED_EDGE('',*,*,#785,.T.);
#561=ORIENTED_EDGE('',*,*,#770,.F.);
#562=ORIENTED_EDGE('',*,*,#943,.F.);
#563=ORIENTED_EDGE('',*,*,#944,.T.);
#564=ORIENTED_EDGE('',*,*,#945,.F.);
#565=ORIENTED_EDGE('',*,*,#946,.F.);
#566=ORIENTED_EDGE('',*,*,#947,.F.);
#567=ORIENTED_EDGE('',*,*,#850,.F.);
#568=ORIENTED_EDGE('',*,*,#948,.F.);
#569=ORIENTED_EDGE('',*,*,#823,.F.);
#570=ORIENTED_EDGE('',*,*,#782,.F.);
#571=ORIENTED_EDGE('',*,*,#949,.F.);
#572=ORIENTED_EDGE('',*,*,#824,.T.);
#573=ORIENTED_EDGE('',*,*,#948,.T.);
#574=ORIENTED_EDGE('',*,*,#849,.T.);
#575=ORIENTED_EDGE('',*,*,#794,.T.);
#576=ORIENTED_EDGE('',*,*,#821,.T.);
#577=ORIENTED_EDGE('',*,*,#800,.T.);
#578=ORIENTED_EDGE('',*,*,#772,.T.);
#579=ORIENTED_EDGE('',*,*,#787,.T.);
#580=ORIENTED_EDGE('',*,*,#950,.F.);
#581=ORIENTED_EDGE('',*,*,#937,.T.);
#582=ORIENTED_EDGE('',*,*,#906,.F.);
#583=ORIENTED_EDGE('',*,*,#738,.T.);
#584=ORIENTED_EDGE('',*,*,#950,.T.);
#585=ORIENTED_EDGE('',*,*,#905,.F.);
#586=ORIENTED_EDGE('',*,*,#732,.T.);
#587=ORIENTED_EDGE('',*,*,#904,.F.);
#588=ORIENTED_EDGE('',*,*,#723,.T.);
#589=ORIENTED_EDGE('',*,*,#901,.F.);
#590=ORIENTED_EDGE('',*,*,#946,.T.);
#591=ORIENTED_EDGE('',*,*,#902,.F.);
#592=ORIENTED_EDGE('',*,*,#945,.T.);
#593=ORIENTED_EDGE('',*,*,#788,.F.);
#594=ORIENTED_EDGE('',*,*,#900,.F.);
#595=ORIENTED_EDGE('',*,*,#795,.F.);
#596=ORIENTED_EDGE('',*,*,#899,.F.);
#597=ORIENTED_EDGE('',*,*,#951,.T.);
#598=ORIENTED_EDGE('',*,*,#898,.F.);
#599=ORIENTED_EDGE('',*,*,#951,.F.);
#600=ORIENTED_EDGE('',*,*,#881,.F.);
#601=ORIENTED_EDGE('',*,*,#819,.F.);
#602=ORIENTED_EDGE('',*,*,#880,.F.);
#603=ORIENTED_EDGE('',*,*,#818,.F.);
#604=ORIENTED_EDGE('',*,*,#952,.T.);
#605=ORIENTED_EDGE('',*,*,#895,.F.);
#606=ORIENTED_EDGE('',*,*,#952,.F.);
#607=ORIENTED_EDGE('',*,*,#817,.T.);
#608=ORIENTED_EDGE('',*,*,#879,.T.);
#609=ORIENTED_EDGE('',*,*,#816,.T.);
#610=ORIENTED_EDGE('',*,*,#878,.T.);
#611=ORIENTED_EDGE('',*,*,#947,.T.);
#612=ORIENTED_EDGE('',*,*,#953,.F.);
#613=ORIENTED_EDGE('',*,*,#954,.T.);
#614=ORIENTED_EDGE('',*,*,#851,.T.);
#615=ORIENTED_EDGE('',*,*,#949,.T.);
#616=ORIENTED_EDGE('',*,*,#781,.F.);
#617=ORIENTED_EDGE('',*,*,#944,.F.);
#618=ORIENTED_EDGE('',*,*,#955,.T.);
#619=ORIENTED_EDGE('',*,*,#956,.F.);
#620=ORIENTED_EDGE('',*,*,#957,.T.);
#621=ORIENTED_EDGE('',*,*,#743,.F.);
#622=ORIENTED_EDGE('',*,*,#958,.T.);
#623=ORIENTED_EDGE('',*,*,#959,.T.);
#624=ORIENTED_EDGE('',*,*,#953,.T.);
#625=ORIENTED_EDGE('',*,*,#960,.T.);
#626=ORIENTED_EDGE('',*,*,#844,.T.);
#627=ORIENTED_EDGE('',*,*,#954,.F.);
#628=ORIENTED_EDGE('',*,*,#959,.F.);
#629=ORIENTED_EDGE('',*,*,#742,.T.);
#630=ORIENTED_EDGE('',*,*,#845,.T.);
#631=ORIENTED_EDGE('',*,*,#960,.F.);
#632=ORIENTED_EDGE('',*,*,#958,.F.);
#633=ORIENTED_EDGE('',*,*,#961,.T.);
#634=ORIENTED_EDGE('',*,*,#767,.T.);
#635=ORIENTED_EDGE('',*,*,#744,.F.);
#636=ORIENTED_EDGE('',*,*,#957,.F.);
#637=ORIENTED_EDGE('',*,*,#956,.T.);
#638=ORIENTED_EDGE('',*,*,#962,.T.);
#639=ORIENTED_EDGE('',*,*,#768,.F.);
#640=ORIENTED_EDGE('',*,*,#961,.F.);
#641=ORIENTED_EDGE('',*,*,#943,.T.);
#642=ORIENTED_EDGE('',*,*,#769,.T.);
#643=ORIENTED_EDGE('',*,*,#962,.F.);
#644=ORIENTED_EDGE('',*,*,#955,.F.);
#645=ORIENTED_EDGE('',*,*,#872,.T.);
#646=ORIENTED_EDGE('',*,*,#903,.T.);
#647=ORIENTED_EDGE('',*,*,#803,.T.);
#648=ORIENTED_EDGE('',*,*,#907,.F.);
#649=ORIENTED_EDGE('',*,*,#877,.T.);
#650=ORIENTED_EDGE('',*,*,#963,.F.);
#651=ORIENTED_EDGE('',*,*,#812,.F.);
#652=ORIENTED_EDGE('',*,*,#757,.T.);
#653=ORIENTED_EDGE('',*,*,#874,.T.);
#654=ORIENTED_EDGE('',*,*,#750,.F.);
#655=ORIENTED_EDGE('',*,*,#815,.F.);
#656=ORIENTED_EDGE('',*,*,#964,.T.);
#657=ORIENTED_EDGE('',*,*,#875,.T.);
#658=ORIENTED_EDGE('',*,*,#964,.F.);
#659=ORIENTED_EDGE('',*,*,#814,.F.);
#660=ORIENTED_EDGE('',*,*,#965,.T.);
#661=ORIENTED_EDGE('',*,*,#876,.F.);
#662=ORIENTED_EDGE('',*,*,#965,.F.);
#663=ORIENTED_EDGE('',*,*,#813,.T.);
#664=ORIENTED_EDGE('',*,*,#963,.T.);
#665=ORIENTED_EDGE('',*,*,#966,.F.);
#666=ORIENTED_EDGE('',*,*,#967,.F.);
#667=ORIENTED_EDGE('',*,*,#968,.F.);
#668=ORIENTED_EDGE('',*,*,#730,.T.);
#669=ORIENTED_EDGE('',*,*,#969,.F.);
#670=ORIENTED_EDGE('',*,*,#721,.T.);
#671=ORIENTED_EDGE('',*,*,#970,.F.);
#672=ORIENTED_EDGE('',*,*,#733,.T.);
#673=ORIENTED_EDGE('',*,*,#971,.F.);
#674=ORIENTED_EDGE('',*,*,#972,.F.);
#675=ORIENTED_EDGE('',*,*,#973,.F.);
#676=ORIENTED_EDGE('',*,*,#974,.F.);
#677=ORIENTED_EDGE('',*,*,#764,.F.);
#678=ORIENTED_EDGE('',*,*,#975,.F.);
#679=ORIENTED_EDGE('',*,*,#966,.T.);
#680=ORIENTED_EDGE('',*,*,#976,.F.);
#681=ORIENTED_EDGE('',*,*,#973,.T.);
#682=ORIENTED_EDGE('',*,*,#863,.T.);
#683=ORIENTED_EDGE('',*,*,#974,.T.);
#684=ORIENTED_EDGE('',*,*,#862,.T.);
#685=ORIENTED_EDGE('',*,*,#734,.F.);
#686=ORIENTED_EDGE('',*,*,#970,.T.);
#687=ORIENTED_EDGE('',*,*,#720,.F.);
#688=ORIENTED_EDGE('',*,*,#826,.T.);
#689=ORIENTED_EDGE('',*,*,#718,.F.);
#690=ORIENTED_EDGE('',*,*,#969,.T.);
#691=ORIENTED_EDGE('',*,*,#729,.F.);
#692=ORIENTED_EDGE('',*,*,#827,.T.);
#693=ORIENTED_EDGE('',*,*,#972,.T.);
#694=ORIENTED_EDGE('',*,*,#977,.T.);
#695=ORIENTED_EDGE('',*,*,#765,.T.);
#696=ORIENTED_EDGE('',*,*,#976,.T.);
#697=ORIENTED_EDGE('',*,*,#967,.T.);
#698=ORIENTED_EDGE('',*,*,#975,.T.);
#699=ORIENTED_EDGE('',*,*,#763,.T.);
#700=ORIENTED_EDGE('',*,*,#978,.T.);
#701=ORIENTED_EDGE('',*,*,#968,.T.);
#702=ORIENTED_EDGE('',*,*,#978,.F.);
#703=ORIENTED_EDGE('',*,*,#780,.T.);
#704=ORIENTED_EDGE('',*,*,#731,.T.);
#705=ORIENTED_EDGE('',*,*,#971,.T.);
#706=ORIENTED_EDGE('',*,*,#746,.T.);
#707=ORIENTED_EDGE('',*,*,#766,.T.);
#708=ORIENTED_EDGE('',*,*,#977,.F.);
#709=ORIENTED_EDGE('',*,*,#747,.T.);
#710=ORIENTED_EDGE('',*,*,#920,.F.);
#711=ORIENTED_EDGE('',*,*,#979,.F.);
#712=ORIENTED_EDGE('',*,*,#749,.T.);
#713=ORIENTED_EDGE('',*,*,#979,.T.);
#714=ORIENTED_EDGE('',*,*,#748,.T.);
#715=ORIENTED_EDGE('',*,*,#722,.F.);
#716=ORIENTED_EDGE('',*,*,#801,.F.);
#717=ORIENTED_EDGE('',*,*,#861,.F.);
#718=EDGE_CURVE('',#980,#981,#1173,.F.);
#719=EDGE_CURVE('',#982,#981,#1174,.T.);
#720=EDGE_CURVE('',#982,#983,#1175,.T.);
#721=EDGE_CURVE('',#980,#983,#1176,.T.);
#722=EDGE_CURVE('',#984,#984,#192,.T.);
#723=EDGE_CURVE('',#985,#985,#72,.F.);
#724=EDGE_CURVE('',#986,#987,#1177,.T.);
#725=EDGE_CURVE('',#988,#987,#1178,.T.);
#726=EDGE_CURVE('',#988,#989,#1179,.T.);
#727=EDGE_CURVE('',#989,#990,#1180,.T.);
#728=EDGE_CURVE('',#991,#990,#1181,.T.);
#729=EDGE_CURVE('',#991,#992,#1182,.T.);
#730=EDGE_CURVE('',#993,#992,#1183,.T.);
#731=EDGE_CURVE('',#986,#993,#1184,.F.);
#732=EDGE_CURVE('',#994,#994,#73,.F.);
#733=EDGE_CURVE('',#995,#996,#1185,.T.);
#734=EDGE_CURVE('',#995,#997,#1186,.F.);
#735=EDGE_CURVE('',#998,#997,#1187,.T.);
#736=EDGE_CURVE('',#999,#998,#1188,.T.);
#737=EDGE_CURVE('',#999,#1000,#1189,.T.);
#738=EDGE_CURVE('',#1001,#1000,#74,.F.);
#739=EDGE_CURVE('',#1001,#1002,#1190,.T.);
#740=EDGE_CURVE('',#1003,#1002,#1191,.F.);
#741=EDGE_CURVE('',#1003,#1004,#1192,.T.);
#742=EDGE_CURVE('',#1005,#1004,#1193,.T.);
#743=EDGE_CURVE('',#1005,#1006,#1194,.T.);
#744=EDGE_CURVE('',#1006,#1007,#1195,.T.);
#745=EDGE_CURVE('',#1007,#1008,#1196,.T.);
#746=EDGE_CURVE('',#996,#1008,#1197,.T.);
#747=EDGE_CURVE('',#1009,#1009,#75,.T.);
#748=EDGE_CURVE('',#1010,#1010,#76,.T.);
#749=EDGE_CURVE('',#1011,#1011,#77,.T.);
#750=EDGE_CURVE('',#1012,#1013,#1198,.T.);
#751=EDGE_CURVE('',#1013,#1014,#1199,.T.);
#752=EDGE_CURVE('',#1014,#1015,#1200,.T.);
#753=EDGE_CURVE('',#1012,#1015,#1201,.T.);
#754=EDGE_CURVE('',#1016,#1017,#78,.T.);
#755=EDGE_CURVE('',#1018,#1017,#1202,.T.);
#756=EDGE_CURVE('',#1019,#1018,#79,.F.);
#757=EDGE_CURVE('',#1016,#1019,#1203,.T.);
#758=EDGE_CURVE('',#1020,#1020,#80,.F.);
#759=EDGE_CURVE('',#1021,#1021,#81,.T.);
#760=EDGE_CURVE('',#1022,#1022,#82,.T.);
#761=EDGE_CURVE('',#1023,#1023,#83,.T.);
#762=EDGE_CURVE('',#1024,#1024,#84,.T.);
#763=EDGE_CURVE('',#1025,#1026,#85,.T.);
#764=EDGE_CURVE('',#1025,#1027,#1204,.T.);
#765=EDGE_CURVE('',#1028,#1027,#86,.T.);
#766=EDGE_CURVE('',#1008,#1028,#87,.F.);
#767=EDGE_CURVE('',#1029,#1007,#88,.T.);
#768=EDGE_CURVE('',#1029,#1030,#1205,.T.);
#769=EDGE_CURVE('',#1031,#1030,#89,.T.);
#770=EDGE_CURVE('',#1031,#1032,#1206,.T.);
#771=EDGE_CURVE('',#1033,#1032,#90,.T.);
#772=EDGE_CURVE('',#1034,#1033,#91,.T.);
#773=EDGE_CURVE('',#1034,#1035,#1207,.T.);
#774=EDGE_CURVE('',#1036,#1035,#92,.F.);
#775=EDGE_CURVE('',#1037,#1036,#1208,.T.);
#776=EDGE_CURVE('',#1038,#1037,#93,.F.);
#777=EDGE_CURVE('',#1038,#1039,#1209,.T.);
#778=EDGE_CURVE('',#1039,#1040,#1210,.T.);
#779=EDGE_CURVE('',#987,#1040,#94,.F.);
#780=EDGE_CURVE('',#1026,#986,#95,.F.);
#781=EDGE_CURVE('',#1041,#1042,#1211,.T.);
#782=EDGE_CURVE('',#1042,#1043,#1212,.F.);
#783=EDGE_CURVE('',#1043,#1044,#96,.F.);
#784=EDGE_CURVE('',#1044,#1041,#1213,.T.);
#785=EDGE_CURVE('',#1045,#1032,#1214,.T.);
#786=EDGE_CURVE('',#1046,#1045,#97,.T.);
#787=EDGE_CURVE('',#1033,#1046,#1215,.F.);
#788=EDGE_CURVE('',#1047,#1047,#98,.T.);
#789=EDGE_CURVE('',#1048,#1049,#1216,.T.);
#790=EDGE_CURVE('',#1050,#1048,#1217,.T.);
#791=EDGE_CURVE('',#1051,#1050,#1218,.T.);
#792=EDGE_CURVE('',#1051,#1052,#1219,.T.);
#793=EDGE_CURVE('',#1052,#1053,#1220,.T.);
#794=EDGE_CURVE('',#1049,#1053,#1221,.F.);
#795=EDGE_CURVE('',#1054,#1054,#99,.T.);
#796=EDGE_CURVE('',#1055,#1056,#1222,.T.);
#797=EDGE_CURVE('',#1057,#1056,#1223,.T.);
#798=EDGE_CURVE('',#1058,#1057,#1224,.T.);
#799=EDGE_CURVE('',#1035,#1058,#1225,.F.);
#800=EDGE_CURVE('',#1055,#1034,#1226,.T.);
#801=EDGE_CURVE('',#1059,#1059,#100,.F.);
#802=EDGE_CURVE('',#1015,#1060,#1227,.T.);
#803=EDGE_CURVE('',#1061,#1060,#101,.T.);
#804=EDGE_CURVE('',#1062,#1061,#1228,.T.);
#805=EDGE_CURVE('',#1063,#1062,#1229,.T.);
#806=EDGE_CURVE('',#1064,#1063,#1230,.T.);
#807=EDGE_CURVE('',#1065,#1064,#1231,.T.);
#808=EDGE_CURVE('',#1066,#1065,#1232,.T.);
#809=EDGE_CURVE('',#1067,#1066,#1233,.T.);
#810=EDGE_CURVE('',#1068,#1067,#1234,.T.);
#811=EDGE_CURVE('',#1068,#1017,#102,.T.);
#812=EDGE_CURVE('',#1016,#1069,#1235,.T.);
#813=EDGE_CURVE('',#1070,#1069,#103,.T.);
#814=EDGE_CURVE('',#1070,#1071,#1236,.T.);
#815=EDGE_CURVE('',#1071,#1012,#104,.T.);
#816=EDGE_CURVE('',#1072,#1072,#105,.F.);
#817=EDGE_CURVE('',#1073,#1073,#106,.F.);
#818=EDGE_CURVE('',#1074,#1074,#107,.T.);
#819=EDGE_CURVE('',#1075,#1075,#108,.T.);
#820=EDGE_CURVE('',#990,#1056,#109,.T.);
#821=EDGE_CURVE('',#1046,#1055,#110,.T.);
#822=EDGE_CURVE('',#1045,#1044,#1237,.T.);
#823=EDGE_CURVE('',#1043,#1076,#1238,.T.);
#824=EDGE_CURVE('',#1053,#1076,#111,.T.);
#825=EDGE_CURVE('',#1052,#998,#112,.T.);
#826=EDGE_CURVE('',#982,#997,#113,.F.);
#827=EDGE_CURVE('',#991,#981,#114,.F.);
#828=EDGE_CURVE('',#1077,#1077,#115,.T.);
#829=EDGE_CURVE('',#1078,#1078,#116,.T.);
#830=EDGE_CURVE('',#1079,#1079,#117,.T.);
#831=EDGE_CURVE('',#1080,#1081,#1239,.T.);
#832=EDGE_CURVE('',#1081,#1082,#118,.T.);
#833=EDGE_CURVE('',#1082,#1083,#1240,.T.);
#834=EDGE_CURVE('',#1083,#1080,#119,.T.);
#835=EDGE_CURVE('',#1084,#1085,#1241,.T.);
#836=EDGE_CURVE('',#1085,#1086,#1242,.F.);
#837=EDGE_CURVE('',#1086,#1087,#1243,.T.);
#838=EDGE_CURVE('',#1087,#1039,#1244,.T.);
#839=EDGE_CURVE('',#1084,#1038,#1245,.F.);
#840=EDGE_CURVE('',#1088,#1089,#1246,.T.);
#841=EDGE_CURVE('',#1089,#1090,#1247,.T.);
#842=EDGE_CURVE('',#1091,#1090,#1248,.T.);
#843=EDGE_CURVE('',#1091,#1088,#1249,.T.);
#844=EDGE_CURVE('',#1092,#1093,#1250,.T.);
#845=EDGE_CURVE('',#1004,#1092,#120,.T.);
#846=EDGE_CURVE('',#1094,#1003,#121,.F.);
#847=EDGE_CURVE('',#1094,#1095,#1251,.T.);
#848=EDGE_CURVE('',#1048,#1095,#122,.F.);
#849=EDGE_CURVE('',#1096,#1049,#123,.T.);
#850=EDGE_CURVE('',#1096,#1097,#1252,.T.);
#851=EDGE_CURVE('',#1093,#1097,#124,.T.);
#852=EDGE_CURVE('',#1098,#1057,#125,.T.);
#853=EDGE_CURVE('',#989,#1099,#126,.T.);
#854=EDGE_CURVE('',#1098,#1099,#1253,.T.);
#855=EDGE_CURVE('',#1100,#1036,#1254,.T.);
#856=EDGE_CURVE('',#1101,#1100,#1255,.T.);
#857=EDGE_CURVE('',#1037,#1101,#1256,.T.);
#858=EDGE_CURVE('',#1102,#999,#127,.T.);
#859=EDGE_CURVE('',#1051,#1103,#128,.T.);
#860=EDGE_CURVE('',#1102,#1103,#1257,.F.);
#861=EDGE_CURVE('',#1104,#1104,#129,.F.);
#862=EDGE_CURVE('',#1105,#1105,#130,.T.);
#863=EDGE_CURVE('',#1106,#1106,#131,.T.);
#864=EDGE_CURVE('',#1107,#1018,#132,.F.);
#865=EDGE_CURVE('',#1107,#1108,#1258,.T.);
#866=EDGE_CURVE('',#1108,#1109,#1259,.T.);
#867=EDGE_CURVE('',#1109,#1110,#1260,.T.);
#868=EDGE_CURVE('',#1110,#1111,#1261,.T.);
#869=EDGE_CURVE('',#1111,#1112,#1262,.T.);
#870=EDGE_CURVE('',#1112,#1113,#1263,.T.);
#871=EDGE_CURVE('',#1113,#1114,#1264,.T.);
#872=EDGE_CURVE('',#1115,#1114,#133,.F.);
#873=EDGE_CURVE('',#1014,#1115,#1265,.T.);
#874=EDGE_CURVE('',#1116,#1013,#134,.T.);
#875=EDGE_CURVE('',#1117,#1116,#1266,.T.);
#876=EDGE_CURVE('',#1117,#1118,#135,.T.);
#877=EDGE_CURVE('',#1019,#1118,#1267,.T.);
#878=EDGE_CURVE('',#1119,#1119,#136,.F.);
#879=EDGE_CURVE('',#1120,#1120,#137,.F.);
#880=EDGE_CURVE('',#1121,#1121,#138,.T.);
#881=EDGE_CURVE('',#1122,#1122,#139,.T.);
#882=EDGE_CURVE('',#1123,#1123,#140,.T.);
#883=EDGE_CURVE('',#1124,#1124,#141,.T.);
#884=EDGE_CURVE('',#1125,#1125,#142,.T.);
#885=EDGE_CURVE('',#1126,#1126,#143,.T.);
#886=EDGE_CURVE('',#1127,#1127,#144,.F.);
#887=EDGE_CURVE('',#1128,#1128,#145,.F.);
#888=EDGE_CURVE('',#1129,#1129,#146,.F.);
#889=EDGE_CURVE('',#1130,#1130,#147,.F.);
#890=EDGE_CURVE('',#1131,#1131,#148,.F.);
#891=EDGE_CURVE('',#1132,#1132,#149,.F.);
#892=EDGE_CURVE('',#1109,#1066,#1268,.T.);
#893=EDGE_CURVE('',#1110,#1065,#1269,.T.);
#894=EDGE_CURVE('',#1111,#1064,#1270,.T.);
#895=EDGE_CURVE('',#1133,#1133,#150,.T.);
#896=EDGE_CURVE('',#1112,#1063,#1271,.T.);
#897=EDGE_CURVE('',#1113,#1062,#1272,.T.);
#898=EDGE_CURVE('',#1134,#1134,#151,.T.);
#899=EDGE_CURVE('',#1135,#1135,#152,.T.);
#900=EDGE_CURVE('',#1136,#1136,#153,.T.);
#901=EDGE_CURVE('',#1137,#1137,#154,.T.);
#902=EDGE_CURVE('',#1138,#1138,#155,.T.);
#903=EDGE_CURVE('',#1114,#1061,#1273,.T.);
#904=EDGE_CURVE('',#1139,#1139,#156,.T.);
#905=EDGE_CURVE('',#1140,#1140,#157,.T.);
#906=EDGE_CURVE('',#1141,#1141,#158,.T.);
#907=EDGE_CURVE('',#1115,#1060,#1274,.T.);
#908=EDGE_CURVE('',#1108,#1067,#1275,.T.);
#909=EDGE_CURVE('',#1107,#1068,#1276,.T.);
#910=EDGE_CURVE('',#1142,#1142,#159,.T.);
#911=EDGE_CURVE('',#1143,#1143,#160,.T.);
#912=EDGE_CURVE('',#1144,#1145,#161,.F.);
#913=EDGE_CURVE('',#1146,#1144,#1277,.T.);
#914=EDGE_CURVE('',#1147,#1146,#162,.F.);
#915=EDGE_CURVE('',#1145,#1147,#1278,.T.);
#916=EDGE_CURVE('',#1145,#1080,#1279,.T.);
#917=EDGE_CURVE('',#1147,#1081,#1280,.T.);
#918=EDGE_CURVE('',#1144,#1083,#1281,.T.);
#919=EDGE_CURVE('',#1146,#1082,#1282,.T.);
#920=EDGE_CURVE('',#1148,#1148,#163,.T.);
#921=EDGE_CURVE('',#1101,#1084,#164,.F.);
#922=EDGE_CURVE('',#1058,#1100,#165,.F.);
#923=EDGE_CURVE('',#1090,#1098,#166,.T.);
#924=EDGE_CURVE('',#1085,#1089,#167,.T.);
#925=EDGE_CURVE('',#1149,#1050,#168,.F.);
#926=EDGE_CURVE('',#1150,#1149,#1283,.T.);
#927=EDGE_CURVE('',#1150,#1151,#1284,.T.);
#928=EDGE_CURVE('',#1103,#1151,#169,.T.);
#929=EDGE_CURVE('',#1152,#1153,#1285,.T.);
#930=EDGE_CURVE('',#1153,#1150,#1286,.T.);
#931=EDGE_CURVE('',#1095,#1149,#1287,.F.);
#932=EDGE_CURVE('',#1152,#1094,#1288,.T.);
#933=EDGE_CURVE('',#1153,#1154,#1289,.T.);
#934=EDGE_CURVE('',#1151,#1154,#1290,.F.);
#935=EDGE_CURVE('',#1154,#1102,#170,.F.);
#936=EDGE_CURVE('',#1002,#1152,#171,.F.);
#937=EDGE_CURVE('',#1000,#1001,#1291,.T.);
#938=EDGE_CURVE('',#1087,#1155,#1292,.T.);
#939=EDGE_CURVE('',#1040,#1155,#1293,.F.);
#940=EDGE_CURVE('',#1099,#1091,#172,.F.);
#941=EDGE_CURVE('',#1155,#988,#173,.F.);
#942=EDGE_CURVE('',#1088,#1086,#174,.F.);
#943=EDGE_CURVE('',#1156,#1031,#1294,.T.);
#944=EDGE_CURVE('',#1156,#1041,#1295,.T.);
#945=EDGE_CURVE('',#1157,#1157,#175,.T.);
#946=EDGE_CURVE('',#1158,#1158,#193,.T.);
#947=EDGE_CURVE('',#1097,#1159,#1296,.F.);
#948=EDGE_CURVE('',#1076,#1096,#1297,.T.);
#949=EDGE_CURVE('',#1159,#1042,#1298,.T.);
#950=EDGE_CURVE('',#1000,#1001,#176,.F.);
#951=EDGE_CURVE('',#1160,#1160,#177,.T.);
#952=EDGE_CURVE('',#1161,#1161,#178,.T.);
#953=EDGE_CURVE('',#1162,#1159,#179,.T.);
#954=EDGE_CURVE('',#1162,#1093,#1299,.T.);
#955=EDGE_CURVE('',#1156,#1163,#180,.T.);
#956=EDGE_CURVE('',#1164,#1163,#1300,.T.);
#957=EDGE_CURVE('',#1164,#1006,#181,.T.);
#958=EDGE_CURVE('',#1005,#1165,#182,.T.);
#959=EDGE_CURVE('',#1165,#1162,#1301,.T.);
#960=EDGE_CURVE('',#1165,#1092,#1302,.T.);
#961=EDGE_CURVE('',#1164,#1029,#1303,.T.);
#962=EDGE_CURVE('',#1163,#1030,#1304,.T.);
#963=EDGE_CURVE('',#1069,#1118,#1305,.T.);
#964=EDGE_CURVE('',#1071,#1116,#1306,.T.);
#965=EDGE_CURVE('',#1070,#1117,#1307,.T.);
#966=EDGE_CURVE('',#1166,#1167,#1308,.T.);
#967=EDGE_CURVE('',#1168,#1166,#183,.T.);
#968=EDGE_CURVE('',#993,#1168,#184,.F.);
#969=EDGE_CURVE('',#980,#992,#185,.T.);
#970=EDGE_CURVE('',#995,#983,#186,.T.);
#971=EDGE_CURVE('',#1169,#996,#187,.F.);
#972=EDGE_CURVE('',#1167,#1169,#188,.T.);
#973=EDGE_CURVE('',#1170,#1170,#189,.F.);
#974=EDGE_CURVE('',#1171,#1171,#190,.F.);
#975=EDGE_CURVE('',#1166,#1025,#1309,.T.);
#976=EDGE_CURVE('',#1027,#1167,#1310,.F.);
#977=EDGE_CURVE('',#1169,#1028,#1311,.T.);
#978=EDGE_CURVE('',#1026,#1168,#1312,.F.);
#979=EDGE_CURVE('',#1172,#1172,#191,.T.);
#980=VERTEX_POINT('',#2815);
#981=VERTEX_POINT('',#2816);
#982=VERTEX_POINT('',#2818);
#983=VERTEX_POINT('',#2820);
#984=VERTEX_POINT('',#2824);
#985=VERTEX_POINT('',#2826);
#986=VERTEX_POINT('',#2828);
#987=VERTEX_POINT('',#2829);
#988=VERTEX_POINT('',#2831);
#989=VERTEX_POINT('',#2833);
#990=VERTEX_POINT('',#2835);
#991=VERTEX_POINT('',#2837);
#992=VERTEX_POINT('',#2839);
#993=VERTEX_POINT('',#2841);
#994=VERTEX_POINT('',#2845);
#995=VERTEX_POINT('',#2847);
#996=VERTEX_POINT('',#2848);
#997=VERTEX_POINT('',#2850);
#998=VERTEX_POINT('',#2852);
#999=VERTEX_POINT('',#2854);
#1000=VERTEX_POINT('',#2856);
#1001=VERTEX_POINT('',#2858);
#1002=VERTEX_POINT('',#2860);
#1003=VERTEX_POINT('',#2862);
#1004=VERTEX_POINT('',#2864);
#1005=VERTEX_POINT('',#2866);
#1006=VERTEX_POINT('',#2868);
#1007=VERTEX_POINT('',#2870);
#1008=VERTEX_POINT('',#2872);
#1009=VERTEX_POINT('',#2876);
#1010=VERTEX_POINT('',#2878);
#1011=VERTEX_POINT('',#2880);
#1012=VERTEX_POINT('',#2882);
#1013=VERTEX_POINT('',#2883);
#1014=VERTEX_POINT('',#2885);
#1015=VERTEX_POINT('',#2887);
#1016=VERTEX_POINT('',#2891);
#1017=VERTEX_POINT('',#2892);
#1018=VERTEX_POINT('',#2894);
#1019=VERTEX_POINT('',#2896);
#1020=VERTEX_POINT('',#2900);
#1021=VERTEX_POINT('',#2902);
#1022=VERTEX_POINT('',#2904);
#1023=VERTEX_POINT('',#2906);
#1024=VERTEX_POINT('',#2908);
#1025=VERTEX_POINT('',#2910);
#1026=VERTEX_POINT('',#2911);
#1027=VERTEX_POINT('',#2913);
#1028=VERTEX_POINT('',#2915);
#1029=VERTEX_POINT('',#2918);
#1030=VERTEX_POINT('',#2920);
#1031=VERTEX_POINT('',#2922);
#1032=VERTEX_POINT('',#2924);
#1033=VERTEX_POINT('',#2926);
#1034=VERTEX_POINT('',#2928);
#1035=VERTEX_POINT('',#2930);
#1036=VERTEX_POINT('',#2932);
#1037=VERTEX_POINT('',#2934);
#1038=VERTEX_POINT('',#2936);
#1039=VERTEX_POINT('',#2938);
#1040=VERTEX_POINT('',#2940);
#1041=VERTEX_POINT('',#2945);
#1042=VERTEX_POINT('',#2946);
#1043=VERTEX_POINT('',#2948);
#1044=VERTEX_POINT('',#2950);
#1045=VERTEX_POINT('',#2954);
#1046=VERTEX_POINT('',#2956);
#1047=VERTEX_POINT('',#2960);
#1048=VERTEX_POINT('',#2962);
#1049=VERTEX_POINT('',#2963);
#1050=VERTEX_POINT('',#2965);
#1051=VERTEX_POINT('',#2967);
#1052=VERTEX_POINT('',#2969);
#1053=VERTEX_POINT('',#2971);
#1054=VERTEX_POINT('',#2975);
#1055=VERTEX_POINT('',#2977);
#1056=VERTEX_POINT('',#2978);
#1057=VERTEX_POINT('',#2980);
#1058=VERTEX_POINT('',#2982);
#1059=VERTEX_POINT('',#2987);
#1060=VERTEX_POINT('',#2989);
#1061=VERTEX_POINT('',#2991);
#1062=VERTEX_POINT('',#2993);
#1063=VERTEX_POINT('',#2995);
#1064=VERTEX_POINT('',#2997);
#1065=VERTEX_POINT('',#2999);
#1066=VERTEX_POINT('',#3001);
#1067=VERTEX_POINT('',#3003);
#1068=VERTEX_POINT('',#3005);
#1069=VERTEX_POINT('',#3008);
#1070=VERTEX_POINT('',#3010);
#1071=VERTEX_POINT('',#3012);
#1072=VERTEX_POINT('',#3015);
#1073=VERTEX_POINT('',#3017);
#1074=VERTEX_POINT('',#3019);
#1075=VERTEX_POINT('',#3021);
#1076=VERTEX_POINT('',#3026);
#1077=VERTEX_POINT('',#3032);
#1078=VERTEX_POINT('',#3034);
#1079=VERTEX_POINT('',#3036);
#1080=VERTEX_POINT('',#3038);
#1081=VERTEX_POINT('',#3039);
#1082=VERTEX_POINT('',#3041);
#1083=VERTEX_POINT('',#3043);
#1084=VERTEX_POINT('',#3047);
#1085=VERTEX_POINT('',#3048);
#1086=VERTEX_POINT('',#3050);
#1087=VERTEX_POINT('',#3052);
#1088=VERTEX_POINT('',#3057);
#1089=VERTEX_POINT('',#3058);
#1090=VERTEX_POINT('',#3060);
#1091=VERTEX_POINT('',#3062);
#1092=VERTEX_POINT('',#3066);
#1093=VERTEX_POINT('',#3067);
#1094=VERTEX_POINT('',#3070);
#1095=VERTEX_POINT('',#3072);
#1096=VERTEX_POINT('',#3075);
#1097=VERTEX_POINT('',#3077);
#1098=VERTEX_POINT('',#3081);
#1099=VERTEX_POINT('',#3083);
#1100=VERTEX_POINT('',#3087);
#1101=VERTEX_POINT('',#3089);
#1102=VERTEX_POINT('',#3093);
#1103=VERTEX_POINT('',#3095);
#1104=VERTEX_POINT('',#3099);
#1105=VERTEX_POINT('',#3101);
#1106=VERTEX_POINT('',#3103);
#1107=VERTEX_POINT('',#3105);
#1108=VERTEX_POINT('',#3107);
#1109=VERTEX_POINT('',#3109);
#1110=VERTEX_POINT('',#3111);
#1111=VERTEX_POINT('',#3113);
#1112=VERTEX_POINT('',#3115);
#1113=VERTEX_POINT('',#3117);
#1114=VERTEX_POINT('',#3119);
#1115=VERTEX_POINT('',#3121);
#1116=VERTEX_POINT('',#3124);
#1117=VERTEX_POINT('',#3126);
#1118=VERTEX_POINT('',#3128);
#1119=VERTEX_POINT('',#3131);
#1120=VERTEX_POINT('',#3133);
#1121=VERTEX_POINT('',#3135);
#1122=VERTEX_POINT('',#3137);
#1123=VERTEX_POINT('',#3139);
#1124=VERTEX_POINT('',#3141);
#1125=VERTEX_POINT('',#3143);
#1126=VERTEX_POINT('',#3145);
#1127=VERTEX_POINT('',#3147);
#1128=VERTEX_POINT('',#3149);
#1129=VERTEX_POINT('',#3151);
#1130=VERTEX_POINT('',#3153);
#1131=VERTEX_POINT('',#3155);
#1132=VERTEX_POINT('',#3157);
#1133=VERTEX_POINT('',#3165);
#1134=VERTEX_POINT('',#3171);
#1135=VERTEX_POINT('',#3173);
#1136=VERTEX_POINT('',#3175);
#1137=VERTEX_POINT('',#3177);
#1138=VERTEX_POINT('',#3179);
#1139=VERTEX_POINT('',#3183);
#1140=VERTEX_POINT('',#3185);
#1141=VERTEX_POINT('',#3187);
#1142=VERTEX_POINT('',#3198);
#1143=VERTEX_POINT('',#3201);
#1144=VERTEX_POINT('',#3206);
#1145=VERTEX_POINT('',#3207);
#1146=VERTEX_POINT('',#3209);
#1147=VERTEX_POINT('',#3211);
#1148=VERTEX_POINT('',#3222);
#1149=VERTEX_POINT('',#3230);
#1150=VERTEX_POINT('',#3232);
#1151=VERTEX_POINT('',#3234);
#1152=VERTEX_POINT('',#3238);
#1153=VERTEX_POINT('',#3239);
#1154=VERTEX_POINT('',#3245);
#1155=VERTEX_POINT('',#3257);
#1156=VERTEX_POINT('',#3273);
#1157=VERTEX_POINT('',#3276);
#1158=VERTEX_POINT('',#3279);
#1159=VERTEX_POINT('',#3281);
#1160=VERTEX_POINT('',#3297);
#1161=VERTEX_POINT('',#3303);
#1162=VERTEX_POINT('',#3309);
#1163=VERTEX_POINT('',#3313);
#1164=VERTEX_POINT('',#3315);
#1165=VERTEX_POINT('',#3318);
#1166=VERTEX_POINT('',#3338);
#1167=VERTEX_POINT('',#3339);
#1168=VERTEX_POINT('',#3341);
#1169=VERTEX_POINT('',#3346);
#1170=VERTEX_POINT('',#3349);
#1171=VERTEX_POINT('',#3351);
#1172=VERTEX_POINT('',#3368);
#1173=LINE('',#2814,#1313);
#1174=LINE('',#2817,#1314);
#1175=LINE('',#2819,#1315);
#1176=LINE('',#2821,#1316);
#1177=LINE('',#2827,#1317);
#1178=LINE('',#2830,#1318);
#1179=LINE('',#2832,#1319);
#1180=LINE('',#2834,#1320);
#1181=LINE('',#2836,#1321);
#1182=LINE('',#2838,#1322);
#1183=LINE('',#2840,#1323);
#1184=LINE('',#2842,#1324);
#1185=LINE('',#2846,#1325);
#1186=LINE('',#2849,#1326);
#1187=LINE('',#2851,#1327);
#1188=LINE('',#2853,#1328);
#1189=LINE('',#2855,#1329);
#1190=LINE('',#2859,#1330);
#1191=LINE('',#2861,#1331);
#1192=LINE('',#2863,#1332);
#1193=LINE('',#2865,#1333);
#1194=LINE('',#2867,#1334);
#1195=LINE('',#2869,#1335);
#1196=LINE('',#2871,#1336);
#1197=LINE('',#2873,#1337);
#1198=LINE('',#2881,#1338);
#1199=LINE('',#2884,#1339);
#1200=LINE('',#2886,#1340);
#1201=LINE('',#2888,#1341);
#1202=LINE('',#2893,#1342);
#1203=LINE('',#2897,#1343);
#1204=LINE('',#2912,#1344);
#1205=LINE('',#2919,#1345);
#1206=LINE('',#2923,#1346);
#1207=LINE('',#2929,#1347);
#1208=LINE('',#2933,#1348);
#1209=LINE('',#2937,#1349);
#1210=LINE('',#2939,#1350);
#1211=LINE('',#2944,#1351);
#1212=LINE('',#2947,#1352);
#1213=LINE('',#2951,#1353);
#1214=LINE('',#2953,#1354);
#1215=LINE('',#2957,#1355);
#1216=LINE('',#2961,#1356);
#1217=LINE('',#2964,#1357);
#1218=LINE('',#2966,#1358);
#1219=LINE('',#2968,#1359);
#1220=LINE('',#2970,#1360);
#1221=LINE('',#2972,#1361);
#1222=LINE('',#2976,#1362);
#1223=LINE('',#2979,#1363);
#1224=LINE('',#2981,#1364);
#1225=LINE('',#2983,#1365);
#1226=LINE('',#2984,#1366);
#1227=LINE('',#2988,#1367);
#1228=LINE('',#2992,#1368);
#1229=LINE('',#2994,#1369);
#1230=LINE('',#2996,#1370);
#1231=LINE('',#2998,#1371);
#1232=LINE('',#3000,#1372);
#1233=LINE('',#3002,#1373);
#1234=LINE('',#3004,#1374);
#1235=LINE('',#3007,#1375);
#1236=LINE('',#3011,#1376);
#1237=LINE('',#3024,#1377);
#1238=LINE('',#3025,#1378);
#1239=LINE('',#3037,#1379);
#1240=LINE('',#3042,#1380);
#1241=LINE('',#3046,#1381);
#1242=LINE('',#3049,#1382);
#1243=LINE('',#3051,#1383);
#1244=LINE('',#3053,#1384);
#1245=LINE('',#3054,#1385);
#1246=LINE('',#3056,#1386);
#1247=LINE('',#3059,#1387);
#1248=LINE('',#3061,#1388);
#1249=LINE('',#3063,#1389);
#1250=LINE('',#3065,#1390);
#1251=LINE('',#3071,#1391);
#1252=LINE('',#3076,#1392);
#1253=LINE('',#3084,#1393);
#1254=LINE('',#3086,#1394);
#1255=LINE('',#3088,#1395);
#1256=LINE('',#3090,#1396);
#1257=LINE('',#3096,#1397);
#1258=LINE('',#3106,#1398);
#1259=LINE('',#3108,#1399);
#1260=LINE('',#3110,#1400);
#1261=LINE('',#3112,#1401);
#1262=LINE('',#3114,#1402);
#1263=LINE('',#3116,#1403);
#1264=LINE('',#3118,#1404);
#1265=LINE('',#3122,#1405);
#1266=LINE('',#3125,#1406);
#1267=LINE('',#3129,#1407);
#1268=LINE('',#3159,#1408);
#1269=LINE('',#3160,#1409);
#1270=LINE('',#3162,#1410);
#1271=LINE('',#3166,#1411);
#1272=LINE('',#3168,#1412);
#1273=LINE('',#3180,#1413);
#1274=LINE('',#3188,#1414);
#1275=LINE('',#3190,#1415);
#1276=LINE('',#3192,#1416);
#1277=LINE('',#3208,#1417);
#1278=LINE('',#3212,#1418);
#1279=LINE('',#3214,#1419);
#1280=LINE('',#3215,#1420);
#1281=LINE('',#3217,#1421);
#1282=LINE('',#3219,#1422);
#1283=LINE('',#3231,#1423);
#1284=LINE('',#3233,#1424);
#1285=LINE('',#3237,#1425);
#1286=LINE('',#3240,#1426);
#1287=LINE('',#3241,#1427);
#1288=LINE('',#3242,#1428);
#1289=LINE('',#3244,#1429);
#1290=LINE('',#3246,#1430);
#1291=LINE('',#3250,#1431);
#1292=LINE('',#3256,#1432);
#1293=LINE('',#3258,#1433);
#1294=LINE('',#3272,#1434);
#1295=LINE('',#3274,#1435);
#1296=LINE('',#3280,#1436);
#1297=LINE('',#3282,#1437);
#1298=LINE('',#3283,#1438);
#1299=LINE('',#3310,#1439);
#1300=LINE('',#3314,#1440);
#1301=LINE('',#3319,#1441);
#1302=LINE('',#3321,#1442);
#1303=LINE('',#3324,#1443);
#1304=LINE('',#3326,#1444);
#1305=LINE('',#3330,#1445);
#1306=LINE('',#3332,#1446);
#1307=LINE('',#3334,#1447);
#1308=LINE('',#3337,#1448);
#1309=LINE('',#3353,#1449);
#1310=LINE('',#3354,#1450);
#1311=LINE('',#3360,#1451);
#1312=LINE('',#3362,#1452);
#1313=VECTOR('',#2222,1.);
#1314=VECTOR('',#2223,1.);
#1315=VECTOR('',#2224,1.);
#1316=VECTOR('',#2225,1.);
#1317=VECTOR('',#2232,1.);
#1318=VECTOR('',#2233,1.);
#1319=VECTOR('',#2234,1.);
#1320=VECTOR('',#2235,1.);
#1321=VECTOR('',#2236,1.);
#1322=VECTOR('',#2237,1.);
#1323=VECTOR('',#2238,1.);
#1324=VECTOR('',#2239,1.);
#1325=VECTOR('',#2244,1.);
#1326=VECTOR('',#2245,1.);
#1327=VECTOR('',#2246,1.);
#1328=VECTOR('',#2247,1.);
#1329=VECTOR('',#2248,1.);
#1330=VECTOR('',#2251,1.);
#1331=VECTOR('',#2252,1.);
#1332=VECTOR('',#2253,1.);
#1333=VECTOR('',#2254,1.);
#1334=VECTOR('',#2255,1.);
#1335=VECTOR('',#2256,1.);
#1336=VECTOR('',#2257,1.);
#1337=VECTOR('',#2258,1.);
#1338=VECTOR('',#2267,1.);
#1339=VECTOR('',#2268,1.);
#1340=VECTOR('',#2269,1.);
#1341=VECTOR('',#2270,1.);
#1342=VECTOR('',#2275,1.);
#1343=VECTOR('',#2278,1.);
#1344=VECTOR('',#2293,1.);
#1345=VECTOR('',#2300,1.);
#1346=VECTOR('',#2303,1.);
#1347=VECTOR('',#2308,1.);
#1348=VECTOR('',#2311,1.);
#1349=VECTOR('',#2314,1.);
#1350=VECTOR('',#2315,1.);
#1351=VECTOR('',#2322,1.);
#1352=VECTOR('',#2323,1.);
#1353=VECTOR('',#2326,1.);
#1354=VECTOR('',#2329,1.);
#1355=VECTOR('',#2332,1.);
#1356=VECTOR('',#2337,1.);
#1357=VECTOR('',#2338,1.);
#1358=VECTOR('',#2339,1.);
#1359=VECTOR('',#2340,1.);
#1360=VECTOR('',#2341,1.);
#1361=VECTOR('',#2342,1.);
#1362=VECTOR('',#2347,1.);
#1363=VECTOR('',#2348,1.);
#1364=VECTOR('',#2349,1.);
#1365=VECTOR('',#2350,1.);
#1366=VECTOR('',#2351,1.);
#1367=VECTOR('',#2356,1.);
#1368=VECTOR('',#2359,1.);
#1369=VECTOR('',#2360,1.);
#1370=VECTOR('',#2361,1.);
#1371=VECTOR('',#2362,1.);
#1372=VECTOR('',#2363,1.);
#1373=VECTOR('',#2364,1.);
#1374=VECTOR('',#2365,1.);
#1375=VECTOR('',#2368,1.);
#1376=VECTOR('',#2371,1.);
#1377=VECTOR('',#2386,1.);
#1378=VECTOR('',#2387,1.);
#1379=VECTOR('',#2402,1.);
#1380=VECTOR('',#2405,1.);
#1381=VECTOR('',#2410,1.);
#1382=VECTOR('',#2411,1.);
#1383=VECTOR('',#2412,1.);
#1384=VECTOR('',#2413,1.);
#1385=VECTOR('',#2414,1.);
#1386=VECTOR('',#2417,1.);
#1387=VECTOR('',#2418,1.);
#1388=VECTOR('',#2419,1.);
#1389=VECTOR('',#2420,1.);
#1390=VECTOR('',#2423,1.);
#1391=VECTOR('',#2428,1.);
#1392=VECTOR('',#2433,1.);
#1393=VECTOR('',#2442,1.);
#1394=VECTOR('',#2445,1.);
#1395=VECTOR('',#2446,1.);
#1396=VECTOR('',#2447,1.);
#1397=VECTOR('',#2454,1.);
#1398=VECTOR('',#2465,1.);
#1399=VECTOR('',#2466,1.);
#1400=VECTOR('',#2467,1.);
#1401=VECTOR('',#2468,1.);
#1402=VECTOR('',#2469,1.);
#1403=VECTOR('',#2470,1.);
#1404=VECTOR('',#2471,1.);
#1405=VECTOR('',#2474,1.);
#1406=VECTOR('',#2477,1.);
#1407=VECTOR('',#2480,1.);
#1408=VECTOR('',#2511,1.);
#1409=VECTOR('',#2512,1.);
#1410=VECTOR('',#2515,1.);
#1411=VECTOR('',#2520,1.);
#1412=VECTOR('',#2523,1.);
#1413=VECTOR('',#2536,1.);
#1414=VECTOR('',#2545,1.);
#1415=VECTOR('',#2548,1.);
#1416=VECTOR('',#2551,1.);
#1417=VECTOR('',#2574,1.);
#1418=VECTOR('',#2577,1.);
#1419=VECTOR('',#2580,1.);
#1420=VECTOR('',#2581,1.);
#1421=VECTOR('',#2584,1.);
#1422=VECTOR('',#2587,1.);
#1423=VECTOR('',#2606,1.);
#1424=VECTOR('',#2607,1.);
#1425=VECTOR('',#2612,1.);
#1426=VECTOR('',#2613,1.);
#1427=VECTOR('',#2614,1.);
#1428=VECTOR('',#2615,1.);
#1429=VECTOR('',#2618,1.);
#1430=VECTOR('',#2619,1.);
#1431=VECTOR('',#2626,1.);
#1432=VECTOR('',#2637,1.);
#1433=VECTOR('',#2638,1.);
#1434=VECTOR('',#2665,1.);
#1435=VECTOR('',#2666,1.);
#1436=VECTOR('',#2673,1.);
#1437=VECTOR('',#2674,1.);
#1438=VECTOR('',#2675,1.);
#1439=VECTOR('',#2722,1.);
#1440=VECTOR('',#2727,1.);
#1441=VECTOR('',#2732,1.);
#1442=VECTOR('',#2735,1.);
#1443=VECTOR('',#2740,1.);
#1444=VECTOR('',#2743,1.);
#1445=VECTOR('',#2750,1.);
#1446=VECTOR('',#2753,1.);
#1447=VECTOR('',#2756,1.);
#1448=VECTOR('',#2761,1.);
#1449=VECTOR('',#2780,1.);
#1450=VECTOR('',#2781,1.);
#1451=VECTOR('',#2792,1.);
#1452=VECTOR('',#2795,1.);
#1453=EDGE_LOOP('',(#194,#195,#196,#197));
#1454=EDGE_LOOP('',(#198));
#1455=EDGE_LOOP('',(#199));
#1456=EDGE_LOOP('',(#200,#201,#202,#203,#204,#205,#206,#207));
#1457=EDGE_LOOP('',(#208));
#1458=EDGE_LOOP('',(#209,#210,#211,#212,#213,#214,#215,#216,#217,#218,#219,
#220,#221,#222));
#1459=EDGE_LOOP('',(#223));
#1460=EDGE_LOOP('',(#224));
#1461=EDGE_LOOP('',(#225));
#1462=EDGE_LOOP('',(#226,#227,#228,#229));
#1463=EDGE_LOOP('',(#230,#231,#232,#233));
#1464=EDGE_LOOP('',(#234));
#1465=EDGE_LOOP('',(#235));
#1466=EDGE_LOOP('',(#236));
#1467=EDGE_LOOP('',(#237));
#1468=EDGE_LOOP('',(#238));
#1469=EDGE_LOOP('',(#239,#240,#241,#242,#243,#244,#245,#246,#247,#248,#249,
#250,#251,#252,#253,#254,#255,#256,#257,#258));
#1470=EDGE_LOOP('',(#259,#260,#261,#262));
#1471=EDGE_LOOP('',(#263,#264,#265,#266));
#1472=EDGE_LOOP('',(#267));
#1473=EDGE_LOOP('',(#268,#269,#270,#271,#272,#273));
#1474=EDGE_LOOP('',(#274));
#1475=EDGE_LOOP('',(#275,#276,#277,#278,#279,#280));
#1476=EDGE_LOOP('',(#281));
#1477=EDGE_LOOP('',(#282,#283,#284,#285,#286,#287,#288,#289,#290,#291,#292,
#293,#294,#295,#296,#297));
#1478=EDGE_LOOP('',(#298));
#1479=EDGE_LOOP('',(#299));
#1480=EDGE_LOOP('',(#300));
#1481=EDGE_LOOP('',(#301));
#1482=EDGE_LOOP('',(#302,#303,#304,#305,#306,#307,#308,#309,#310,#311,#312,
#313,#314,#315,#316));
#1483=EDGE_LOOP('',(#317));
#1484=EDGE_LOOP('',(#318));
#1485=EDGE_LOOP('',(#319));
#1486=EDGE_LOOP('',(#320,#321,#322,#323));
#1487=EDGE_LOOP('',(#324,#325,#326,#327,#328,#329));
#1488=EDGE_LOOP('',(#330,#331,#332,#333));
#1489=EDGE_LOOP('',(#334,#335,#336,#337,#338,#339,#340,#341,#342,#343));
#1490=EDGE_LOOP('',(#344,#345,#346,#347,#348,#349));
#1491=EDGE_LOOP('',(#350,#351,#352,#353));
#1492=EDGE_LOOP('',(#354,#355,#356,#357,#358,#359));
#1493=EDGE_LOOP('',(#360));
#1494=EDGE_LOOP('',(#361));
#1495=EDGE_LOOP('',(#362));
#1496=EDGE_LOOP('',(#363,#364,#365,#366,#367,#368,#369,#370,#371,#372,#373,
#374,#375,#376,#377,#378));
#1497=EDGE_LOOP('',(#379));
#1498=EDGE_LOOP('',(#380));
#1499=EDGE_LOOP('',(#381));
#1500=EDGE_LOOP('',(#382));
#1501=EDGE_LOOP('',(#383));
#1502=EDGE_LOOP('',(#384));
#1503=EDGE_LOOP('',(#385));
#1504=EDGE_LOOP('',(#386));
#1505=EDGE_LOOP('',(#387));
#1506=EDGE_LOOP('',(#388));
#1507=EDGE_LOOP('',(#389));
#1508=EDGE_LOOP('',(#390));
#1509=EDGE_LOOP('',(#391));
#1510=EDGE_LOOP('',(#392));
#1511=EDGE_LOOP('',(#393,#394,#395,#396));
#1512=EDGE_LOOP('',(#397,#398,#399,#400));
#1513=EDGE_LOOP('',(#401));
#1514=EDGE_LOOP('',(#402,#403,#404,#405));
#1515=EDGE_LOOP('',(#406,#407,#408,#409));
#1516=EDGE_LOOP('',(#410));
#1517=EDGE_LOOP('',(#411));
#1518=EDGE_LOOP('',(#412));
#1519=EDGE_LOOP('',(#413));
#1520=EDGE_LOOP('',(#414));
#1521=EDGE_LOOP('',(#415,#416,#417,#418));
#1522=EDGE_LOOP('',(#419));
#1523=EDGE_LOOP('',(#420));
#1524=EDGE_LOOP('',(#421));
#1525=EDGE_LOOP('',(#422,#423,#424,#425));
#1526=EDGE_LOOP('',(#426,#427,#428,#429));
#1527=EDGE_LOOP('',(#430,#431,#432,#433));
#1528=EDGE_LOOP('',(#434,#435,#436,#437));
#1529=EDGE_LOOP('',(#438));
#1530=EDGE_LOOP('',(#439));
#1531=EDGE_LOOP('',(#440));
#1532=EDGE_LOOP('',(#441));
#1533=EDGE_LOOP('',(#442));
#1534=EDGE_LOOP('',(#443));
#1535=EDGE_LOOP('',(#444));
#1536=EDGE_LOOP('',(#445));
#1537=EDGE_LOOP('',(#446));
#1538=EDGE_LOOP('',(#447));
#1539=EDGE_LOOP('',(#448));
#1540=EDGE_LOOP('',(#449));
#1541=EDGE_LOOP('',(#450,#451,#452,#453));
#1542=EDGE_LOOP('',(#454,#455,#456,#457));
#1543=EDGE_LOOP('',(#458,#459,#460,#461));
#1544=EDGE_LOOP('',(#462,#463,#464,#465));
#1545=EDGE_LOOP('',(#466));
#1546=EDGE_LOOP('',(#467,#468,#469,#470));
#1547=EDGE_LOOP('',(#471));
#1548=EDGE_LOOP('',(#472,#473,#474,#475,#476,#477,#478,#479,#480));
#1549=EDGE_LOOP('',(#481,#482,#483,#484,#485,#486));
#1550=EDGE_LOOP('',(#487));
#1551=EDGE_LOOP('',(#488,#489,#490,#491,#492,#493));
#1552=EDGE_LOOP('',(#494,#495,#496,#497));
#1553=EDGE_LOOP('',(#498,#499,#500,#501,#502,#503,#504,#505));
#1554=EDGE_LOOP('',(#506,#507,#508,#509));
#1555=EDGE_LOOP('',(#510,#511,#512,#513));
#1556=EDGE_LOOP('',(#514,#515,#516,#517));
#1557=EDGE_LOOP('',(#518,#519,#520,#521));
#1558=EDGE_LOOP('',(#522,#523,#524,#525));
#1559=EDGE_LOOP('',(#526,#527,#528,#529,#530,#531,#532,#533));
#1560=EDGE_LOOP('',(#534,#535,#536,#537));
#1561=EDGE_LOOP('',(#538,#539,#540,#541));
#1562=EDGE_LOOP('',(#542,#543,#544,#545));
#1563=EDGE_LOOP('',(#546,#547,#548,#549));
#1564=EDGE_LOOP('',(#550));
#1565=EDGE_LOOP('',(#551));
#1566=EDGE_LOOP('',(#552));
#1567=EDGE_LOOP('',(#553));
#1568=EDGE_LOOP('',(#554));
#1569=EDGE_LOOP('',(#555));
#1570=EDGE_LOOP('',(#556));
#1571=EDGE_LOOP('',(#557));
#1572=EDGE_LOOP('',(#558,#559,#560,#561,#562,#563));
#1573=EDGE_LOOP('',(#564));
#1574=EDGE_LOOP('',(#565));
#1575=EDGE_LOOP('',(#566,#567,#568,#569,#570,#571));
#1576=EDGE_LOOP('',(#572,#573,#574,#575));
#1577=EDGE_LOOP('',(#576,#577,#578,#579));
#1578=EDGE_LOOP('',(#580,#581));
#1579=EDGE_LOOP('',(#582));
#1580=EDGE_LOOP('',(#583,#584));
#1581=EDGE_LOOP('',(#585));
#1582=EDGE_LOOP('',(#586));
#1583=EDGE_LOOP('',(#587));
#1584=EDGE_LOOP('',(#588));
#1585=EDGE_LOOP('',(#589));
#1586=EDGE_LOOP('',(#590));
#1587=EDGE_LOOP('',(#591));
#1588=EDGE_LOOP('',(#592));
#1589=EDGE_LOOP('',(#593));
#1590=EDGE_LOOP('',(#594));
#1591=EDGE_LOOP('',(#595));
#1592=EDGE_LOOP('',(#596));
#1593=EDGE_LOOP('',(#597));
#1594=EDGE_LOOP('',(#598));
#1595=EDGE_LOOP('',(#599));
#1596=EDGE_LOOP('',(#600));
#1597=EDGE_LOOP('',(#601));
#1598=EDGE_LOOP('',(#602));
#1599=EDGE_LOOP('',(#603));
#1600=EDGE_LOOP('',(#604));
#1601=EDGE_LOOP('',(#605));
#1602=EDGE_LOOP('',(#606));
#1603=EDGE_LOOP('',(#607));
#1604=EDGE_LOOP('',(#608));
#1605=EDGE_LOOP('',(#609));
#1606=EDGE_LOOP('',(#610));
#1607=EDGE_LOOP('',(#611,#612,#613,#614));
#1608=EDGE_LOOP('',(#615,#616,#617,#618,#619,#620,#621,#622,#623,#624));
#1609=EDGE_LOOP('',(#625,#626,#627,#628));
#1610=EDGE_LOOP('',(#629,#630,#631,#632));
#1611=EDGE_LOOP('',(#633,#634,#635,#636));
#1612=EDGE_LOOP('',(#637,#638,#639,#640));
#1613=EDGE_LOOP('',(#641,#642,#643,#644));
#1614=EDGE_LOOP('',(#645,#646,#647,#648));
#1615=EDGE_LOOP('',(#649,#650,#651,#652));
#1616=EDGE_LOOP('',(#653,#654,#655,#656));
#1617=EDGE_LOOP('',(#657,#658,#659,#660));
#1618=EDGE_LOOP('',(#661,#662,#663,#664));
#1619=EDGE_LOOP('',(#665,#666,#667,#668,#669,#670,#671,#672,#673,#674));
#1620=EDGE_LOOP('',(#675));
#1621=EDGE_LOOP('',(#676));
#1622=EDGE_LOOP('',(#677,#678,#679,#680));
#1623=EDGE_LOOP('',(#681));
#1624=EDGE_LOOP('',(#682));
#1625=EDGE_LOOP('',(#683));
#1626=EDGE_LOOP('',(#684));
#1627=EDGE_LOOP('',(#685,#686,#687,#688));
#1628=EDGE_LOOP('',(#689,#690,#691,#692));
#1629=EDGE_LOOP('',(#693,#694,#695,#696));
#1630=EDGE_LOOP('',(#697,#698,#699,#700));
#1631=EDGE_LOOP('',(#701,#702,#703,#704));
#1632=EDGE_LOOP('',(#705,#706,#707,#708));
#1633=EDGE_LOOP('',(#709));
#1634=EDGE_LOOP('',(#710));
#1635=EDGE_LOOP('',(#711));
#1636=EDGE_LOOP('',(#712));
#1637=EDGE_LOOP('',(#713));
#1638=EDGE_LOOP('',(#714));
#1639=EDGE_LOOP('',(#715));
#1640=EDGE_LOOP('',(#716));
#1641=EDGE_LOOP('',(#717));
#1642=FACE_BOUND('',#1453,.T.);
#1643=FACE_BOUND('',#1454,.T.);
#1644=FACE_BOUND('',#1455,.T.);
#1645=FACE_BOUND('',#1456,.T.);
#1646=FACE_BOUND('',#1457,.T.);
#1647=FACE_BOUND('',#1458,.T.);
#1648=FACE_BOUND('',#1459,.T.);
#1649=FACE_BOUND('',#1460,.T.);
#1650=FACE_BOUND('',#1461,.T.);
#1651=FACE_BOUND('',#1462,.T.);
#1652=FACE_BOUND('',#1463,.T.);
#1653=FACE_BOUND('',#1464,.T.);
#1654=FACE_BOUND('',#1465,.T.);
#1655=FACE_BOUND('',#1466,.T.);
#1656=FACE_BOUND('',#1467,.T.);
#1657=FACE_BOUND('',#1468,.T.);
#1658=FACE_BOUND('',#1469,.T.);
#1659=FACE_BOUND('',#1470,.T.);
#1660=FACE_BOUND('',#1471,.T.);
#1661=FACE_BOUND('',#1472,.T.);
#1662=FACE_BOUND('',#1473,.T.);
#1663=FACE_BOUND('',#1474,.T.);
#1664=FACE_BOUND('',#1475,.T.);
#1665=FACE_BOUND('',#1476,.T.);
#1666=FACE_BOUND('',#1477,.T.);
#1667=FACE_BOUND('',#1478,.T.);
#1668=FACE_BOUND('',#1479,.T.);
#1669=FACE_BOUND('',#1480,.T.);
#1670=FACE_BOUND('',#1481,.T.);
#1671=FACE_BOUND('',#1482,.T.);
#1672=FACE_BOUND('',#1483,.T.);
#1673=FACE_BOUND('',#1484,.T.);
#1674=FACE_BOUND('',#1485,.T.);
#1675=FACE_BOUND('',#1486,.T.);
#1676=FACE_BOUND('',#1487,.T.);
#1677=FACE_BOUND('',#1488,.T.);
#1678=FACE_BOUND('',#1489,.T.);
#1679=FACE_BOUND('',#1490,.T.);
#1680=FACE_BOUND('',#1491,.T.);
#1681=FACE_BOUND('',#1492,.T.);
#1682=FACE_BOUND('',#1493,.T.);
#1683=FACE_BOUND('',#1494,.T.);
#1684=FACE_BOUND('',#1495,.T.);
#1685=FACE_BOUND('',#1496,.T.);
#1686=FACE_BOUND('',#1497,.T.);
#1687=FACE_BOUND('',#1498,.T.);
#1688=FACE_BOUND('',#1499,.T.);
#1689=FACE_BOUND('',#1500,.T.);
#1690=FACE_BOUND('',#1501,.T.);
#1691=FACE_BOUND('',#1502,.T.);
#1692=FACE_BOUND('',#1503,.T.);
#1693=FACE_BOUND('',#1504,.T.);
#1694=FACE_BOUND('',#1505,.T.);
#1695=FACE_BOUND('',#1506,.T.);
#1696=FACE_BOUND('',#1507,.T.);
#1697=FACE_BOUND('',#1508,.T.);
#1698=FACE_BOUND('',#1509,.T.);
#1699=FACE_BOUND('',#1510,.T.);
#1700=FACE_BOUND('',#1511,.T.);
#1701=FACE_BOUND('',#1512,.T.);
#1702=FACE_BOUND('',#1513,.T.);
#1703=FACE_BOUND('',#1514,.T.);
#1704=FACE_BOUND('',#1515,.T.);
#1705=FACE_BOUND('',#1516,.T.);
#1706=FACE_BOUND('',#1517,.T.);
#1707=FACE_BOUND('',#1518,.T.);
#1708=FACE_BOUND('',#1519,.T.);
#1709=FACE_BOUND('',#1520,.T.);
#1710=FACE_BOUND('',#1521,.T.);
#1711=FACE_BOUND('',#1522,.T.);
#1712=FACE_BOUND('',#1523,.T.);
#1713=FACE_BOUND('',#1524,.T.);
#1714=FACE_BOUND('',#1525,.T.);
#1715=FACE_BOUND('',#1526,.T.);
#1716=FACE_BOUND('',#1527,.T.);
#1717=FACE_BOUND('',#1528,.T.);
#1718=FACE_BOUND('',#1529,.T.);
#1719=FACE_BOUND('',#1530,.T.);
#1720=FACE_BOUND('',#1531,.T.);
#1721=FACE_BOUND('',#1532,.T.);
#1722=FACE_BOUND('',#1533,.T.);
#1723=FACE_BOUND('',#1534,.T.);
#1724=FACE_BOUND('',#1535,.T.);
#1725=FACE_BOUND('',#1536,.T.);
#1726=FACE_BOUND('',#1537,.T.);
#1727=FACE_BOUND('',#1538,.T.);
#1728=FACE_BOUND('',#1539,.T.);
#1729=FACE_BOUND('',#1540,.T.);
#1730=FACE_BOUND('',#1541,.T.);
#1731=FACE_BOUND('',#1542,.T.);
#1732=FACE_BOUND('',#1543,.T.);
#1733=FACE_BOUND('',#1544,.T.);
#1734=FACE_BOUND('',#1545,.T.);
#1735=FACE_BOUND('',#1546,.T.);
#1736=FACE_BOUND('',#1547,.T.);
#1737=FACE_BOUND('',#1548,.T.);
#1738=FACE_BOUND('',#1549,.T.);
#1739=FACE_BOUND('',#1550,.T.);
#1740=FACE_BOUND('',#1551,.T.);
#1741=FACE_BOUND('',#1552,.T.);
#1742=FACE_BOUND('',#1553,.T.);
#1743=FACE_BOUND('',#1554,.T.);
#1744=FACE_BOUND('',#1555,.T.);
#1745=FACE_BOUND('',#1556,.T.);
#1746=FACE_BOUND('',#1557,.T.);
#1747=FACE_BOUND('',#1558,.T.);
#1748=FACE_BOUND('',#1559,.T.);
#1749=FACE_BOUND('',#1560,.T.);
#1750=FACE_BOUND('',#1561,.T.);
#1751=FACE_BOUND('',#1562,.T.);
#1752=FACE_BOUND('',#1563,.T.);
#1753=FACE_BOUND('',#1564,.T.);
#1754=FACE_BOUND('',#1565,.T.);
#1755=FACE_BOUND('',#1566,.T.);
#1756=FACE_BOUND('',#1567,.T.);
#1757=FACE_BOUND('',#1568,.T.);
#1758=FACE_BOUND('',#1569,.T.);
#1759=FACE_BOUND('',#1570,.T.);
#1760=FACE_BOUND('',#1571,.T.);
#1761=FACE_BOUND('',#1572,.T.);
#1762=FACE_BOUND('',#1573,.T.);
#1763=FACE_BOUND('',#1574,.T.);
#1764=FACE_BOUND('',#1575,.T.);
#1765=FACE_BOUND('',#1576,.T.);
#1766=FACE_BOUND('',#1577,.T.);
#1767=FACE_BOUND('',#1578,.T.);
#1768=FACE_BOUND('',#1579,.T.);
#1769=FACE_BOUND('',#1580,.T.);
#1770=FACE_BOUND('',#1581,.T.);
#1771=FACE_BOUND('',#1582,.T.);
#1772=FACE_BOUND('',#1583,.T.);
#1773=FACE_BOUND('',#1584,.T.);
#1774=FACE_BOUND('',#1585,.T.);
#1775=FACE_BOUND('',#1586,.T.);
#1776=FACE_BOUND('',#1587,.T.);
#1777=FACE_BOUND('',#1588,.T.);
#1778=FACE_BOUND('',#1589,.T.);
#1779=FACE_BOUND('',#1590,.T.);
#1780=FACE_BOUND('',#1591,.T.);
#1781=FACE_BOUND('',#1592,.T.);
#1782=FACE_BOUND('',#1593,.T.);
#1783=FACE_BOUND('',#1594,.T.);
#1784=FACE_BOUND('',#1595,.T.);
#1785=FACE_BOUND('',#1596,.T.);
#1786=FACE_BOUND('',#1597,.T.);
#1787=FACE_BOUND('',#1598,.T.);
#1788=FACE_BOUND('',#1599,.T.);
#1789=FACE_BOUND('',#1600,.T.);
#1790=FACE_BOUND('',#1601,.T.);
#1791=FACE_BOUND('',#1602,.T.);
#1792=FACE_BOUND('',#1603,.T.);
#1793=FACE_BOUND('',#1604,.T.);
#1794=FACE_BOUND('',#1605,.T.);
#1795=FACE_BOUND('',#1606,.T.);
#1796=FACE_BOUND('',#1607,.T.);
#1797=FACE_BOUND('',#1608,.T.);
#1798=FACE_BOUND('',#1609,.T.);
#1799=FACE_BOUND('',#1610,.T.);
#1800=FACE_BOUND('',#1611,.T.);
#1801=FACE_BOUND('',#1612,.T.);
#1802=FACE_BOUND('',#1613,.T.);
#1803=FACE_BOUND('',#1614,.T.);
#1804=FACE_BOUND('',#1615,.T.);
#1805=FACE_BOUND('',#1616,.T.);
#1806=FACE_BOUND('',#1617,.T.);
#1807=FACE_BOUND('',#1618,.T.);
#1808=FACE_BOUND('',#1619,.T.);
#1809=FACE_BOUND('',#1620,.T.);
#1810=FACE_BOUND('',#1621,.T.);
#1811=FACE_BOUND('',#1622,.T.);
#1812=FACE_BOUND('',#1623,.T.);
#1813=FACE_BOUND('',#1624,.T.);
#1814=FACE_BOUND('',#1625,.T.);
#1815=FACE_BOUND('',#1626,.T.);
#1816=FACE_BOUND('',#1627,.T.);
#1817=FACE_BOUND('',#1628,.T.);
#1818=FACE_BOUND('',#1629,.T.);
#1819=FACE_BOUND('',#1630,.T.);
#1820=FACE_BOUND('',#1631,.T.);
#1821=FACE_BOUND('',#1632,.T.);
#1822=FACE_BOUND('',#1633,.T.);
#1823=FACE_BOUND('',#1634,.T.);
#1824=FACE_BOUND('',#1635,.T.);
#1825=FACE_BOUND('',#1636,.T.);
#1826=FACE_BOUND('',#1637,.T.);
#1827=FACE_BOUND('',#1638,.T.);
#1828=FACE_BOUND('',#1639,.T.);
#1829=FACE_BOUND('',#1640,.T.);
#1830=FACE_BOUND('',#1641,.T.);
#1831=PLANE('',#1992);
#1832=PLANE('',#1993);
#1833=PLANE('',#1996);
#1834=PLANE('',#1999);
#1835=PLANE('',#2006);
#1836=PLANE('',#2027);
#1837=PLANE('',#2029);
#1838=PLANE('',#2031);
#1839=PLANE('',#2052);
#1840=PLANE('',#2053);
#1841=PLANE('',#2054);
#1842=PLANE('',#2063);
#1843=PLANE('',#2067);
#1844=PLANE('',#2089);
#1845=PLANE('',#2090);
#1846=PLANE('',#2091);
#1847=PLANE('',#2093);
#1848=PLANE('',#2094);
#1849=PLANE('',#2100);
#1850=PLANE('',#2104);
#1851=PLANE('',#2106);
#1852=PLANE('',#2115);
#1853=PLANE('',#2118);
#1854=PLANE('',#2121);
#1855=PLANE('',#2123);
#1856=PLANE('',#2128);
#1857=PLANE('',#2131);
#1858=PLANE('',#2132);
#1859=PLANE('',#2133);
#1860=PLANE('',#2140);
#1861=PLANE('',#2141);
#1862=PLANE('',#2153);
#1863=PLANE('',#2155);
#1864=PLANE('',#2159);
#1865=PLANE('',#2170);
#1866=PLANE('',#2175);
#1867=PLANE('',#2180);
#1868=PLANE('',#2184);
#1869=PLANE('',#2187);
#1870=PLANE('',#2190);
#1871=PLANE('',#2192);
#1872=PLANE('',#2194);
#1873=PLANE('',#2203);
#1874=PLANE('',#2215);
#1875=ADVANCED_FACE('',(#1642),#1831,.F.);
#1876=ADVANCED_FACE('',(#1643,#1644,#1645),#1832,.F.);
#1877=ADVANCED_FACE('',(#1646,#1647),#1833,.F.);
#1878=ADVANCED_FACE('',(#1648,#1649,#1650,#1651),#1834,.F.);
#1879=ADVANCED_FACE('',(#1652),#12,.T.);
#1880=ADVANCED_FACE('',(#1653,#1654,#1655,#1656,#1657,#1658),#1835,.F.);
#1881=ADVANCED_FACE('',(#1659),#13,.F.);
#1882=ADVANCED_FACE('',(#1660),#14,.F.);
#1883=ADVANCED_FACE('',(#1661,#1662),#1836,.T.);
#1884=ADVANCED_FACE('',(#1663,#1664),#1837,.T.);
#1885=ADVANCED_FACE('',(#1665,#1666,#1667,#1668,#1669,#1670,#1671,#1672,
#1673,#1674,#1675),#1838,.T.);
#1886=ADVANCED_FACE('',(#1676),#1839,.F.);
#1887=ADVANCED_FACE('',(#1677),#1840,.F.);
#1888=ADVANCED_FACE('',(#1678),#1841,.F.);
#1889=ADVANCED_FACE('',(#1679),#15,.F.);
#1890=ADVANCED_FACE('',(#1680),#1842,.T.);
#1891=ADVANCED_FACE('',(#1681),#16,.F.);
#1892=ADVANCED_FACE('',(#1682,#1683,#1684,#1685,#1686,#1687,#1688,#1689,
#1690,#1691,#1692,#1693,#1694,#1695,#1696,#1697,#1698,#1699),#1843,.T.);
#1893=ADVANCED_FACE('',(#1700),#1844,.T.);
#1894=ADVANCED_FACE('',(#1701),#1845,.T.);
#1895=ADVANCED_FACE('',(#1702,#1703),#1846,.T.);
#1896=ADVANCED_FACE('',(#1704),#1847,.T.);
#1897=ADVANCED_FACE('',(#1705,#1706,#1707,#1708,#1709,#1710),#1848,.T.);
#1898=ADVANCED_FACE('',(#1711,#1712,#1713,#1714),#1849,.F.);
#1899=ADVANCED_FACE('',(#1715),#1850,.T.);
#1900=ADVANCED_FACE('',(#1716),#17,.F.);
#1901=ADVANCED_FACE('',(#1717),#1851,.T.);
#1902=ADVANCED_FACE('',(#1718,#1719),#18,.F.);
#1903=ADVANCED_FACE('',(#1720,#1721),#19,.F.);
#1904=ADVANCED_FACE('',(#1722,#1723),#20,.F.);
#1905=ADVANCED_FACE('',(#1724,#1725),#21,.F.);
#1906=ADVANCED_FACE('',(#1726,#1727),#22,.F.);
#1907=ADVANCED_FACE('',(#1728,#1729),#23,.F.);
#1908=ADVANCED_FACE('',(#1730),#1852,.F.);
#1909=ADVANCED_FACE('',(#1731),#1853,.F.);
#1910=ADVANCED_FACE('',(#1732),#24,.F.);
#1911=ADVANCED_FACE('',(#1733),#25,.F.);
#1912=ADVANCED_FACE('',(#1734,#1735),#1854,.F.);
#1913=ADVANCED_FACE('',(#1736,#1737),#1855,.T.);
#1914=ADVANCED_FACE('',(#1738,#1739),#1856,.T.);
#1915=ADVANCED_FACE('',(#1740),#1857,.F.);
#1916=ADVANCED_FACE('',(#1741),#1858,.F.);
#1917=ADVANCED_FACE('',(#1742),#1859,.T.);
#1918=ADVANCED_FACE('',(#1743),#26,.F.);
#1919=ADVANCED_FACE('',(#1744),#27,.F.);
#1920=ADVANCED_FACE('',(#1745),#28,.F.);
#1921=ADVANCED_FACE('',(#1746),#29,.F.);
#1922=ADVANCED_FACE('',(#1747),#1860,.F.);
#1923=ADVANCED_FACE('',(#1748),#1861,.T.);
#1924=ADVANCED_FACE('',(#1749),#30,.F.);
#1925=ADVANCED_FACE('',(#1750),#31,.F.);
#1926=ADVANCED_FACE('',(#1751),#32,.F.);
#1927=ADVANCED_FACE('',(#1752),#33,.F.);
#1928=ADVANCED_FACE('',(#1753,#1754),#34,.F.);
#1929=ADVANCED_FACE('',(#1755,#1756),#35,.F.);
#1930=ADVANCED_FACE('',(#1757,#1758),#36,.F.);
#1931=ADVANCED_FACE('',(#1759,#1760),#37,.F.);
#1932=ADVANCED_FACE('',(#1761,#1762),#1862,.F.);
#1933=ADVANCED_FACE('',(#1763,#1764),#1863,.F.);
#1934=ADVANCED_FACE('',(#1765),#38,.T.);
#1935=ADVANCED_FACE('',(#1766),#39,.T.);
#1936=ADVANCED_FACE('',(#1767),#1864,.F.);
#1937=ADVANCED_FACE('',(#1768,#1769),#40,.F.);
#1938=ADVANCED_FACE('',(#1770,#1771),#41,.F.);
#1939=ADVANCED_FACE('',(#1772,#1773),#42,.F.);
#1940=ADVANCED_FACE('',(#1774,#1775),#43,.F.);
#1941=ADVANCED_FACE('',(#1776,#1777),#44,.F.);
#1942=ADVANCED_FACE('',(#1778,#1779),#45,.F.);
#1943=ADVANCED_FACE('',(#1780,#1781),#46,.F.);
#1944=ADVANCED_FACE('',(#1782,#1783),#47,.F.);
#1945=ADVANCED_FACE('',(#1784),#1865,.T.);
#1946=ADVANCED_FACE('',(#1785,#1786),#48,.F.);
#1947=ADVANCED_FACE('',(#1787,#1788),#49,.F.);
#1948=ADVANCED_FACE('',(#1789,#1790),#50,.F.);
#1949=ADVANCED_FACE('',(#1791),#1866,.T.);
#1950=ADVANCED_FACE('',(#1792,#1793),#51,.F.);
#1951=ADVANCED_FACE('',(#1794,#1795),#52,.F.);
#1952=ADVANCED_FACE('',(#1796),#53,.F.);
#1953=ADVANCED_FACE('',(#1797),#1867,.T.);
#1954=ADVANCED_FACE('',(#1798),#1868,.T.);
#1955=ADVANCED_FACE('',(#1799),#54,.F.);
#1956=ADVANCED_FACE('',(#1800),#55,.F.);
#1957=ADVANCED_FACE('',(#1801),#1869,.F.);
#1958=ADVANCED_FACE('',(#1802),#56,.F.);
#1959=ADVANCED_FACE('',(#1803),#57,.T.);
#1960=ADVANCED_FACE('',(#1804),#1870,.T.);
#1961=ADVANCED_FACE('',(#1805),#58,.F.);
#1962=ADVANCED_FACE('',(#1806),#1871,.T.);
#1963=ADVANCED_FACE('',(#1807),#59,.T.);
#1964=ADVANCED_FACE('',(#1808,#1809,#1810),#1872,.T.);
#1965=ADVANCED_FACE('',(#1811),#1873,.F.);
#1966=ADVANCED_FACE('',(#1812,#1813),#60,.F.);
#1967=ADVANCED_FACE('',(#1814,#1815),#61,.F.);
#1968=ADVANCED_FACE('',(#1816),#62,.F.);
#1969=ADVANCED_FACE('',(#1817),#63,.F.);
#1970=ADVANCED_FACE('',(#1818),#64,.T.);
#1971=ADVANCED_FACE('',(#1819),#65,.T.);
#1972=ADVANCED_FACE('',(#1820),#66,.F.);
#1973=ADVANCED_FACE('',(#1821),#67,.F.);
#1974=ADVANCED_FACE('',(#1822,#1823),#68,.F.);
#1975=ADVANCED_FACE('',(#1824,#1825),#69,.F.);
#1976=ADVANCED_FACE('',(#1826),#1874,.T.);
#1977=ADVANCED_FACE('',(#1827,#1828),#70,.F.);
#1978=ADVANCED_FACE('',(#1829,#1830),#71,.F.);
#1979=CLOSED_SHELL('',(#1875,#1876,#1877,#1878,#1879,#1880,#1881,#1882,
#1883,#1884,#1885,#1886,#1887,#1888,#1889,#1890,#1891,#1892,#1893,#1894,
#1895,#1896,#1897,#1898,#1899,#1900,#1901,#1902,#1903,#1904,#1905,#1906,
#1907,#1908,#1909,#1910,#1911,#1912,#1913,#1914,#1915,#1916,#1917,#1918,
#1919,#1920,#1921,#1922,#1923,#1924,#1925,#1926,#1927,#1928,#1929,#1930,
#1931,#1932,#1933,#1934,#1935,#1936,#1937,#1938,#1939,#1940,#1941,#1942,
#1943,#1944,#1945,#1946,#1947,#1948,#1949,#1950,#1951,#1952,#1953,#1954,
#1955,#1956,#1957,#1958,#1959,#1960,#1961,#1962,#1963,#1964,#1965,#1966,
#1967,#1968,#1969,#1970,#1971,#1972,#1973,#1974,#1975,#1976,#1977,#1978));
#1980=STYLED_ITEM('',(#1981),#1988);
#1981=PRESENTATION_STYLE_ASSIGNMENT((#1982));
#1982=SURFACE_STYLE_USAGE(.BOTH.,#1983);
#1983=SURFACE_SIDE_STYLE('',(#1984));
#1984=SURFACE_STYLE_FILL_AREA(#1985);
#1985=FILL_AREA_STYLE('',(#1986));
#1986=FILL_AREA_STYLE_COLOUR('',#1987);
#1987=COLOUR_RGB('',0.615686274509804,0.811764705882353,0.929411764705882);
#1988=MANIFOLD_SOLID_BREP('chassis-right',#1979);
#1989=SHAPE_DEFINITION_REPRESENTATION(#3378,#1990);
#1990=SHAPE_REPRESENTATION('chassis-right',(#1991),#3373);
#1991=AXIS2_PLACEMENT_3D('',#2812,#2218,#2219);
#1992=AXIS2_PLACEMENT_3D('',#2813,#2220,#2221);
#1993=AXIS2_PLACEMENT_3D('',#2822,#2226,#2227);
#1994=AXIS2_PLACEMENT_3D('',#2823,#2228,#2229);
#1995=AXIS2_PLACEMENT_3D('',#2825,#2230,#2231);
#1996=AXIS2_PLACEMENT_3D('',#2843,#2240,#2241);
#1997=AXIS2_PLACEMENT_3D('',#2844,#2242,#2243);
#1998=AXIS2_PLACEMENT_3D('',#2857,#2249,#2250);
#1999=AXIS2_PLACEMENT_3D('',#2874,#2259,#2260);
#2000=AXIS2_PLACEMENT_3D('',#2875,#2261,#2262);
#2001=AXIS2_PLACEMENT_3D('',#2877,#2263,#2264);
#2002=AXIS2_PLACEMENT_3D('',#2879,#2265,#2266);
#2003=AXIS2_PLACEMENT_3D('',#2889,#2271,#2272);
#2004=AXIS2_PLACEMENT_3D('',#2890,#2273,#2274);
#2005=AXIS2_PLACEMENT_3D('',#2895,#2276,#2277);
#2006=AXIS2_PLACEMENT_3D('',#2898,#2279,#2280);
#2007=AXIS2_PLACEMENT_3D('',#2899,#2281,#2282);
#2008=AXIS2_PLACEMENT_3D('',#2901,#2283,#2284);
#2009=AXIS2_PLACEMENT_3D('',#2903,#2285,#2286);
#2010=AXIS2_PLACEMENT_3D('',#2905,#2287,#2288);
#2011=AXIS2_PLACEMENT_3D('',#2907,#2289,#2290);
#2012=AXIS2_PLACEMENT_3D('',#2909,#2291,#2292);
#2013=AXIS2_PLACEMENT_3D('',#2914,#2294,#2295);
#2014=AXIS2_PLACEMENT_3D('',#2916,#2296,#2297);
#2015=AXIS2_PLACEMENT_3D('',#2917,#2298,#2299);
#2016=AXIS2_PLACEMENT_3D('',#2921,#2301,#2302);
#2017=AXIS2_PLACEMENT_3D('',#2925,#2304,#2305);
#2018=AXIS2_PLACEMENT_3D('',#2927,#2306,#2307);
#2019=AXIS2_PLACEMENT_3D('',#2931,#2309,#2310);
#2020=AXIS2_PLACEMENT_3D('',#2935,#2312,#2313);
#2021=AXIS2_PLACEMENT_3D('',#2941,#2316,#2317);
#2022=AXIS2_PLACEMENT_3D('',#2942,#2318,#2319);
#2023=AXIS2_PLACEMENT_3D('',#2943,#2320,#2321);
#2024=AXIS2_PLACEMENT_3D('',#2949,#2324,#2325);
#2025=AXIS2_PLACEMENT_3D('',#2952,#2327,#2328);
#2026=AXIS2_PLACEMENT_3D('',#2955,#2330,#2331);
#2027=AXIS2_PLACEMENT_3D('',#2958,#2333,#2334);
#2028=AXIS2_PLACEMENT_3D('',#2959,#2335,#2336);
#2029=AXIS2_PLACEMENT_3D('',#2973,#2343,#2344);
#2030=AXIS2_PLACEMENT_3D('',#2974,#2345,#2346);
#2031=AXIS2_PLACEMENT_3D('',#2985,#2352,#2353);
#2032=AXIS2_PLACEMENT_3D('',#2986,#2354,#2355);
#2033=AXIS2_PLACEMENT_3D('',#2990,#2357,#2358);
#2034=AXIS2_PLACEMENT_3D('',#3006,#2366,#2367);
#2035=AXIS2_PLACEMENT_3D('',#3009,#2369,#2370);
#2036=AXIS2_PLACEMENT_3D('',#3013,#2372,#2373);
#2037=AXIS2_PLACEMENT_3D('',#3014,#2374,#2375);
#2038=AXIS2_PLACEMENT_3D('',#3016,#2376,#2377);
#2039=AXIS2_PLACEMENT_3D('',#3018,#2378,#2379);
#2040=AXIS2_PLACEMENT_3D('',#3020,#2380,#2381);
#2041=AXIS2_PLACEMENT_3D('',#3022,#2382,#2383);
#2042=AXIS2_PLACEMENT_3D('',#3023,#2384,#2385);
#2043=AXIS2_PLACEMENT_3D('',#3027,#2388,#2389);
#2044=AXIS2_PLACEMENT_3D('',#3028,#2390,#2391);
#2045=AXIS2_PLACEMENT_3D('',#3029,#2392,#2393);
#2046=AXIS2_PLACEMENT_3D('',#3030,#2394,#2395);
#2047=AXIS2_PLACEMENT_3D('',#3031,#2396,#2397);
#2048=AXIS2_PLACEMENT_3D('',#3033,#2398,#2399);
#2049=AXIS2_PLACEMENT_3D('',#3035,#2400,#2401);
#2050=AXIS2_PLACEMENT_3D('',#3040,#2403,#2404);
#2051=AXIS2_PLACEMENT_3D('',#3044,#2406,#2407);
#2052=AXIS2_PLACEMENT_3D('',#3045,#2408,#2409);
#2053=AXIS2_PLACEMENT_3D('',#3055,#2415,#2416);
#2054=AXIS2_PLACEMENT_3D('',#3064,#2421,#2422);
#2055=AXIS2_PLACEMENT_3D('',#3068,#2424,#2425);
#2056=AXIS2_PLACEMENT_3D('',#3069,#2426,#2427);
#2057=AXIS2_PLACEMENT_3D('',#3073,#2429,#2430);
#2058=AXIS2_PLACEMENT_3D('',#3074,#2431,#2432);
#2059=AXIS2_PLACEMENT_3D('',#3078,#2434,#2435);
#2060=AXIS2_PLACEMENT_3D('',#3079,#2436,#2437);
#2061=AXIS2_PLACEMENT_3D('',#3080,#2438,#2439);
#2062=AXIS2_PLACEMENT_3D('',#3082,#2440,#2441);
#2063=AXIS2_PLACEMENT_3D('',#3085,#2443,#2444);
#2064=AXIS2_PLACEMENT_3D('',#3091,#2448,#2449);
#2065=AXIS2_PLACEMENT_3D('',#3092,#2450,#2451);
#2066=AXIS2_PLACEMENT_3D('',#3094,#2452,#2453);
#2067=AXIS2_PLACEMENT_3D('',#3097,#2455,#2456);
#2068=AXIS2_PLACEMENT_3D('',#3098,#2457,#2458);
#2069=AXIS2_PLACEMENT_3D('',#3100,#2459,#2460);
#2070=AXIS2_PLACEMENT_3D('',#3102,#2461,#2462);
#2071=AXIS2_PLACEMENT_3D('',#3104,#2463,#2464);
#2072=AXIS2_PLACEMENT_3D('',#3120,#2472,#2473);
#2073=AXIS2_PLACEMENT_3D('',#3123,#2475,#2476);
#2074=AXIS2_PLACEMENT_3D('',#3127,#2478,#2479);
#2075=AXIS2_PLACEMENT_3D('',#3130,#2481,#2482);
#2076=AXIS2_PLACEMENT_3D('',#3132,#2483,#2484);
#2077=AXIS2_PLACEMENT_3D('',#3134,#2485,#2486);
#2078=AXIS2_PLACEMENT_3D('',#3136,#2487,#2488);
#2079=AXIS2_PLACEMENT_3D('',#3138,#2489,#2490);
#2080=AXIS2_PLACEMENT_3D('',#3140,#2491,#2492);
#2081=AXIS2_PLACEMENT_3D('',#3142,#2493,#2494);
#2082=AXIS2_PLACEMENT_3D('',#3144,#2495,#2496);
#2083=AXIS2_PLACEMENT_3D('',#3146,#2497,#2498);
#2084=AXIS2_PLACEMENT_3D('',#3148,#2499,#2500);
#2085=AXIS2_PLACEMENT_3D('',#3150,#2501,#2502);
#2086=AXIS2_PLACEMENT_3D('',#3152,#2503,#2504);
#2087=AXIS2_PLACEMENT_3D('',#3154,#2505,#2506);
#2088=AXIS2_PLACEMENT_3D('',#3156,#2507,#2508);
#2089=AXIS2_PLACEMENT_3D('',#3158,#2509,#2510);
#2090=AXIS2_PLACEMENT_3D('',#3161,#2513,#2514);
#2091=AXIS2_PLACEMENT_3D('',#3163,#2516,#2517);
#2092=AXIS2_PLACEMENT_3D('',#3164,#2518,#2519);
#2093=AXIS2_PLACEMENT_3D('',#3167,#2521,#2522);
#2094=AXIS2_PLACEMENT_3D('',#3169,#2524,#2525);
#2095=AXIS2_PLACEMENT_3D('',#3170,#2526,#2527);
#2096=AXIS2_PLACEMENT_3D('',#3172,#2528,#2529);
#2097=AXIS2_PLACEMENT_3D('',#3174,#2530,#2531);
#2098=AXIS2_PLACEMENT_3D('',#3176,#2532,#2533);
#2099=AXIS2_PLACEMENT_3D('',#3178,#2534,#2535);
#2100=AXIS2_PLACEMENT_3D('',#3181,#2537,#2538);
#2101=AXIS2_PLACEMENT_3D('',#3182,#2539,#2540);
#2102=AXIS2_PLACEMENT_3D('',#3184,#2541,#2542);
#2103=AXIS2_PLACEMENT_3D('',#3186,#2543,#2544);
#2104=AXIS2_PLACEMENT_3D('',#3189,#2546,#2547);
#2105=AXIS2_PLACEMENT_3D('',#3191,#2549,#2550);
#2106=AXIS2_PLACEMENT_3D('',#3193,#2552,#2553);
#2107=AXIS2_PLACEMENT_3D('',#3194,#2554,#2555);
#2108=AXIS2_PLACEMENT_3D('',#3195,#2556,#2557);
#2109=AXIS2_PLACEMENT_3D('',#3196,#2558,#2559);
#2110=AXIS2_PLACEMENT_3D('',#3197,#2560,#2561);
#2111=AXIS2_PLACEMENT_3D('',#3199,#2562,#2563);
#2112=AXIS2_PLACEMENT_3D('',#3200,#2564,#2565);
#2113=AXIS2_PLACEMENT_3D('',#3202,#2566,#2567);
#2114=AXIS2_PLACEMENT_3D('',#3203,#2568,#2569);
#2115=AXIS2_PLACEMENT_3D('',#3204,#2570,#2571);
#2116=AXIS2_PLACEMENT_3D('',#3205,#2572,#2573);
#2117=AXIS2_PLACEMENT_3D('',#3210,#2575,#2576);
#2118=AXIS2_PLACEMENT_3D('',#3213,#2578,#2579);
#2119=AXIS2_PLACEMENT_3D('',#3216,#2582,#2583);
#2120=AXIS2_PLACEMENT_3D('',#3218,#2585,#2586);
#2121=AXIS2_PLACEMENT_3D('',#3220,#2588,#2589);
#2122=AXIS2_PLACEMENT_3D('',#3221,#2590,#2591);
#2123=AXIS2_PLACEMENT_3D('',#3223,#2592,#2593);
#2124=AXIS2_PLACEMENT_3D('',#3224,#2594,#2595);
#2125=AXIS2_PLACEMENT_3D('',#3225,#2596,#2597);
#2126=AXIS2_PLACEMENT_3D('',#3226,#2598,#2599);
#2127=AXIS2_PLACEMENT_3D('',#3227,#2600,#2601);
#2128=AXIS2_PLACEMENT_3D('',#3228,#2602,#2603);
#2129=AXIS2_PLACEMENT_3D('',#3229,#2604,#2605);
#2130=AXIS2_PLACEMENT_3D('',#3235,#2608,#2609);
#2131=AXIS2_PLACEMENT_3D('',#3236,#2610,#2611);
#2132=AXIS2_PLACEMENT_3D('',#3243,#2616,#2617);
#2133=AXIS2_PLACEMENT_3D('',#3247,#2620,#2621);
#2134=AXIS2_PLACEMENT_3D('',#3248,#2622,#2623);
#2135=AXIS2_PLACEMENT_3D('',#3249,#2624,#2625);
#2136=AXIS2_PLACEMENT_3D('',#3251,#2627,#2628);
#2137=AXIS2_PLACEMENT_3D('',#3252,#2629,#2630);
#2138=AXIS2_PLACEMENT_3D('',#3253,#2631,#2632);
#2139=AXIS2_PLACEMENT_3D('',#3254,#2633,#2634);
#2140=AXIS2_PLACEMENT_3D('',#3255,#2635,#2636);
#2141=AXIS2_PLACEMENT_3D('',#3259,#2639,#2640);
#2142=AXIS2_PLACEMENT_3D('',#3260,#2641,#2642);
#2143=AXIS2_PLACEMENT_3D('',#3261,#2643,#2644);
#2144=AXIS2_PLACEMENT_3D('',#3262,#2645,#2646);
#2145=AXIS2_PLACEMENT_3D('',#3263,#2647,#2648);
#2146=AXIS2_PLACEMENT_3D('',#3264,#2649,#2650);
#2147=AXIS2_PLACEMENT_3D('',#3265,#2651,#2652);
#2148=AXIS2_PLACEMENT_3D('',#3266,#2653,#2654);
#2149=AXIS2_PLACEMENT_3D('',#3267,#2655,#2656);
#2150=AXIS2_PLACEMENT_3D('',#3268,#2657,#2658);
#2151=AXIS2_PLACEMENT_3D('',#3269,#2659,#2660);
#2152=AXIS2_PLACEMENT_3D('',#3270,#2661,#2662);
#2153=AXIS2_PLACEMENT_3D('',#3271,#2663,#2664);
#2154=AXIS2_PLACEMENT_3D('',#3275,#2667,#2668);
#2155=AXIS2_PLACEMENT_3D('',#3277,#2669,#2670);
#2156=AXIS2_PLACEMENT_3D('',#3278,#2671,#2672);
#2157=AXIS2_PLACEMENT_3D('',#3284,#2676,#2677);
#2158=AXIS2_PLACEMENT_3D('',#3285,#2678,#2679);
#2159=AXIS2_PLACEMENT_3D('',#3286,#2680,#2681);
#2160=AXIS2_PLACEMENT_3D('',#3287,#2682,#2683);
#2161=AXIS2_PLACEMENT_3D('',#3288,#2684,#2685);
#2162=AXIS2_PLACEMENT_3D('',#3289,#2686,#2687);
#2163=AXIS2_PLACEMENT_3D('',#3290,#2688,#2689);
#2164=AXIS2_PLACEMENT_3D('',#3291,#2690,#2691);
#2165=AXIS2_PLACEMENT_3D('',#3292,#2692,#2693);
#2166=AXIS2_PLACEMENT_3D('',#3293,#2694,#2695);
#2167=AXIS2_PLACEMENT_3D('',#3294,#2696,#2697);
#2168=AXIS2_PLACEMENT_3D('',#3295,#2698,#2699);
#2169=AXIS2_PLACEMENT_3D('',#3296,#2700,#2701);
#2170=AXIS2_PLACEMENT_3D('',#3298,#2702,#2703);
#2171=AXIS2_PLACEMENT_3D('',#3299,#2704,#2705);
#2172=AXIS2_PLACEMENT_3D('',#3300,#2706,#2707);
#2173=AXIS2_PLACEMENT_3D('',#3301,#2708,#2709);
#2174=AXIS2_PLACEMENT_3D('',#3302,#2710,#2711);
#2175=AXIS2_PLACEMENT_3D('',#3304,#2712,#2713);
#2176=AXIS2_PLACEMENT_3D('',#3305,#2714,#2715);
#2177=AXIS2_PLACEMENT_3D('',#3306,#2716,#2717);
#2178=AXIS2_PLACEMENT_3D('',#3307,#2718,#2719);
#2179=AXIS2_PLACEMENT_3D('',#3308,#2720,#2721);
#2180=AXIS2_PLACEMENT_3D('',#3311,#2723,#2724);
#2181=AXIS2_PLACEMENT_3D('',#3312,#2725,#2726);
#2182=AXIS2_PLACEMENT_3D('',#3316,#2728,#2729);
#2183=AXIS2_PLACEMENT_3D('',#3317,#2730,#2731);
#2184=AXIS2_PLACEMENT_3D('',#3320,#2733,#2734);
#2185=AXIS2_PLACEMENT_3D('',#3322,#2736,#2737);
#2186=AXIS2_PLACEMENT_3D('',#3323,#2738,#2739);
#2187=AXIS2_PLACEMENT_3D('',#3325,#2741,#2742);
#2188=AXIS2_PLACEMENT_3D('',#3327,#2744,#2745);
#2189=AXIS2_PLACEMENT_3D('',#3328,#2746,#2747);
#2190=AXIS2_PLACEMENT_3D('',#3329,#2748,#2749);
#2191=AXIS2_PLACEMENT_3D('',#3331,#2751,#2752);
#2192=AXIS2_PLACEMENT_3D('',#3333,#2754,#2755);
#2193=AXIS2_PLACEMENT_3D('',#3335,#2757,#2758);
#2194=AXIS2_PLACEMENT_3D('',#3336,#2759,#2760);
#2195=AXIS2_PLACEMENT_3D('',#3340,#2762,#2763);
#2196=AXIS2_PLACEMENT_3D('',#3342,#2764,#2765);
#2197=AXIS2_PLACEMENT_3D('',#3343,#2766,#2767);
#2198=AXIS2_PLACEMENT_3D('',#3344,#2768,#2769);
#2199=AXIS2_PLACEMENT_3D('',#3345,#2770,#2771);
#2200=AXIS2_PLACEMENT_3D('',#3347,#2772,#2773);
#2201=AXIS2_PLACEMENT_3D('',#3348,#2774,#2775);
#2202=AXIS2_PLACEMENT_3D('',#3350,#2776,#2777);
#2203=AXIS2_PLACEMENT_3D('',#3352,#2778,#2779);
#2204=AXIS2_PLACEMENT_3D('',#3355,#2782,#2783);
#2205=AXIS2_PLACEMENT_3D('',#3356,#2784,#2785);
#2206=AXIS2_PLACEMENT_3D('',#3357,#2786,#2787);
#2207=AXIS2_PLACEMENT_3D('',#3358,#2788,#2789);
#2208=AXIS2_PLACEMENT_3D('',#3359,#2790,#2791);
#2209=AXIS2_PLACEMENT_3D('',#3361,#2793,#2794);
#2210=AXIS2_PLACEMENT_3D('',#3363,#2796,#2797);
#2211=AXIS2_PLACEMENT_3D('',#3364,#2798,#2799);
#2212=AXIS2_PLACEMENT_3D('',#3365,#2800,#2801);
#2213=AXIS2_PLACEMENT_3D('',#3366,#2802,#2803);
#2214=AXIS2_PLACEMENT_3D('',#3367,#2804,#2805);
#2215=AXIS2_PLACEMENT_3D('',#3369,#2806,#2807);
#2216=AXIS2_PLACEMENT_3D('',#3370,#2808,#2809);
#2217=AXIS2_PLACEMENT_3D('',#3371,#2810,#2811);
#2218=DIRECTION('',(0.,0.,1.));
#2219=DIRECTION('',(1.,0.,0.));
#2220=DIRECTION('',(0.,-1.56770366033369E-16,1.));
#2221=DIRECTION('',(0.,-1.,-1.56770366033369E-16));
#2222=DIRECTION('',(1.,0.,0.));
#2223=DIRECTION('',(0.,-1.,-1.56770366033369E-16));
#2224=DIRECTION('',(1.,0.,0.));
#2225=DIRECTION('',(0.,1.,1.56770366033369E-16));
#2226=DIRECTION('',(0.,-1.56770366033369E-16,1.));
#2227=DIRECTION('',(0.,-1.,-1.56770366033369E-16));
#2228=DIRECTION('',(0.,-1.56770366033369E-16,1.));
#2229=DIRECTION('',(0.,1.,1.56770366033369E-16));
#2230=DIRECTION('',(0.,0.,1.));
#2231=DIRECTION('',(1.,0.,0.));
#2232=DIRECTION('',(0.,-1.,-1.56770366033369E-16));
#2233=DIRECTION('',(1.,0.,0.));
#2234=DIRECTION('',(0.,-1.,0.));
#2235=DIRECTION('',(-1.,0.,0.));
#2236=DIRECTION('',(0.,-1.,-1.56770366033369E-16));
#2237=DIRECTION('',(1.,0.,0.));
#2238=DIRECTION('',(0.,1.,1.56770366033369E-16));
#2239=DIRECTION('',(1.,0.,0.));
#2240=DIRECTION('',(0.,-1.56770366033369E-16,1.));
#2241=DIRECTION('',(0.,-1.,-1.56770366033369E-16));
#2242=DIRECTION('',(0.,0.,1.));
#2243=DIRECTION('',(1.,0.,0.));
#2244=DIRECTION('',(0.,1.,1.56770366033369E-16));
#2245=DIRECTION('',(1.,0.,0.));
#2246=DIRECTION('',(0.,-1.,-1.56770366033369E-16));
#2247=DIRECTION('',(-1.,0.,0.));
#2248=DIRECTION('',(0.,-1.,-1.56770366033369E-16));
#2249=DIRECTION('',(0.,0.,1.));
#2250=DIRECTION('',(1.,0.,0.));
#2251=DIRECTION('',(0.,-1.,-1.56770366033369E-16));
#2252=DIRECTION('',(1.,0.,0.));
#2253=DIRECTION('',(0.,-1.,-1.56770366033369E-16));
#2254=DIRECTION('',(1.,0.,0.));
#2255=DIRECTION('',(0.,-1.,-1.56770366033369E-16));
#2256=DIRECTION('',(1.,0.,0.));
#2257=DIRECTION('',(0.,-1.,-1.56770366033369E-16));
#2258=DIRECTION('',(1.,0.,0.));
#2259=DIRECTION('',(0.,-0.246538164169085,-0.969133083538137));
#2260=DIRECTION('',(0.,0.969133083538137,-0.246538164169085));
#2261=DIRECTION('',(0.,0.246538164169085,0.969133083538137));
#2262=DIRECTION('',(0.,-0.969133083538137,0.246538164169085));
#2263=DIRECTION('',(0.,0.246538164169085,0.969133083538137));
#2264=DIRECTION('',(0.,-0.969133083538137,0.246538164169085));
#2265=DIRECTION('',(0.,0.246538164169085,0.969133083538137));
#2266=DIRECTION('',(0.,-0.969133083538137,0.246538164169085));
#2267=DIRECTION('',(1.,0.,0.));
#2268=DIRECTION('',(0.,0.969133083538137,-0.246538164169085));
#2269=DIRECTION('',(-1.,0.,0.));
#2270=DIRECTION('',(0.,0.969133083538137,-0.246538164169085));
#2271=DIRECTION('',(-1.,0.,0.));
#2272=DIRECTION('',(0.,0.,-1.));
#2273=DIRECTION('',(1.,0.,0.));
#2274=DIRECTION('',(0.,0.,-1.));
#2275=DIRECTION('',(-1.,0.,0.));
#2276=DIRECTION('',(-1.,0.,0.));
#2277=DIRECTION('',(0.,0.,1.));
#2278=DIRECTION('',(1.,0.,0.));
#2279=DIRECTION('',(1.,0.,0.));
#2280=DIRECTION('',(0.,-1.,0.));
#2281=DIRECTION('',(-1.,0.,0.));
#2282=DIRECTION('',(0.,0.,1.));
#2283=DIRECTION('',(-1.,0.,0.));
#2284=DIRECTION('',(0.,0.,1.));
#2285=DIRECTION('',(-1.,0.,0.));
#2286=DIRECTION('',(0.,0.,1.));
#2287=DIRECTION('',(-1.,0.,0.));
#2288=DIRECTION('',(0.,0.,1.));
#2289=DIRECTION('',(-1.,0.,0.));
#2290=DIRECTION('',(0.,0.,1.));
#2291=DIRECTION('',(-1.,0.,0.));
#2292=DIRECTION('',(0.,0.,1.));
#2293=DIRECTION('',(0.,1.,0.));
#2294=DIRECTION('',(-1.,0.,0.));
#2295=DIRECTION('',(0.,0.,1.));
#2296=DIRECTION('',(-1.,0.,0.));
#2297=DIRECTION('',(0.,0.,1.));
#2298=DIRECTION('',(1.,0.,0.));
#2299=DIRECTION('',(0.,0.,-1.));
#2300=DIRECTION('',(0.,-0.86070498644335,-0.509104042717747));
#2301=DIRECTION('',(1.,0.,0.));
#2302=DIRECTION('',(0.,0.,-1.));
#2303=DIRECTION('',(0.,-1.,-1.57702134179709E-16));
#2304=DIRECTION('',(1.,0.,0.));
#2305=DIRECTION('',(0.,0.,-1.));
#2306=DIRECTION('',(-1.,0.,0.));
#2307=DIRECTION('',(0.,0.,1.));
#2308=DIRECTION('',(0.,-1.,-1.17577774525027E-16));
#2309=DIRECTION('',(-1.,0.,0.));
#2310=DIRECTION('',(0.,0.,1.));
#2311=DIRECTION('',(0.,0.,-1.));
#2312=DIRECTION('',(-1.,0.,0.));
#2313=DIRECTION('',(0.,0.,1.));
#2314=DIRECTION('',(0.,1.,0.));
#2315=DIRECTION('',(0.,0.707106781186548,0.707106781186547));
#2316=DIRECTION('',(-1.,0.,0.));
#2317=DIRECTION('',(0.,0.,1.));
#2318=DIRECTION('',(-1.,0.,0.));
#2319=DIRECTION('',(0.,0.,1.));
#2320=DIRECTION('',(-1.,0.,0.));
#2321=DIRECTION('',(0.,0.,-1.));
#2322=DIRECTION('',(0.,1.,0.));
#2323=DIRECTION('',(1.,0.,0.));
#2324=DIRECTION('',(1.,0.,0.));
#2325=DIRECTION('',(0.,0.,-1.));
#2326=DIRECTION('',(1.,0.,0.));
#2327=DIRECTION('',(1.,0.,0.));
#2328=DIRECTION('',(0.,0.,1.));
#2329=DIRECTION('',(1.,0.,0.));
#2330=DIRECTION('',(1.,0.,0.));
#2331=DIRECTION('',(0.,0.,-1.));
#2332=DIRECTION('',(1.,0.,0.));
#2333=DIRECTION('',(0.,-1.17577774525027E-16,1.));
#2334=DIRECTION('',(0.,-1.,-1.17577774525027E-16));
#2335=DIRECTION('',(0.,1.17577774525027E-16,-1.));
#2336=DIRECTION('',(0.,-1.,-1.17577774525027E-16));
#2337=DIRECTION('',(0.,-1.,-1.17577774525027E-16));
#2338=DIRECTION('',(1.,0.,0.));
#2339=DIRECTION('',(0.,-1.,-1.17577774525027E-16));
#2340=DIRECTION('',(-1.,0.,0.));
#2341=DIRECTION('',(0.,-1.,-1.17577774525027E-16));
#2342=DIRECTION('',(1.,0.,0.));
#2343=DIRECTION('',(0.,-1.17577774525027E-16,1.));
#2344=DIRECTION('',(0.,-1.,-1.17577774525027E-16));
#2345=DIRECTION('',(0.,1.17577774525027E-16,-1.));
#2346=DIRECTION('',(0.,-1.,-1.17577774525027E-16));
#2347=DIRECTION('',(0.,-1.,-1.17577774525027E-16));
#2348=DIRECTION('',(-1.,0.,0.));
#2349=DIRECTION('',(0.,-1.,-1.17577774525027E-16));
#2350=DIRECTION('',(1.,0.,0.));
#2351=DIRECTION('',(1.,0.,0.));
#2352=DIRECTION('',(-1.,0.,0.));
#2353=DIRECTION('',(0.,1.,0.));
#2354=DIRECTION('',(-1.,0.,0.));
#2355=DIRECTION('',(0.,0.,1.));
#2356=DIRECTION('',(0.,1.,0.));
#2357=DIRECTION('',(1.,0.,0.));
#2358=DIRECTION('',(0.,0.,-1.));
#2359=DIRECTION('',(0.,1.,0.));
#2360=DIRECTION('',(0.,0.707106781186548,0.707106781186548));
#2361=DIRECTION('',(0.,1.,0.));
#2362=DIRECTION('',(0.,0.707106781186548,-0.707106781186548));
#2363=DIRECTION('',(0.,1.,0.));
#2364=DIRECTION('',(0.,0.,-1.));
#2365=DIRECTION('',(0.,-0.5,-0.866025403784438));
#2366=DIRECTION('',(1.,0.,0.));
#2367=DIRECTION('',(0.,0.,-1.));
#2368=DIRECTION('',(0.,0.677154065431042,0.735841267985299));
#2369=DIRECTION('',(1.,0.,0.));
#2370=DIRECTION('',(0.,0.,-1.));
#2371=DIRECTION('',(0.,0.0861047752994561,-0.9962860872614));
#2372=DIRECTION('',(1.,0.,0.));
#2373=DIRECTION('',(0.,0.,-1.));
#2374=DIRECTION('',(1.,0.,0.));
#2375=DIRECTION('',(0.,0.,-1.));
#2376=DIRECTION('',(1.,0.,0.));
#2377=DIRECTION('',(0.,0.,-1.));
#2378=DIRECTION('',(1.,0.,0.));
#2379=DIRECTION('',(0.,0.,-1.));
#2380=DIRECTION('',(1.,0.,0.));
#2381=DIRECTION('',(0.,0.,-1.));
#2382=DIRECTION('',(1.,0.,0.));
#2383=DIRECTION('',(0.,0.,-1.));
#2384=DIRECTION('',(1.,0.,0.));
#2385=DIRECTION('',(0.,0.,-1.));
#2386=DIRECTION('',(0.,1.,1.57702134179709E-16));
#2387=DIRECTION('',(0.,0.999695046362506,0.02469441795765));
#2388=DIRECTION('',(1.,0.,0.));
#2389=DIRECTION('',(0.,0.,-1.));
#2390=DIRECTION('',(1.,0.,0.));
#2391=DIRECTION('',(0.,0.,-1.));
#2392=DIRECTION('',(1.,0.,0.));
#2393=DIRECTION('',(0.,0.,-1.));
#2394=DIRECTION('',(1.,0.,0.));
#2395=DIRECTION('',(0.,0.,-1.));
#2396=DIRECTION('',(1.,0.,0.));
#2397=DIRECTION('',(0.,0.,-1.));
#2398=DIRECTION('',(1.,0.,0.));
#2399=DIRECTION('',(0.,0.,-1.));
#2400=DIRECTION('',(1.,0.,0.));
#2401=DIRECTION('',(0.,0.,-1.));
#2402=DIRECTION('',(0.,1.,0.));
#2403=DIRECTION('',(1.,0.,0.));
#2404=DIRECTION('',(0.,0.,-1.));
#2405=DIRECTION('',(0.,-0.969133083538137,0.246538164169085));
#2406=DIRECTION('',(1.,0.,0.));
#2407=DIRECTION('',(0.,0.,-1.));
#2408=DIRECTION('',(0.,0.,1.));
#2409=DIRECTION('',(-1.,0.,0.));
#2410=DIRECTION('',(0.,-1.,0.));
#2411=DIRECTION('',(1.,0.,0.));
#2412=DIRECTION('',(0.,1.,0.));
#2413=DIRECTION('',(1.,0.,0.));
#2414=DIRECTION('',(-1.,0.,0.));
#2415=DIRECTION('',(0.,0.,1.));
#2416=DIRECTION('',(-1.,0.,0.));
#2417=DIRECTION('',(1.,0.,0.));
#2418=DIRECTION('',(0.,-1.,0.));
#2419=DIRECTION('',(1.,0.,0.));
#2420=DIRECTION('',(0.,1.,0.));
#2421=DIRECTION('',(1.,0.,0.));
#2422=DIRECTION('',(0.,-1.,0.));
#2423=DIRECTION('',(0.,-0.86070498644335,-0.509104042717747));
#2424=DIRECTION('',(1.,0.,0.));
#2425=DIRECTION('',(0.,0.,-1.));
#2426=DIRECTION('',(-1.,0.,0.));
#2427=DIRECTION('',(0.,0.,1.));
#2428=DIRECTION('',(0.,0.,-1.));
#2429=DIRECTION('',(-1.,0.,0.));
#2430=DIRECTION('',(0.,0.,1.));
#2431=DIRECTION('',(-1.,0.,0.));
#2432=DIRECTION('',(0.,0.,1.));
#2433=DIRECTION('',(0.,-0.999695046362506,-0.02469441795765));
#2434=DIRECTION('',(1.,0.,0.));
#2435=DIRECTION('',(0.,0.,-1.));
#2436=DIRECTION('',(-1.,0.,0.));
#2437=DIRECTION('',(0.,0.,-1.));
#2438=DIRECTION('',(1.,0.,0.));
#2439=DIRECTION('',(0.,0.,-1.));
#2440=DIRECTION('',(1.,0.,0.));
#2441=DIRECTION('',(0.,0.,-1.));
#2442=DIRECTION('',(-1.,0.,0.));
#2443=DIRECTION('',(0.,1.,0.));
#2444=DIRECTION('',(0.,0.,1.));
#2445=DIRECTION('',(1.,0.,0.));
#2446=DIRECTION('',(0.,0.,-1.));
#2447=DIRECTION('',(-1.,0.,0.));
#2448=DIRECTION('',(-1.,0.,0.));
#2449=DIRECTION('',(0.,0.,-1.));
#2450=DIRECTION('',(1.,0.,0.));
#2451=DIRECTION('',(0.,0.,-1.));
#2452=DIRECTION('',(1.,0.,0.));
#2453=DIRECTION('',(0.,0.,-1.));
#2454=DIRECTION('',(-1.,0.,0.));
#2455=DIRECTION('',(1.,0.,0.));
#2456=DIRECTION('',(0.,-1.,0.));
#2457=DIRECTION('',(1.,0.,0.));
#2458=DIRECTION('',(0.,0.,-1.));
#2459=DIRECTION('',(1.,0.,0.));
#2460=DIRECTION('',(0.,0.,-1.));
#2461=DIRECTION('',(1.,0.,0.));
#2462=DIRECTION('',(0.,0.,-1.));
#2463=DIRECTION('',(-1.,0.,0.));
#2464=DIRECTION('',(0.,0.,1.));
#2465=DIRECTION('',(0.,-0.5,-0.866025403784438));
#2466=DIRECTION('',(0.,0.,-1.));
#2467=DIRECTION('',(0.,1.,0.));
#2468=DIRECTION('',(0.,0.707106781186548,-0.707106781186548));
#2469=DIRECTION('',(0.,1.,0.));
#2470=DIRECTION('',(0.,0.707106781186548,0.707106781186548));
#2471=DIRECTION('',(0.,1.,0.));
#2472=DIRECTION('',(1.,0.,0.));
#2473=DIRECTION('',(0.,0.,-1.));
#2474=DIRECTION('',(0.,1.,0.));
#2475=DIRECTION('',(1.,0.,0.));
#2476=DIRECTION('',(0.,0.,-1.));
#2477=DIRECTION('',(0.,0.0861047752994561,-0.9962860872614));
#2478=DIRECTION('',(1.,0.,0.));
#2479=DIRECTION('',(0.,0.,-1.));
#2480=DIRECTION('',(0.,0.677154065431042,0.735841267985299));
#2481=DIRECTION('',(-1.,0.,0.));
#2482=DIRECTION('',(0.,0.,1.));
#2483=DIRECTION('',(-1.,0.,0.));
#2484=DIRECTION('',(0.,0.,1.));
#2485=DIRECTION('',(-1.,0.,0.));
#2486=DIRECTION('',(0.,0.,1.));
#2487=DIRECTION('',(-1.,0.,0.));
#2488=DIRECTION('',(0.,0.,1.));
#2489=DIRECTION('',(-1.,0.,0.));
#2490=DIRECTION('',(0.,0.,1.));
#2491=DIRECTION('',(-1.,0.,0.));
#2492=DIRECTION('',(0.,0.,1.));
#2493=DIRECTION('',(-1.,0.,0.));
#2494=DIRECTION('',(0.,0.,1.));
#2495=DIRECTION('',(-1.,0.,0.));
#2496=DIRECTION('',(0.,0.,1.));
#2497=DIRECTION('',(-1.,0.,0.));
#2498=DIRECTION('',(0.,0.,1.));
#2499=DIRECTION('',(-1.,0.,0.));
#2500=DIRECTION('',(0.,0.,1.));
#2501=DIRECTION('',(-1.,0.,0.));
#2502=DIRECTION('',(0.,0.,1.));
#2503=DIRECTION('',(-1.,0.,0.));
#2504=DIRECTION('',(0.,0.,1.));
#2505=DIRECTION('',(-1.,0.,0.));
#2506=DIRECTION('',(0.,0.,1.));
#2507=DIRECTION('',(-1.,0.,0.));
#2508=DIRECTION('',(0.,0.,1.));
#2509=DIRECTION('',(0.,0.,-1.));
#2510=DIRECTION('',(1.,0.,0.));
#2511=DIRECTION('',(-1.,0.,0.));
#2512=DIRECTION('',(-1.,0.,0.));
#2513=DIRECTION('',(0.,-0.707106781186548,-0.707106781186548));
#2514=DIRECTION('',(0.,0.707106781186548,-0.707106781186548));
#2515=DIRECTION('',(-1.,0.,0.));
#2516=DIRECTION('',(0.,0.,-1.));
#2517=DIRECTION('',(1.,0.,0.));
#2518=DIRECTION('',(0.,0.,1.));
#2519=DIRECTION('',(1.,0.,0.));
#2520=DIRECTION('',(-1.,0.,0.));
#2521=DIRECTION('',(0.,0.707106781186548,-0.707106781186548));
#2522=DIRECTION('',(0.,0.707106781186548,0.707106781186548));
#2523=DIRECTION('',(-1.,0.,0.));
#2524=DIRECTION('',(0.,0.,-1.));
#2525=DIRECTION('',(1.,0.,0.));
#2526=DIRECTION('',(0.,0.,1.));
#2527=DIRECTION('',(1.,0.,0.));
#2528=DIRECTION('',(0.,0.,1.));
#2529=DIRECTION('',(1.,0.,0.));
#2530=DIRECTION('',(0.,0.,1.));
#2531=DIRECTION('',(1.,0.,0.));
#2532=DIRECTION('',(0.,0.,1.));
#2533=DIRECTION('',(1.,0.,0.));
#2534=DIRECTION('',(0.,0.,1.));
#2535=DIRECTION('',(1.,0.,0.));
#2536=DIRECTION('',(-1.,0.,0.));
#2537=DIRECTION('',(0.,0.,-1.));
#2538=DIRECTION('',(1.,0.,0.));
#2539=DIRECTION('',(0.,0.,-1.));
#2540=DIRECTION('',(-1.,0.,0.));
#2541=DIRECTION('',(0.,0.,-1.));
#2542=DIRECTION('',(-1.,0.,0.));
#2543=DIRECTION('',(0.,0.,-1.));
#2544=DIRECTION('',(-1.,0.,0.));
#2545=DIRECTION('',(-1.,0.,0.));
#2546=DIRECTION('',(0.,-1.,0.));
#2547=DIRECTION('',(0.,0.,-1.));
#2548=DIRECTION('',(-1.,0.,0.));
#2549=DIRECTION('',(-1.,0.,0.));
#2550=DIRECTION('',(0.,0.,-1.));
#2551=DIRECTION('',(-1.,0.,0.));
#2552=DIRECTION('',(0.,-0.866025403784438,0.5));
#2553=DIRECTION('',(0.,-0.5,-0.866025403784438));
#2554=DIRECTION('',(-1.,0.,0.));
#2555=DIRECTION('',(0.,0.,-1.));
#2556=DIRECTION('',(-1.,0.,0.));
#2557=DIRECTION('',(0.,0.,-1.));
#2558=DIRECTION('',(-1.,0.,0.));
#2559=DIRECTION('',(0.,0.,-1.));
#2560=DIRECTION('',(1.,0.,0.));
#2561=DIRECTION('',(0.,0.,-1.));
#2562=DIRECTION('',(-1.,0.,0.));
#2563=DIRECTION('',(0.,0.,-1.));
#2564=DIRECTION('',(1.,0.,0.));
#2565=DIRECTION('',(0.,0.,-1.));
#2566=DIRECTION('',(-1.,0.,0.));
#2567=DIRECTION('',(0.,0.,-1.));
#2568=DIRECTION('',(-1.,0.,0.));
#2569=DIRECTION('',(0.,0.,-1.));
#2570=DIRECTION('',(1.,0.,0.));
#2571=DIRECTION('',(0.,-1.,0.));
#2572=DIRECTION('',(-1.,0.,0.));
#2573=DIRECTION('',(0.,0.,1.));
#2574=DIRECTION('',(0.,-0.969133083538137,0.246538164169085));
#2575=DIRECTION('',(-1.,0.,0.));
#2576=DIRECTION('',(0.,0.,1.));
#2577=DIRECTION('',(0.,1.,0.));
#2578=DIRECTION('',(0.,0.,-1.));
#2579=DIRECTION('',(1.,0.,0.));
#2580=DIRECTION('',(-1.,0.,0.));
#2581=DIRECTION('',(-1.,0.,0.));
#2582=DIRECTION('',(-1.,0.,0.));
#2583=DIRECTION('',(0.,0.,-1.));
#2584=DIRECTION('',(-1.,0.,0.));
#2585=DIRECTION('',(-1.,0.,0.));
#2586=DIRECTION('',(0.,0.,-1.));
#2587=DIRECTION('',(-1.,0.,0.));
#2588=DIRECTION('',(0.,0.246538164169085,0.969133083538137));
#2589=DIRECTION('',(0.,-0.969133083538137,0.246538164169085));
#2590=DIRECTION('',(0.,0.246538164169085,0.969133083538137));
#2591=DIRECTION('',(0.,-0.969133083538137,0.246538164169085));
#2592=DIRECTION('',(-1.,0.,0.));
#2593=DIRECTION('',(0.,1.,0.));
#2594=DIRECTION('',(1.,0.,0.));
#2595=DIRECTION('',(0.,0.,-1.));
#2596=DIRECTION('',(1.,0.,0.));
#2597=DIRECTION('',(0.,0.,-1.));
#2598=DIRECTION('',(1.,0.,0.));
#2599=DIRECTION('',(0.,0.,-1.));
#2600=DIRECTION('',(1.,0.,0.));
#2601=DIRECTION('',(0.,0.,-1.));
#2602=DIRECTION('',(-1.,0.,0.));
#2603=DIRECTION('',(0.,1.,0.));
#2604=DIRECTION('',(1.,0.,0.));
#2605=DIRECTION('',(0.,0.,-1.));
#2606=DIRECTION('',(0.,0.,-1.));
#2607=DIRECTION('',(0.,1.,0.));
#2608=DIRECTION('',(1.,0.,0.));
#2609=DIRECTION('',(0.,0.,-1.));
#2610=DIRECTION('',(0.,1.,0.));
#2611=DIRECTION('',(0.,0.,1.));
#2612=DIRECTION('',(0.,0.,-1.));
#2613=DIRECTION('',(1.,0.,0.));
#2614=DIRECTION('',(1.,0.,0.));
#2615=DIRECTION('',(1.,0.,0.));
#2616=DIRECTION('',(0.,0.,1.));
#2617=DIRECTION('',(-1.,0.,0.));
#2618=DIRECTION('',(0.,1.,0.));
#2619=DIRECTION('',(1.,0.,0.));
#2620=DIRECTION('',(-1.,0.,0.));
#2621=DIRECTION('',(0.,1.,0.));
#2622=DIRECTION('',(1.,0.,0.));
#2623=DIRECTION('',(0.,0.,-1.));
#2624=DIRECTION('',(1.,0.,0.));
#2625=DIRECTION('',(0.,0.,-1.));
#2626=DIRECTION('',(0.,-1.,-1.56770366033369E-16));
#2627=DIRECTION('',(-1.,0.,0.));
#2628=DIRECTION('',(0.,0.,-1.));
#2629=DIRECTION('',(-1.,0.,0.));
#2630=DIRECTION('',(0.,0.,-1.));
#2631=DIRECTION('',(-1.,0.,0.));
#2632=DIRECTION('',(0.,0.,-1.));
#2633=DIRECTION('',(1.,0.,0.));
#2634=DIRECTION('',(0.,0.,1.));
#2635=DIRECTION('',(0.,-0.707106781186547,0.707106781186548));
#2636=DIRECTION('',(0.,-0.707106781186548,-0.707106781186547));
#2637=DIRECTION('',(0.,0.707106781186548,0.707106781186547));
#2638=DIRECTION('',(1.,0.,0.));
#2639=DIRECTION('',(-1.,0.,0.));
#2640=DIRECTION('',(0.,1.,0.));
#2641=DIRECTION('',(1.,0.,0.));
#2642=DIRECTION('',(0.,0.,-1.));
#2643=DIRECTION('',(1.,0.,0.));
#2644=DIRECTION('',(0.,0.,-1.));
#2645=DIRECTION('',(1.,0.,0.));
#2646=DIRECTION('',(0.,0.,-1.));
#2647=DIRECTION('',(-1.,0.,0.));
#2648=DIRECTION('',(0.,0.,-1.));
#2649=DIRECTION('',(1.,0.,0.));
#2650=DIRECTION('',(0.,0.,1.));
#2651=DIRECTION('',(-1.,0.,0.));
#2652=DIRECTION('',(0.,0.,-1.));
#2653=DIRECTION('',(-1.,0.,0.));
#2654=DIRECTION('',(0.,0.,-1.));
#2655=DIRECTION('',(-1.,0.,0.));
#2656=DIRECTION('',(0.,0.,-1.));
#2657=DIRECTION('',(-1.,0.,0.));
#2658=DIRECTION('',(0.,0.,-1.));
#2659=DIRECTION('',(-1.,0.,0.));
#2660=DIRECTION('',(0.,0.,-1.));
#2661=DIRECTION('',(-1.,0.,0.));
#2662=DIRECTION('',(0.,0.,-1.));
#2663=DIRECTION('',(0.,1.57702134179709E-16,-1.));
#2664=DIRECTION('',(0.,1.,1.57702134179709E-16));
#2665=DIRECTION('',(1.,0.,0.));
#2666=DIRECTION('',(0.,1.,0.));
#2667=DIRECTION('',(0.,-1.57702134179709E-16,1.));
#2668=DIRECTION('',(0.,1.,1.57702134179709E-16));
#2669=DIRECTION('',(0.,0.02469441795765,-0.999695046362506));
#2670=DIRECTION('',(0.,0.999695046362506,0.02469441795765));
#2671=DIRECTION('',(0.,-0.02469441795765,0.999695046362506));
#2672=DIRECTION('',(0.,-0.999695046362506,-0.02469441795765));
#2673=DIRECTION('',(1.,0.,0.));
#2674=DIRECTION('',(1.,0.,0.));
#2675=DIRECTION('',(0.,-0.999695046362506,-0.02469441795765));
#2676=DIRECTION('',(-1.,0.,0.));
#2677=DIRECTION('',(0.,0.,-1.));
#2678=DIRECTION('',(1.,0.,0.));
#2679=DIRECTION('',(0.,0.,1.));
#2680=DIRECTION('',(0.,0.,-1.));
#2681=DIRECTION('',(-1.,0.,0.));
#2682=DIRECTION('',(0.,0.,1.));
#2683=DIRECTION('',(1.,0.,0.));
#2684=DIRECTION('',(0.,0.,1.));
#2685=DIRECTION('',(-1.,0.,0.));
#2686=DIRECTION('',(0.,0.,1.));
#2687=DIRECTION('',(-1.,0.,0.));
#2688=DIRECTION('',(0.,0.,1.));
#2689=DIRECTION('',(-1.,0.,0.));
#2690=DIRECTION('',(0.,0.,-1.));
#2691=DIRECTION('',(1.,0.,0.));
#2692=DIRECTION('',(0.,0.,-1.));
#2693=DIRECTION('',(1.,0.,0.));
#2694=DIRECTION('',(0.,0.,-1.));
#2695=DIRECTION('',(1.,0.,0.));
#2696=DIRECTION('',(0.,0.,-1.));
#2697=DIRECTION('',(1.,0.,0.));
#2698=DIRECTION('',(0.,0.,-1.));
#2699=DIRECTION('',(1.,0.,0.));
#2700=DIRECTION('',(0.,0.,1.));
#2701=DIRECTION('',(1.,0.,0.));
#2702=DIRECTION('',(0.,0.,-1.));
#2703=DIRECTION('',(-1.,0.,0.));
#2704=DIRECTION('',(-1.,0.,0.));
#2705=DIRECTION('',(0.,0.,-1.));
#2706=DIRECTION('',(-1.,0.,0.));
#2707=DIRECTION('',(0.,0.,-1.));
#2708=DIRECTION('',(0.,0.,-1.));
#2709=DIRECTION('',(1.,0.,0.));
#2710=DIRECTION('',(0.,0.,1.));
#2711=DIRECTION('',(1.,0.,0.));
#2712=DIRECTION('',(0.,0.,-1.));
#2713=DIRECTION('',(-1.,0.,0.));
#2714=DIRECTION('',(1.,0.,0.));
#2715=DIRECTION('',(0.,0.,1.));
#2716=DIRECTION('',(1.,0.,0.));
#2717=DIRECTION('',(0.,0.,1.));
#2718=DIRECTION('',(1.,0.,0.));
#2719=DIRECTION('',(0.,0.,1.));
#2720=DIRECTION('',(1.,0.,0.));
#2721=DIRECTION('',(0.,0.,-1.));
#2722=DIRECTION('',(1.,0.,0.));
#2723=DIRECTION('',(-1.,0.,0.));
#2724=DIRECTION('',(0.,1.,0.));
#2725=DIRECTION('',(1.,0.,0.));
#2726=DIRECTION('',(0.,0.,-1.));
#2727=DIRECTION('',(0.,-0.86070498644335,-0.509104042717747));
#2728=DIRECTION('',(1.,0.,0.));
#2729=DIRECTION('',(0.,0.,-1.));
#2730=DIRECTION('',(1.,0.,0.));
#2731=DIRECTION('',(0.,0.,-1.));
#2732=DIRECTION('',(0.,-0.86070498644335,-0.509104042717747));
#2733=DIRECTION('',(0.,0.509104042717747,-0.860704986443349));
#2734=DIRECTION('',(0.,0.86070498644335,0.509104042717747));
#2735=DIRECTION('',(1.,0.,0.));
#2736=DIRECTION('',(1.,0.,0.));
#2737=DIRECTION('',(0.,0.,1.));
#2738=DIRECTION('',(1.,0.,0.));
#2739=DIRECTION('',(0.,0.,1.));
#2740=DIRECTION('',(1.,0.,0.));
#2741=DIRECTION('',(0.,0.509104042717747,-0.86070498644335));
#2742=DIRECTION('',(0.,0.86070498644335,0.509104042717747));
#2743=DIRECTION('',(1.,0.,0.));
#2744=DIRECTION('',(1.,0.,0.));
#2745=DIRECTION('',(0.,0.,1.));
#2746=DIRECTION('',(-1.,0.,0.));
#2747=DIRECTION('',(0.,0.,-1.));
#2748=DIRECTION('',(0.,-0.735841267985299,0.677154065431042));
#2749=DIRECTION('',(0.,-0.677154065431042,-0.735841267985299));
#2750=DIRECTION('',(1.,0.,0.));
#2751=DIRECTION('',(1.,0.,0.));
#2752=DIRECTION('',(0.,0.,1.));
#2753=DIRECTION('',(1.,0.,0.));
#2754=DIRECTION('',(0.,0.9962860872614,0.0861047752994561));
#2755=DIRECTION('',(0.,-0.0861047752994561,0.9962860872614));
#2756=DIRECTION('',(1.,0.,0.));
#2757=DIRECTION('',(1.,0.,0.));
#2758=DIRECTION('',(0.,0.,1.));
#2759=DIRECTION('',(-1.,0.,0.));
#2760=DIRECTION('',(0.,1.,0.));
#2761=DIRECTION('',(0.,1.,0.));
#2762=DIRECTION('',(1.,0.,0.));
#2763=DIRECTION('',(0.,0.,-1.));
#2764=DIRECTION('',(1.,0.,0.));
#2765=DIRECTION('',(0.,0.,-1.));
#2766=DIRECTION('',(1.,0.,0.));
#2767=DIRECTION('',(0.,0.,-1.));
#2768=DIRECTION('',(1.,0.,0.));
#2769=DIRECTION('',(0.,0.,-1.));
#2770=DIRECTION('',(1.,0.,0.));
#2771=DIRECTION('',(0.,0.,-1.));
#2772=DIRECTION('',(1.,0.,0.));
#2773=DIRECTION('',(0.,0.,-1.));
#2774=DIRECTION('',(1.,0.,0.));
#2775=DIRECTION('',(0.,0.,-1.));
#2776=DIRECTION('',(1.,0.,0.));
#2777=DIRECTION('',(0.,0.,-1.));
#2778=DIRECTION('',(0.,0.,1.));
#2779=DIRECTION('',(-1.,0.,0.));
#2780=DIRECTION('',(1.,0.,0.));
#2781=DIRECTION('',(1.,0.,0.));
#2782=DIRECTION('',(1.,0.,0.));
#2783=DIRECTION('',(0.,0.,1.));
#2784=DIRECTION('',(1.,0.,0.));
#2785=DIRECTION('',(0.,0.,1.));
#2786=DIRECTION('',(1.,0.,0.));
#2787=DIRECTION('',(0.,0.,1.));
#2788=DIRECTION('',(1.,0.,0.));
#2789=DIRECTION('',(0.,0.,1.));
#2790=DIRECTION('',(-1.,0.,0.));
#2791=DIRECTION('',(0.,0.,-1.));
#2792=DIRECTION('',(1.,0.,0.));
#2793=DIRECTION('',(1.,0.,0.));
#2794=DIRECTION('',(0.,0.,1.));
#2795=DIRECTION('',(1.,0.,0.));
#2796=DIRECTION('',(-1.,0.,0.));
#2797=DIRECTION('',(0.,0.,-1.));
#2798=DIRECTION('',(1.,0.,0.));
#2799=DIRECTION('',(0.,0.,1.));
#2800=DIRECTION('',(0.,0.246538164169085,0.969133083538137));
#2801=DIRECTION('',(0.,-0.969133083538137,0.246538164169085));
#2802=DIRECTION('',(0.,0.246538164169085,0.969133083538137));
#2803=DIRECTION('',(0.,-0.969133083538137,0.246538164169085));
#2804=DIRECTION('',(0.,0.246538164169085,0.969133083538137));
#2805=DIRECTION('',(0.,-0.969133083538137,0.246538164169085));
#2806=DIRECTION('',(0.,0.246538164169085,0.969133083538137));
#2807=DIRECTION('',(1.,0.,0.));
#2808=DIRECTION('',(0.,0.246538164169085,0.969133083538137));
#2809=DIRECTION('',(0.,-0.969133083538137,0.246538164169085));
#2810=DIRECTION('',(-1.,0.,0.));
#2811=DIRECTION('',(0.,0.,1.));
#2812=CARTESIAN_POINT('',(0.,0.,0.));
#2813=CARTESIAN_POINT('',(-0.045998,0.104392272463313,0.0325));
#2814=CARTESIAN_POINT('',(-0.279589858756162,0.110619465831693,0.0325));
#2815=CARTESIAN_POINT('',(-0.048,0.110619465831693,0.0325));
#2816=CARTESIAN_POINT('',(-0.055,0.110619465831693,0.0325));
#2817=CARTESIAN_POINT('',(-0.055,0.104392272463313,0.0325));
#2818=CARTESIAN_POINT('',(-0.055,0.1149626115822,0.0325));
#2819=CARTESIAN_POINT('',(-0.279589858756162,0.1149626115822,0.0325));
#2820=CARTESIAN_POINT('',(-0.048,0.1149626115822,0.0325));
#2821=CARTESIAN_POINT('',(-0.048,0.104392272463313,0.0325));
#2822=CARTESIAN_POINT('',(-0.045998,0.104392272463313,0.0325));
#2823=CARTESIAN_POINT('',(-0.05,0.0832642864190787,0.0325));
#2824=CARTESIAN_POINT('',(-0.05,0.0842961364477137,0.0325));
#2825=CARTESIAN_POINT('',(-0.05,0.0977910387069464,0.0325));
#2826=CARTESIAN_POINT('',(-0.049,0.0977910387069464,0.0325));
#2827=CARTESIAN_POINT('',(-0.046,0.104392272463313,0.0325));
#2828=CARTESIAN_POINT('',(-0.046,0.100791038706946,0.0325));
#2829=CARTESIAN_POINT('',(-0.046,0.0722953300923146,0.0325));
#2830=CARTESIAN_POINT('',(-0.046,0.0722953300923146,0.0325));
#2831=CARTESIAN_POINT('',(-0.051,0.0722953300923146,0.0325));
#2832=CARTESIAN_POINT('',(-0.051,0.0672242622804488,0.0325));
#2833=CARTESIAN_POINT('',(-0.051,0.038,0.0325));
#2834=CARTESIAN_POINT('',(-0.045998,0.038,0.0325));
#2835=CARTESIAN_POINT('',(-0.055,0.038,0.0325));
#2836=CARTESIAN_POINT('',(-0.055,0.104392272463313,0.0325));
#2837=CARTESIAN_POINT('',(-0.055,0.1049626115822,0.0325));
#2838=CARTESIAN_POINT('',(-0.279589858756162,0.1049626115822,0.0325));
#2839=CARTESIAN_POINT('',(-0.048,0.1049626115822,0.0325));
#2840=CARTESIAN_POINT('',(-0.048,0.104392272463313,0.0325));
#2841=CARTESIAN_POINT('',(-0.048,0.100791038706946,0.0325));
#2842=CARTESIAN_POINT('',(-0.048,0.100791038706946,0.0325));
#2843=CARTESIAN_POINT('',(-0.045998,0.104392272463313,0.0325));
#2844=CARTESIAN_POINT('',(-0.05,0.131787791816787,0.0325));
#2845=CARTESIAN_POINT('',(-0.049,0.131787791816787,0.0325));
#2846=CARTESIAN_POINT('',(-0.048,0.104392272463313,0.0325));
#2847=CARTESIAN_POINT('',(-0.048,0.120619465831693,0.0325));
#2848=CARTESIAN_POINT('',(-0.048,0.124791038706946,0.0325));
#2849=CARTESIAN_POINT('',(-0.279589858756162,0.120619465831693,0.0325));
#2850=CARTESIAN_POINT('',(-0.055,0.120619465831693,0.0325));
#2851=CARTESIAN_POINT('',(-0.055,0.104392272463313,0.0325));
#2852=CARTESIAN_POINT('',(-0.055,0.170784544926627,0.0325));
#2853=CARTESIAN_POINT('',(-0.045998,0.170784544926627,0.0325));
#2854=CARTESIAN_POINT('',(-0.05,0.170784544926627,0.0325));
#2855=CARTESIAN_POINT('',(-0.05,0.104392272463313,0.0325));
#2856=CARTESIAN_POINT('',(-0.05,0.166784544926627,0.0325));
#2857=CARTESIAN_POINT('',(-0.05,0.165784544926627,0.0325));
#2858=CARTESIAN_POINT('',(-0.05,0.164784544926627,0.0325));
#2859=CARTESIAN_POINT('',(-0.05,0.104392272463313,0.0325));
#2860=CARTESIAN_POINT('',(-0.05,0.158284544926627,0.0325));
#2861=CARTESIAN_POINT('',(-0.05,0.158284544926627,0.0325));
#2862=CARTESIAN_POINT('',(-0.046,0.158284544926627,0.0325));
#2863=CARTESIAN_POINT('',(-0.046,0.104392272463313,0.0325));
#2864=CARTESIAN_POINT('',(-0.046,0.156336824345624,0.0325));
#2865=CARTESIAN_POINT('',(-0.048002,0.156336824345624,0.0325));
#2866=CARTESIAN_POINT('',(-0.048,0.156336824345624,0.0325));
#2867=CARTESIAN_POINT('',(-0.048,0.104392272463313,0.0325));
#2868=CARTESIAN_POINT('',(-0.048,0.1288375337777,0.0325));
#2869=CARTESIAN_POINT('',(-0.048002,0.1288375337777,0.0325));
#2870=CARTESIAN_POINT('',(-0.046,0.1288375337777,0.0325));
#2871=CARTESIAN_POINT('',(-0.046,0.104392272463313,0.0325));
#2872=CARTESIAN_POINT('',(-0.046,0.124791038706946,0.0325));
#2873=CARTESIAN_POINT('',(-0.045998,0.124791038706946,0.0325));
#2874=CARTESIAN_POINT('',(-0.044998,0.0487376319130822,0.0487067642936113));
#2875=CARTESIAN_POINT('',(-0.05,0.0484790454580047,0.0487725462083934));
#2876=CARTESIAN_POINT('',(-0.05,0.0475099123744666,0.0490190843725625));
#2877=CARTESIAN_POINT('',(-0.05,0.0850379740386413,0.0394723053133522));
#2878=CARTESIAN_POINT('',(-0.05,0.0840688409551032,0.0397188434775212));
#2879=CARTESIAN_POINT('',(-0.05,0.066758509748323,0.0441224257608728));
#2880=CARTESIAN_POINT('',(-0.05,0.0657893766647849,0.0443689639250419));
#2881=CARTESIAN_POINT('',(-0.053,0.0150736149383834,0.0572705674332165));
#2882=CARTESIAN_POINT('',(-0.055,0.0150736149383834,0.0572705674332165));
#2883=CARTESIAN_POINT('',(-0.045,0.0150736149383834,0.0572705674332165));
#2884=CARTESIAN_POINT('',(-0.045,0.0487376319130822,0.0487067642936113));
#2885=CARTESIAN_POINT('',(-0.045,0.0927910387069519,0.0374999999999981));
#2886=CARTESIAN_POINT('',(-0.044998,0.0927910387069519,0.0374999999999981));
#2887=CARTESIAN_POINT('',(-0.055,0.0927910387069519,0.0374999999999981));
#2888=CARTESIAN_POINT('',(-0.055,0.0487376319130822,0.0487067642936113));
#2889=CARTESIAN_POINT('',(-0.044998,-6.50521303491303E-18,0.0415));
#2890=CARTESIAN_POINT('',(-0.055,-6.50521303491303E-18,0.0415));
#2891=CARTESIAN_POINT('',(-0.055,-0.0139809840917207,0.0543659272431898));
#2892=CARTESIAN_POINT('',(-0.055,-0.00931681982432048,0.0249411090842065));
#2893=CARTESIAN_POINT('',(-0.044998,-0.00931681982432048,0.0249411090842065));
#2894=CARTESIAN_POINT('',(-0.045,-0.00931681982432048,0.0249411090842065));
#2895=CARTESIAN_POINT('',(-0.045,-6.50521303491303E-18,0.0415));
#2896=CARTESIAN_POINT('',(-0.045,-0.0139809840917207,0.0543659272431898));
#2897=CARTESIAN_POINT('',(-0.053,-0.0139809840917207,0.0543659272431898));
#2898=CARTESIAN_POINT('',(-0.046,0.180071632737131,0.));
#2899=CARTESIAN_POINT('',(-0.046,0.0937910387069464,0.0204999999999985));
#2900=CARTESIAN_POINT('',(-0.046,0.0937910387069464,0.0274999999999985));
#2901=CARTESIAN_POINT('',(-0.046,0.0903468878156606,0.0121850842073969));
#2902=CARTESIAN_POINT('',(-0.046,0.0903468878156606,0.0131850842073969));
#2903=CARTESIAN_POINT('',(-0.046,0.0854761229143449,0.0239441508912843));
#2904=CARTESIAN_POINT('',(-0.046,0.0854761229143449,0.0249441508912843));
#2905=CARTESIAN_POINT('',(-0.046,0.0972351895982322,0.0288149157926));
#2906=CARTESIAN_POINT('',(-0.046,0.0972351895982322,0.0298149157926));
#2907=CARTESIAN_POINT('',(-0.046,0.102105954499548,0.0170558491087127));
#2908=CARTESIAN_POINT('',(-0.046,0.102105954499548,0.0180558491087127));
#2909=CARTESIAN_POINT('',(-0.046,0.106791038706946,0.0305));
#2910=CARTESIAN_POINT('',(-0.046,0.106791038706946,0.0265));
#2911=CARTESIAN_POINT('',(-0.046,0.102791038706946,0.0305));
#2912=CARTESIAN_POINT('',(-0.046,0.112791038706946,0.0265));
#2913=CARTESIAN_POINT('',(-0.046,0.118791038706946,0.0265));
#2914=CARTESIAN_POINT('',(-0.046,0.118791038706946,0.0305));
#2915=CARTESIAN_POINT('',(-0.046,0.122791038706946,0.0305));
#2916=CARTESIAN_POINT('',(-0.046,0.124791038706946,0.0305));
#2917=CARTESIAN_POINT('',(-0.046,0.1288375337777,0.0285));
#2918=CARTESIAN_POINT('',(-0.046,0.130873949948571,0.0250571800542266));
#2919=CARTESIAN_POINT('',(-0.046,0.118350702413194,0.0176497221579258));
#2920=CARTESIAN_POINT('',(-0.046,0.105827454877817,0.010242264261625));
#2921=CARTESIAN_POINT('',(-0.046,0.103791038706946,0.0136850842073985));
#2922=CARTESIAN_POINT('',(-0.046,0.103791038706946,0.0096850842073984));
#2923=CARTESIAN_POINT('',(-0.046,0.106846887815661,0.0096850842073984));
#2924=CARTESIAN_POINT('',(-0.046,0.0903468878156606,0.00968508420739689));
#2925=CARTESIAN_POINT('',(-0.046,0.0903468878156606,0.0121850842073969));
#2926=CARTESIAN_POINT('',(-0.046,0.0889120743696645,0.0101378152032871));
#2927=CARTESIAN_POINT('',(-0.046,0.0877642236128675,0.00849999999999935));
#2928=CARTESIAN_POINT('',(-0.046,0.0877642236128675,0.0104999999999993));
#2929=CARTESIAN_POINT('',(-0.046,0.104392272463314,0.0104999999999993));
#2930=CARTESIAN_POINT('',(-0.046,0.0525,0.0104999999999993));
#2931=CARTESIAN_POINT('',(-0.046,0.0525,0.0139999999999993));
#2932=CARTESIAN_POINT('',(-0.046,0.049,0.0139999999999993));
#2933=CARTESIAN_POINT('',(-0.046,0.049,0.0215));
#2934=CARTESIAN_POINT('',(-0.046,0.049,0.0244999999999997));
#2935=CARTESIAN_POINT('',(-0.046,0.051,0.0244999999999997));
#2936=CARTESIAN_POINT('',(-0.046,0.051,0.0265));
#2937=CARTESIAN_POINT('',(-0.046,0.180071632737131,0.0265));
#2938=CARTESIAN_POINT('',(-0.046,0.0654669029675681,0.0265));
#2939=CARTESIAN_POINT('',(-0.046,0.109519267852349,0.0705523648847811));
#2940=CARTESIAN_POINT('',(-0.046,0.0708811165299415,0.0319142135623731));
#2941=CARTESIAN_POINT('',(-0.046,0.0722953300923146,0.0305));
#2942=CARTESIAN_POINT('',(-0.046,0.100791038706946,0.0305));
#2943=CARTESIAN_POINT('',(-0.270985451842326,0.123322189631864,0.0116850842073984));
#2944=CARTESIAN_POINT('',(-0.048,0.117540683990908,0.00968508420739841));
#2945=CARTESIAN_POINT('',(-0.048,0.123322189631863,0.00968508420739841));
#2946=CARTESIAN_POINT('',(-0.048,0.123371574705592,0.00968538915987468));
#2947=CARTESIAN_POINT('',(-0.055,0.123371578467779,0.0096856941146734));
#2948=CARTESIAN_POINT('',(-0.055,0.123371578467779,0.0096856941146734));
#2949=CARTESIAN_POINT('',(-0.055,0.123322189631864,0.0116850842073984));
#2950=CARTESIAN_POINT('',(-0.055,0.123322189631864,0.00968508420739841));
#2951=CARTESIAN_POINT('',(-0.046,0.123322189631864,0.00968508420739841));
#2952=CARTESIAN_POINT('',(-0.055002,0.0903468878156606,0.0121850842073969));
#2953=CARTESIAN_POINT('',(-0.270985451842326,0.0903468878156606,0.00968508420739689));
#2954=CARTESIAN_POINT('',(-0.055,0.0903468878156606,0.00968508420739689));
#2955=CARTESIAN_POINT('',(-0.055,0.0903468878156606,0.0121850842073969));
#2956=CARTESIAN_POINT('',(-0.055,0.0889120743696645,0.0101378152032871));
#2957=CARTESIAN_POINT('',(-0.055002,0.0889120743696645,0.0101378152032871));
#2958=CARTESIAN_POINT('',(-0.045998,0.104392272463314,0.0104999999999993));
#2959=CARTESIAN_POINT('',(-0.05,0.165784544926627,0.0104999999999993));
#2960=CARTESIAN_POINT('',(-0.05,0.164784544926627,0.0104999999999993));
#2961=CARTESIAN_POINT('',(-0.046,0.104392272463314,0.0104999999999993));
#2962=CARTESIAN_POINT('',(-0.046,0.158284544926627,0.0104999999999993));
#2963=CARTESIAN_POINT('',(-0.046,0.156361522529482,0.0104999999999993));
#2964=CARTESIAN_POINT('',(-0.045998,0.158284544926627,0.0104999999999993));
#2965=CARTESIAN_POINT('',(-0.048,0.158284544926627,0.0104999999999993));
#2966=CARTESIAN_POINT('',(-0.048,0.104392272463314,0.0104999999999993));
#2967=CARTESIAN_POINT('',(-0.048,0.170784544926627,0.0104999999999994));
#2968=CARTESIAN_POINT('',(-0.045998,0.170784544926627,0.0104999999999994));
#2969=CARTESIAN_POINT('',(-0.055,0.170784544926627,0.0104999999999994));
#2970=CARTESIAN_POINT('',(-0.055,0.104392272463314,0.0104999999999993));
#2971=CARTESIAN_POINT('',(-0.055,0.156361522529482,0.0104999999999993));
#2972=CARTESIAN_POINT('',(-0.055,0.156361522529482,0.0104999999999993));
#2973=CARTESIAN_POINT('',(-0.045998,0.104392272463314,0.0104999999999993));
#2974=CARTESIAN_POINT('',(-0.05,0.0610264791536373,0.0104999999999993));
#2975=CARTESIAN_POINT('',(-0.05,0.0600264791536373,0.0104999999999993));
#2976=CARTESIAN_POINT('',(-0.055,0.104392272463314,0.0104999999999993));
#2977=CARTESIAN_POINT('',(-0.055,0.0877642236128675,0.0104999999999993));
#2978=CARTESIAN_POINT('',(-0.055,0.038,0.0104999999999993));
#2979=CARTESIAN_POINT('',(-0.045998,0.038,0.0104999999999993));
#2980=CARTESIAN_POINT('',(-0.048,0.038,0.0104999999999993));
#2981=CARTESIAN_POINT('',(-0.048,0.104392272463314,0.0104999999999993));
#2982=CARTESIAN_POINT('',(-0.048,0.0525,0.0104999999999993));
#2983=CARTESIAN_POINT('',(-0.048,0.0525,0.0104999999999993));
#2984=CARTESIAN_POINT('',(-0.045998,0.0877642236128675,0.0104999999999993));
#2985=CARTESIAN_POINT('',(-0.055,0.0838922724633136,0.03075));
#2986=CARTESIAN_POINT('',(-0.055,0.0203431807974572,0.0401501019712341));
#2987=CARTESIAN_POINT('',(-0.055,0.0203431807974572,0.0417376019712341));
#2988=CARTESIAN_POINT('',(-0.055,0.131787791816789,0.0375));
#2989=CARTESIAN_POINT('',(-0.055,0.173284544926627,0.0375));
#2990=CARTESIAN_POINT('',(-0.055,0.173284544926627,0.0214999999999997));
#2991=CARTESIAN_POINT('',(-0.055,0.173284544926627,0.00549999999999763));
#2992=CARTESIAN_POINT('',(-0.055,0.0891422724633126,0.0055));
#2993=CARTESIAN_POINT('',(-0.055,0.0074999999999981,0.0055));
#2994=CARTESIAN_POINT('',(-0.055,0.00524999999999905,0.00324999999999905));
#2995=CARTESIAN_POINT('',(-0.055,0.003,0.00100000000000001));
#2996=CARTESIAN_POINT('',(-0.055,7.37257477290143E-18,0.001));
#2997=CARTESIAN_POINT('',(-0.055,-0.003,0.001));
#2998=CARTESIAN_POINT('',(-0.055,-0.00524999999999904,0.00324999999999905));
#2999=CARTESIAN_POINT('',(-0.055,-0.00749999999999808,0.0054999999999981));
#3000=CARTESIAN_POINT('',(-0.055,-0.00815378247524727,0.0055));
#3001=CARTESIAN_POINT('',(-0.055,-0.00880756495049645,0.0054999999999981));
#3002=CARTESIAN_POINT('',(-0.055,-0.00880756495049645,0.0106060972504789));
#3003=CARTESIAN_POINT('',(-0.055,-0.00880756495049645,0.0157121945009598));
#3004=CARTESIAN_POINT('',(-0.055,-0.0081230262232527,0.0168978503562946));
#3005=CARTESIAN_POINT('',(-0.055,-0.00743848749600894,0.0180835062116292));
#3006=CARTESIAN_POINT('',(-0.055,-0.0117686145149311,0.0205835062116293));
#3007=CARTESIAN_POINT('',(-0.055,-0.00596700090182435,0.063074461760091));
#3008=CARTESIAN_POINT('',(-0.055,0.00204698228807197,0.0717829962769921));
#3009=CARTESIAN_POINT('',(-0.055,0.00572618862799847,0.0683972259498369));
#3010=CARTESIAN_POINT('',(-0.055,0.0107076190643055,0.0688277498263342));
#3011=CARTESIAN_POINT('',(-0.055,0.0110162471936136,0.0652567294003721));
#3012=CARTESIAN_POINT('',(-0.055,0.0113248753229218,0.06168570897441));
#3013=CARTESIAN_POINT('',(-0.055,0.0163063057592288,0.0621162328509072));
#3014=CARTESIAN_POINT('',(-0.055,0.181402925217425,0.029));
#3015=CARTESIAN_POINT('',(-0.055,0.181402925217425,0.028));
#3016=CARTESIAN_POINT('',(-0.055,0.181402925217425,0.0139999999999997));
#3017=CARTESIAN_POINT('',(-0.055,0.181402925217425,0.0129999999999997));
#3018=CARTESIAN_POINT('',(-0.055,-0.00274837805639163,0.0530937570925963));
#3019=CARTESIAN_POINT('',(-0.055,-0.00274837805639163,0.0520937570925963));
#3020=CARTESIAN_POINT('',(-0.055,0.00723244257341996,0.0509689260154024));
#3021=CARTESIAN_POINT('',(-0.055,0.00723244257341996,0.0499689260154024));
#3022=CARTESIAN_POINT('',(-0.055,0.038,0.0214999999999997));
#3023=CARTESIAN_POINT('',(-0.055,0.0877642236128675,0.00849999999999935));
#3024=CARTESIAN_POINT('',(-0.055,0.0838922724633136,0.0096850842073984));
#3025=CARTESIAN_POINT('',(-0.055,0.0844363596533617,0.00872391825094953));
#3026=CARTESIAN_POINT('',(-0.055,0.156312133693566,0.0104993900927244));
#3027=CARTESIAN_POINT('',(-0.055,0.156361522529482,0.00849999999999935));
#3028=CARTESIAN_POINT('',(-0.055,0.170784544926627,0.0214999999999997));
#3029=CARTESIAN_POINT('',(-0.055,0.117791038706946,0.0315));
#3030=CARTESIAN_POINT('',(-0.055,0.107791038706946,0.0315));
#3031=CARTESIAN_POINT('',(-0.055,0.,0.0415));
#3032=CARTESIAN_POINT('',(-0.055,0.,0.0365));
#3033=CARTESIAN_POINT('',(-0.055,0.00781308230375283,0.0305));
#3034=CARTESIAN_POINT('',(-0.055,0.00781308230375283,0.0289125));
#3035=CARTESIAN_POINT('',(-0.055,0.00298999683999264,0.0124999999999997));
#3036=CARTESIAN_POINT('',(-0.055,0.00298999683999264,0.0109124999999997));
#3037=CARTESIAN_POINT('',(-0.055,0.0464841156443038,0.0365));
#3038=CARTESIAN_POINT('',(-0.055,0.0325013283210396,0.0365));
#3039=CARTESIAN_POINT('',(-0.055,0.0604669029675681,0.0365));
#3040=CARTESIAN_POINT('',(-0.055,0.0604669029675681,0.0385));
#3041=CARTESIAN_POINT('',(-0.055,0.0609599792959062,0.0404382661670762));
#3042=CARTESIAN_POINT('',(-0.055,0.0474087975008532,0.0438855568837206));
#3043=CARTESIAN_POINT('',(-0.055,0.0338576157058002,0.0473328476003649));
#3044=CARTESIAN_POINT('',(-0.055,0.0325013283210396,0.0420013283210399));
#3045=CARTESIAN_POINT('',(-0.051,0.0425918313110984,0.0265));
#3046=CARTESIAN_POINT('',(-0.048,0.180071632737131,0.0265));
#3047=CARTESIAN_POINT('',(-0.048,0.051,0.0265));
#3048=CARTESIAN_POINT('',(-0.048,0.0413166247903554,0.0265));
#3049=CARTESIAN_POINT('',(-0.272985451842326,0.0413166247903554,0.0265));
#3050=CARTESIAN_POINT('',(-0.051,0.0413166247903554,0.0265));
#3051=CARTESIAN_POINT('',(-0.051,0.0425918313110984,0.0265));
#3052=CARTESIAN_POINT('',(-0.051,0.0654669029675681,0.0265));
#3053=CARTESIAN_POINT('',(-0.051,0.0654669029675681,0.0265));
#3054=CARTESIAN_POINT('',(-0.051,0.051,0.0265));
#3055=CARTESIAN_POINT('',(-0.051,0.0425918313110984,0.0265));
#3056=CARTESIAN_POINT('',(-0.272985451842326,0.0346833752096446,0.0265));
#3057=CARTESIAN_POINT('',(-0.051,0.0346833752096446,0.0265));
#3058=CARTESIAN_POINT('',(-0.048,0.0346833752096446,0.0265));
#3059=CARTESIAN_POINT('',(-0.048,0.180071632737131,0.0265));
#3060=CARTESIAN_POINT('',(-0.048,0.0331010205144337,0.0265));
#3061=CARTESIAN_POINT('',(-0.048,0.0331010205144337,0.0265));
#3062=CARTESIAN_POINT('',(-0.051,0.0331010205144337,0.0265));
#3063=CARTESIAN_POINT('',(-0.051,0.0425918313110984,0.0265));
#3064=CARTESIAN_POINT('',(-0.046,0.180071632737131,0.));
#3065=CARTESIAN_POINT('',(-0.046,0.141777160639376,0.0245353620494726));
#3066=CARTESIAN_POINT('',(-0.046,0.154300408174753,0.0319428199457734));
#3067=CARTESIAN_POINT('',(-0.046,0.129253913103999,0.0171279041531718));
#3068=CARTESIAN_POINT('',(-0.046,0.156336824345624,0.0285));
#3069=CARTESIAN_POINT('',(-0.046,0.158284544926627,0.029));
#3070=CARTESIAN_POINT('',(-0.046,0.161784544926627,0.029));
#3071=CARTESIAN_POINT('',(-0.046,0.161784544926627,0.0214999999999997));
#3072=CARTESIAN_POINT('',(-0.046,0.161784544926627,0.0139999999999993));
#3073=CARTESIAN_POINT('',(-0.046,0.158284544926627,0.0139999999999993));
#3074=CARTESIAN_POINT('',(-0.046,0.156361522529482,0.00849999999999935));
#3075=CARTESIAN_POINT('',(-0.046,0.156312133693566,0.0104993900927244));
#3076=CARTESIAN_POINT('',(-0.046,0.139841856080642,0.0100925421036981));
#3077=CARTESIAN_POINT('',(-0.046,0.130143615855262,0.00985297664976231));
#3078=CARTESIAN_POINT('',(-0.046,0.13129032927487,0.0136850842073984));
#3079=CARTESIAN_POINT('',(-0.045998,0.038,0.0214999999999997));
#3080=CARTESIAN_POINT('',(-0.048,0.038,0.0214999999999997));
#3081=CARTESIAN_POINT('',(-0.048,0.027222245131754,0.0192999999999997));
#3082=CARTESIAN_POINT('',(-0.051,0.038,0.0214999999999997));
#3083=CARTESIAN_POINT('',(-0.051,0.027222245131754,0.0192999999999997));
#3084=CARTESIAN_POINT('',(-0.045998,0.027222245131754,0.0192999999999997));
#3085=CARTESIAN_POINT('',(-0.048002,0.049,0.0215));
#3086=CARTESIAN_POINT('',(-0.046,0.049,0.0139999999999993));
#3087=CARTESIAN_POINT('',(-0.048,0.049,0.0139999999999993));
#3088=CARTESIAN_POINT('',(-0.048,0.049,0.0215));
#3089=CARTESIAN_POINT('',(-0.048,0.049,0.0244999999999997));
#3090=CARTESIAN_POINT('',(-0.048002,0.049,0.0244999999999997));
#3091=CARTESIAN_POINT('',(-0.045998,0.170784544926627,0.0214999999999997));
#3092=CARTESIAN_POINT('',(-0.05,0.170784544926627,0.0214999999999997));
#3093=CARTESIAN_POINT('',(-0.05,0.180513310978337,0.0266333333333331));
#3094=CARTESIAN_POINT('',(-0.048,0.170784544926627,0.0214999999999997));
#3095=CARTESIAN_POINT('',(-0.048,0.180513310978337,0.0266333333333331));
#3096=CARTESIAN_POINT('',(-0.045998,0.180513310978337,0.0266333333333331));
#3097=CARTESIAN_POINT('',(-0.045,-0.00880756495049645,0.));
#3098=CARTESIAN_POINT('',(-0.045,0.0203431807974572,0.0401501019712341));
#3099=CARTESIAN_POINT('',(-0.045,0.0203431807974572,0.0385626019712342));
#3100=CARTESIAN_POINT('',(-0.045,0.107791038706946,0.0315));
#3101=CARTESIAN_POINT('',(-0.045,0.107791038706946,0.0305));
#3102=CARTESIAN_POINT('',(-0.045,0.117791038706946,0.0315));
#3103=CARTESIAN_POINT('',(-0.045,0.117791038706946,0.0305));
#3104=CARTESIAN_POINT('',(-0.045,-0.0117686145149311,0.0205835062116293));
#3105=CARTESIAN_POINT('',(-0.045,-0.00743848749600894,0.0180835062116292));
#3106=CARTESIAN_POINT('',(-0.045,-0.0081230262232527,0.0168978503562946));
#3107=CARTESIAN_POINT('',(-0.045,-0.00880756495049645,0.0157121945009598));
#3108=CARTESIAN_POINT('',(-0.045,-0.00880756495049645,0.0106060972504789));
#3109=CARTESIAN_POINT('',(-0.045,-0.00880756495049645,0.0054999999999981));
#3110=CARTESIAN_POINT('',(-0.045,-0.00815378247524727,0.0055));
#3111=CARTESIAN_POINT('',(-0.045,-0.00749999999999808,0.0054999999999981));
#3112=CARTESIAN_POINT('',(-0.045,-0.00524999999999904,0.00324999999999905));
#3113=CARTESIAN_POINT('',(-0.045,-0.003,0.001));
#3114=CARTESIAN_POINT('',(-0.045,7.37257477290143E-18,0.001));
#3115=CARTESIAN_POINT('',(-0.045,0.003,0.00100000000000001));
#3116=CARTESIAN_POINT('',(-0.045,0.00524999999999905,0.00324999999999905));
#3117=CARTESIAN_POINT('',(-0.045,0.0074999999999981,0.0055));
#3118=CARTESIAN_POINT('',(-0.045,0.0891422724633126,0.0055));
#3119=CARTESIAN_POINT('',(-0.045,0.173284544926627,0.00549999999999763));
#3120=CARTESIAN_POINT('',(-0.045,0.173284544926627,0.0214999999999997));
#3121=CARTESIAN_POINT('',(-0.045,0.173284544926627,0.0375));
#3122=CARTESIAN_POINT('',(-0.045,0.131787791816789,0.0375));
#3123=CARTESIAN_POINT('',(-0.045,0.0163063057592288,0.0621162328509072));
#3124=CARTESIAN_POINT('',(-0.045,0.0113248753229218,0.06168570897441));
#3125=CARTESIAN_POINT('',(-0.045,0.0110162471936136,0.0652567294003721));
#3126=CARTESIAN_POINT('',(-0.045,0.0107076190643055,0.0688277498263342));
#3127=CARTESIAN_POINT('',(-0.045,0.00572618862799847,0.0683972259498369));
#3128=CARTESIAN_POINT('',(-0.045,0.00204698228807197,0.0717829962769921));
#3129=CARTESIAN_POINT('',(-0.045,-0.00596700090182435,0.063074461760091));
#3130=CARTESIAN_POINT('',(-0.045,0.181402925217425,0.029));
#3131=CARTESIAN_POINT('',(-0.045,0.181402925217425,0.03));
#3132=CARTESIAN_POINT('',(-0.045,0.181402925217425,0.0139999999999997));
#3133=CARTESIAN_POINT('',(-0.045,0.181402925217425,0.0149999999999997));
#3134=CARTESIAN_POINT('',(-0.045,-0.00274837805639163,0.0530937570925963));
#3135=CARTESIAN_POINT('',(-0.045,-0.00274837805639163,0.0540937570925963));
#3136=CARTESIAN_POINT('',(-0.045,0.00723244257341996,0.0509689260154024));
#3137=CARTESIAN_POINT('',(-0.045,0.00723244257341996,0.0519689260154024));
#3138=CARTESIAN_POINT('',(-0.045,0.0854761229143449,0.0239441508912843));
#3139=CARTESIAN_POINT('',(-0.045,0.0854761229143449,0.0249441508912843));
#3140=CARTESIAN_POINT('',(-0.045,0.0972351895982322,0.0288149157926));
#3141=CARTESIAN_POINT('',(-0.045,0.0972351895982322,0.0298149157926));
#3142=CARTESIAN_POINT('',(-0.045,0.102105954499548,0.0170558491087127));
#3143=CARTESIAN_POINT('',(-0.045,0.102105954499548,0.0180558491087127));
#3144=CARTESIAN_POINT('',(-0.045,0.0903468878156606,0.0121850842073969));
#3145=CARTESIAN_POINT('',(-0.045,0.0903468878156606,0.0131850842073969));
#3146=CARTESIAN_POINT('',(-0.045,0.,0.0415));
#3147=CARTESIAN_POINT('',(-0.045,0.,0.0465));
#3148=CARTESIAN_POINT('',(-0.045,0.170784544926627,0.0214999999999997));
#3149=CARTESIAN_POINT('',(-0.045,0.170784544926627,0.0230874999999997));
#3150=CARTESIAN_POINT('',(-0.045,0.00781308230375283,0.0305));
#3151=CARTESIAN_POINT('',(-0.045,0.00781308230375283,0.0320875));
#3152=CARTESIAN_POINT('',(-0.045,0.00298999683999264,0.0124999999999997));
#3153=CARTESIAN_POINT('',(-0.045,0.00298999683999264,0.0140874999999997));
#3154=CARTESIAN_POINT('',(-0.045,0.038,0.0214999999999997));
#3155=CARTESIAN_POINT('',(-0.045,0.038,0.0230874999999997));
#3156=CARTESIAN_POINT('',(-0.045,0.0937910387069464,0.0204999999999985));
#3157=CARTESIAN_POINT('',(-0.045,0.0937910387069464,0.0274999999999985));
#3158=CARTESIAN_POINT('',(-0.044998,-0.00815378247524727,0.0055));
#3159=CARTESIAN_POINT('',(-0.044998,-0.00880756495049645,0.0054999999999981));
#3160=CARTESIAN_POINT('',(-0.044998,-0.00749999999999808,0.0054999999999981));
#3161=CARTESIAN_POINT('',(-0.044998,-0.00524999999999904,0.00324999999999905));
#3162=CARTESIAN_POINT('',(-0.044998,-0.003,0.001));
#3163=CARTESIAN_POINT('',(-0.044998,7.37257477290143E-18,0.001));
#3164=CARTESIAN_POINT('',(-0.05,-3.30344640081266E-19,0.001));
#3165=CARTESIAN_POINT('',(-0.049,-3.30344640081266E-19,0.001));
#3166=CARTESIAN_POINT('',(-0.044998,0.003,0.00100000000000001));
#3167=CARTESIAN_POINT('',(-0.044998,0.00524999999999905,0.00324999999999905));
#3168=CARTESIAN_POINT('',(-0.044998,0.0074999999999981,0.0055));
#3169=CARTESIAN_POINT('',(-0.044998,0.0891422724633126,0.0055));
#3170=CARTESIAN_POINT('',(-0.05,0.0256458228220626,0.0055));
#3171=CARTESIAN_POINT('',(-0.049,0.0256458228220626,0.0055));
#3172=CARTESIAN_POINT('',(-0.05,0.0610264791536373,0.0055));
#3173=CARTESIAN_POINT('',(-0.049,0.0610264791536373,0.0055));
#3174=CARTESIAN_POINT('',(-0.05,0.165784544926627,0.0055));
#3175=CARTESIAN_POINT('',(-0.049,0.165784544926627,0.0055));
#3176=CARTESIAN_POINT('',(-0.05,0.131787791816787,0.0055));
#3177=CARTESIAN_POINT('',(-0.049,0.131787791816787,0.0055));
#3178=CARTESIAN_POINT('',(-0.05,0.096407135485212,0.0055));
#3179=CARTESIAN_POINT('',(-0.049,0.096407135485212,0.0055));
#3180=CARTESIAN_POINT('',(-0.044998,0.173284544926627,0.00549999999999763));
#3181=CARTESIAN_POINT('',(-0.044998,0.131787791816789,0.0375));
#3182=CARTESIAN_POINT('',(-0.05,0.0977910387069464,0.0375));
#3183=CARTESIAN_POINT('',(-0.051,0.0977910387069464,0.0375));
#3184=CARTESIAN_POINT('',(-0.05,0.131787791816787,0.0375));
#3185=CARTESIAN_POINT('',(-0.051,0.131787791816787,0.0375));
#3186=CARTESIAN_POINT('',(-0.05,0.165784544926627,0.0375));
#3187=CARTESIAN_POINT('',(-0.051,0.165784544926627,0.0375));
#3188=CARTESIAN_POINT('',(-0.044998,0.173284544926627,0.0375));
#3189=CARTESIAN_POINT('',(-0.044998,-0.00880756495049645,0.0106060972504789));
#3190=CARTESIAN_POINT('',(-0.044998,-0.00880756495049645,0.0157121945009598));
#3191=CARTESIAN_POINT('',(-0.044998,-0.0117686145149311,0.0205835062116293));
#3192=CARTESIAN_POINT('',(-0.044998,-0.00743848749600894,0.0180835062116292));
#3193=CARTESIAN_POINT('',(-0.044998,-0.0081230262232527,0.0168978503562946));
#3194=CARTESIAN_POINT('',(-0.044998,0.00298999683999264,0.0124999999999997));
#3195=CARTESIAN_POINT('',(-0.044998,0.00781308230375283,0.0305));
#3196=CARTESIAN_POINT('',(-0.044998,0.038,0.0214999999999997));
#3197=CARTESIAN_POINT('',(-0.048,0.038,0.0214999999999997));
#3198=CARTESIAN_POINT('',(-0.048,0.038,0.0199124999999997));
#3199=CARTESIAN_POINT('',(-0.044998,0.170784544926627,0.0214999999999997));
#3200=CARTESIAN_POINT('',(-0.048,0.170784544926627,0.0214999999999997));
#3201=CARTESIAN_POINT('',(-0.048,0.170784544926627,0.0199124999999997));
#3202=CARTESIAN_POINT('',(-0.044998,0.0937910387069464,0.0204999999999985));
#3203=CARTESIAN_POINT('',(-0.044998,0.,0.0415));
#3204=CARTESIAN_POINT('',(-0.046,0.180071632737131,0.));
#3205=CARTESIAN_POINT('',(-0.046,0.0325013283210396,0.0420013283210399));
#3206=CARTESIAN_POINT('',(-0.046,0.0338576157058002,0.0473328476003649));
#3207=CARTESIAN_POINT('',(-0.046,0.0325013283210396,0.0365));
#3208=CARTESIAN_POINT('',(-0.046,0.0474087975008532,0.0438855568837206));
#3209=CARTESIAN_POINT('',(-0.046,0.0609599792959062,0.0404382661670762));
#3210=CARTESIAN_POINT('',(-0.046,0.0604669029675681,0.0385));
#3211=CARTESIAN_POINT('',(-0.046,0.0604669029675681,0.0365));
#3212=CARTESIAN_POINT('',(-0.046,0.0464841156443038,0.0365));
#3213=CARTESIAN_POINT('',(-0.045998,0.0464841156443038,0.0365));
#3214=CARTESIAN_POINT('',(-0.045998,0.0325013283210396,0.0365));
#3215=CARTESIAN_POINT('',(-0.045998,0.0604669029675681,0.0365));
#3216=CARTESIAN_POINT('',(-0.045998,0.0325013283210396,0.0420013283210399));
#3217=CARTESIAN_POINT('',(-0.045998,0.0338576157058002,0.0473328476003649));
#3218=CARTESIAN_POINT('',(-0.045998,0.0604669029675681,0.0385));
#3219=CARTESIAN_POINT('',(-0.045998,0.0609599792959062,0.0404382661670762));
#3220=CARTESIAN_POINT('',(-0.045998,0.0474087975008532,0.0438855568837206));
#3221=CARTESIAN_POINT('',(-0.05,0.0472463546371593,0.0439268807907027));
#3222=CARTESIAN_POINT('',(-0.05,0.0462772215536212,0.0441734189548718));
#3223=CARTESIAN_POINT('',(-0.048,0.180071632737131,0.));
#3224=CARTESIAN_POINT('',(-0.048,0.051,0.0244999999999997));
#3225=CARTESIAN_POINT('',(-0.048,0.0525,0.0139999999999993));
#3226=CARTESIAN_POINT('',(-0.048,0.0331010205144337,0.0204999999999997));
#3227=CARTESIAN_POINT('',(-0.048,0.038,0.0214999999999997));
#3228=CARTESIAN_POINT('',(-0.048,0.180071632737131,0.));
#3229=CARTESIAN_POINT('',(-0.048,0.158284544926627,0.0139999999999993));
#3230=CARTESIAN_POINT('',(-0.048,0.161784544926627,0.0139999999999993));
#3231=CARTESIAN_POINT('',(-0.048,0.161784544926627,0.0214999999999997));
#3232=CARTESIAN_POINT('',(-0.048,0.161784544926627,0.0285));
#3233=CARTESIAN_POINT('',(-0.048,0.170527185613746,0.0285));
#3234=CARTESIAN_POINT('',(-0.048,0.177417794507338,0.0285));
#3235=CARTESIAN_POINT('',(-0.048,0.177417794507338,0.0249999999999997));
#3236=CARTESIAN_POINT('',(-0.048002,0.161784544926627,0.0214999999999997));
#3237=CARTESIAN_POINT('',(-0.05,0.161784544926627,0.0214999999999997));
#3238=CARTESIAN_POINT('',(-0.05,0.161784544926627,0.029));
#3239=CARTESIAN_POINT('',(-0.05,0.161784544926627,0.0285));
#3240=CARTESIAN_POINT('',(-0.05,0.161784544926627,0.0285));
#3241=CARTESIAN_POINT('',(-0.048002,0.161784544926627,0.0139999999999993));
#3242=CARTESIAN_POINT('',(-0.046,0.161784544926627,0.029));
#3243=CARTESIAN_POINT('',(-0.05,0.170527185613746,0.0285));
#3244=CARTESIAN_POINT('',(-0.05,0.170527185613746,0.0285));
#3245=CARTESIAN_POINT('',(-0.05,0.177417794507338,0.0285));
#3246=CARTESIAN_POINT('',(-0.05,0.177417794507338,0.0285));
#3247=CARTESIAN_POINT('',(-0.05,0.171784544926627,0.0214999999999997));
#3248=CARTESIAN_POINT('',(-0.05,0.177417794507338,0.0249999999999997));
#3249=CARTESIAN_POINT('',(-0.05,0.158284544926627,0.029));
#3250=CARTESIAN_POINT('',(-0.05,0.104392272463313,0.0325));
#3251=CARTESIAN_POINT('',(-0.045998,0.177417794507338,0.0249999999999997));
#3252=CARTESIAN_POINT('',(-0.048002,0.158284544926627,0.029));
#3253=CARTESIAN_POINT('',(-0.048002,0.0525,0.0139999999999993));
#3254=CARTESIAN_POINT('',(-0.045998,0.158284544926627,0.0139999999999993));
#3255=CARTESIAN_POINT('',(-0.051,0.0684669029675681,0.0295));
#3256=CARTESIAN_POINT('',(-0.051,0.0684669029675681,0.0295));
#3257=CARTESIAN_POINT('',(-0.051,0.0708811165299415,0.0319142135623731));
#3258=CARTESIAN_POINT('',(-0.051,0.0708811165299415,0.0319142135623731));
#3259=CARTESIAN_POINT('',(-0.051,0.049233451483784,0.0214999999999997));
#3260=CARTESIAN_POINT('',(-0.051,0.0331010205144337,0.0204999999999997));
#3261=CARTESIAN_POINT('',(-0.051,0.0722953300923146,0.0305));
#3262=CARTESIAN_POINT('',(-0.051,0.038,0.0214999999999997));
#3263=CARTESIAN_POINT('',(-0.045998,0.0331010205144337,0.0204999999999997));
#3264=CARTESIAN_POINT('',(-0.272985451842326,0.038,0.0214999999999997));
#3265=CARTESIAN_POINT('',(-0.048002,0.051,0.0244999999999997));
#3266=CARTESIAN_POINT('',(-0.045998,0.0722953300923146,0.0305));
#3267=CARTESIAN_POINT('',(0.169985451842326,0.0903468878156606,0.0121850842073969));
#3268=CARTESIAN_POINT('',(0.169985451842326,0.102105954499548,0.0170558491087127));
#3269=CARTESIAN_POINT('',(0.169985451842326,0.0972351895982322,0.0288149157926));
#3270=CARTESIAN_POINT('',(0.169985451842326,0.0854761229143449,0.0239441508912843));
#3271=CARTESIAN_POINT('',(-0.270985451842326,0.106846887815661,0.0096850842073984));
#3272=CARTESIAN_POINT('',(-0.048002,0.103791038706946,0.0096850842073984));
#3273=CARTESIAN_POINT('',(-0.048,0.103791038706946,0.0096850842073984));
#3274=CARTESIAN_POINT('',(-0.048,0.117540683990908,0.00968508420739841));
#3275=CARTESIAN_POINT('',(-0.05,0.096407135485212,0.0096850842073984));
#3276=CARTESIAN_POINT('',(-0.05,0.097407135485212,0.0096850842073984));
#3277=CARTESIAN_POINT('',(-0.270985451842326,0.139841856080642,0.0100925421036981));
#3278=CARTESIAN_POINT('',(-0.05,0.131787791816787,0.00989359100364707));
#3279=CARTESIAN_POINT('',(-0.05,0.130787791816787,0.00986888905273964));
#3280=CARTESIAN_POINT('',(-0.048002,0.130143615855262,0.00985297664976231));
#3281=CARTESIAN_POINT('',(-0.048,0.130143615855262,0.00985297664976231));
#3282=CARTESIAN_POINT('',(-0.046,0.156312133693566,0.0104993900927244));
#3283=CARTESIAN_POINT('',(-0.048,0.139841856080642,0.0100925421036981));
#3284=CARTESIAN_POINT('',(-0.270985451842326,0.156361522529482,0.00849999999999935));
#3285=CARTESIAN_POINT('',(-0.055002,0.0877642236128675,0.00849999999999935));
#3286=CARTESIAN_POINT('',(-0.055,0.038,0.0325));
#3287=CARTESIAN_POINT('',(-0.05,0.165784544926627,0.0325));
#3288=CARTESIAN_POINT('',(-0.05,0.165784544926627,0.032498));
#3289=CARTESIAN_POINT('',(-0.05,0.131787791816787,0.032498));
#3290=CARTESIAN_POINT('',(-0.05,0.0977910387069464,0.032498));
#3291=CARTESIAN_POINT('',(-0.05,0.131787791816787,0.0155));
#3292=CARTESIAN_POINT('',(-0.05,0.096407135485212,0.0155));
#3293=CARTESIAN_POINT('',(-0.05,0.165784544926627,0.0155));
#3294=CARTESIAN_POINT('',(-0.05,0.0610264791536373,0.0155));
#3295=CARTESIAN_POINT('',(-0.05,0.0256458228220626,0.0155));
#3296=CARTESIAN_POINT('',(-0.05,0.0256458228220626,0.0155));
#3297=CARTESIAN_POINT('',(-0.049,0.0256458228220626,0.0155));
#3298=CARTESIAN_POINT('',(-0.05,0.0891422724633126,0.0155));
#3299=CARTESIAN_POINT('',(0.169985451842326,0.00723244257341996,0.0509689260154024));
#3300=CARTESIAN_POINT('',(0.169985451842326,-0.00274837805639163,0.0530937570925963));
#3301=CARTESIAN_POINT('',(-0.05,-3.30344640081266E-19,0.016));
#3302=CARTESIAN_POINT('',(-0.05,-3.30344640081266E-19,0.016));
#3303=CARTESIAN_POINT('',(-0.049,-3.30344640081266E-19,0.016));
#3304=CARTESIAN_POINT('',(-0.05,2.60208521396521E-18,0.016));
#3305=CARTESIAN_POINT('',(-0.224985451842326,0.181402925217425,0.0139999999999997));
#3306=CARTESIAN_POINT('',(-0.224985451842326,0.181402925217425,0.029));
#3307=CARTESIAN_POINT('',(-0.048002,0.13129032927487,0.0136850842073984));
#3308=CARTESIAN_POINT('',(-0.048,0.13129032927487,0.0136850842073984));
#3309=CARTESIAN_POINT('',(-0.048,0.129253913103999,0.0171279041531718));
#3310=CARTESIAN_POINT('',(-0.048002,0.129253913103999,0.0171279041531718));
#3311=CARTESIAN_POINT('',(-0.048,0.180071632737131,0.));
#3312=CARTESIAN_POINT('',(-0.048,0.103791038706946,0.0136850842073985));
#3313=CARTESIAN_POINT('',(-0.048,0.105827454877817,0.010242264261625));
#3314=CARTESIAN_POINT('',(-0.048,0.118350702413194,0.0176497221579258));
#3315=CARTESIAN_POINT('',(-0.048,0.130873949948571,0.0250571800542266));
#3316=CARTESIAN_POINT('',(-0.048,0.1288375337777,0.0285));
#3317=CARTESIAN_POINT('',(-0.048,0.156336824345624,0.0285));
#3318=CARTESIAN_POINT('',(-0.048,0.154300408174753,0.0319428199457734));
#3319=CARTESIAN_POINT('',(-0.048,0.141777160639376,0.0245353620494726));
#3320=CARTESIAN_POINT('',(-0.048002,0.141777160639376,0.0245353620494726));
#3321=CARTESIAN_POINT('',(-0.048002,0.154300408174753,0.0319428199457734));
#3322=CARTESIAN_POINT('',(-0.048002,0.156336824345624,0.0285));
#3323=CARTESIAN_POINT('',(-0.048002,0.1288375337777,0.0285));
#3324=CARTESIAN_POINT('',(-0.048002,0.130873949948571,0.0250571800542266));
#3325=CARTESIAN_POINT('',(-0.048002,0.118350702413194,0.0176497221579258));
#3326=CARTESIAN_POINT('',(-0.048002,0.105827454877817,0.010242264261625));
#3327=CARTESIAN_POINT('',(-0.048002,0.103791038706946,0.0136850842073985));
#3328=CARTESIAN_POINT('',(-0.044998,0.173284544926627,0.0214999999999997));
#3329=CARTESIAN_POINT('',(-0.053,-0.00596700090182435,0.063074461760091));
#3330=CARTESIAN_POINT('',(-0.053,0.00204698228807197,0.0717829962769921));
#3331=CARTESIAN_POINT('',(-0.053,0.0163063057592288,0.0621162328509072));
#3332=CARTESIAN_POINT('',(-0.053,0.0113248753229218,0.06168570897441));
#3333=CARTESIAN_POINT('',(-0.053,0.0110162471936136,0.0652567294003721));
#3334=CARTESIAN_POINT('',(-0.053,0.0107076190643055,0.0688277498263342));
#3335=CARTESIAN_POINT('',(-0.053,0.00572618862799847,0.0683972259498369));
#3336=CARTESIAN_POINT('',(-0.048,-0.00880756495049645,0.));
#3337=CARTESIAN_POINT('',(-0.048,0.112791038706946,0.0265));
#3338=CARTESIAN_POINT('',(-0.048,0.106791038706946,0.0265));
#3339=CARTESIAN_POINT('',(-0.048,0.118791038706946,0.0265));
#3340=CARTESIAN_POINT('',(-0.048,0.106791038706946,0.0305));
#3341=CARTESIAN_POINT('',(-0.048,0.102791038706946,0.0305));
#3342=CARTESIAN_POINT('',(-0.048,0.100791038706946,0.0305));
#3343=CARTESIAN_POINT('',(-0.048,0.107791038706946,0.0315));
#3344=CARTESIAN_POINT('',(-0.048,0.117791038706946,0.0315));
#3345=CARTESIAN_POINT('',(-0.048,0.124791038706946,0.0305));
#3346=CARTESIAN_POINT('',(-0.048,0.122791038706946,0.0305));
#3347=CARTESIAN_POINT('',(-0.048,0.118791038706946,0.0305));
#3348=CARTESIAN_POINT('',(-0.048,0.117791038706946,0.0315));
#3349=CARTESIAN_POINT('',(-0.048,0.117791038706946,0.0305));
#3350=CARTESIAN_POINT('',(-0.048,0.107791038706946,0.0315));
#3351=CARTESIAN_POINT('',(-0.048,0.107791038706946,0.0305));
#3352=CARTESIAN_POINT('',(-0.048002,0.112791038706946,0.0265));
#3353=CARTESIAN_POINT('',(-0.048002,0.106791038706946,0.0265));
#3354=CARTESIAN_POINT('',(-0.048,0.118791038706946,0.0265));
#3355=CARTESIAN_POINT('',(-0.276589858756162,0.117791038706946,0.0315));
#3356=CARTESIAN_POINT('',(-0.276589858756162,0.107791038706946,0.0315));
#3357=CARTESIAN_POINT('',(-0.279589858756162,0.117791038706946,0.0315));
#3358=CARTESIAN_POINT('',(-0.279589858756162,0.107791038706946,0.0315));
#3359=CARTESIAN_POINT('',(-0.048002,0.118791038706946,0.0305));
#3360=CARTESIAN_POINT('',(-0.046,0.122791038706946,0.0305));
#3361=CARTESIAN_POINT('',(-0.048002,0.106791038706946,0.0305));
#3362=CARTESIAN_POINT('',(-0.048002,0.102791038706946,0.0305));
#3363=CARTESIAN_POINT('',(-0.048002,0.100791038706946,0.0305));
#3364=CARTESIAN_POINT('',(-0.045998,0.124791038706946,0.0305));
#3365=CARTESIAN_POINT('',(-0.05,0.0460136638163138,0.039081215373012));
#3366=CARTESIAN_POINT('',(-0.05,0.0642931281066322,0.0344310949254914));
#3367=CARTESIAN_POINT('',(-0.05,0.0642931281066322,0.0344310949254914));
#3368=CARTESIAN_POINT('',(-0.05,0.0633239950230941,0.0346776330896605));
#3369=CARTESIAN_POINT('',(0.002,0.0514669451809768,0.0376939528812259));
#3370=CARTESIAN_POINT('',(-0.05,0.0825725923969505,0.0297809744779708));
#3371=CARTESIAN_POINT('',(0.32357692839476,0.0203431807974572,0.0401501019712341));
#3372=MECHANICAL_DESIGN_GEOMETRIC_PRESENTATION_REPRESENTATION('',(#1980),
#3373);
#3373=(
GEOMETRIC_REPRESENTATION_CONTEXT(3)
GLOBAL_UNCERTAINTY_ASSIGNED_CONTEXT((#3374))
GLOBAL_UNIT_ASSIGNED_CONTEXT((#3377,#3376,#3375))
REPRESENTATION_CONTEXT('chassis-right','TOP_LEVEL_ASSEMBLY_PART')
);
#3374=UNCERTAINTY_MEASURE_WITH_UNIT(LENGTH_MEASURE(1.03724463511717E-5),
#3377,'DISTANCE_ACCURACY_VALUE','Maximum Tolerance applied to model');
#3375=(
NAMED_UNIT(*)
SI_UNIT($,.STERADIAN.)
SOLID_ANGLE_UNIT()
);
#3376=(
NAMED_UNIT(*)
PLANE_ANGLE_UNIT()
SI_UNIT($,.RADIAN.)
);
#3377=(
LENGTH_UNIT()
NAMED_UNIT(*)
SI_UNIT($,.METRE.)
);
#3378=PRODUCT_DEFINITION_SHAPE('','',#3379);
#3379=PRODUCT_DEFINITION('','',#3381,#3380);
#3380=PRODUCT_DEFINITION_CONTEXT('',#3387,'design');
#3381=PRODUCT_DEFINITION_FORMATION_WITH_SPECIFIED_SOURCE('','',#3383,
 .NOT_KNOWN.);
#3382=PRODUCT_RELATED_PRODUCT_CATEGORY('','',(#3383));
#3383=PRODUCT('chassis-right','chassis-right','chassis-right',(#3385));
#3384=PRODUCT_CATEGORY('','');
#3385=PRODUCT_CONTEXT('',#3387,'mechanical');
#3386=APPLICATION_PROTOCOL_DEFINITION('international standard',
'ap242_managed_model_based_3d_engineering',2020,#3387);
#3387=APPLICATION_CONTEXT('managed model based 3d engineering');
ENDSEC;
END-ISO-10303-21;
