ISO-10303-21;
HEADER;
/* Generated by software containing ST-Developer
 * from STEP Tools, Inc. (www.steptools.com) 
 */
/* OPTION: using custom renumber hook */

FILE_DESCRIPTION(
/* description */ ('STEP AP242 Edition 2',
'CAx-IF Rec.Pracs.---Representation and Presentation of Product Manufa
cturing Information (PMI)---4.0---2014-10-13',
'CAx-IF Rec.Pracs.---3D Tessellated Geometry---0.4---2014-09-14','2;1',
'CAx-IF Rec.Pracs.---User Defined Attributes---1.5---2016-08-15'),
/* implementation_level */ '2;1');

FILE_NAME(
/* name */ '698cf10aa470bfd90cbe153e',
/* time_stamp */ '2026-02-11T21:13:46Z',
/* author */ (''),
/* organization */ (''),
/* preprocessor_version */ 'ST-DEVELOPER v20',
/* originating_system */ 'ONSHAPE BY PTC INC, 1.210',
/* authorisation */ '  ');

FILE_SCHEMA (('AP242_MANAGED_MODEL_BASED_3D_ENGINEERING_MIM_LF { 1 0 10303 442 3 1 4 }'));
ENDSEC;

DATA;
#10=SHAPE_REPRESENTATION_RELATIONSHIP('','',#719,#11);
#11=ADVANCED_BREP_SHAPE_REPRESENTATION('',(#717),#1817);
#12=TOROIDAL_SURFACE('',#759,0.003,0.003);
#13=TOROIDAL_SURFACE('',#788,0.003,0.003);
#14=CONICAL_SURFACE('',#752,0.001,0.78539816339746);
#15=CONICAL_SURFACE('',#753,0.001,0.78539816339746);
#16=CONICAL_SURFACE('',#763,0.006,0.785398163397448);
#17=CONICAL_SURFACE('',#781,0.001,0.78539816339746);
#18=CONICAL_SURFACE('',#782,0.001,0.78539816339746);
#19=CONICAL_SURFACE('',#792,0.006,0.785398163397448);
#20=B_SPLINE_SURFACE_WITH_KNOTS('',3,3,((#1113,#1114,#1115,#1116),(#1117,
#1118,#1119,#1120),(#1121,#1122,#1123,#1124),(#1125,#1126,#1127,#1128),
(#1129,#1130,#1131,#1132),(#1133,#1134,#1135,#1136),(#1137,#1138,#1139,
#1140),(#1141,#1142,#1143,#1144),(#1145,#1146,#1147,#1148),(#1149,#1150,
#1151,#1152),(#1153,#1154,#1155,#1156),(#1157,#1158,#1159,#1160),(#1161,
#1162,#1163,#1164),(#1165,#1166,#1167,#1168),(#1169,#1170,#1171,#1172),
(#1173,#1174,#1175,#1176),(#1177,#1178,#1179,#1180),(#1181,#1182,#1183,
#1184),(#1185,#1186,#1187,#1188),(#1189,#1190,#1191,#1192),(#1193,#1194,
#1195,#1196),(#1197,#1198,#1199,#1200),(#1201,#1202,#1203,#1204),(#1205,
#1206,#1207,#1208),(#1209,#1210,#1211,#1212),(#1213,#1214,#1215,#1216),
(#1217,#1218,#1219,#1220),(#1221,#1222,#1223,#1224),(#1225,#1226,#1227,
#1228),(#1229,#1230,#1231,#1232),(#1233,#1234,#1235,#1236),(#1237,#1238,
#1239,#1240),(#1241,#1242,#1243,#1244),(#1245,#1246,#1247,#1248),(#1249,
#1250,#1251,#1252),(#1253,#1254,#1255,#1256),(#1257,#1258,#1259,#1260),
(#1261,#1262,#1263,#1264),(#1265,#1266,#1267,#1268),(#1269,#1270,#1271,
#1272)),.UNSPECIFIED.,.F.,.F.,.F.,(4,2,2,2,2,2,2,2,2,2,2,2,2,2,2,2,2,2,
2,4),(4,4),(0.,0.0607147142179387,0.121429428435877,0.182144142653816,0.212501499762786,
0.242858856871755,0.304906199267499,0.366953541663243,0.429000884058987,
0.491048226454731,0.553095568850475,0.615142911246219,0.677190253641963,
0.739237596037707,0.771832896532993,0.80442819702828,0.837023497523567,
0.869618798018853,0.934809399009427,1.),(0.,1.),.UNSPECIFIED.);
#21=B_SPLINE_SURFACE_WITH_KNOTS('',1,3,((#1400,#1401,#1402,#1403,#1404,
#1405,#1406,#1407,#1408,#1409),(#1410,#1411,#1412,#1413,#1414,#1415,#1416,
#1417,#1418,#1419)),.RULED_SURF.,.F.,.F.,.F.,(2,2),(4,2,2,2,4),(0.,1.),
(0.,0.00184951192811044,0.00369902385622087,0.00554853578433131,0.00739804771244174),
 .UNSPECIFIED.);
#22=B_SPLINE_SURFACE_WITH_KNOTS('',1,3,((#1429,#1430,#1431,#1432,#1433,
#1434,#1435,#1436,#1437,#1438),(#1439,#1440,#1441,#1442,#1443,#1444,#1445,
#1446,#1447,#1448)),.RULED_SURF.,.F.,.F.,.F.,(2,2),(4,2,2,2,4),(0.,1.),
(0.,0.00184283679777453,0.00368567359554905,0.00552851039332358,0.00737134719109811),
 .UNSPECIFIED.);
#23=B_SPLINE_SURFACE_WITH_KNOTS('',3,3,((#1470,#1471,#1472,#1473),(#1474,
#1475,#1476,#1477),(#1478,#1479,#1480,#1481),(#1482,#1483,#1484,#1485),
(#1486,#1487,#1488,#1489),(#1490,#1491,#1492,#1493),(#1494,#1495,#1496,
#1497),(#1498,#1499,#1500,#1501),(#1502,#1503,#1504,#1505),(#1506,#1507,
#1508,#1509),(#1510,#1511,#1512,#1513),(#1514,#1515,#1516,#1517),(#1518,
#1519,#1520,#1521),(#1522,#1523,#1524,#1525),(#1526,#1527,#1528,#1529),
(#1530,#1531,#1532,#1533),(#1534,#1535,#1536,#1537),(#1538,#1539,#1540,
#1541),(#1542,#1543,#1544,#1545),(#1546,#1547,#1548,#1549),(#1550,#1551,
#1552,#1553),(#1554,#1555,#1556,#1557),(#1558,#1559,#1560,#1561),(#1562,
#1563,#1564,#1565),(#1566,#1567,#1568,#1569),(#1570,#1571,#1572,#1573),
(#1574,#1575,#1576,#1577),(#1578,#1579,#1580,#1581),(#1582,#1583,#1584,
#1585),(#1586,#1587,#1588,#1589),(#1590,#1591,#1592,#1593),(#1594,#1595,
#1596,#1597),(#1598,#1599,#1600,#1601),(#1602,#1603,#1604,#1605),(#1606,
#1607,#1608,#1609),(#1610,#1611,#1612,#1613),(#1614,#1615,#1616,#1617),
(#1618,#1619,#1620,#1621),(#1622,#1623,#1624,#1625),(#1626,#1627,#1628,
#1629)),.UNSPECIFIED.,.F.,.F.,.F.,(4,2,2,2,2,2,2,2,2,2,2,2,2,2,2,2,2,2,
2,4),(4,4),(0.,0.0607147142179387,0.121429428435877,0.182144142653816,0.212501499762786,
0.242858856871755,0.304906199267499,0.366953541663243,0.429000884058987,
0.491048226454731,0.553095568850475,0.615142911246219,0.677190253641963,
0.739237596037707,0.771832896532993,0.80442819702828,0.837023497523567,
0.869618798018853,0.934809399009427,1.),(0.,1.),.UNSPECIFIED.);
#24=B_SPLINE_SURFACE_WITH_KNOTS('',1,3,((#1757,#1758,#1759,#1760,#1761,
#1762,#1763,#1764,#1765,#1766),(#1767,#1768,#1769,#1770,#1771,#1772,#1773,
#1774,#1775,#1776)),.RULED_SURF.,.F.,.F.,.F.,(2,2),(4,2,2,2,4),(0.,1.),
(0.,0.00184951192811044,0.00369902385622087,0.00554853578433131,0.00739804771244174),
 .UNSPECIFIED.);
#25=B_SPLINE_SURFACE_WITH_KNOTS('',1,3,((#1786,#1787,#1788,#1789,#1790,
#1791,#1792,#1793,#1794,#1795),(#1796,#1797,#1798,#1799,#1800,#1801,#1802,
#1803,#1804,#1805)),.RULED_SURF.,.F.,.F.,.F.,(2,2),(4,2,2,2,4),(0.,1.),
(0.,0.00184283679777453,0.00368567359554905,0.00552851039332358,0.00737134719109811),
 .UNSPECIFIED.);
#26=CYLINDRICAL_SURFACE('',#736,0.004);
#27=CYLINDRICAL_SURFACE('',#739,0.004);
#28=CYLINDRICAL_SURFACE('',#742,0.0012);
#29=CYLINDRICAL_SURFACE('',#745,0.0012);
#30=CYLINDRICAL_SURFACE('',#748,0.001);
#31=CYLINDRICAL_SURFACE('',#750,0.001);
#32=CYLINDRICAL_SURFACE('',#754,0.006);
#33=CYLINDRICAL_SURFACE('',#771,0.0012);
#34=CYLINDRICAL_SURFACE('',#774,0.0012);
#35=CYLINDRICAL_SURFACE('',#777,0.001);
#36=CYLINDRICAL_SURFACE('',#779,0.001);
#37=CYLINDRICAL_SURFACE('',#783,0.006);
#38=CIRCLE('',#723,0.0012);
#39=CIRCLE('',#724,0.0012);
#40=CIRCLE('',#725,0.0012);
#41=CIRCLE('',#726,0.0012);
#42=CIRCLE('',#729,0.008);
#43=CIRCLE('',#730,0.0185);
#44=CIRCLE('',#731,0.0185);
#45=CIRCLE('',#732,0.0185);
#46=CIRCLE('',#733,0.0022);
#47=CIRCLE('',#734,0.0022);
#48=CIRCLE('',#737,0.004);
#49=CIRCLE('',#738,0.004);
#50=CIRCLE('',#740,0.004);
#51=CIRCLE('',#741,0.004);
#52=CIRCLE('',#743,0.0012);
#53=CIRCLE('',#746,0.0012);
#54=CIRCLE('',#749,0.001);
#55=CIRCLE('',#751,0.001);
#56=CIRCLE('',#755,0.006);
#57=CIRCLE('',#756,0.006);
#58=CIRCLE('',#758,0.003);
#59=CIRCLE('',#765,0.0185);
#60=CIRCLE('',#766,0.0185);
#61=CIRCLE('',#767,0.0185);
#62=CIRCLE('',#768,0.008);
#63=CIRCLE('',#769,0.0022);
#64=CIRCLE('',#770,0.0022);
#65=CIRCLE('',#772,0.0012);
#66=CIRCLE('',#775,0.0012);
#67=CIRCLE('',#778,0.001);
#68=CIRCLE('',#780,0.001);
#69=CIRCLE('',#784,0.006);
#70=CIRCLE('',#785,0.006);
#71=CIRCLE('',#787,0.003);
#72=LINE('',#975,#100);
#73=LINE('',#982,#101);
#74=LINE('',#984,#102);
#75=LINE('',#986,#103);
#76=LINE('',#992,#104);
#77=LINE('',#1000,#105);
#78=LINE('',#1002,#106);
#79=LINE('',#1004,#107);
#80=LINE('',#1015,#108);
#81=LINE('',#1023,#109);
#82=LINE('',#1024,#110);
#83=LINE('',#1031,#111);
#84=LINE('',#1041,#112);
#85=LINE('',#1052,#113);
#86=LINE('',#1059,#114);
#87=LINE('',#1060,#115);
#88=LINE('',#1067,#116);
#89=LINE('',#1078,#117);
#90=LINE('',#1099,#118);
#91=LINE('',#1102,#119);
#92=LINE('',#1104,#120);
#93=LINE('',#1106,#121);
#94=LINE('',#1349,#122);
#95=LINE('',#1354,#123);
#96=LINE('',#1361,#124);
#97=LINE('',#1706,#125);
#98=LINE('',#1711,#126);
#99=LINE('',#1718,#127);
#100=VECTOR('',#797,1.);
#101=VECTOR('',#798,1.);
#102=VECTOR('',#799,1.);
#103=VECTOR('',#800,1.);
#104=VECTOR('',#807,1.);
#105=VECTOR('',#808,1.);
#106=VECTOR('',#809,1.);
#107=VECTOR('',#810,1.);
#108=VECTOR('',#817,1.);
#109=VECTOR('',#818,1.);
#110=VECTOR('',#819,1.);
#111=VECTOR('',#820,1.);
#112=VECTOR('',#821,1.);
#113=VECTOR('',#822,1.);
#114=VECTOR('',#823,1.);
#115=VECTOR('',#824,1.);
#116=VECTOR('',#825,1.);
#117=VECTOR('',#826,1.);
#118=VECTOR('',#843,1.);
#119=VECTOR('',#844,1.);
#120=VECTOR('',#845,1.);
#121=VECTOR('',#846,1.);
#122=VECTOR('',#885,1.);
#123=VECTOR('',#888,1.);
#124=VECTOR('',#895,1.);
#125=VECTOR('',#946,1.);
#126=VECTOR('',#949,1.);
#127=VECTOR('',#956,1.);
#128=ORIENTED_EDGE('',*,*,#316,.F.);
#129=ORIENTED_EDGE('',*,*,#317,.F.);
#130=ORIENTED_EDGE('',*,*,#318,.T.);
#131=ORIENTED_EDGE('',*,*,#319,.F.);
#132=ORIENTED_EDGE('',*,*,#320,.T.);
#133=ORIENTED_EDGE('',*,*,#321,.T.);
#134=ORIENTED_EDGE('',*,*,#322,.F.);
#135=ORIENTED_EDGE('',*,*,#323,.F.);
#136=ORIENTED_EDGE('',*,*,#324,.T.);
#137=ORIENTED_EDGE('',*,*,#325,.T.);
#138=ORIENTED_EDGE('',*,*,#326,.F.);
#139=ORIENTED_EDGE('',*,*,#327,.F.);
#140=ORIENTED_EDGE('',*,*,#328,.T.);
#141=ORIENTED_EDGE('',*,*,#329,.F.);
#142=ORIENTED_EDGE('',*,*,#330,.T.);
#143=ORIENTED_EDGE('',*,*,#331,.T.);
#144=ORIENTED_EDGE('',*,*,#332,.T.);
#145=ORIENTED_EDGE('',*,*,#333,.T.);
#146=ORIENTED_EDGE('',*,*,#334,.T.);
#147=ORIENTED_EDGE('',*,*,#320,.F.);
#148=ORIENTED_EDGE('',*,*,#335,.F.);
#149=ORIENTED_EDGE('',*,*,#336,.F.);
#150=ORIENTED_EDGE('',*,*,#337,.F.);
#151=ORIENTED_EDGE('',*,*,#338,.F.);
#152=ORIENTED_EDGE('',*,*,#339,.F.);
#153=ORIENTED_EDGE('',*,*,#340,.F.);
#154=ORIENTED_EDGE('',*,*,#341,.F.);
#155=ORIENTED_EDGE('',*,*,#342,.F.);
#156=ORIENTED_EDGE('',*,*,#343,.F.);
#157=ORIENTED_EDGE('',*,*,#327,.T.);
#158=ORIENTED_EDGE('',*,*,#344,.T.);
#159=ORIENTED_EDGE('',*,*,#345,.T.);
#160=ORIENTED_EDGE('',*,*,#346,.T.);
#161=ORIENTED_EDGE('',*,*,#347,.T.);
#162=ORIENTED_EDGE('',*,*,#348,.T.);
#163=ORIENTED_EDGE('',*,*,#349,.T.);
#164=ORIENTED_EDGE('',*,*,#334,.F.);
#165=ORIENTED_EDGE('',*,*,#350,.T.);
#166=ORIENTED_EDGE('',*,*,#344,.F.);
#167=ORIENTED_EDGE('',*,*,#326,.T.);
#168=ORIENTED_EDGE('',*,*,#351,.T.);
#169=ORIENTED_EDGE('',*,*,#352,.F.);
#170=ORIENTED_EDGE('',*,*,#353,.F.);
#171=ORIENTED_EDGE('',*,*,#321,.F.);
#172=ORIENTED_EDGE('',*,*,#354,.T.);
#173=ORIENTED_EDGE('',*,*,#355,.T.);
#174=ORIENTED_EDGE('',*,*,#356,.T.);
#175=ORIENTED_EDGE('',*,*,#357,.T.);
#176=ORIENTED_EDGE('',*,*,#358,.F.);
#177=ORIENTED_EDGE('',*,*,#359,.F.);
#178=ORIENTED_EDGE('',*,*,#324,.F.);
#179=ORIENTED_EDGE('',*,*,#360,.T.);
#180=ORIENTED_EDGE('',*,*,#358,.T.);
#181=ORIENTED_EDGE('',*,*,#361,.F.);
#182=ORIENTED_EDGE('',*,*,#356,.F.);
#183=ORIENTED_EDGE('',*,*,#362,.T.);
#184=ORIENTED_EDGE('',*,*,#317,.T.);
#185=ORIENTED_EDGE('',*,*,#363,.F.);
#186=ORIENTED_EDGE('',*,*,#364,.T.);
#187=ORIENTED_EDGE('',*,*,#365,.T.);
#188=ORIENTED_EDGE('',*,*,#363,.T.);
#189=ORIENTED_EDGE('',*,*,#316,.T.);
#190=ORIENTED_EDGE('',*,*,#353,.T.);
#191=ORIENTED_EDGE('',*,*,#352,.T.);
#192=ORIENTED_EDGE('',*,*,#351,.F.);
#193=ORIENTED_EDGE('',*,*,#325,.F.);
#194=ORIENTED_EDGE('',*,*,#361,.T.);
#195=ORIENTED_EDGE('',*,*,#357,.F.);
#196=ORIENTED_EDGE('',*,*,#366,.F.);
#197=ORIENTED_EDGE('',*,*,#323,.T.);
#198=ORIENTED_EDGE('',*,*,#366,.T.);
#199=ORIENTED_EDGE('',*,*,#367,.F.);
#200=ORIENTED_EDGE('',*,*,#322,.T.);
#201=ORIENTED_EDGE('',*,*,#367,.T.);
#202=ORIENTED_EDGE('',*,*,#368,.T.);
#203=ORIENTED_EDGE('',*,*,#365,.F.);
#204=ORIENTED_EDGE('',*,*,#369,.T.);
#205=ORIENTED_EDGE('',*,*,#364,.F.);
#206=ORIENTED_EDGE('',*,*,#354,.F.);
#207=ORIENTED_EDGE('',*,*,#368,.F.);
#208=ORIENTED_EDGE('',*,*,#355,.F.);
#209=ORIENTED_EDGE('',*,*,#369,.F.);
#210=ORIENTED_EDGE('',*,*,#370,.T.);
#211=ORIENTED_EDGE('',*,*,#371,.T.);
#212=ORIENTED_EDGE('',*,*,#372,.T.);
#213=ORIENTED_EDGE('',*,*,#373,.T.);
#214=ORIENTED_EDGE('',*,*,#374,.T.);
#215=ORIENTED_EDGE('',*,*,#375,.T.);
#216=ORIENTED_EDGE('',*,*,#373,.F.);
#217=ORIENTED_EDGE('',*,*,#376,.T.);
#218=ORIENTED_EDGE('',*,*,#374,.F.);
#219=ORIENTED_EDGE('',*,*,#377,.T.);
#220=ORIENTED_EDGE('',*,*,#346,.F.);
#221=ORIENTED_EDGE('',*,*,#378,.T.);
#222=ORIENTED_EDGE('',*,*,#370,.F.);
#223=ORIENTED_EDGE('',*,*,#379,.F.);
#224=ORIENTED_EDGE('',*,*,#379,.T.);
#225=ORIENTED_EDGE('',*,*,#377,.F.);
#226=ORIENTED_EDGE('',*,*,#380,.F.);
#227=ORIENTED_EDGE('',*,*,#347,.F.);
#228=ORIENTED_EDGE('',*,*,#380,.T.);
#229=ORIENTED_EDGE('',*,*,#375,.F.);
#230=ORIENTED_EDGE('',*,*,#381,.F.);
#231=ORIENTED_EDGE('',*,*,#348,.F.);
#232=ORIENTED_EDGE('',*,*,#381,.T.);
#233=ORIENTED_EDGE('',*,*,#376,.F.);
#234=ORIENTED_EDGE('',*,*,#382,.F.);
#235=ORIENTED_EDGE('',*,*,#349,.F.);
#236=ORIENTED_EDGE('',*,*,#372,.F.);
#237=ORIENTED_EDGE('',*,*,#383,.T.);
#238=ORIENTED_EDGE('',*,*,#332,.F.);
#239=ORIENTED_EDGE('',*,*,#382,.T.);
#240=ORIENTED_EDGE('',*,*,#345,.F.);
#241=ORIENTED_EDGE('',*,*,#350,.F.);
#242=ORIENTED_EDGE('',*,*,#333,.F.);
#243=ORIENTED_EDGE('',*,*,#383,.F.);
#244=ORIENTED_EDGE('',*,*,#371,.F.);
#245=ORIENTED_EDGE('',*,*,#378,.F.);
#246=ORIENTED_EDGE('',*,*,#335,.T.);
#247=ORIENTED_EDGE('',*,*,#319,.T.);
#248=ORIENTED_EDGE('',*,*,#384,.T.);
#249=ORIENTED_EDGE('',*,*,#385,.T.);
#250=ORIENTED_EDGE('',*,*,#386,.F.);
#251=ORIENTED_EDGE('',*,*,#328,.F.);
#252=ORIENTED_EDGE('',*,*,#343,.T.);
#253=ORIENTED_EDGE('',*,*,#387,.F.);
#254=ORIENTED_EDGE('',*,*,#388,.F.);
#255=ORIENTED_EDGE('',*,*,#389,.F.);
#256=ORIENTED_EDGE('',*,*,#390,.F.);
#257=ORIENTED_EDGE('',*,*,#391,.F.);
#258=ORIENTED_EDGE('',*,*,#362,.F.);
#259=ORIENTED_EDGE('',*,*,#359,.T.);
#260=ORIENTED_EDGE('',*,*,#360,.F.);
#261=ORIENTED_EDGE('',*,*,#329,.T.);
#262=ORIENTED_EDGE('',*,*,#386,.T.);
#263=ORIENTED_EDGE('',*,*,#385,.F.);
#264=ORIENTED_EDGE('',*,*,#384,.F.);
#265=ORIENTED_EDGE('',*,*,#318,.F.);
#266=ORIENTED_EDGE('',*,*,#392,.T.);
#267=ORIENTED_EDGE('',*,*,#331,.F.);
#268=ORIENTED_EDGE('',*,*,#392,.F.);
#269=ORIENTED_EDGE('',*,*,#393,.T.);
#270=ORIENTED_EDGE('',*,*,#330,.F.);
#271=ORIENTED_EDGE('',*,*,#393,.F.);
#272=ORIENTED_EDGE('',*,*,#394,.F.);
#273=ORIENTED_EDGE('',*,*,#391,.T.);
#274=ORIENTED_EDGE('',*,*,#395,.F.);
#275=ORIENTED_EDGE('',*,*,#390,.T.);
#276=ORIENTED_EDGE('',*,*,#388,.T.);
#277=ORIENTED_EDGE('',*,*,#394,.T.);
#278=ORIENTED_EDGE('',*,*,#389,.T.);
#279=ORIENTED_EDGE('',*,*,#395,.T.);
#280=ORIENTED_EDGE('',*,*,#396,.F.);
#281=ORIENTED_EDGE('',*,*,#397,.F.);
#282=ORIENTED_EDGE('',*,*,#398,.F.);
#283=ORIENTED_EDGE('',*,*,#399,.F.);
#284=ORIENTED_EDGE('',*,*,#400,.F.);
#285=ORIENTED_EDGE('',*,*,#401,.F.);
#286=ORIENTED_EDGE('',*,*,#397,.T.);
#287=ORIENTED_EDGE('',*,*,#402,.F.);
#288=ORIENTED_EDGE('',*,*,#400,.T.);
#289=ORIENTED_EDGE('',*,*,#403,.F.);
#290=ORIENTED_EDGE('',*,*,#341,.T.);
#291=ORIENTED_EDGE('',*,*,#404,.T.);
#292=ORIENTED_EDGE('',*,*,#396,.T.);
#293=ORIENTED_EDGE('',*,*,#405,.F.);
#294=ORIENTED_EDGE('',*,*,#404,.F.);
#295=ORIENTED_EDGE('',*,*,#340,.T.);
#296=ORIENTED_EDGE('',*,*,#406,.T.);
#297=ORIENTED_EDGE('',*,*,#402,.T.);
#298=ORIENTED_EDGE('',*,*,#406,.F.);
#299=ORIENTED_EDGE('',*,*,#339,.T.);
#300=ORIENTED_EDGE('',*,*,#407,.T.);
#301=ORIENTED_EDGE('',*,*,#401,.T.);
#302=ORIENTED_EDGE('',*,*,#407,.F.);
#303=ORIENTED_EDGE('',*,*,#338,.T.);
#304=ORIENTED_EDGE('',*,*,#408,.T.);
#305=ORIENTED_EDGE('',*,*,#403,.T.);
#306=ORIENTED_EDGE('',*,*,#398,.T.);
#307=ORIENTED_EDGE('',*,*,#408,.F.);
#308=ORIENTED_EDGE('',*,*,#337,.T.);
#309=ORIENTED_EDGE('',*,*,#409,.F.);
#310=ORIENTED_EDGE('',*,*,#342,.T.);
#311=ORIENTED_EDGE('',*,*,#405,.T.);
#312=ORIENTED_EDGE('',*,*,#399,.T.);
#313=ORIENTED_EDGE('',*,*,#409,.T.);
#314=ORIENTED_EDGE('',*,*,#336,.T.);
#315=ORIENTED_EDGE('',*,*,#387,.T.);
#316=EDGE_CURVE('',#410,#411,#478,.T.);
#317=EDGE_CURVE('',#412,#410,#72,.T.);
#318=EDGE_CURVE('',#412,#413,#479,.T.);
#319=EDGE_CURVE('',#414,#413,#73,.T.);
#320=EDGE_CURVE('',#414,#415,#74,.T.);
#321=EDGE_CURVE('',#415,#411,#75,.T.);
#322=EDGE_CURVE('',#416,#416,#38,.T.);
#323=EDGE_CURVE('',#417,#417,#39,.T.);
#324=EDGE_CURVE('',#418,#419,#76,.T.);
#325=EDGE_CURVE('',#419,#420,#480,.T.);
#326=EDGE_CURVE('',#421,#420,#77,.T.);
#327=EDGE_CURVE('',#422,#421,#78,.T.);
#328=EDGE_CURVE('',#422,#423,#79,.T.);
#329=EDGE_CURVE('',#418,#423,#481,.T.);
#330=EDGE_CURVE('',#424,#424,#40,.T.);
#331=EDGE_CURVE('',#425,#425,#41,.T.);
#332=EDGE_CURVE('',#426,#427,#80,.T.);
#333=EDGE_CURVE('',#427,#428,#482,.T.);
#334=EDGE_CURVE('',#428,#415,#81,.T.);
#335=EDGE_CURVE('',#429,#414,#82,.T.);
#336=EDGE_CURVE('',#430,#429,#483,.T.);
#337=EDGE_CURVE('',#431,#430,#83,.T.);
#338=EDGE_CURVE('',#432,#431,#484,.T.);
#339=EDGE_CURVE('',#433,#432,#84,.T.);
#340=EDGE_CURVE('',#434,#433,#485,.T.);
#341=EDGE_CURVE('',#435,#434,#85,.T.);
#342=EDGE_CURVE('',#436,#435,#486,.T.);
#343=EDGE_CURVE('',#422,#436,#86,.T.);
#344=EDGE_CURVE('',#421,#437,#87,.T.);
#345=EDGE_CURVE('',#437,#438,#487,.T.);
#346=EDGE_CURVE('',#438,#439,#88,.T.);
#347=EDGE_CURVE('',#439,#440,#488,.T.);
#348=EDGE_CURVE('',#440,#441,#89,.T.);
#349=EDGE_CURVE('',#441,#426,#489,.T.);
#350=EDGE_CURVE('',#428,#437,#42,.F.);
#351=EDGE_CURVE('',#420,#442,#43,.T.);
#352=EDGE_CURVE('',#443,#442,#44,.F.);
#353=EDGE_CURVE('',#411,#443,#45,.F.);
#354=EDGE_CURVE('',#444,#444,#46,.F.);
#355=EDGE_CURVE('',#445,#445,#47,.F.);
#356=EDGE_CURVE('',#446,#447,#90,.T.);
#357=EDGE_CURVE('',#447,#448,#91,.T.);
#358=EDGE_CURVE('',#449,#448,#92,.T.);
#359=EDGE_CURVE('',#446,#449,#93,.T.);
#360=EDGE_CURVE('',#418,#449,#48,.F.);
#361=EDGE_CURVE('',#419,#448,#49,.T.);
#362=EDGE_CURVE('',#446,#412,#50,.F.);
#363=EDGE_CURVE('',#447,#410,#51,.T.);
#364=EDGE_CURVE('',#450,#450,#490,.T.);
#365=EDGE_CURVE('',#451,#451,#491,.T.);
#366=EDGE_CURVE('',#452,#452,#52,.T.);
#367=EDGE_CURVE('',#453,#453,#53,.T.);
#368=EDGE_CURVE('',#454,#454,#54,.T.);
#369=EDGE_CURVE('',#455,#455,#55,.T.);
#370=EDGE_CURVE('',#456,#457,#94,.T.);
#371=EDGE_CURVE('',#457,#458,#56,.T.);
#372=EDGE_CURVE('',#458,#459,#95,.F.);
#373=EDGE_CURVE('',#459,#456,#57,.F.);
#374=EDGE_CURVE('',#460,#461,#58,.T.);
#375=EDGE_CURVE('',#461,#460,#96,.T.);
#376=EDGE_CURVE('',#459,#461,#492,.T.);
#377=EDGE_CURVE('',#460,#456,#493,.T.);
#378=EDGE_CURVE('',#438,#457,#494,.T.);
#379=EDGE_CURVE('',#439,#456,#495,.F.);
#380=EDGE_CURVE('',#440,#460,#496,.T.);
#381=EDGE_CURVE('',#441,#461,#497,.F.);
#382=EDGE_CURVE('',#426,#459,#498,.T.);
#383=EDGE_CURVE('',#458,#427,#499,.T.);
#384=EDGE_CURVE('',#413,#462,#59,.F.);
#385=EDGE_CURVE('',#462,#463,#60,.F.);
#386=EDGE_CURVE('',#423,#463,#61,.T.);
#387=EDGE_CURVE('',#429,#436,#62,.F.);
#388=EDGE_CURVE('',#464,#464,#63,.F.);
#389=EDGE_CURVE('',#465,#465,#64,.F.);
#390=EDGE_CURVE('',#466,#466,#500,.T.);
#391=EDGE_CURVE('',#467,#467,#501,.T.);
#392=EDGE_CURVE('',#468,#468,#65,.T.);
#393=EDGE_CURVE('',#469,#469,#66,.T.);
#394=EDGE_CURVE('',#470,#470,#67,.T.);
#395=EDGE_CURVE('',#471,#471,#68,.T.);
#396=EDGE_CURVE('',#472,#473,#97,.T.);
#397=EDGE_CURVE('',#474,#472,#69,.F.);
#398=EDGE_CURVE('',#475,#474,#98,.F.);
#399=EDGE_CURVE('',#473,#475,#70,.T.);
#400=EDGE_CURVE('',#476,#477,#71,.T.);
#401=EDGE_CURVE('',#477,#476,#99,.T.);
#402=EDGE_CURVE('',#476,#472,#502,.T.);
#403=EDGE_CURVE('',#474,#477,#503,.T.);
#404=EDGE_CURVE('',#434,#472,#504,.F.);
#405=EDGE_CURVE('',#435,#473,#505,.T.);
#406=EDGE_CURVE('',#433,#476,#506,.T.);
#407=EDGE_CURVE('',#432,#477,#507,.F.);
#408=EDGE_CURVE('',#431,#474,#508,.T.);
#409=EDGE_CURVE('',#475,#430,#509,.T.);
#410=VERTEX_POINT('',#973);
#411=VERTEX_POINT('',#974);
#412=VERTEX_POINT('',#976);
#413=VERTEX_POINT('',#981);
#414=VERTEX_POINT('',#983);
#415=VERTEX_POINT('',#985);
#416=VERTEX_POINT('',#989);
#417=VERTEX_POINT('',#991);
#418=VERTEX_POINT('',#993);
#419=VERTEX_POINT('',#994);
#420=VERTEX_POINT('',#999);
#421=VERTEX_POINT('',#1001);
#422=VERTEX_POINT('',#1003);
#423=VERTEX_POINT('',#1005);
#424=VERTEX_POINT('',#1011);
#425=VERTEX_POINT('',#1013);
#426=VERTEX_POINT('',#1016);
#427=VERTEX_POINT('',#1017);
#428=VERTEX_POINT('',#1022);
#429=VERTEX_POINT('',#1025);
#430=VERTEX_POINT('',#1030);
#431=VERTEX_POINT('',#1032);
#432=VERTEX_POINT('',#1040);
#433=VERTEX_POINT('',#1042);
#434=VERTEX_POINT('',#1051);
#435=VERTEX_POINT('',#1053);
#436=VERTEX_POINT('',#1058);
#437=VERTEX_POINT('',#1061);
#438=VERTEX_POINT('',#1066);
#439=VERTEX_POINT('',#1068);
#440=VERTEX_POINT('',#1077);
#441=VERTEX_POINT('',#1079);
#442=VERTEX_POINT('',#1090);
#443=VERTEX_POINT('',#1092);
#444=VERTEX_POINT('',#1095);
#445=VERTEX_POINT('',#1097);
#446=VERTEX_POINT('',#1100);
#447=VERTEX_POINT('',#1101);
#448=VERTEX_POINT('',#1103);
#449=VERTEX_POINT('',#1105);
#450=VERTEX_POINT('',#1298);
#451=VERTEX_POINT('',#1331);
#452=VERTEX_POINT('',#1334);
#453=VERTEX_POINT('',#1338);
#454=VERTEX_POINT('',#1342);
#455=VERTEX_POINT('',#1345);
#456=VERTEX_POINT('',#1350);
#457=VERTEX_POINT('',#1351);
#458=VERTEX_POINT('',#1353);
#459=VERTEX_POINT('',#1355);
#460=VERTEX_POINT('',#1359);
#461=VERTEX_POINT('',#1360);
#462=VERTEX_POINT('',#1461);
#463=VERTEX_POINT('',#1463);
#464=VERTEX_POINT('',#1467);
#465=VERTEX_POINT('',#1469);
#466=VERTEX_POINT('',#1655);
#467=VERTEX_POINT('',#1688);
#468=VERTEX_POINT('',#1691);
#469=VERTEX_POINT('',#1695);
#470=VERTEX_POINT('',#1699);
#471=VERTEX_POINT('',#1702);
#472=VERTEX_POINT('',#1707);
#473=VERTEX_POINT('',#1708);
#474=VERTEX_POINT('',#1710);
#475=VERTEX_POINT('',#1712);
#476=VERTEX_POINT('',#1716);
#477=VERTEX_POINT('',#1717);
#478=B_SPLINE_CURVE_WITH_KNOTS('',3,(#969,#970,#971,#972),.UNSPECIFIED.,
 .F.,.F.,(4,4),(0.,1.),.PIECEWISE_BEZIER_KNOTS.);
#479=B_SPLINE_CURVE_WITH_KNOTS('',3,(#977,#978,#979,#980),.UNSPECIFIED.,
 .F.,.F.,(4,4),(0.,1.),.PIECEWISE_BEZIER_KNOTS.);
#480=B_SPLINE_CURVE_WITH_KNOTS('',3,(#995,#996,#997,#998),.UNSPECIFIED.,
 .F.,.F.,(4,4),(0.,1.),.PIECEWISE_BEZIER_KNOTS.);
#481=B_SPLINE_CURVE_WITH_KNOTS('',3,(#1006,#1007,#1008,#1009),
 .UNSPECIFIED.,.F.,.F.,(4,4),(0.,1.),.PIECEWISE_BEZIER_KNOTS.);
#482=B_SPLINE_CURVE_WITH_KNOTS('',3,(#1018,#1019,#1020,#1021),
 .UNSPECIFIED.,.F.,.F.,(4,4),(0.,0.000299755685741074),.UNSPECIFIED.);
#483=B_SPLINE_CURVE_WITH_KNOTS('',3,(#1026,#1027,#1028,#1029),
 .UNSPECIFIED.,.F.,.F.,(4,4),(0.,0.000299755685741074),.UNSPECIFIED.);
#484=B_SPLINE_CURVE_WITH_KNOTS('',3,(#1033,#1034,#1035,#1036,#1037,#1038,
#1039),.UNSPECIFIED.,.F.,.F.,(4,1,1,1,4),(0.,0.5,0.625,0.75,1.),
 .UNSPECIFIED.);
#485=B_SPLINE_CURVE_WITH_KNOTS('',3,(#1043,#1044,#1045,#1046,#1047,#1048,
#1049,#1050),.UNSPECIFIED.,.F.,.F.,(4,1,1,1,1,4),(0.,0.25,0.375,0.5,0.75,
1.),.UNSPECIFIED.);
#486=B_SPLINE_CURVE_WITH_KNOTS('',3,(#1054,#1055,#1056,#1057),
 .UNSPECIFIED.,.F.,.F.,(4,4),(0.,0.000299755685741121),.UNSPECIFIED.);
#487=B_SPLINE_CURVE_WITH_KNOTS('',3,(#1062,#1063,#1064,#1065),
 .UNSPECIFIED.,.F.,.F.,(4,4),(0.,0.000299755685741121),.UNSPECIFIED.);
#488=B_SPLINE_CURVE_WITH_KNOTS('',3,(#1069,#1070,#1071,#1072,#1073,#1074,
#1075,#1076),.UNSPECIFIED.,.F.,.F.,(4,1,1,1,1,4),(0.,0.25,0.375,0.5,0.75,
1.),.UNSPECIFIED.);
#489=B_SPLINE_CURVE_WITH_KNOTS('',3,(#1080,#1081,#1082,#1083,#1084,#1085,
#1086),.UNSPECIFIED.,.F.,.F.,(4,1,1,1,4),(0.,0.5,0.625,0.75,1.),
 .UNSPECIFIED.);
#490=B_SPLINE_CURVE_WITH_KNOTS('',3,(#1273,#1274,#1275,#1276,#1277,#1278,
#1279,#1280,#1281,#1282,#1283,#1284,#1285,#1286,#1287,#1288,#1289,#1290,
#1291,#1292,#1293,#1294,#1295,#1296,#1297),.UNSPECIFIED.,.T.,.F.,(1,1,1,
1,1,1,1,1,1,1,1,1,1,1,1,1,1,1,1,1,1,1,1,1,1,1,1,1,1),(-0.00192555997660033,
-0.00154044798128023,-0.000770223990640031,1.70709482662825E-16,0.000770223990640371,
0.00154044798128057,0.00231067197192077,0.00269578396724087,0.00308089596256097,
0.00346600795788107,0.00385111995320117,0.00423623194852127,0.00462134394384137,
0.00539156793448157,0.00616179192512177,0.00693201591576197,0.00770223990640217,
0.00847246389704237,0.00885757589236248,0.00924268788768257,0.00962779988300267,
0.0100129118783228,0.0103980238736429,0.010783135868963,0.0115533598596032,
0.0123235838502434,0.0130938078408836,0.0138640318315238,0.014634255822164),
 .UNSPECIFIED.);
#491=B_SPLINE_CURVE_WITH_KNOTS('',3,(#1299,#1300,#1301,#1302,#1303,#1304,
#1305,#1306,#1307,#1308,#1309,#1310,#1311,#1312,#1313,#1314,#1315,#1316,
#1317,#1318,#1319,#1320,#1321,#1322,#1323,#1324,#1325,#1326,#1327,#1328,
#1329,#1330),.UNSPECIFIED.,.T.,.F.,(1,1,1,1,1,1,1,1,1,1,1,1,1,1,1,1,1,1,
1,1,1,1,1,1,1,1,1,1,1,1,1,1,1,1,1,1),(-0.00247739157660525,-0.00198191326128418,
-0.000990956630642022,1.33438465927062E-16,0.000990956630642288,0.00198191326128444,
0.00247739157660552,0.0029728698919266,0.00346834820724767,0.00371608736490821,
0.00396382652256875,0.00421156568022929,0.00445930483788983,0.0049547831532109,
0.00545026146853198,0.00594573978385306,0.00693669641449521,0.00792765304513737,
0.00891860967577952,0.00990956630642167,0.0104050446217428,0.0109005229370638,
0.0113960012523849,0.0116437404100454,0.011891479567706,0.0121392187253665,
0.0123869578830271,0.0126346970406876,0.0128824361983481,0.0133779145136692,
0.0138733928289903,0.0148643494596324,0.0158553060902746,0.0168462627209168,
0.0178372193515589,0.01833269766688),.UNSPECIFIED.);
#492=B_SPLINE_CURVE_WITH_KNOTS('',3,(#1363,#1364,#1365,#1366,#1367,#1368,
#1369,#1370,#1371,#1372,#1373,#1374,#1375,#1376),.UNSPECIFIED.,.F.,.F.,
(4,1,1,1,1,1,1,1,1,1,1,4),(0.,0.25,0.375,0.4375,0.5,0.5625,0.625,0.6875,
0.75,0.8125,0.875,1.),.UNSPECIFIED.);
#493=B_SPLINE_CURVE_WITH_KNOTS('',3,(#1377,#1378,#1379,#1380,#1381,#1382,
#1383,#1384,#1385,#1386,#1387,#1388,#1389,#1390),.UNSPECIFIED.,.F.,.F.,
(4,1,1,1,1,1,1,1,1,1,1,4),(0.,0.125,0.1875,0.25,0.3125,0.375,0.4375,0.5,
0.5625,0.625,0.75,1.),.UNSPECIFIED.);
#494=B_SPLINE_CURVE_WITH_KNOTS('',3,(#1392,#1393,#1394,#1395),
 .UNSPECIFIED.,.F.,.F.,(4,4),(0.,0.00268446578174197),.UNSPECIFIED.);
#495=B_SPLINE_CURVE_WITH_KNOTS('',3,(#1396,#1397,#1398,#1399),
 .UNSPECIFIED.,.F.,.F.,(4,4),(0.,1.),.UNSPECIFIED.);
#496=B_SPLINE_CURVE_WITH_KNOTS('',3,(#1420,#1421,#1422,#1423),
 .UNSPECIFIED.,.F.,.F.,(4,4),(0.,1.),.UNSPECIFIED.);
#497=B_SPLINE_CURVE_WITH_KNOTS('',3,(#1425,#1426,#1427,#1428),
 .UNSPECIFIED.,.F.,.F.,(4,4),(0.,1.),.UNSPECIFIED.);
#498=B_SPLINE_CURVE_WITH_KNOTS('',3,(#1449,#1450,#1451,#1452),
 .UNSPECIFIED.,.F.,.F.,(4,4),(0.,1.),.UNSPECIFIED.);
#499=B_SPLINE_CURVE_WITH_KNOTS('',3,(#1454,#1455,#1456,#1457),
 .UNSPECIFIED.,.F.,.F.,(4,4),(0.,0.00268446578174201),.UNSPECIFIED.);
#500=B_SPLINE_CURVE_WITH_KNOTS('',3,(#1630,#1631,#1632,#1633,#1634,#1635,
#1636,#1637,#1638,#1639,#1640,#1641,#1642,#1643,#1644,#1645,#1646,#1647,
#1648,#1649,#1650,#1651,#1652,#1653,#1654),.UNSPECIFIED.,.T.,.F.,(1,1,1,
1,1,1,1,1,1,1,1,1,1,1,1,1,1,1,1,1,1,1,1,1,1,1,1,1,1),(-0.00192555997660033,
-0.00154044798128023,-0.000770223990640031,1.70709482662825E-16,0.000770223990640371,
0.00154044798128057,0.00231067197192077,0.00269578396724087,0.00308089596256097,
0.00346600795788107,0.00385111995320117,0.00423623194852127,0.00462134394384137,
0.00539156793448157,0.00616179192512177,0.00693201591576197,0.00770223990640217,
0.00847246389704237,0.00885757589236248,0.00924268788768257,0.00962779988300267,
0.0100129118783228,0.0103980238736429,0.010783135868963,0.0115533598596032,
0.0123235838502434,0.0130938078408836,0.0138640318315238,0.014634255822164),
 .UNSPECIFIED.);
#501=B_SPLINE_CURVE_WITH_KNOTS('',3,(#1656,#1657,#1658,#1659,#1660,#1661,
#1662,#1663,#1664,#1665,#1666,#1667,#1668,#1669,#1670,#1671,#1672,#1673,
#1674,#1675,#1676,#1677,#1678,#1679,#1680,#1681,#1682,#1683,#1684,#1685,
#1686,#1687),.UNSPECIFIED.,.T.,.F.,(1,1,1,1,1,1,1,1,1,1,1,1,1,1,1,1,1,1,
1,1,1,1,1,1,1,1,1,1,1,1,1,1,1,1,1,1),(-0.00247739157660525,-0.00198191326128418,
-0.000990956630642022,1.33438465927062E-16,0.000990956630642288,0.00198191326128444,
0.00247739157660552,0.0029728698919266,0.00346834820724767,0.00371608736490821,
0.00396382652256875,0.00421156568022929,0.00445930483788983,0.0049547831532109,
0.00545026146853198,0.00594573978385306,0.00693669641449521,0.00792765304513737,
0.00891860967577952,0.00990956630642167,0.0104050446217428,0.0109005229370638,
0.0113960012523849,0.0116437404100454,0.011891479567706,0.0121392187253665,
0.0123869578830271,0.0126346970406876,0.0128824361983481,0.0133779145136692,
0.0138733928289903,0.0148643494596324,0.0158553060902746,0.0168462627209168,
0.0178372193515589,0.01833269766688),.UNSPECIFIED.);
#502=B_SPLINE_CURVE_WITH_KNOTS('',3,(#1720,#1721,#1722,#1723,#1724,#1725,
#1726,#1727,#1728,#1729,#1730,#1731,#1732,#1733),.UNSPECIFIED.,.F.,.F.,
(4,1,1,1,1,1,1,1,1,1,1,4),(0.,0.125,0.1875,0.25,0.3125,0.375,0.4375,0.5,
0.5625,0.625,0.75,1.),.UNSPECIFIED.);
#503=B_SPLINE_CURVE_WITH_KNOTS('',3,(#1734,#1735,#1736,#1737,#1738,#1739,
#1740,#1741,#1742,#1743,#1744,#1745,#1746,#1747),.UNSPECIFIED.,.F.,.F.,
(4,1,1,1,1,1,1,1,1,1,1,4),(0.,0.25,0.375,0.4375,0.5,0.5625,0.625,0.6875,
0.75,0.8125,0.875,1.),.UNSPECIFIED.);
#504=B_SPLINE_CURVE_WITH_KNOTS('',3,(#1749,#1750,#1751,#1752),
 .UNSPECIFIED.,.F.,.F.,(4,4),(0.,1.),.UNSPECIFIED.);
#505=B_SPLINE_CURVE_WITH_KNOTS('',3,(#1753,#1754,#1755,#1756),
 .UNSPECIFIED.,.F.,.F.,(4,4),(0.,0.00268446578174197),.UNSPECIFIED.);
#506=B_SPLINE_CURVE_WITH_KNOTS('',3,(#1777,#1778,#1779,#1780),
 .UNSPECIFIED.,.F.,.F.,(4,4),(0.,1.),.UNSPECIFIED.);
#507=B_SPLINE_CURVE_WITH_KNOTS('',3,(#1782,#1783,#1784,#1785),
 .UNSPECIFIED.,.F.,.F.,(4,4),(0.,1.),.UNSPECIFIED.);
#508=B_SPLINE_CURVE_WITH_KNOTS('',3,(#1806,#1807,#1808,#1809),
 .UNSPECIFIED.,.F.,.F.,(4,4),(0.,1.),.UNSPECIFIED.);
#509=B_SPLINE_CURVE_WITH_KNOTS('',3,(#1811,#1812,#1813,#1814),
 .UNSPECIFIED.,.F.,.F.,(4,4),(0.,0.00268446578174201),.UNSPECIFIED.);
#510=EDGE_LOOP('',(#128,#129,#130,#131,#132,#133));
#511=EDGE_LOOP('',(#134));
#512=EDGE_LOOP('',(#135));
#513=EDGE_LOOP('',(#136,#137,#138,#139,#140,#141));
#514=EDGE_LOOP('',(#142));
#515=EDGE_LOOP('',(#143));
#516=EDGE_LOOP('',(#144,#145,#146,#147,#148,#149,#150,#151,#152,#153,#154,
#155,#156,#157,#158,#159,#160,#161,#162,#163));
#517=EDGE_LOOP('',(#164,#165,#166,#167,#168,#169,#170,#171));
#518=EDGE_LOOP('',(#172));
#519=EDGE_LOOP('',(#173));
#520=EDGE_LOOP('',(#174,#175,#176,#177));
#521=EDGE_LOOP('',(#178,#179,#180,#181));
#522=EDGE_LOOP('',(#182,#183,#184,#185));
#523=EDGE_LOOP('',(#186));
#524=EDGE_LOOP('',(#187));
#525=EDGE_LOOP('',(#188,#189,#190,#191,#192,#193,#194,#195));
#526=EDGE_LOOP('',(#196));
#527=EDGE_LOOP('',(#197));
#528=EDGE_LOOP('',(#198));
#529=EDGE_LOOP('',(#199));
#530=EDGE_LOOP('',(#200));
#531=EDGE_LOOP('',(#201));
#532=EDGE_LOOP('',(#202));
#533=EDGE_LOOP('',(#203));
#534=EDGE_LOOP('',(#204));
#535=EDGE_LOOP('',(#205));
#536=EDGE_LOOP('',(#206));
#537=EDGE_LOOP('',(#207));
#538=EDGE_LOOP('',(#208));
#539=EDGE_LOOP('',(#209));
#540=EDGE_LOOP('',(#210,#211,#212,#213));
#541=EDGE_LOOP('',(#214,#215));
#542=EDGE_LOOP('',(#216,#217,#218,#219));
#543=EDGE_LOOP('',(#220,#221,#222,#223));
#544=EDGE_LOOP('',(#224,#225,#226,#227));
#545=EDGE_LOOP('',(#228,#229,#230,#231));
#546=EDGE_LOOP('',(#232,#233,#234,#235));
#547=EDGE_LOOP('',(#236,#237,#238,#239));
#548=EDGE_LOOP('',(#240,#241,#242,#243,#244,#245));
#549=EDGE_LOOP('',(#246,#247,#248,#249,#250,#251,#252,#253));
#550=EDGE_LOOP('',(#254));
#551=EDGE_LOOP('',(#255));
#552=EDGE_LOOP('',(#256));
#553=EDGE_LOOP('',(#257));
#554=EDGE_LOOP('',(#258,#259,#260,#261,#262,#263,#264,#265));
#555=EDGE_LOOP('',(#266));
#556=EDGE_LOOP('',(#267));
#557=EDGE_LOOP('',(#268));
#558=EDGE_LOOP('',(#269));
#559=EDGE_LOOP('',(#270));
#560=EDGE_LOOP('',(#271));
#561=EDGE_LOOP('',(#272));
#562=EDGE_LOOP('',(#273));
#563=EDGE_LOOP('',(#274));
#564=EDGE_LOOP('',(#275));
#565=EDGE_LOOP('',(#276));
#566=EDGE_LOOP('',(#277));
#567=EDGE_LOOP('',(#278));
#568=EDGE_LOOP('',(#279));
#569=EDGE_LOOP('',(#280,#281,#282,#283));
#570=EDGE_LOOP('',(#284,#285));
#571=EDGE_LOOP('',(#286,#287,#288,#289));
#572=EDGE_LOOP('',(#290,#291,#292,#293));
#573=EDGE_LOOP('',(#294,#295,#296,#297));
#574=EDGE_LOOP('',(#298,#299,#300,#301));
#575=EDGE_LOOP('',(#302,#303,#304,#305));
#576=EDGE_LOOP('',(#306,#307,#308,#309));
#577=EDGE_LOOP('',(#310,#311,#312,#313,#314,#315));
#578=FACE_BOUND('',#510,.T.);
#579=FACE_BOUND('',#511,.T.);
#580=FACE_BOUND('',#512,.T.);
#581=FACE_BOUND('',#513,.T.);
#582=FACE_BOUND('',#514,.T.);
#583=FACE_BOUND('',#515,.T.);
#584=FACE_BOUND('',#516,.T.);
#585=FACE_BOUND('',#517,.T.);
#586=FACE_BOUND('',#518,.T.);
#587=FACE_BOUND('',#519,.T.);
#588=FACE_BOUND('',#520,.T.);
#589=FACE_BOUND('',#521,.T.);
#590=FACE_BOUND('',#522,.T.);
#591=FACE_BOUND('',#523,.T.);
#592=FACE_BOUND('',#524,.T.);
#593=FACE_BOUND('',#525,.T.);
#594=FACE_BOUND('',#526,.T.);
#595=FACE_BOUND('',#527,.T.);
#596=FACE_BOUND('',#528,.T.);
#597=FACE_BOUND('',#529,.T.);
#598=FACE_BOUND('',#530,.T.);
#599=FACE_BOUND('',#531,.T.);
#600=FACE_BOUND('',#532,.T.);
#601=FACE_BOUND('',#533,.T.);
#602=FACE_BOUND('',#534,.T.);
#603=FACE_BOUND('',#535,.T.);
#604=FACE_BOUND('',#536,.T.);
#605=FACE_BOUND('',#537,.T.);
#606=FACE_BOUND('',#538,.T.);
#607=FACE_BOUND('',#539,.T.);
#608=FACE_BOUND('',#540,.T.);
#609=FACE_BOUND('',#541,.T.);
#610=FACE_BOUND('',#542,.T.);
#611=FACE_BOUND('',#543,.T.);
#612=FACE_BOUND('',#544,.T.);
#613=FACE_BOUND('',#545,.T.);
#614=FACE_BOUND('',#546,.T.);
#615=FACE_BOUND('',#547,.T.);
#616=FACE_BOUND('',#548,.T.);
#617=FACE_BOUND('',#549,.T.);
#618=FACE_BOUND('',#550,.T.);
#619=FACE_BOUND('',#551,.T.);
#620=FACE_BOUND('',#552,.T.);
#621=FACE_BOUND('',#553,.T.);
#622=FACE_BOUND('',#554,.T.);
#623=FACE_BOUND('',#555,.T.);
#624=FACE_BOUND('',#556,.T.);
#625=FACE_BOUND('',#557,.T.);
#626=FACE_BOUND('',#558,.T.);
#627=FACE_BOUND('',#559,.T.);
#628=FACE_BOUND('',#560,.T.);
#629=FACE_BOUND('',#561,.T.);
#630=FACE_BOUND('',#562,.T.);
#631=FACE_BOUND('',#563,.T.);
#632=FACE_BOUND('',#564,.T.);
#633=FACE_BOUND('',#565,.T.);
#634=FACE_BOUND('',#566,.T.);
#635=FACE_BOUND('',#567,.T.);
#636=FACE_BOUND('',#568,.T.);
#637=FACE_BOUND('',#569,.T.);
#638=FACE_BOUND('',#570,.T.);
#639=FACE_BOUND('',#571,.T.);
#640=FACE_BOUND('',#572,.T.);
#641=FACE_BOUND('',#573,.T.);
#642=FACE_BOUND('',#574,.T.);
#643=FACE_BOUND('',#575,.T.);
#644=FACE_BOUND('',#576,.T.);
#645=FACE_BOUND('',#577,.T.);
#646=PLANE('',#721);
#647=PLANE('',#722);
#648=PLANE('',#727);
#649=PLANE('',#728);
#650=PLANE('',#735);
#651=PLANE('',#744);
#652=PLANE('',#747);
#653=PLANE('',#757);
#654=PLANE('',#760);
#655=PLANE('',#761);
#656=PLANE('',#762);
#657=PLANE('',#764);
#658=PLANE('',#773);
#659=PLANE('',#776);
#660=PLANE('',#786);
#661=PLANE('',#789);
#662=PLANE('',#790);
#663=PLANE('',#791);
#664=ADVANCED_FACE('',(#578),#646,.F.);
#665=ADVANCED_FACE('',(#579,#580,#581,#582,#583),#647,.T.);
#666=ADVANCED_FACE('',(#584),#648,.F.);
#667=ADVANCED_FACE('',(#585,#586,#587),#649,.T.);
#668=ADVANCED_FACE('',(#588),#650,.F.);
#669=ADVANCED_FACE('',(#589),#26,.T.);
#670=ADVANCED_FACE('',(#590),#27,.T.);
#671=ADVANCED_FACE('',(#591,#592,#593),#20,.F.);
#672=ADVANCED_FACE('',(#594,#595),#28,.F.);
#673=ADVANCED_FACE('',(#596),#651,.T.);
#674=ADVANCED_FACE('',(#597,#598),#29,.F.);
#675=ADVANCED_FACE('',(#599),#652,.T.);
#676=ADVANCED_FACE('',(#600,#601),#30,.F.);
#677=ADVANCED_FACE('',(#602,#603),#31,.F.);
#678=ADVANCED_FACE('',(#604,#605),#14,.F.);
#679=ADVANCED_FACE('',(#606,#607),#15,.F.);
#680=ADVANCED_FACE('',(#608),#32,.F.);
#681=ADVANCED_FACE('',(#609),#653,.T.);
#682=ADVANCED_FACE('',(#610),#12,.F.);
#683=ADVANCED_FACE('',(#611),#654,.T.);
#684=ADVANCED_FACE('',(#612),#21,.T.);
#685=ADVANCED_FACE('',(#613),#655,.T.);
#686=ADVANCED_FACE('',(#614),#22,.T.);
#687=ADVANCED_FACE('',(#615),#656,.F.);
#688=ADVANCED_FACE('',(#616),#16,.F.);
#689=ADVANCED_FACE('',(#617,#618,#619),#657,.T.);
#690=ADVANCED_FACE('',(#620,#621,#622),#23,.T.);
#691=ADVANCED_FACE('',(#623,#624),#33,.F.);
#692=ADVANCED_FACE('',(#625),#658,.T.);
#693=ADVANCED_FACE('',(#626,#627),#34,.F.);
#694=ADVANCED_FACE('',(#628),#659,.T.);
#695=ADVANCED_FACE('',(#629,#630),#35,.F.);
#696=ADVANCED_FACE('',(#631,#632),#36,.F.);
#697=ADVANCED_FACE('',(#633,#634),#17,.F.);
#698=ADVANCED_FACE('',(#635,#636),#18,.F.);
#699=ADVANCED_FACE('',(#637),#37,.F.);
#700=ADVANCED_FACE('',(#638),#660,.T.);
#701=ADVANCED_FACE('',(#639),#13,.F.);
#702=ADVANCED_FACE('',(#640),#661,.T.);
#703=ADVANCED_FACE('',(#641),#24,.F.);
#704=ADVANCED_FACE('',(#642),#662,.T.);
#705=ADVANCED_FACE('',(#643),#25,.F.);
#706=ADVANCED_FACE('',(#644),#663,.F.);
#707=ADVANCED_FACE('',(#645),#19,.F.);
#708=CLOSED_SHELL('',(#664,#665,#666,#667,#668,#669,#670,#671,#672,#673,
#674,#675,#676,#677,#678,#679,#680,#681,#682,#683,#684,#685,#686,#687,#688,
#689,#690,#691,#692,#693,#694,#695,#696,#697,#698,#699,#700,#701,#702,#703,
#704,#705,#706,#707));
#709=STYLED_ITEM('',(#710),#717);
#710=PRESENTATION_STYLE_ASSIGNMENT((#711));
#711=SURFACE_STYLE_USAGE(.BOTH.,#712);
#712=SURFACE_SIDE_STYLE('',(#713));
#713=SURFACE_STYLE_FILL_AREA(#714);
#714=FILL_AREA_STYLE('',(#715));
#715=FILL_AREA_STYLE_COLOUR('',#716);
#716=COLOUR_RGB('',0.537254901960784,0.854901960784314,0.827450980392157);
#717=MANIFOLD_SOLID_BREP('butt',#708);
#718=SHAPE_DEFINITION_REPRESENTATION(#1822,#719);
#719=SHAPE_REPRESENTATION('butt',(#720),#1817);
#720=AXIS2_PLACEMENT_3D('',#967,#793,#794);
#721=AXIS2_PLACEMENT_3D('',#968,#795,#796);
#722=AXIS2_PLACEMENT_3D('',#987,#801,#802);
#723=AXIS2_PLACEMENT_3D('',#988,#803,#804);
#724=AXIS2_PLACEMENT_3D('',#990,#805,#806);
#725=AXIS2_PLACEMENT_3D('',#1010,#811,#812);
#726=AXIS2_PLACEMENT_3D('',#1012,#813,#814);
#727=AXIS2_PLACEMENT_3D('',#1014,#815,#816);
#728=AXIS2_PLACEMENT_3D('',#1087,#827,#828);
#729=AXIS2_PLACEMENT_3D('',#1088,#829,#830);
#730=AXIS2_PLACEMENT_3D('',#1089,#831,#832);
#731=AXIS2_PLACEMENT_3D('',#1091,#833,#834);
#732=AXIS2_PLACEMENT_3D('',#1093,#835,#836);
#733=AXIS2_PLACEMENT_3D('',#1094,#837,#838);
#734=AXIS2_PLACEMENT_3D('',#1096,#839,#840);
#735=AXIS2_PLACEMENT_3D('',#1098,#841,#842);
#736=AXIS2_PLACEMENT_3D('',#1107,#847,#848);
#737=AXIS2_PLACEMENT_3D('',#1108,#849,#850);
#738=AXIS2_PLACEMENT_3D('',#1109,#851,#852);
#739=AXIS2_PLACEMENT_3D('',#1110,#853,#854);
#740=AXIS2_PLACEMENT_3D('',#1111,#855,#856);
#741=AXIS2_PLACEMENT_3D('',#1112,#857,#858);
#742=AXIS2_PLACEMENT_3D('',#1332,#859,#860);
#743=AXIS2_PLACEMENT_3D('',#1333,#861,#862);
#744=AXIS2_PLACEMENT_3D('',#1335,#863,#864);
#745=AXIS2_PLACEMENT_3D('',#1336,#865,#866);
#746=AXIS2_PLACEMENT_3D('',#1337,#867,#868);
#747=AXIS2_PLACEMENT_3D('',#1339,#869,#870);
#748=AXIS2_PLACEMENT_3D('',#1340,#871,#872);
#749=AXIS2_PLACEMENT_3D('',#1341,#873,#874);
#750=AXIS2_PLACEMENT_3D('',#1343,#875,#876);
#751=AXIS2_PLACEMENT_3D('',#1344,#877,#878);
#752=AXIS2_PLACEMENT_3D('',#1346,#879,#880);
#753=AXIS2_PLACEMENT_3D('',#1347,#881,#882);
#754=AXIS2_PLACEMENT_3D('',#1348,#883,#884);
#755=AXIS2_PLACEMENT_3D('',#1352,#886,#887);
#756=AXIS2_PLACEMENT_3D('',#1356,#889,#890);
#757=AXIS2_PLACEMENT_3D('',#1357,#891,#892);
#758=AXIS2_PLACEMENT_3D('',#1358,#893,#894);
#759=AXIS2_PLACEMENT_3D('',#1362,#896,#897);
#760=AXIS2_PLACEMENT_3D('',#1391,#898,#899);
#761=AXIS2_PLACEMENT_3D('',#1424,#900,#901);
#762=AXIS2_PLACEMENT_3D('',#1453,#902,#903);
#763=AXIS2_PLACEMENT_3D('',#1458,#904,#905);
#764=AXIS2_PLACEMENT_3D('',#1459,#906,#907);
#765=AXIS2_PLACEMENT_3D('',#1460,#908,#909);
#766=AXIS2_PLACEMENT_3D('',#1462,#910,#911);
#767=AXIS2_PLACEMENT_3D('',#1464,#912,#913);
#768=AXIS2_PLACEMENT_3D('',#1465,#914,#915);
#769=AXIS2_PLACEMENT_3D('',#1466,#916,#917);
#770=AXIS2_PLACEMENT_3D('',#1468,#918,#919);
#771=AXIS2_PLACEMENT_3D('',#1689,#920,#921);
#772=AXIS2_PLACEMENT_3D('',#1690,#922,#923);
#773=AXIS2_PLACEMENT_3D('',#1692,#924,#925);
#774=AXIS2_PLACEMENT_3D('',#1693,#926,#927);
#775=AXIS2_PLACEMENT_3D('',#1694,#928,#929);
#776=AXIS2_PLACEMENT_3D('',#1696,#930,#931);
#777=AXIS2_PLACEMENT_3D('',#1697,#932,#933);
#778=AXIS2_PLACEMENT_3D('',#1698,#934,#935);
#779=AXIS2_PLACEMENT_3D('',#1700,#936,#937);
#780=AXIS2_PLACEMENT_3D('',#1701,#938,#939);
#781=AXIS2_PLACEMENT_3D('',#1703,#940,#941);
#782=AXIS2_PLACEMENT_3D('',#1704,#942,#943);
#783=AXIS2_PLACEMENT_3D('',#1705,#944,#945);
#784=AXIS2_PLACEMENT_3D('',#1709,#947,#948);
#785=AXIS2_PLACEMENT_3D('',#1713,#950,#951);
#786=AXIS2_PLACEMENT_3D('',#1714,#952,#953);
#787=AXIS2_PLACEMENT_3D('',#1715,#954,#955);
#788=AXIS2_PLACEMENT_3D('',#1719,#957,#958);
#789=AXIS2_PLACEMENT_3D('',#1748,#959,#960);
#790=AXIS2_PLACEMENT_3D('',#1781,#961,#962);
#791=AXIS2_PLACEMENT_3D('',#1810,#963,#964);
#792=AXIS2_PLACEMENT_3D('',#1815,#965,#966);
#793=DIRECTION('',(0.,0.,1.));
#794=DIRECTION('',(1.,0.,0.));
#795=DIRECTION('',(0.,0.,-1.));
#796=DIRECTION('',(-1.,0.,0.));
#797=DIRECTION('',(1.,0.,0.));
#798=DIRECTION('',(0.,1.,0.));
#799=DIRECTION('',(1.,0.,0.));
#800=DIRECTION('',(0.,1.,0.));
#801=DIRECTION('',(0.,0.,-1.));
#802=DIRECTION('',(-1.,0.,0.));
#803=DIRECTION('',(0.,0.,-1.));
#804=DIRECTION('',(-1.,0.,0.));
#805=DIRECTION('',(0.,0.,-1.));
#806=DIRECTION('',(-1.,0.,0.));
#807=DIRECTION('',(1.,0.,0.));
#808=DIRECTION('',(0.,1.,0.));
#809=DIRECTION('',(1.,0.,0.));
#810=DIRECTION('',(0.,1.,0.));
#811=DIRECTION('',(0.,0.,1.));
#812=DIRECTION('',(1.,0.,0.));
#813=DIRECTION('',(0.,0.,1.));
#814=DIRECTION('',(1.,0.,0.));
#815=DIRECTION('',(0.,1.,0.));
#816=DIRECTION('',(0.,0.,1.));
#817=DIRECTION('',(1.,0.,0.));
#818=DIRECTION('',(0.,0.,1.));
#819=DIRECTION('',(0.,0.,1.));
#820=DIRECTION('',(-1.,0.,0.));
#821=DIRECTION('',(0.,0.,1.));
#822=DIRECTION('',(1.,0.,0.));
#823=DIRECTION('',(0.,0.,1.));
#824=DIRECTION('',(0.,0.,1.));
#825=DIRECTION('',(-1.,0.,0.));
#826=DIRECTION('',(0.,0.,1.));
#827=DIRECTION('',(1.,0.,0.));
#828=DIRECTION('',(0.,1.,0.));
#829=DIRECTION('',(1.,0.,0.));
#830=DIRECTION('',(0.,0.,-1.));
#831=DIRECTION('',(1.,0.,0.));
#832=DIRECTION('',(0.,0.,-1.));
#833=DIRECTION('',(1.,0.,0.));
#834=DIRECTION('',(0.,0.,-1.));
#835=DIRECTION('',(1.,0.,0.));
#836=DIRECTION('',(0.,0.,-1.));
#837=DIRECTION('',(1.,0.,0.));
#838=DIRECTION('',(0.,0.,-1.));
#839=DIRECTION('',(1.,0.,0.));
#840=DIRECTION('',(0.,0.,-1.));
#841=DIRECTION('',(0.,-0.986393923832147,-0.164398987305335));
#842=DIRECTION('',(0.,0.164398987305335,-0.986393923832148));
#843=DIRECTION('',(1.,0.,0.));
#844=DIRECTION('',(0.,0.164398987305335,-0.986393923832148));
#845=DIRECTION('',(1.,0.,0.));
#846=DIRECTION('',(0.,0.164398987305335,-0.986393923832148));
#847=DIRECTION('',(1.,0.,0.));
#848=DIRECTION('',(0.,0.,-1.));
#849=DIRECTION('',(-1.,0.,0.));
#850=DIRECTION('',(0.,0.,-1.));
#851=DIRECTION('',(1.,0.,0.));
#852=DIRECTION('',(0.,0.,-1.));
#853=DIRECTION('',(1.,0.,0.));
#854=DIRECTION('',(0.,0.,-1.));
#855=DIRECTION('',(-1.,0.,0.));
#856=DIRECTION('',(0.,0.,-1.));
#857=DIRECTION('',(1.,0.,0.));
#858=DIRECTION('',(0.,0.,-1.));
#859=DIRECTION('',(0.,0.,-1.));
#860=DIRECTION('',(-1.,0.,0.));
#861=DIRECTION('',(0.,0.,-1.));
#862=DIRECTION('',(-1.,0.,0.));
#863=DIRECTION('',(0.,0.,-1.));
#864=DIRECTION('',(1.,0.,0.));
#865=DIRECTION('',(0.,0.,-1.));
#866=DIRECTION('',(-1.,0.,0.));
#867=DIRECTION('',(0.,0.,-1.));
#868=DIRECTION('',(-1.,0.,0.));
#869=DIRECTION('',(0.,0.,-1.));
#870=DIRECTION('',(1.,0.,0.));
#871=DIRECTION('',(1.,0.,0.));
#872=DIRECTION('',(0.,0.,-1.));
#873=DIRECTION('',(1.,0.,0.));
#874=DIRECTION('',(0.,0.,-1.));
#875=DIRECTION('',(1.,0.,0.));
#876=DIRECTION('',(0.,0.,-1.));
#877=DIRECTION('',(1.,0.,0.));
#878=DIRECTION('',(0.,0.,-1.));
#879=DIRECTION('',(1.,0.,0.));
#880=DIRECTION('',(0.,0.,-1.));
#881=DIRECTION('',(1.,0.,0.));
#882=DIRECTION('',(0.,0.,-1.));
#883=DIRECTION('',(1.,0.,0.));
#884=DIRECTION('',(0.,0.,-1.));
#885=DIRECTION('',(1.,0.,0.));
#886=DIRECTION('',(1.,0.,0.));
#887=DIRECTION('',(0.,0.,-1.));
#888=DIRECTION('',(1.,0.,0.));
#889=DIRECTION('',(1.,0.,0.));
#890=DIRECTION('',(0.,0.,-1.));
#891=DIRECTION('',(1.,0.,0.));
#892=DIRECTION('',(0.,1.,0.));
#893=DIRECTION('',(1.,0.,0.));
#894=DIRECTION('',(0.,0.,-1.));
#895=DIRECTION('',(0.,0.,-1.));
#896=DIRECTION('',(1.,0.,0.));
#897=DIRECTION('',(0.,0.,-1.));
#898=DIRECTION('',(0.,-0.707106781186548,0.707106781186548));
#899=DIRECTION('',(1.,0.,0.));
#900=DIRECTION('',(0.573109605792847,-0.819478724402267,0.));
#901=DIRECTION('',(0.,0.,-1.));
#902=DIRECTION('',(0.,0.707106781186548,0.707106781186548));
#903=DIRECTION('',(1.,0.,0.));
#904=DIRECTION('',(1.,0.,0.));
#905=DIRECTION('',(0.,0.,-1.));
#906=DIRECTION('',(-1.,0.,0.));
#907=DIRECTION('',(0.,1.,0.));
#908=DIRECTION('',(1.,0.,0.));
#909=DIRECTION('',(0.,0.,-1.));
#910=DIRECTION('',(1.,0.,0.));
#911=DIRECTION('',(0.,0.,-1.));
#912=DIRECTION('',(1.,0.,0.));
#913=DIRECTION('',(0.,0.,-1.));
#914=DIRECTION('',(1.,0.,0.));
#915=DIRECTION('',(0.,0.,-1.));
#916=DIRECTION('',(1.,0.,0.));
#917=DIRECTION('',(0.,0.,-1.));
#918=DIRECTION('',(1.,0.,0.));
#919=DIRECTION('',(0.,0.,-1.));
#920=DIRECTION('',(0.,0.,-1.));
#921=DIRECTION('',(1.,0.,0.));
#922=DIRECTION('',(0.,0.,1.));
#923=DIRECTION('',(1.,0.,0.));
#924=DIRECTION('',(0.,0.,-1.));
#925=DIRECTION('',(-1.,0.,0.));
#926=DIRECTION('',(0.,0.,-1.));
#927=DIRECTION('',(1.,0.,0.));
#928=DIRECTION('',(0.,0.,1.));
#929=DIRECTION('',(1.,0.,0.));
#930=DIRECTION('',(0.,0.,-1.));
#931=DIRECTION('',(-1.,0.,0.));
#932=DIRECTION('',(-1.,0.,0.));
#933=DIRECTION('',(0.,0.,-1.));
#934=DIRECTION('',(1.,0.,0.));
#935=DIRECTION('',(0.,0.,-1.));
#936=DIRECTION('',(-1.,0.,0.));
#937=DIRECTION('',(0.,0.,-1.));
#938=DIRECTION('',(1.,0.,0.));
#939=DIRECTION('',(0.,0.,-1.));
#940=DIRECTION('',(-1.,0.,0.));
#941=DIRECTION('',(0.,0.,-1.));
#942=DIRECTION('',(-1.,0.,0.));
#943=DIRECTION('',(0.,0.,-1.));
#944=DIRECTION('',(-1.,0.,0.));
#945=DIRECTION('',(0.,0.,-1.));
#946=DIRECTION('',(-1.,0.,0.));
#947=DIRECTION('',(1.,0.,0.));
#948=DIRECTION('',(0.,0.,-1.));
#949=DIRECTION('',(-1.,0.,0.));
#950=DIRECTION('',(1.,0.,0.));
#951=DIRECTION('',(0.,0.,-1.));
#952=DIRECTION('',(-1.,0.,0.));
#953=DIRECTION('',(0.,1.,0.));
#954=DIRECTION('',(1.,0.,0.));
#955=DIRECTION('',(0.,0.,-1.));
#956=DIRECTION('',(0.,0.,-1.));
#957=DIRECTION('',(-1.,0.,0.));
#958=DIRECTION('',(0.,0.,-1.));
#959=DIRECTION('',(0.,-0.707106781186548,0.707106781186548));
#960=DIRECTION('',(-1.,0.,0.));
#961=DIRECTION('',(-0.573109605792847,-0.819478724402267,0.));
#962=DIRECTION('',(0.,0.,-1.));
#963=DIRECTION('',(0.,0.707106781186548,0.707106781186548));
#964=DIRECTION('',(-1.,0.,0.));
#965=DIRECTION('',(-1.,0.,0.));
#966=DIRECTION('',(0.,0.,-1.));
#967=CARTESIAN_POINT('',(0.,0.,0.));
#968=CARTESIAN_POINT('',(-2.000000000002E-6,0.173928088831879,0.0374999999999981));
#969=CARTESIAN_POINT('',(0.002,0.171838969231298,0.0374999999999981));
#970=CARTESIAN_POINT('',(0.0163593669664162,0.171838969231298,0.0374999999999981));
#971=CARTESIAN_POINT('',(0.0306406330335838,0.180071632737131,0.0374999999999993));
#972=CARTESIAN_POINT('',(0.045,0.180071632737131,0.0374999999999993));
#973=CARTESIAN_POINT('',(0.002,0.171838969231298,0.0374999999999988));
#974=CARTESIAN_POINT('',(0.045,0.180071632737131,0.0374999999999993));
#975=CARTESIAN_POINT('',(-0.247863002483629,0.171838969231298,0.0374999999999981));
#976=CARTESIAN_POINT('',(-0.00200000000430777,0.171838969233616,0.0374999999999988));
#977=CARTESIAN_POINT('',(-0.002,0.171838969231298,0.0374999999999981));
#978=CARTESIAN_POINT('',(-0.0163593669664162,0.171838969231298,0.0374999999999981));
#979=CARTESIAN_POINT('',(-0.0306406330335838,0.180071632737131,0.0374999999999993));
#980=CARTESIAN_POINT('',(-0.045,0.180071632737131,0.0374999999999993));
#981=CARTESIAN_POINT('',(-0.0449999999956922,0.18007163274172,0.0374999999973355));
#982=CARTESIAN_POINT('',(-0.045,0.173928088831879,0.0374999999999981));
#983=CARTESIAN_POINT('',(-0.045,0.167784544926627,0.0375));
#984=CARTESIAN_POINT('',(-2.000000000002E-6,0.167784544926627,0.0375));
#985=CARTESIAN_POINT('',(0.045,0.167784544926627,0.0375));
#986=CARTESIAN_POINT('',(0.045,0.173928088831879,0.0374999999999981));
#987=CARTESIAN_POINT('',(-2.000000000002E-6,0.173928088831879,0.0054999999999981));
#988=CARTESIAN_POINT('',(0.0168461832734848,0.171784544926627,0.0054999999999981));
#989=CARTESIAN_POINT('',(0.0156461832734848,0.171784544926627,0.0054999999999981));
#990=CARTESIAN_POINT('',(0.0358961832734848,0.171784544926627,0.0054999999999981));
#991=CARTESIAN_POINT('',(0.0346961832734848,0.171784544926627,0.0054999999999981));
#992=CARTESIAN_POINT('',(-0.247863002483629,0.175838969231298,0.0054999999999981));
#993=CARTESIAN_POINT('',(-0.00200000000430203,0.175838969233964,0.005499999999997));
#994=CARTESIAN_POINT('',(0.002,0.175838969231298,0.00549999999999669));
#995=CARTESIAN_POINT('',(0.002,0.175838969231298,0.00549999999999627));
#996=CARTESIAN_POINT('',(0.0163402605629822,0.175838969231298,0.00549999999999627));
#997=CARTESIAN_POINT('',(0.0306597394370178,0.18007163273713,0.00549999999999932));
#998=CARTESIAN_POINT('',(0.045,0.18007163273713,0.00549999999999932));
#999=CARTESIAN_POINT('',(0.045,0.180071632737131,0.0054999999999981));
#1000=CARTESIAN_POINT('',(0.045,0.173928088831879,0.0054999999999981));
#1001=CARTESIAN_POINT('',(0.045,0.167784544926627,0.00549999999999971));
#1002=CARTESIAN_POINT('',(-2.000000000002E-6,0.167784544926627,0.00549999999999971));
#1003=CARTESIAN_POINT('',(-0.045,0.167784544926627,0.00549999999999971));
#1004=CARTESIAN_POINT('',(-0.045,0.173928088831879,0.0054999999999981));
#1005=CARTESIAN_POINT('',(-0.0449999999956979,0.180071632741403,0.00550000000247928));
#1006=CARTESIAN_POINT('',(-0.002,0.175838969231298,0.00549999999999627));
#1007=CARTESIAN_POINT('',(-0.0163402605629822,0.175838969231298,0.00549999999999627));
#1008=CARTESIAN_POINT('',(-0.0306597394370178,0.18007163273713,0.00549999999999932));
#1009=CARTESIAN_POINT('',(-0.045,0.18007163273713,0.00549999999999932));
#1010=CARTESIAN_POINT('',(-0.0168461832734848,0.171784544926627,0.0054999999999981));
#1011=CARTESIAN_POINT('',(-0.0156461832734848,0.171784544926627,0.0054999999999981));
#1012=CARTESIAN_POINT('',(-0.0358961832734848,0.171784544926627,0.0054999999999981));
#1013=CARTESIAN_POINT('',(-0.0346961832734848,0.171784544926627,0.0054999999999981));
#1014=CARTESIAN_POINT('',(-2.000000000002E-6,0.167784544926627,0.0214999999999997));
#1015=CARTESIAN_POINT('',(-2.000000000002E-6,0.167784544926627,0.0286961524227064));
#1016=CARTESIAN_POINT('',(0.042,0.167784544926627,0.0286961524227064));
#1017=CARTESIAN_POINT('',(0.0447964485306341,0.167784544926627,0.0286961524227064));
#1018=CARTESIAN_POINT('',(0.0447964485306341,0.167784544926627,0.0286961524227064));
#1019=CARTESIAN_POINT('',(0.0448642184491098,0.167784544926627,0.0287695756425445));
#1020=CARTESIAN_POINT('',(0.0449320711461795,0.167784544926627,0.0288429222888504));
#1021=CARTESIAN_POINT('',(0.045,0.167784544926627,0.0289161984870953));
#1022=CARTESIAN_POINT('',(0.045,0.167784544926627,0.0289161984870953));
#1023=CARTESIAN_POINT('',(0.045,0.167784544926627,0.0214999999999997));
#1024=CARTESIAN_POINT('',(-0.045,0.167784544926627,0.0214999999999997));
#1025=CARTESIAN_POINT('',(-0.045,0.167784544926627,0.0289161984870953));
#1026=CARTESIAN_POINT('',(-0.0447964485306341,0.167784544926627,0.0286961524227064));
#1027=CARTESIAN_POINT('',(-0.0448642184491098,0.167784544926627,0.0287695756425445));
#1028=CARTESIAN_POINT('',(-0.0449320711461795,0.167784544926627,0.0288429222888504));
#1029=CARTESIAN_POINT('',(-0.045,0.167784544926627,0.0289161984870953));
#1030=CARTESIAN_POINT('',(-0.0447964485306341,0.167784544926627,0.0286961524227064));
#1031=CARTESIAN_POINT('',(2.000000000002E-6,0.167784544926627,0.0286961524227064));
#1032=CARTESIAN_POINT('',(-0.042,0.167784544926627,0.0286961524227064));
#1033=CARTESIAN_POINT('',(-0.0375372187657241,0.167784544926627,0.0237564365579746));
#1034=CARTESIAN_POINT('',(-0.03753572723496,0.167784544926627,0.025137967655075));
#1035=CARTESIAN_POINT('',(-0.038004659083541,0.167784544926627,0.0265540994782194));
#1036=CARTESIAN_POINT('',(-0.0393768539091651,0.167784544926627,0.0278528205193003));
#1037=CARTESIAN_POINT('',(-0.0404475989718857,0.167784544926627,0.0284871909635449));
#1038=CARTESIAN_POINT('',(-0.0413690510361039,0.167784544926627,0.0286967165279578));
#1039=CARTESIAN_POINT('',(-0.042,0.167784544926627,0.0286961524227063));
#1040=CARTESIAN_POINT('',(-0.0375372187657241,0.167784544926627,0.0237564365579746));
#1041=CARTESIAN_POINT('',(-0.0375372187657241,0.167784544926627,0.0266961524227063));
#1042=CARTESIAN_POINT('',(-0.0375372187657241,0.167784544926627,0.0192435634420248));
#1043=CARTESIAN_POINT('',(-0.042,0.167784544926627,0.0143038475772931));
#1044=CARTESIAN_POINT('',(-0.0413738703057296,0.167784544926627,0.01430378343131));
#1045=CARTESIAN_POINT('',(-0.0404480394891522,0.167784544926627,0.0145142369824711));
#1046=CARTESIAN_POINT('',(-0.0393878647143234,0.167784544926627,0.0151384850577623));
#1047=CARTESIAN_POINT('',(-0.0384623026529802,0.167784544926627,0.0160104042636753));
#1048=CARTESIAN_POINT('',(-0.0377367913580843,0.167784544926627,0.0172811810433603));
#1049=CARTESIAN_POINT('',(-0.0375359966973814,0.167784544926627,0.0185506258104115));
#1050=CARTESIAN_POINT('',(-0.0375372187657241,0.167784544926627,0.0192435634420248));
#1051=CARTESIAN_POINT('',(-0.042,0.167784544926627,0.0143038475772931));
#1052=CARTESIAN_POINT('',(2.000000000002E-6,0.167784544926627,0.0143038475772931));
#1053=CARTESIAN_POINT('',(-0.0447964485306341,0.167784544926627,0.0143038475772931));
#1054=CARTESIAN_POINT('',(-0.045,0.167784544926627,0.014083801512904));
#1055=CARTESIAN_POINT('',(-0.0449320711461794,0.167784544926627,0.014157077711149));
#1056=CARTESIAN_POINT('',(-0.0448642184491099,0.167784544926627,0.0142304243574549));
#1057=CARTESIAN_POINT('',(-0.0447964485306341,0.167784544926627,0.0143038475772931));
#1058=CARTESIAN_POINT('',(-0.045,0.167784544926627,0.014083801512904));
#1059=CARTESIAN_POINT('',(-0.045,0.167784544926627,0.0214999999999997));
#1060=CARTESIAN_POINT('',(0.045,0.167784544926627,0.0214999999999997));
#1061=CARTESIAN_POINT('',(0.045,0.167784544926627,0.014083801512904));
#1062=CARTESIAN_POINT('',(0.045,0.167784544926627,0.014083801512904));
#1063=CARTESIAN_POINT('',(0.0449320711461794,0.167784544926627,0.014157077711149));
#1064=CARTESIAN_POINT('',(0.0448642184491099,0.167784544926627,0.0142304243574549));
#1065=CARTESIAN_POINT('',(0.0447964485306341,0.167784544926627,0.0143038475772931));
#1066=CARTESIAN_POINT('',(0.0447964485306341,0.167784544926627,0.0143038475772931));
#1067=CARTESIAN_POINT('',(-2.000000000002E-6,0.167784544926627,0.0143038475772931));
#1068=CARTESIAN_POINT('',(0.042,0.167784544926627,0.0143038475772931));
#1069=CARTESIAN_POINT('',(0.042,0.167784544926627,0.0143038475772931));
#1070=CARTESIAN_POINT('',(0.0413738703057296,0.167784544926627,0.01430378343131));
#1071=CARTESIAN_POINT('',(0.0404480394891522,0.167784544926627,0.0145142369824711));
#1072=CARTESIAN_POINT('',(0.0393878647143234,0.167784544926627,0.0151384850577623));
#1073=CARTESIAN_POINT('',(0.0384623026529802,0.167784544926627,0.0160104042636753));
#1074=CARTESIAN_POINT('',(0.0377367913580843,0.167784544926627,0.0172811810433603));
#1075=CARTESIAN_POINT('',(0.0375359966973814,0.167784544926627,0.0185506258104115));
#1076=CARTESIAN_POINT('',(0.0375372187657241,0.167784544926627,0.0192435634420248));
#1077=CARTESIAN_POINT('',(0.0375372187657241,0.167784544926627,0.0192435634420248));
#1078=CARTESIAN_POINT('',(0.0375372187657241,0.167784544926627,0.0266961524227063));
#1079=CARTESIAN_POINT('',(0.0375372187657241,0.167784544926627,0.0237564365579746));
#1080=CARTESIAN_POINT('',(0.0375372187657241,0.167784544926627,0.0237564365579746));
#1081=CARTESIAN_POINT('',(0.03753572723496,0.167784544926627,0.025137967655075));
#1082=CARTESIAN_POINT('',(0.0380046590835411,0.167784544926627,0.0265540994782194));
#1083=CARTESIAN_POINT('',(0.0393768539091651,0.167784544926627,0.0278528205193003));
#1084=CARTESIAN_POINT('',(0.0404475989718857,0.167784544926627,0.0284871909635449));
#1085=CARTESIAN_POINT('',(0.0413690510361039,0.167784544926627,0.0286967165279578));
#1086=CARTESIAN_POINT('',(0.042,0.167784544926627,0.0286961524227063));
#1087=CARTESIAN_POINT('',(0.045,0.178534544926627,0.0214999999999989));
#1088=CARTESIAN_POINT('',(0.045,0.170784544926627,0.0214999999999997));
#1089=CARTESIAN_POINT('',(0.045,0.170784544926627,0.0214999999999997));
#1090=CARTESIAN_POINT('',(0.045,0.188173983893225,0.015185963753681));
#1091=CARTESIAN_POINT('',(0.045,0.170784544926627,0.0214999999999997));
#1092=CARTESIAN_POINT('',(0.045,0.188173996039097,0.0278140406631538));
#1093=CARTESIAN_POINT('',(0.045,0.170784544926627,0.0214999999999997));
#1094=CARTESIAN_POINT('',(0.045,0.181402925217425,0.0139999999999997));
#1095=CARTESIAN_POINT('',(0.045,0.181402925217425,0.0117999999999997));
#1096=CARTESIAN_POINT('',(0.045,0.181402925217425,0.029));
#1097=CARTESIAN_POINT('',(0.045,0.181402925217425,0.0268));
#1098=CARTESIAN_POINT('',(-0.247863002483629,0.177784544926627,0.0221575959492191));
#1099=CARTESIAN_POINT('',(-0.247863002483629,0.175784544926627,0.0341575959492207));
#1100=CARTESIAN_POINT('',(-0.00199999999999995,0.175784544926627,0.0341575959492207));
#1101=CARTESIAN_POINT('',(0.002,0.175784544926627,0.0341575959492207));
#1102=CARTESIAN_POINT('',(0.002,0.177784544926627,0.0221575959492191));
#1103=CARTESIAN_POINT('',(0.002,0.179784544926627,0.0101575959492176));
#1104=CARTESIAN_POINT('',(-0.247863002483629,0.179784544926627,0.0101575959492176));
#1105=CARTESIAN_POINT('',(-0.00199999999999995,0.179784544926627,0.0101575959492176));
#1106=CARTESIAN_POINT('',(-0.002,0.177784544926627,0.0221575959492191));
#1107=CARTESIAN_POINT('',(-0.247863002483629,0.175838969231298,0.00949999999999626));
#1108=CARTESIAN_POINT('',(-0.002,0.175838969231298,0.00949999999999626));
#1109=CARTESIAN_POINT('',(0.002,0.175838969231298,0.00949999999999626));
#1110=CARTESIAN_POINT('',(-0.247863002483629,0.171838969231298,0.0334999999999993));
#1111=CARTESIAN_POINT('',(-0.002,0.171838969231298,0.0334999999999993));
#1112=CARTESIAN_POINT('',(0.002,0.171838969231298,0.0334999999999993));
#1113=CARTESIAN_POINT('',(0.002,0.171838969231298,0.0374999999999993));
#1114=CARTESIAN_POINT('',(0.0163593669664162,0.171838969231298,0.0374999999999993));
#1115=CARTESIAN_POINT('',(0.0306406330335838,0.180071632737131,0.0374999999999993));
#1116=CARTESIAN_POINT('',(0.045,0.180071632737131,0.0374999999999993));
#1117=CARTESIAN_POINT('',(0.002,0.17230792569557,0.0374999999999993));
#1118=CARTESIAN_POINT('',(0.0163592674454664,0.17230792569557,0.0374999999999993));
#1119=CARTESIAN_POINT('',(0.0306407325545336,0.181000229453755,0.0369610025470097));
#1120=CARTESIAN_POINT('',(0.045,0.181000229453755,0.0369610025470097));
#1121=CARTESIAN_POINT('',(0.002,0.172721321630116,0.037422115772629));
#1122=CARTESIAN_POINT('',(0.0163599612993031,0.172721321630116,0.037422115772629));
#1123=CARTESIAN_POINT('',(0.0306400387006969,0.181956952068562,0.0362928676555494));
#1124=CARTESIAN_POINT('',(0.045,0.181956952068562,0.0362928676555494));
#1125=CARTESIAN_POINT('',(0.002,0.173483988984567,0.0371681668311242));
#1126=CARTESIAN_POINT('',(0.0163628008296181,0.173483988984567,0.0371681668311242));
#1127=CARTESIAN_POINT('',(0.0306371991703819,0.183751418756237,0.034748086575303));
#1128=CARTESIAN_POINT('',(0.045,0.183751418756237,0.034748086575303));
#1129=CARTESIAN_POINT('',(0.002,0.173835165586719,0.0369910783056068));
#1130=CARTESIAN_POINT('',(0.0163649465060966,0.173835165586719,0.0369910783056068));
#1131=CARTESIAN_POINT('',(0.0306350534939035,0.184587888914337,0.0338720534075712));
#1132=CARTESIAN_POINT('',(0.045,0.184587888914337,0.0338720534075712));
#1133=CARTESIAN_POINT('',(0.002,0.174509696186344,0.0365066002655607));
#1134=CARTESIAN_POINT('',(0.0163705547547637,0.174509696186344,0.0365066002655607));
#1135=CARTESIAN_POINT('',(0.0306294452452363,0.186027378958976,0.0320477969939279));
#1136=CARTESIAN_POINT('',(0.045,0.186027378958976,0.0320477969939279));
#1137=CARTESIAN_POINT('',(0.002,0.174835667580413,0.0361978509633007));
#1138=CARTESIAN_POINT('',(0.0163735836044351,0.174835667580413,0.0361978509633007));
#1139=CARTESIAN_POINT('',(0.0306264163955649,0.186630142330196,0.0311011939683627));
#1140=CARTESIAN_POINT('',(0.045,0.186630142330196,0.0311011939683627));
#1141=CARTESIAN_POINT('',(0.002,0.175270463604243,0.0355711099855851));
#1142=CARTESIAN_POINT('',(0.0163772192679049,0.175270463604243,0.0355711099855851));
#1143=CARTESIAN_POINT('',(0.0306227807320952,0.187342111522026,0.0297674638863699));
#1144=CARTESIAN_POINT('',(0.045,0.187342111522026,0.0297674638863699));
#1145=CARTESIAN_POINT('',(0.002,0.175405484267592,0.035334549501105));
#1146=CARTESIAN_POINT('',(0.0163782798872219,0.175405484267592,0.035334549501105));
#1147=CARTESIAN_POINT('',(0.0306217201127781,0.187548146640623,0.0293374665724184));
#1148=CARTESIAN_POINT('',(0.045,0.187548146640623,0.0293374665724184));
#1149=CARTESIAN_POINT('',(0.002,0.175634470459941,0.0347960601064324));
#1150=CARTESIAN_POINT('',(0.0163798911390029,0.175634470459941,0.0347960601064324));
#1151=CARTESIAN_POINT('',(0.0306201088609971,0.187902329387201,0.0285303399534158));
#1152=CARTESIAN_POINT('',(0.045,0.187902329387201,0.0285303399534158));
#1153=CARTESIAN_POINT('',(0.002,0.175728503789185,0.0344938427738759));
#1154=CARTESIAN_POINT('',(0.0163804417714669,0.175728503789185,0.0344938427738759));
#1155=CARTESIAN_POINT('',(0.0306195582285332,0.188050543615058,0.0281532386711665));
#1156=CARTESIAN_POINT('',(0.045,0.188050543615058,0.0281532386711665));
#1157=CARTESIAN_POINT('',(0.002,0.175899087297054,0.0334703417266619));
#1158=CARTESIAN_POINT('',(0.0163810259384696,0.175899087297054,0.0334703417266619));
#1159=CARTESIAN_POINT('',(0.0306189740615304,0.18842553741855,0.0271204711501191));
#1160=CARTESIAN_POINT('',(0.045,0.18842553741855,0.0271204711501191));
#1161=CARTESIAN_POINT('',(0.002,0.176032138700457,0.0326720333062435));
#1162=CARTESIAN_POINT('',(0.0163803334600638,0.176032138700457,0.0326720333062435));
#1163=CARTESIAN_POINT('',(0.0306196665399362,0.188612040916617,0.0264803592719633));
#1164=CARTESIAN_POINT('',(0.045,0.188612040916617,0.0264803592719633));
#1165=CARTESIAN_POINT('',(0.002,0.176326264451256,0.0309072788014473));
#1166=CARTESIAN_POINT('',(0.0163776440913837,0.176326264451256,0.0309072788014474));
#1167=CARTESIAN_POINT('',(0.0306223559086163,0.188901896590469,0.0252927774044379));
#1168=CARTESIAN_POINT('',(0.045,0.188901896590469,0.0252927774044379));
#1169=CARTESIAN_POINT('',(0.002,0.176487338798652,0.0299408327170695));
#1170=CARTESIAN_POINT('',(0.0163756472011095,0.176487338798652,0.0299408327170696));
#1171=CARTESIAN_POINT('',(0.0306243527988905,0.189005134413497,0.0247450609374579));
#1172=CARTESIAN_POINT('',(0.045,0.189005134413497,0.0247450609374579));
#1173=CARTESIAN_POINT('',(0.002,0.176828515315478,0.0278937736161139));
#1174=CARTESIAN_POINT('',(0.0163712140594079,0.176828515315478,0.0278937736161139));
#1175=CARTESIAN_POINT('',(0.0306287859405921,0.189158624623442,0.0237166409343693));
#1176=CARTESIAN_POINT('',(0.045,0.189158624623442,0.0237166409343693));
#1177=CARTESIAN_POINT('',(0.002,0.177008617484908,0.026813160599536));
#1178=CARTESIAN_POINT('',(0.0163687778079806,0.177008617484908,0.026813160599536));
#1179=CARTESIAN_POINT('',(0.0306312221920195,0.189208771926327,0.0232357980778124));
#1180=CARTESIAN_POINT('',(0.045,0.189208771926327,0.0232357980778124));
#1181=CARTESIAN_POINT('',(0.002,0.177378854523841,0.0245917383659398));
#1182=CARTESIAN_POINT('',(0.0163643309946876,0.177378854523841,0.0245917383659398));
#1183=CARTESIAN_POINT('',(0.0306356690053124,0.189272608091822,0.0223103430774572));
#1184=CARTESIAN_POINT('',(0.045,0.189272608091822,0.0223103430774572));
#1185=CARTESIAN_POINT('',(0.002,0.177568989393344,0.0234509291489215));
#1186=CARTESIAN_POINT('',(0.0163623204328221,0.177568989393344,0.0234509291489215));
#1187=CARTESIAN_POINT('',(0.030637679567178,0.189286235037782,0.0218656496654578));
#1188=CARTESIAN_POINT('',(0.045,0.189286235037782,0.0218656496654578));
#1189=CARTESIAN_POINT('',(0.002,0.177950296710463,0.0211630852462038));
#1190=CARTESIAN_POINT('',(0.0163595900493679,0.177950296710463,0.0211630852462038));
#1191=CARTESIAN_POINT('',(0.0306404099506321,0.189282531553578,0.0209796852911713));
#1192=CARTESIAN_POINT('',(0.045,0.189282531553578,0.0209796852911713));
#1193=CARTESIAN_POINT('',(0.002,0.17814146915808,0.0200160505605045));
#1194=CARTESIAN_POINT('',(0.0163589272919041,0.17814146915808,0.0200160505605045));
#1195=CARTESIAN_POINT('',(0.0306410727080959,0.189265195157763,0.0205383525081906));
#1196=CARTESIAN_POINT('',(0.045,0.189265195157763,0.0205383525081906));
#1197=CARTESIAN_POINT('',(0.002,0.178515856509466,0.0177697264521844));
#1198=CARTESIAN_POINT('',(0.0163583694278974,0.178515856509466,0.0177697264521844));
#1199=CARTESIAN_POINT('',(0.0306416305721026,0.189195095205146,0.0196262771533076));
#1200=CARTESIAN_POINT('',(0.045,0.189195095205146,0.0196262771533076));
#1201=CARTESIAN_POINT('',(0.002,0.178699071413236,0.0166704370295636));
#1202=CARTESIAN_POINT('',(0.0163584743213545,0.178699071413236,0.0166704370295636));
#1203=CARTESIAN_POINT('',(0.0306415256786455,0.189142382235768,0.0191554584068828));
#1204=CARTESIAN_POINT('',(0.045,0.189142382235768,0.0191554584068828));
#1205=CARTESIAN_POINT('',(0.002,0.17904854855497,0.0145735741791601));
#1206=CARTESIAN_POINT('',(0.016358814541584,0.17904854855497,0.0145735741791601));
#1207=CARTESIAN_POINT('',(0.0306411854584159,0.188986411568364,0.0181534918635688));
#1208=CARTESIAN_POINT('',(0.045,0.188986411568364,0.0181534918635688));
#1209=CARTESIAN_POINT('',(0.002,0.179214810792934,0.0135760007513773));
#1210=CARTESIAN_POINT('',(0.0163590498683564,0.179214810792934,0.0135760007513773));
#1211=CARTESIAN_POINT('',(0.0306409501316436,0.188883250063144,0.0176222165887248));
#1212=CARTESIAN_POINT('',(0.045,0.188883250063144,0.0176222165887248));
#1213=CARTESIAN_POINT('',(0.002,0.179521387481095,0.0117365406224094));
#1214=CARTESIAN_POINT('',(0.016359013737611,0.179521387481095,0.0117365406224094));
#1215=CARTESIAN_POINT('',(0.0306409862623891,0.188598358188852,0.0164732327623079));
#1216=CARTESIAN_POINT('',(0.045,0.188598358188852,0.0164732327623079));
#1217=CARTESIAN_POINT('',(0.002,0.179661701931292,0.0108946539212242));
#1218=CARTESIAN_POINT('',(0.016358742280093,0.179661701931292,0.0108946539212242));
#1219=CARTESIAN_POINT('',(0.030641257719907,0.188416739672438,0.0158552990456584));
#1220=CARTESIAN_POINT('',(0.045,0.188416739672438,0.0158552990456584));
#1221=CARTESIAN_POINT('',(0.002,0.179849077978198,0.00977039763979167));
#1222=CARTESIAN_POINT('',(0.0163574557279974,0.179849077978198,0.00977039763979167));
#1223=CARTESIAN_POINT('',(0.0306425442720026,0.188046083380333,0.0148344774310256));
#1224=CARTESIAN_POINT('',(0.045,0.188046083380333,0.0148344774310256));
#1225=CARTESIAN_POINT('',(0.002,0.179852643005363,0.00940010174335226));
#1226=CARTESIAN_POINT('',(0.0163568445230146,0.179852643005363,0.00940010174335226));
#1227=CARTESIAN_POINT('',(0.0306431554769854,0.187893782351128,0.0144484349309424));
#1228=CARTESIAN_POINT('',(0.045,0.187893782351128,0.0144484349309424));
#1229=CARTESIAN_POINT('',(0.002,0.179775962319017,0.00871282641459466));
#1230=CARTESIAN_POINT('',(0.0163553717628931,0.179775962319017,0.00871282641459466));
#1231=CARTESIAN_POINT('',(0.0306446282371069,0.18753252555073,0.0136288043992194));
#1232=CARTESIAN_POINT('',(0.045,0.18753252555073,0.0136288043992194));
#1233=CARTESIAN_POINT('',(0.002,0.179695828012231,0.00839549928525174));
#1234=CARTESIAN_POINT('',(0.0163545102077544,0.179695828012231,0.00839549928525174));
#1235=CARTESIAN_POINT('',(0.0306454897922456,0.187323512824225,0.013195243091959));
#1236=CARTESIAN_POINT('',(0.045,0.187323512824225,0.013195243091959));
#1237=CARTESIAN_POINT('',(0.002,0.179480706199884,0.00781683829161463));
#1238=CARTESIAN_POINT('',(0.0163526226198719,0.179480706199884,0.00781683829161463));
#1239=CARTESIAN_POINT('',(0.0306473773801281,0.186844430034723,0.0123029060712522));
#1240=CARTESIAN_POINT('',(0.045,0.186844430034723,0.0123029060712522));
#1241=CARTESIAN_POINT('',(0.002,0.179345693254971,0.00755526503464633));
#1242=CARTESIAN_POINT('',(0.016351596587128,0.179345693254971,0.00755526503464633));
#1243=CARTESIAN_POINT('',(0.030648403412872,0.186574323228472,0.0118441701417411));
#1244=CARTESIAN_POINT('',(0.045,0.186574323228472,0.0118441701417411));
#1245=CARTESIAN_POINT('',(0.002,0.179039044830389,0.0070836755963286));
#1246=CARTESIAN_POINT('',(0.0163494659165856,0.179039044830389,0.0070836755963286));
#1247=CARTESIAN_POINT('',(0.0306505340834144,0.185973177206364,0.0109237247320247));
#1248=CARTESIAN_POINT('',(0.045,0.185973177206364,0.0109237247320247));
#1249=CARTESIAN_POINT('',(0.002,0.178867334401686,0.00687351044221005));
#1250=CARTESIAN_POINT('',(0.016348361278787,0.178867334401686,0.00687351044221005));
#1251=CARTESIAN_POINT('',(0.030651638721213,0.185642124055273,0.0104620627060233));
#1252=CARTESIAN_POINT('',(0.045,0.185642124055273,0.0104620627060233));
#1253=CARTESIAN_POINT('',(0.002,0.178311216848429,0.00631162051676556));
#1254=CARTESIAN_POINT('',(0.0163450582666352,0.178311216848429,0.00631162051676556));
#1255=CARTESIAN_POINT('',(0.0306549417333648,0.184565697280391,0.00910384297932157));
#1256=CARTESIAN_POINT('',(0.045,0.184565697280391,0.00910384297932157));
#1257=CARTESIAN_POINT('',(0.002,0.177887441264653,0.00602608273565657));
#1258=CARTESIAN_POINT('',(0.0163432793878759,0.177887441264653,0.00602608273565657));
#1259=CARTESIAN_POINT('',(0.030656720612124,0.183734691901655,0.00823628879154699));
#1260=CARTESIAN_POINT('',(0.045,0.183734691901655,0.00823628879154699));
#1261=CARTESIAN_POINT('',(0.002,0.176942331218774,0.00562096259936365));
#1262=CARTESIAN_POINT('',(0.0163408515852288,0.176942331218774,0.00562096259936365));
#1263=CARTESIAN_POINT('',(0.0306591484147712,0.181951386845809,0.0067035820805145));
#1264=CARTESIAN_POINT('',(0.045,0.181951386845809,0.0067035820805145));
#1265=CARTESIAN_POINT('',(0.002,0.17641830177479,0.00549999999999627));
#1266=CARTESIAN_POINT('',(0.0163402026613409,0.17641830177479,0.00549999999999627));
#1267=CARTESIAN_POINT('',(0.0306597973386591,0.181000245726304,0.00603900689827678));
#1268=CARTESIAN_POINT('',(0.045,0.181000245726304,0.00603900689827678));
#1269=CARTESIAN_POINT('',(0.002,0.175838969231298,0.00549999999999627));
#1270=CARTESIAN_POINT('',(0.0163402605629822,0.175838969231298,0.00549999999999627));
#1271=CARTESIAN_POINT('',(0.0306597394370178,0.18007163273713,0.00549999999999932));
#1272=CARTESIAN_POINT('',(0.045,0.18007163273713,0.00549999999999932));
#1273=CARTESIAN_POINT('',(0.0197304544137641,0.181110014013319,0.0280283613231161));
#1274=CARTESIAN_POINT('',(0.0204581740292187,0.181405404980921,0.0279861055269595));
#1275=CARTESIAN_POINT('',(0.0211778389458962,0.181685917367546,0.028027216569046));
#1276=CARTESIAN_POINT('',(0.0218896005079878,0.18195121305819,0.0281458269618557));
#1277=CARTESIAN_POINT('',(0.0224824380640363,0.182157906430577,0.0283246890241167));
#1278=CARTESIAN_POINT('',(0.0229300190924218,0.182297966330999,0.0285389397899284));
#1279=CARTESIAN_POINT('',(0.0232421587527682,0.182382864240722,0.0287500300739436));
#1280=CARTESIAN_POINT('',(0.0235160087234885,0.182426851130122,0.0290791612293063));
#1281=CARTESIAN_POINT('',(0.0234145716915623,0.182301832586341,0.0294853682894664));
#1282=CARTESIAN_POINT('',(0.0231046984547562,0.18213584025739,0.0296906494994591));
#1283=CARTESIAN_POINT('',(0.0226634866397539,0.181923933287823,0.0298715614860573));
#1284=CARTESIAN_POINT('',(0.0220692610149831,0.181668292989888,0.0299792039233536));
#1285=CARTESIAN_POINT('',(0.0213489953931235,0.181379750479154,0.0300129875705746));
#1286=CARTESIAN_POINT('',(0.0206158312352529,0.181103070439973,0.029967497620556));
#1287=CARTESIAN_POINT('',(0.019896048637269,0.18084698152615,0.0298473626195446));
#1288=CARTESIAN_POINT('',(0.0193057422759381,0.180651057112773,0.0296781768599498));
#1289=CARTESIAN_POINT('',(0.0188391501562571,0.180510878318864,0.0294662694172889));
#1290=CARTESIAN_POINT('',(0.0185192336859121,0.180425755331239,0.0292605210561228));
#1291=CARTESIAN_POINT('',(0.0182402030731177,0.180378281261216,0.0289286779197523));
#1292=CARTESIAN_POINT('',(0.0183754919661642,0.180499475700682,0.0285255434390334));
#1293=CARTESIAN_POINT('',(0.0186907502538756,0.18065431197146,0.0283272483397918));
#1294=CARTESIAN_POINT('',(0.0191390086149847,0.180859293394626,0.028142469410712));
#1295=CARTESIAN_POINT('',(0.0197304544137641,0.181110014013319,0.0280283613231161));
#1296=CARTESIAN_POINT('',(0.0204581740292187,0.181405404980921,0.0279861055269595));
#1297=CARTESIAN_POINT('',(0.0211778389458962,0.181685917367546,0.028027216569046));
#1298=CARTESIAN_POINT('',(0.0204568315794225,0.181402925217425,0.028));
#1299=CARTESIAN_POINT('',(0.0137872512181202,0.181141515071235,0.0130228457115872));
#1300=CARTESIAN_POINT('',(0.0147187843320707,0.181401193247231,0.0129884113261493));
#1301=CARTESIAN_POINT('',(0.0156806377307358,0.18167126324439,0.0130235089838136));
#1302=CARTESIAN_POINT('',(0.0164696140724364,0.181894426828838,0.0131180606394195));
#1303=CARTESIAN_POINT('',(0.0170954394771671,0.182071679755574,0.0132495798045733));
#1304=CARTESIAN_POINT('',(0.0175547576451445,0.182201232509147,0.0133867965614964));
#1305=CARTESIAN_POINT('',(0.017924863123086,0.182304206966102,0.0135493113526508));
#1306=CARTESIAN_POINT('',(0.018188279982464,0.182373553758355,0.0137408970397526));
#1307=CARTESIAN_POINT('',(0.0183499958354686,0.182411262548722,0.0139391844014157));
#1308=CARTESIAN_POINT('',(0.0183478771955815,0.182391690479453,0.0142073572190009));
#1309=CARTESIAN_POINT('',(0.0181318129807933,0.182302544097075,0.0144628111379591));
#1310=CARTESIAN_POINT('',(0.0177824548199152,0.182173544675766,0.0146507630326313));
#1311=CARTESIAN_POINT('',(0.0173400163111181,0.182017174836807,0.0147973988621568));
#1312=CARTESIAN_POINT('',(0.0167272480990957,0.18180758775123,0.0149274680619261));
#1313=CARTESIAN_POINT('',(0.0159518869061839,0.18155371766394,0.015003163863888));
#1314=CARTESIAN_POINT('',(0.0150200606420474,0.181266519841044,0.0150037208462159));
#1315=CARTESIAN_POINT('',(0.0140828060116696,0.180997333579311,0.0149283236367211));
#1316=CARTESIAN_POINT('',(0.0132962023808467,0.180790436839975,0.0148018387170652));
#1317=CARTESIAN_POINT('',(0.0126759645521805,0.180641133542771,0.0146547640347489));
#1318=CARTESIAN_POINT('',(0.0122175499002458,0.18053895800675,0.0145143032839776));
#1319=CARTESIAN_POINT('',(0.0118379068579593,0.180463168286657,0.0143594620595718));
#1320=CARTESIAN_POINT('',(0.0115629817239886,0.180418145341061,0.0141894825494243));
#1321=CARTESIAN_POINT('',(0.0113680587152861,0.180393950492844,0.0140207931859948));
#1322=CARTESIAN_POINT('',(0.0113371374471696,0.180423656404748,0.01375242355934));
#1323=CARTESIAN_POINT('',(0.0115248311011116,0.180492554567158,0.0135780405928864));
#1324=CARTESIAN_POINT('',(0.0117279872035952,0.180557660628988,0.0134610112999714));
#1325=CARTESIAN_POINT('',(0.012019434709819,0.180645156876726,0.0133410095262648));
#1326=CARTESIAN_POINT('',(0.0123999105550375,0.180754266980867,0.0132328070443227));
#1327=CARTESIAN_POINT('',(0.0130118818818903,0.180926134343828,0.0131108978781275));
#1328=CARTESIAN_POINT('',(0.0137872512181202,0.181141515071235,0.0130228457115872));
#1329=CARTESIAN_POINT('',(0.0147187843320707,0.181401193247231,0.0129884113261493));
#1330=CARTESIAN_POINT('',(0.0156806377307358,0.18167126324439,0.0130235089838136));
#1331=CARTESIAN_POINT('',(0.0147238377128565,0.181402925217425,0.0129999999999997));
#1332=CARTESIAN_POINT('',(0.0358961832734848,0.171784544926627,0.0304999999999981));
#1333=CARTESIAN_POINT('',(0.0358961832734848,0.171784544926627,0.0304999999999981));
#1334=CARTESIAN_POINT('',(0.0346961832734848,0.171784544926627,0.0304999999999981));
#1335=CARTESIAN_POINT('',(0.0165769083632576,0.172953088831879,0.0304999999999981));
#1336=CARTESIAN_POINT('',(0.0168461832734848,0.171784544926627,0.0304999999999981));
#1337=CARTESIAN_POINT('',(0.0168461832734848,0.171784544926627,0.0304999999999981));
#1338=CARTESIAN_POINT('',(0.0156461832734848,0.171784544926627,0.0304999999999981));
#1339=CARTESIAN_POINT('',(0.0165769083632576,0.172953088831879,0.0304999999999981));
#1340=CARTESIAN_POINT('',(-0.202359017213379,0.181402925217425,0.0139999999999997));
#1341=CARTESIAN_POINT('',(0.0438,0.181402925217425,0.0139999999999997));
#1342=CARTESIAN_POINT('',(0.0438,0.181402925217425,0.0129999999999997));
#1343=CARTESIAN_POINT('',(-0.202359017213379,0.181402925217425,0.029));
#1344=CARTESIAN_POINT('',(0.0438,0.181402925217425,0.029));
#1345=CARTESIAN_POINT('',(0.0438,0.181402925217425,0.028));
#1346=CARTESIAN_POINT('',(0.0438,0.181402925217425,0.0139999999999997));
#1347=CARTESIAN_POINT('',(0.0438,0.181402925217425,0.029));
#1348=CARTESIAN_POINT('',(0.039,0.170784544926627,0.0214999999999997));
#1349=CARTESIAN_POINT('',(0.039,0.169195064194508,0.0157143668451738));
#1350=CARTESIAN_POINT('',(0.042,0.169195064194508,0.0157143668451738));
#1351=CARTESIAN_POINT('',(0.043,0.169195064194508,0.0157143668451738));
#1352=CARTESIAN_POINT('',(0.043,0.170784544926627,0.0214999999999997));
#1353=CARTESIAN_POINT('',(0.043,0.169195064194508,0.0272856331548257));
#1354=CARTESIAN_POINT('',(0.039,0.169195064194508,0.0272856331548257));
#1355=CARTESIAN_POINT('',(0.042,0.169195064194508,0.0272856331548257));
#1356=CARTESIAN_POINT('',(0.042,0.170784544926627,0.0214999999999997));
#1357=CARTESIAN_POINT('',(0.039,0.170784544926627,0.0214999999999997));
#1358=CARTESIAN_POINT('',(0.039,0.170784544926627,0.0214999999999997));
#1359=CARTESIAN_POINT('',(0.039,0.16880755376331,0.0192435634420248));
#1360=CARTESIAN_POINT('',(0.039,0.16880755376331,0.0237564365579746));
#1361=CARTESIAN_POINT('',(0.039,0.16880755376331,0.0214999999999997));
#1362=CARTESIAN_POINT('',(0.042,0.170784544926627,0.0214999999999997));
#1363=CARTESIAN_POINT('',(0.042,0.169195064194508,0.0272856331548257));
#1364=CARTESIAN_POINT('',(0.0415235857947874,0.169195135922971,0.0272856528607088));
#1365=CARTESIAN_POINT('',(0.0408604829079676,0.169190155177398,0.0271049269497469));
#1366=CARTESIAN_POINT('',(0.0402698852723667,0.169165988776562,0.026720010296484));
#1367=CARTESIAN_POINT('',(0.0399759638724218,0.169147505104569,0.0264555203490265));
#1368=CARTESIAN_POINT('',(0.0398037897114214,0.169134645239878,0.0262748307709931));
#1369=CARTESIAN_POINT('',(0.0395703396974184,0.169110923054941,0.0259685145693835));
#1370=CARTESIAN_POINT('',(0.0394086622232606,0.169086425135923,0.0256907931358768));
#1371=CARTESIAN_POINT('',(0.0392739527928947,0.169057013535975,0.0253950572870613));
#1372=CARTESIAN_POINT('',(0.0391850806909795,0.169030930258763,0.0251532514742724));
#1373=CARTESIAN_POINT('',(0.0390813468826564,0.168979591165015,0.0247549437442807));
#1374=CARTESIAN_POINT('',(0.039013797640381,0.168909483069939,0.0242977926378465));
#1375=CARTESIAN_POINT('',(0.039,0.168849495513005,0.0239653477793474));
#1376=CARTESIAN_POINT('',(0.039,0.16880755376331,0.0237564365579746));
#1377=CARTESIAN_POINT('',(0.039,0.16880755376331,0.0192435634420248));
#1378=CARTESIAN_POINT('',(0.039,0.168849684851296,0.0190339184459828));
#1379=CARTESIAN_POINT('',(0.0390139405751017,0.168909849105899,0.0186998370628174));
#1380=CARTESIAN_POINT('',(0.0390821603943764,0.168980149019722,0.0182403676459871));
#1381=CARTESIAN_POINT('',(0.039187697040241,0.169031928570302,0.0178383784945564));
#1382=CARTESIAN_POINT('',(0.0392764236325132,0.169057722801088,0.0175989514093107));
#1383=CARTESIAN_POINT('',(0.0394114764907528,0.169086988137612,0.0173038256001712));
#1384=CARTESIAN_POINT('',(0.0395732963863506,0.169111295985332,0.0170270606708299));
#1385=CARTESIAN_POINT('',(0.0398070513270035,0.169134913477477,0.0167214095789845));
#1386=CARTESIAN_POINT('',(0.0399789855544701,0.169147701118418,0.0165415459194787));
#1387=CARTESIAN_POINT('',(0.0402726329039551,0.169166062802843,0.0162780067377879));
#1388=CARTESIAN_POINT('',(0.0408623856135527,0.169190038263797,0.0158945286488115));
#1389=CARTESIAN_POINT('',(0.0415243562023218,0.169195018269622,0.0157143794620677));
#1390=CARTESIAN_POINT('',(0.042,0.169195064194508,0.0157143668451737));
#1391=CARTESIAN_POINT('',(0.039,0.167784544926627,0.0143038475772931));
#1392=CARTESIAN_POINT('',(0.0447964485306341,0.167784544926627,0.0143038475772931));
#1393=CARTESIAN_POINT('',(0.0441888624270054,0.168249133291775,0.0147684359424416));
#1394=CARTESIAN_POINT('',(0.0435871004791925,0.168717430502452,0.0152367331531178));
#1395=CARTESIAN_POINT('',(0.043,0.169195064194508,0.0157143668451738));
#1396=CARTESIAN_POINT('',(0.042,0.169195064194508,0.0157143668451738));
#1397=CARTESIAN_POINT('',(0.042,0.168724891105214,0.0152441937558802));
#1398=CARTESIAN_POINT('',(0.042,0.168254718015921,0.0147740206665867));
#1399=CARTESIAN_POINT('',(0.042,0.167784544926627,0.0143038475772931));
#1400=CARTESIAN_POINT('',(0.042,0.167784544926627,0.0143038475772931));
#1401=CARTESIAN_POINT('',(0.0413776498732507,0.167784544926627,0.0143037838185206));
#1402=CARTESIAN_POINT('',(0.0407605966504607,0.167784544926627,0.0144410621899436));
#1403=CARTESIAN_POINT('',(0.0396344393260862,0.167784544926627,0.0149568097027125));
#1404=CARTESIAN_POINT('',(0.039129921770484,0.167784544926627,0.0153381314676436));
#1405=CARTESIAN_POINT('',(0.0383149900703858,0.167784544926627,0.0162708344930563));
#1406=CARTESIAN_POINT('',(0.0380070562169829,0.167784544926627,0.0168216158732995));
#1407=CARTESIAN_POINT('',(0.0376174796902187,0.167784544926627,0.0179989360219425));
#1408=CARTESIAN_POINT('',(0.0375361224295022,0.167784544926627,0.0186219184828467));
#1409=CARTESIAN_POINT('',(0.0375372187657241,0.167784544926627,0.0192435634420248));
#1410=CARTESIAN_POINT('',(0.042,0.169195064194508,0.0157143668451738));
#1411=CARTESIAN_POINT('',(0.0415816397259386,0.169195015214125,0.0157143466884866));
#1412=CARTESIAN_POINT('',(0.0411668401522354,0.169190679215036,0.0158077595350177));
#1413=CARTESIAN_POINT('',(0.0404098073456754,0.169171481986053,0.0161600580336091));
#1414=CARTESIAN_POINT('',(0.0400706560386568,0.169156768237076,0.0164200063570538));
#1415=CARTESIAN_POINT('',(0.0395228397109548,0.169109448767476,0.0170647419450284));
#1416=CARTESIAN_POINT('',(0.0393158371249233,0.169077432464205,0.017445141049294));
#1417=CARTESIAN_POINT('',(0.0390539536043613,0.168977762903134,0.0182858032952138));
#1418=CARTESIAN_POINT('',(0.0389992630136919,0.168909031376949,0.0187386091451701));
#1419=CARTESIAN_POINT('',(0.039,0.16880755376331,0.0192435634420248));
#1420=CARTESIAN_POINT('',(0.0375372187657241,0.167784544926627,0.0192435634420248));
#1421=CARTESIAN_POINT('',(0.0380248125104827,0.168125547872188,0.0192435634420248));
#1422=CARTESIAN_POINT('',(0.0385124062552414,0.168466550817749,0.0192435634420248));
#1423=CARTESIAN_POINT('',(0.039,0.16880755376331,0.0192435634420248));
#1424=CARTESIAN_POINT('',(0.0375372187657241,0.167784544926627,0.0214999999999997));
#1425=CARTESIAN_POINT('',(0.039,0.16880755376331,0.0237564365579746));
#1426=CARTESIAN_POINT('',(0.0385124062552414,0.168466550817749,0.0237564365579746));
#1427=CARTESIAN_POINT('',(0.0380248125104827,0.168125547872188,0.0237564365579746));
#1428=CARTESIAN_POINT('',(0.0375372187657241,0.167784544926627,0.0237564365579746));
#1429=CARTESIAN_POINT('',(0.0375372187657241,0.167784544926627,0.0237564365579746));
#1430=CARTESIAN_POINT('',(0.0375365463541978,0.167784544926627,0.0243792580619057));
#1431=CARTESIAN_POINT('',(0.0376133707120661,0.167784544926627,0.0249866624930889));
#1432=CARTESIAN_POINT('',(0.0380043471819058,0.167784544926627,0.0261721507335351));
#1433=CARTESIAN_POINT('',(0.0383087368164515,0.167784544926627,0.0267194931375078));
#1434=CARTESIAN_POINT('',(0.0391267412834097,0.167784544926627,0.027660717716899));
#1435=CARTESIAN_POINT('',(0.0396302124765808,0.167784544926627,0.0280388100908107));
#1436=CARTESIAN_POINT('',(0.0407559225507588,0.167784544926627,0.0285592194433189));
#1437=CARTESIAN_POINT('',(0.04137432051332,0.167784544926627,0.0286967118167372));
#1438=CARTESIAN_POINT('',(0.042,0.167784544926627,0.0286961524227064));
#1439=CARTESIAN_POINT('',(0.039,0.16880755376331,0.0237564365579746));
#1440=CARTESIAN_POINT('',(0.0389995479871244,0.168909083797322,0.0242621561229752));
#1441=CARTESIAN_POINT('',(0.0390511913288249,0.168976406456572,0.0247038048873672));
#1442=CARTESIAN_POINT('',(0.0393140161509981,0.169077035455442,0.0255505307554435));
#1443=CARTESIAN_POINT('',(0.039518634874269,0.169108959428671,0.0259291621506017));
#1444=CARTESIAN_POINT('',(0.0400685192642396,0.16915671027767,0.0265786238501926));
#1445=CARTESIAN_POINT('',(0.0404069659363811,0.169171298538058,0.0268369404276562));
#1446=CARTESIAN_POINT('',(0.0411636981072172,0.169190710099725,0.0271924424789313));
#1447=CARTESIAN_POINT('',(0.0415794016418229,0.169195033750291,0.0272859918669991));
#1448=CARTESIAN_POINT('',(0.042,0.169195064194508,0.0272856331548257));
#1449=CARTESIAN_POINT('',(0.042,0.167784544926627,0.0286961524227064));
#1450=CARTESIAN_POINT('',(0.042,0.168254718015921,0.0282259793334128));
#1451=CARTESIAN_POINT('',(0.042,0.168724891105214,0.0277558062441192));
#1452=CARTESIAN_POINT('',(0.042,0.169195064194508,0.0272856331548257));
#1453=CARTESIAN_POINT('',(0.039,0.167784544926627,0.0286961524227064));
#1454=CARTESIAN_POINT('',(0.043,0.169195064194508,0.0272856331548257));
#1455=CARTESIAN_POINT('',(0.0435871004791925,0.168717430502452,0.0277632668468816));
#1456=CARTESIAN_POINT('',(0.0441888624270054,0.168249133291775,0.0282315640575578));
#1457=CARTESIAN_POINT('',(0.0447964485306341,0.167784544926627,0.0286961524227063));
#1458=CARTESIAN_POINT('',(0.043,0.170784544926627,0.0214999999999997));
#1459=CARTESIAN_POINT('',(-0.045,0.178534544926627,0.0214999999999989));
#1460=CARTESIAN_POINT('',(-0.045,0.170784544926627,0.0214999999999997));
#1461=CARTESIAN_POINT('',(-0.045,0.188173995994138,0.0278140407871389));
#1462=CARTESIAN_POINT('',(-0.045,0.170784544926627,0.0214999999999997));
#1463=CARTESIAN_POINT('',(-0.045,0.188174501048282,0.015187389600615));
#1464=CARTESIAN_POINT('',(-0.045,0.170784544926627,0.0214999999999997));
#1465=CARTESIAN_POINT('',(-0.045,0.170784544926627,0.0214999999999997));
#1466=CARTESIAN_POINT('',(-0.045,0.181402925217425,0.0139999999999997));
#1467=CARTESIAN_POINT('',(-0.045,0.181402925217425,0.0117999999999997));
#1468=CARTESIAN_POINT('',(-0.045,0.181402925217425,0.029));
#1469=CARTESIAN_POINT('',(-0.045,0.181402925217425,0.0268));
#1470=CARTESIAN_POINT('',(-0.002,0.171838969231298,0.0374999999999993));
#1471=CARTESIAN_POINT('',(-0.0163593669664162,0.171838969231298,0.0374999999999993));
#1472=CARTESIAN_POINT('',(-0.0306406330335838,0.180071632737131,0.0374999999999993));
#1473=CARTESIAN_POINT('',(-0.045,0.180071632737131,0.0374999999999993));
#1474=CARTESIAN_POINT('',(-0.002,0.17230792569557,0.0374999999999993));
#1475=CARTESIAN_POINT('',(-0.0163592674454664,0.17230792569557,0.0374999999999993));
#1476=CARTESIAN_POINT('',(-0.0306407325545336,0.181000229453755,0.0369610025470097));
#1477=CARTESIAN_POINT('',(-0.045,0.181000229453755,0.0369610025470097));
#1478=CARTESIAN_POINT('',(-0.002,0.172721321630116,0.037422115772629));
#1479=CARTESIAN_POINT('',(-0.0163599612993031,0.172721321630116,0.037422115772629));
#1480=CARTESIAN_POINT('',(-0.0306400387006969,0.181956952068562,0.0362928676555494));
#1481=CARTESIAN_POINT('',(-0.045,0.181956952068562,0.0362928676555494));
#1482=CARTESIAN_POINT('',(-0.002,0.173483988984567,0.0371681668311242));
#1483=CARTESIAN_POINT('',(-0.0163628008296181,0.173483988984567,0.0371681668311242));
#1484=CARTESIAN_POINT('',(-0.0306371991703819,0.183751418756237,0.034748086575303));
#1485=CARTESIAN_POINT('',(-0.045,0.183751418756237,0.034748086575303));
#1486=CARTESIAN_POINT('',(-0.002,0.173835165586719,0.0369910783056068));
#1487=CARTESIAN_POINT('',(-0.0163649465060966,0.173835165586719,0.0369910783056068));
#1488=CARTESIAN_POINT('',(-0.0306350534939035,0.184587888914337,0.0338720534075712));
#1489=CARTESIAN_POINT('',(-0.045,0.184587888914337,0.0338720534075712));
#1490=CARTESIAN_POINT('',(-0.002,0.174509696186344,0.0365066002655607));
#1491=CARTESIAN_POINT('',(-0.0163705547547637,0.174509696186344,0.0365066002655607));
#1492=CARTESIAN_POINT('',(-0.0306294452452363,0.186027378958976,0.0320477969939279));
#1493=CARTESIAN_POINT('',(-0.045,0.186027378958976,0.0320477969939279));
#1494=CARTESIAN_POINT('',(-0.002,0.174835667580413,0.0361978509633007));
#1495=CARTESIAN_POINT('',(-0.0163735836044351,0.174835667580413,0.0361978509633007));
#1496=CARTESIAN_POINT('',(-0.0306264163955649,0.186630142330196,0.0311011939683627));
#1497=CARTESIAN_POINT('',(-0.045,0.186630142330196,0.0311011939683627));
#1498=CARTESIAN_POINT('',(-0.002,0.175270463604243,0.0355711099855851));
#1499=CARTESIAN_POINT('',(-0.0163772192679049,0.175270463604243,0.0355711099855851));
#1500=CARTESIAN_POINT('',(-0.0306227807320952,0.187342111522026,0.0297674638863699));
#1501=CARTESIAN_POINT('',(-0.045,0.187342111522026,0.0297674638863699));
#1502=CARTESIAN_POINT('',(-0.002,0.175405484267592,0.035334549501105));
#1503=CARTESIAN_POINT('',(-0.0163782798872219,0.175405484267592,0.035334549501105));
#1504=CARTESIAN_POINT('',(-0.0306217201127781,0.187548146640623,0.0293374665724184));
#1505=CARTESIAN_POINT('',(-0.045,0.187548146640623,0.0293374665724184));
#1506=CARTESIAN_POINT('',(-0.002,0.175634470459941,0.0347960601064324));
#1507=CARTESIAN_POINT('',(-0.0163798911390029,0.175634470459941,0.0347960601064324));
#1508=CARTESIAN_POINT('',(-0.0306201088609971,0.187902329387201,0.0285303399534158));
#1509=CARTESIAN_POINT('',(-0.045,0.187902329387201,0.0285303399534158));
#1510=CARTESIAN_POINT('',(-0.002,0.175728503789185,0.0344938427738759));
#1511=CARTESIAN_POINT('',(-0.0163804417714669,0.175728503789185,0.0344938427738759));
#1512=CARTESIAN_POINT('',(-0.0306195582285332,0.188050543615058,0.0281532386711665));
#1513=CARTESIAN_POINT('',(-0.045,0.188050543615058,0.0281532386711665));
#1514=CARTESIAN_POINT('',(-0.002,0.175899087297054,0.0334703417266619));
#1515=CARTESIAN_POINT('',(-0.0163810259384696,0.175899087297054,0.0334703417266619));
#1516=CARTESIAN_POINT('',(-0.0306189740615304,0.18842553741855,0.0271204711501191));
#1517=CARTESIAN_POINT('',(-0.045,0.18842553741855,0.0271204711501191));
#1518=CARTESIAN_POINT('',(-0.002,0.176032138700457,0.0326720333062435));
#1519=CARTESIAN_POINT('',(-0.0163803334600638,0.176032138700457,0.0326720333062435));
#1520=CARTESIAN_POINT('',(-0.0306196665399362,0.188612040916617,0.0264803592719633));
#1521=CARTESIAN_POINT('',(-0.045,0.188612040916617,0.0264803592719633));
#1522=CARTESIAN_POINT('',(-0.002,0.176326264451256,0.0309072788014473));
#1523=CARTESIAN_POINT('',(-0.0163776440913837,0.176326264451256,0.0309072788014474));
#1524=CARTESIAN_POINT('',(-0.0306223559086163,0.188901896590469,0.0252927774044379));
#1525=CARTESIAN_POINT('',(-0.045,0.188901896590469,0.0252927774044379));
#1526=CARTESIAN_POINT('',(-0.002,0.176487338798652,0.0299408327170695));
#1527=CARTESIAN_POINT('',(-0.0163756472011095,0.176487338798652,0.0299408327170696));
#1528=CARTESIAN_POINT('',(-0.0306243527988905,0.189005134413497,0.0247450609374579));
#1529=CARTESIAN_POINT('',(-0.045,0.189005134413497,0.0247450609374579));
#1530=CARTESIAN_POINT('',(-0.002,0.176828515315478,0.0278937736161139));
#1531=CARTESIAN_POINT('',(-0.0163712140594079,0.176828515315478,0.0278937736161139));
#1532=CARTESIAN_POINT('',(-0.0306287859405921,0.189158624623442,0.0237166409343693));
#1533=CARTESIAN_POINT('',(-0.045,0.189158624623442,0.0237166409343693));
#1534=CARTESIAN_POINT('',(-0.002,0.177008617484908,0.026813160599536));
#1535=CARTESIAN_POINT('',(-0.0163687778079806,0.177008617484908,0.026813160599536));
#1536=CARTESIAN_POINT('',(-0.0306312221920195,0.189208771926327,0.0232357980778124));
#1537=CARTESIAN_POINT('',(-0.045,0.189208771926327,0.0232357980778124));
#1538=CARTESIAN_POINT('',(-0.002,0.177378854523841,0.0245917383659398));
#1539=CARTESIAN_POINT('',(-0.0163643309946876,0.177378854523841,0.0245917383659398));
#1540=CARTESIAN_POINT('',(-0.0306356690053124,0.189272608091822,0.0223103430774572));
#1541=CARTESIAN_POINT('',(-0.045,0.189272608091822,0.0223103430774572));
#1542=CARTESIAN_POINT('',(-0.002,0.177568989393344,0.0234509291489215));
#1543=CARTESIAN_POINT('',(-0.0163623204328221,0.177568989393344,0.0234509291489215));
#1544=CARTESIAN_POINT('',(-0.030637679567178,0.189286235037782,0.0218656496654578));
#1545=CARTESIAN_POINT('',(-0.045,0.189286235037782,0.0218656496654578));
#1546=CARTESIAN_POINT('',(-0.002,0.177950296710463,0.0211630852462038));
#1547=CARTESIAN_POINT('',(-0.0163595900493679,0.177950296710463,0.0211630852462038));
#1548=CARTESIAN_POINT('',(-0.0306404099506321,0.189282531553578,0.0209796852911713));
#1549=CARTESIAN_POINT('',(-0.045,0.189282531553578,0.0209796852911713));
#1550=CARTESIAN_POINT('',(-0.002,0.17814146915808,0.0200160505605045));
#1551=CARTESIAN_POINT('',(-0.0163589272919041,0.17814146915808,0.0200160505605045));
#1552=CARTESIAN_POINT('',(-0.0306410727080959,0.189265195157763,0.0205383525081906));
#1553=CARTESIAN_POINT('',(-0.045,0.189265195157763,0.0205383525081906));
#1554=CARTESIAN_POINT('',(-0.002,0.178515856509466,0.0177697264521844));
#1555=CARTESIAN_POINT('',(-0.0163583694278974,0.178515856509466,0.0177697264521844));
#1556=CARTESIAN_POINT('',(-0.0306416305721026,0.189195095205146,0.0196262771533076));
#1557=CARTESIAN_POINT('',(-0.045,0.189195095205146,0.0196262771533076));
#1558=CARTESIAN_POINT('',(-0.002,0.178699071413236,0.0166704370295636));
#1559=CARTESIAN_POINT('',(-0.0163584743213545,0.178699071413236,0.0166704370295636));
#1560=CARTESIAN_POINT('',(-0.0306415256786455,0.189142382235768,0.0191554584068828));
#1561=CARTESIAN_POINT('',(-0.045,0.189142382235768,0.0191554584068828));
#1562=CARTESIAN_POINT('',(-0.002,0.17904854855497,0.0145735741791601));
#1563=CARTESIAN_POINT('',(-0.016358814541584,0.17904854855497,0.0145735741791601));
#1564=CARTESIAN_POINT('',(-0.0306411854584159,0.188986411568364,0.0181534918635688));
#1565=CARTESIAN_POINT('',(-0.045,0.188986411568364,0.0181534918635688));
#1566=CARTESIAN_POINT('',(-0.002,0.179214810792934,0.0135760007513773));
#1567=CARTESIAN_POINT('',(-0.0163590498683564,0.179214810792934,0.0135760007513773));
#1568=CARTESIAN_POINT('',(-0.0306409501316436,0.188883250063144,0.0176222165887248));
#1569=CARTESIAN_POINT('',(-0.045,0.188883250063144,0.0176222165887248));
#1570=CARTESIAN_POINT('',(-0.002,0.179521387481095,0.0117365406224094));
#1571=CARTESIAN_POINT('',(-0.016359013737611,0.179521387481095,0.0117365406224094));
#1572=CARTESIAN_POINT('',(-0.0306409862623891,0.188598358188852,0.0164732327623079));
#1573=CARTESIAN_POINT('',(-0.045,0.188598358188852,0.0164732327623079));
#1574=CARTESIAN_POINT('',(-0.002,0.179661701931292,0.0108946539212242));
#1575=CARTESIAN_POINT('',(-0.016358742280093,0.179661701931292,0.0108946539212242));
#1576=CARTESIAN_POINT('',(-0.030641257719907,0.188416739672438,0.0158552990456584));
#1577=CARTESIAN_POINT('',(-0.045,0.188416739672438,0.0158552990456584));
#1578=CARTESIAN_POINT('',(-0.002,0.179849077978198,0.00977039763979167));
#1579=CARTESIAN_POINT('',(-0.0163574557279974,0.179849077978198,0.00977039763979167));
#1580=CARTESIAN_POINT('',(-0.0306425442720026,0.188046083380333,0.0148344774310256));
#1581=CARTESIAN_POINT('',(-0.045,0.188046083380333,0.0148344774310256));
#1582=CARTESIAN_POINT('',(-0.002,0.179852643005363,0.00940010174335226));
#1583=CARTESIAN_POINT('',(-0.0163568445230146,0.179852643005363,0.00940010174335226));
#1584=CARTESIAN_POINT('',(-0.0306431554769854,0.187893782351128,0.0144484349309424));
#1585=CARTESIAN_POINT('',(-0.045,0.187893782351128,0.0144484349309424));
#1586=CARTESIAN_POINT('',(-0.002,0.179775962319017,0.00871282641459466));
#1587=CARTESIAN_POINT('',(-0.0163553717628931,0.179775962319017,0.00871282641459466));
#1588=CARTESIAN_POINT('',(-0.0306446282371069,0.18753252555073,0.0136288043992194));
#1589=CARTESIAN_POINT('',(-0.045,0.18753252555073,0.0136288043992194));
#1590=CARTESIAN_POINT('',(-0.002,0.179695828012231,0.00839549928525174));
#1591=CARTESIAN_POINT('',(-0.0163545102077544,0.179695828012231,0.00839549928525174));
#1592=CARTESIAN_POINT('',(-0.0306454897922456,0.187323512824225,0.013195243091959));
#1593=CARTESIAN_POINT('',(-0.045,0.187323512824225,0.013195243091959));
#1594=CARTESIAN_POINT('',(-0.002,0.179480706199884,0.00781683829161463));
#1595=CARTESIAN_POINT('',(-0.0163526226198719,0.179480706199884,0.00781683829161463));
#1596=CARTESIAN_POINT('',(-0.0306473773801281,0.186844430034723,0.0123029060712522));
#1597=CARTESIAN_POINT('',(-0.045,0.186844430034723,0.0123029060712522));
#1598=CARTESIAN_POINT('',(-0.002,0.179345693254971,0.00755526503464633));
#1599=CARTESIAN_POINT('',(-0.016351596587128,0.179345693254971,0.00755526503464633));
#1600=CARTESIAN_POINT('',(-0.030648403412872,0.186574323228472,0.0118441701417411));
#1601=CARTESIAN_POINT('',(-0.045,0.186574323228472,0.0118441701417411));
#1602=CARTESIAN_POINT('',(-0.002,0.179039044830389,0.0070836755963286));
#1603=CARTESIAN_POINT('',(-0.0163494659165856,0.179039044830389,0.0070836755963286));
#1604=CARTESIAN_POINT('',(-0.0306505340834144,0.185973177206364,0.0109237247320247));
#1605=CARTESIAN_POINT('',(-0.045,0.185973177206364,0.0109237247320247));
#1606=CARTESIAN_POINT('',(-0.002,0.178867334401686,0.00687351044221005));
#1607=CARTESIAN_POINT('',(-0.016348361278787,0.178867334401686,0.00687351044221005));
#1608=CARTESIAN_POINT('',(-0.030651638721213,0.185642124055273,0.0104620627060233));
#1609=CARTESIAN_POINT('',(-0.045,0.185642124055273,0.0104620627060233));
#1610=CARTESIAN_POINT('',(-0.002,0.178311216848429,0.00631162051676556));
#1611=CARTESIAN_POINT('',(-0.0163450582666352,0.178311216848429,0.00631162051676556));
#1612=CARTESIAN_POINT('',(-0.0306549417333648,0.184565697280391,0.00910384297932157));
#1613=CARTESIAN_POINT('',(-0.045,0.184565697280391,0.00910384297932157));
#1614=CARTESIAN_POINT('',(-0.002,0.177887441264653,0.00602608273565657));
#1615=CARTESIAN_POINT('',(-0.0163432793878759,0.177887441264653,0.00602608273565657));
#1616=CARTESIAN_POINT('',(-0.030656720612124,0.183734691901655,0.00823628879154699));
#1617=CARTESIAN_POINT('',(-0.045,0.183734691901655,0.00823628879154699));
#1618=CARTESIAN_POINT('',(-0.002,0.176942331218774,0.00562096259936365));
#1619=CARTESIAN_POINT('',(-0.0163408515852288,0.176942331218774,0.00562096259936365));
#1620=CARTESIAN_POINT('',(-0.0306591484147712,0.181951386845809,0.0067035820805145));
#1621=CARTESIAN_POINT('',(-0.045,0.181951386845809,0.0067035820805145));
#1622=CARTESIAN_POINT('',(-0.002,0.17641830177479,0.00549999999999627));
#1623=CARTESIAN_POINT('',(-0.0163402026613409,0.17641830177479,0.00549999999999627));
#1624=CARTESIAN_POINT('',(-0.0306597973386591,0.181000245726304,0.00603900689827678));
#1625=CARTESIAN_POINT('',(-0.045,0.181000245726304,0.00603900689827678));
#1626=CARTESIAN_POINT('',(-0.002,0.175838969231298,0.00549999999999627));
#1627=CARTESIAN_POINT('',(-0.0163402605629822,0.175838969231298,0.00549999999999627));
#1628=CARTESIAN_POINT('',(-0.0306597394370178,0.18007163273713,0.00549999999999932));
#1629=CARTESIAN_POINT('',(-0.045,0.18007163273713,0.00549999999999932));
#1630=CARTESIAN_POINT('',(-0.0197304544137642,0.181110014013319,0.0280283613231162));
#1631=CARTESIAN_POINT('',(-0.0204581740292187,0.181405404980921,0.0279861055269595));
#1632=CARTESIAN_POINT('',(-0.0211778389458962,0.181685917367546,0.028027216569046));
#1633=CARTESIAN_POINT('',(-0.0218896005079879,0.18195121305819,0.0281458269618557));
#1634=CARTESIAN_POINT('',(-0.0224824380640363,0.182157906430577,0.0283246890241167));
#1635=CARTESIAN_POINT('',(-0.0229300190924218,0.182297966330999,0.0285389397899284));
#1636=CARTESIAN_POINT('',(-0.0232421587527682,0.182382864240722,0.0287500300739436));
#1637=CARTESIAN_POINT('',(-0.0235160087234885,0.182426851130122,0.0290791612293063));
#1638=CARTESIAN_POINT('',(-0.0234145716915623,0.182301832586341,0.0294853682894664));
#1639=CARTESIAN_POINT('',(-0.0231046984547562,0.18213584025739,0.0296906494994591));
#1640=CARTESIAN_POINT('',(-0.0226634866397539,0.181923933287823,0.0298715614860573));
#1641=CARTESIAN_POINT('',(-0.0220692610149831,0.181668292989888,0.0299792039233535));
#1642=CARTESIAN_POINT('',(-0.0213489953931235,0.181379750479154,0.0300129875705746));
#1643=CARTESIAN_POINT('',(-0.0206158312352529,0.181103070439973,0.029967497620556));
#1644=CARTESIAN_POINT('',(-0.019896048637269,0.18084698152615,0.0298473626195446));
#1645=CARTESIAN_POINT('',(-0.0193057422759381,0.180651057112773,0.0296781768599498));
#1646=CARTESIAN_POINT('',(-0.0188391501562571,0.180510878318864,0.0294662694172889));
#1647=CARTESIAN_POINT('',(-0.0185192336859121,0.180425755331239,0.0292605210561228));
#1648=CARTESIAN_POINT('',(-0.0182402030731177,0.180378281261216,0.0289286779197523));
#1649=CARTESIAN_POINT('',(-0.0183754919661642,0.180499475700682,0.0285255434390334));
#1650=CARTESIAN_POINT('',(-0.0186907502538756,0.18065431197146,0.0283272483397919));
#1651=CARTESIAN_POINT('',(-0.0191390086149847,0.180859293394626,0.028142469410712));
#1652=CARTESIAN_POINT('',(-0.0197304544137642,0.181110014013319,0.0280283613231162));
#1653=CARTESIAN_POINT('',(-0.0204581740292187,0.181405404980921,0.0279861055269595));
#1654=CARTESIAN_POINT('',(-0.0211778389458962,0.181685917367546,0.028027216569046));
#1655=CARTESIAN_POINT('',(-0.0204568315794225,0.181402925217425,0.028));
#1656=CARTESIAN_POINT('',(-0.0137872512181202,0.181141515071235,0.0130228457115872));
#1657=CARTESIAN_POINT('',(-0.0147187843320707,0.181401193247231,0.0129884113261494));
#1658=CARTESIAN_POINT('',(-0.0156806377307358,0.18167126324439,0.0130235089838136));
#1659=CARTESIAN_POINT('',(-0.0164696140724364,0.181894426828838,0.0131180606394195));
#1660=CARTESIAN_POINT('',(-0.0170954394771671,0.182071679755574,0.0132495798045732));
#1661=CARTESIAN_POINT('',(-0.0175547576451445,0.182201232509147,0.0133867965614964));
#1662=CARTESIAN_POINT('',(-0.017924863123086,0.182304206966102,0.0135493113526508));
#1663=CARTESIAN_POINT('',(-0.018188279982464,0.182373553758355,0.0137408970397526));
#1664=CARTESIAN_POINT('',(-0.0183499958354686,0.182411262548722,0.0139391844014157));
#1665=CARTESIAN_POINT('',(-0.0183478771955815,0.182391690479453,0.0142073572190009));
#1666=CARTESIAN_POINT('',(-0.0181318129807933,0.182302544097075,0.0144628111379591));
#1667=CARTESIAN_POINT('',(-0.0177824548199152,0.182173544675766,0.0146507630326313));
#1668=CARTESIAN_POINT('',(-0.0173400163111181,0.182017174836807,0.0147973988621568));
#1669=CARTESIAN_POINT('',(-0.0167272480990957,0.18180758775123,0.0149274680619261));
#1670=CARTESIAN_POINT('',(-0.0159518869061839,0.18155371766394,0.015003163863888));
#1671=CARTESIAN_POINT('',(-0.0150200606420474,0.181266519841044,0.0150037208462159));
#1672=CARTESIAN_POINT('',(-0.0140828060116696,0.180997333579311,0.0149283236367211));
#1673=CARTESIAN_POINT('',(-0.0132962023808467,0.180790436839975,0.0148018387170651));
#1674=CARTESIAN_POINT('',(-0.0126759645521805,0.180641133542771,0.0146547640347489));
#1675=CARTESIAN_POINT('',(-0.0122175499002458,0.18053895800675,0.0145143032839776));
#1676=CARTESIAN_POINT('',(-0.0118379068579593,0.180463168286657,0.0143594620595718));
#1677=CARTESIAN_POINT('',(-0.0115629817239886,0.180418145341061,0.0141894825494243));
#1678=CARTESIAN_POINT('',(-0.0113680587152861,0.180393950492844,0.0140207931859948));
#1679=CARTESIAN_POINT('',(-0.0113371374471696,0.180423656404748,0.01375242355934));
#1680=CARTESIAN_POINT('',(-0.0115248311011116,0.180492554567158,0.0135780405928864));
#1681=CARTESIAN_POINT('',(-0.0117279872035952,0.180557660628988,0.0134610112999713));
#1682=CARTESIAN_POINT('',(-0.012019434709819,0.180645156876726,0.0133410095262648));
#1683=CARTESIAN_POINT('',(-0.0123999105550375,0.180754266980867,0.0132328070443227));
#1684=CARTESIAN_POINT('',(-0.0130118818818903,0.180926134343828,0.0131108978781275));
#1685=CARTESIAN_POINT('',(-0.0137872512181202,0.181141515071235,0.0130228457115872));
#1686=CARTESIAN_POINT('',(-0.0147187843320707,0.181401193247231,0.0129884113261494));
#1687=CARTESIAN_POINT('',(-0.0156806377307358,0.18167126324439,0.0130235089838136));
#1688=CARTESIAN_POINT('',(-0.0147238377128565,0.181402925217425,0.0129999999999997));
#1689=CARTESIAN_POINT('',(-0.0358961832734848,0.171784544926627,0.0304999999999981));
#1690=CARTESIAN_POINT('',(-0.0358961832734848,0.171784544926627,0.0304999999999981));
#1691=CARTESIAN_POINT('',(-0.0346961832734848,0.171784544926627,0.0304999999999981));
#1692=CARTESIAN_POINT('',(-0.0165769083632576,0.172953088831879,0.0304999999999981));
#1693=CARTESIAN_POINT('',(-0.0168461832734848,0.171784544926627,0.0304999999999981));
#1694=CARTESIAN_POINT('',(-0.0168461832734848,0.171784544926627,0.0304999999999981));
#1695=CARTESIAN_POINT('',(-0.0156461832734848,0.171784544926627,0.0304999999999981));
#1696=CARTESIAN_POINT('',(-0.0165769083632576,0.172953088831879,0.0304999999999981));
#1697=CARTESIAN_POINT('',(0.202359017213379,0.181402925217425,0.0139999999999997));
#1698=CARTESIAN_POINT('',(-0.0438,0.181402925217425,0.0139999999999997));
#1699=CARTESIAN_POINT('',(-0.0438,0.181402925217425,0.0129999999999997));
#1700=CARTESIAN_POINT('',(0.202359017213379,0.181402925217425,0.029));
#1701=CARTESIAN_POINT('',(-0.0438,0.181402925217425,0.029));
#1702=CARTESIAN_POINT('',(-0.0438,0.181402925217425,0.028));
#1703=CARTESIAN_POINT('',(-0.0438,0.181402925217425,0.0139999999999997));
#1704=CARTESIAN_POINT('',(-0.0438,0.181402925217425,0.029));
#1705=CARTESIAN_POINT('',(-0.039,0.170784544926627,0.0214999999999997));
#1706=CARTESIAN_POINT('',(-0.039,0.169195064194508,0.0157143668451738));
#1707=CARTESIAN_POINT('',(-0.042,0.169195064194508,0.0157143668451738));
#1708=CARTESIAN_POINT('',(-0.043,0.169195064194508,0.0157143668451738));
#1709=CARTESIAN_POINT('',(-0.042,0.170784544926627,0.0214999999999997));
#1710=CARTESIAN_POINT('',(-0.042,0.169195064194508,0.0272856331548257));
#1711=CARTESIAN_POINT('',(-0.039,0.169195064194508,0.0272856331548257));
#1712=CARTESIAN_POINT('',(-0.043,0.169195064194508,0.0272856331548257));
#1713=CARTESIAN_POINT('',(-0.043,0.170784544926627,0.0214999999999997));
#1714=CARTESIAN_POINT('',(-0.039,0.170784544926627,0.0214999999999997));
#1715=CARTESIAN_POINT('',(-0.039,0.170784544926627,0.0214999999999997));
#1716=CARTESIAN_POINT('',(-0.039,0.16880755376331,0.0192435634420248));
#1717=CARTESIAN_POINT('',(-0.039,0.16880755376331,0.0237564365579746));
#1718=CARTESIAN_POINT('',(-0.039,0.16880755376331,0.0214999999999997));
#1719=CARTESIAN_POINT('',(-0.042,0.170784544926627,0.0214999999999997));
#1720=CARTESIAN_POINT('',(-0.039,0.16880755376331,0.0192435634420248));
#1721=CARTESIAN_POINT('',(-0.039,0.168849684851296,0.0190339184459828));
#1722=CARTESIAN_POINT('',(-0.0390139405751017,0.168909849105899,0.0186998370628174));
#1723=CARTESIAN_POINT('',(-0.0390821603943764,0.168980149019722,0.0182403676459871));
#1724=CARTESIAN_POINT('',(-0.039187697040241,0.169031928570302,0.0178383784945564));
#1725=CARTESIAN_POINT('',(-0.0392764236325132,0.169057722801088,0.0175989514093107));
#1726=CARTESIAN_POINT('',(-0.0394114764907528,0.169086988137612,0.0173038256001712));
#1727=CARTESIAN_POINT('',(-0.0395732963863506,0.169111295985332,0.0170270606708299));
#1728=CARTESIAN_POINT('',(-0.0398070513270035,0.169134913477477,0.0167214095789845));
#1729=CARTESIAN_POINT('',(-0.0399789855544701,0.169147701118418,0.0165415459194787));
#1730=CARTESIAN_POINT('',(-0.0402726329039551,0.169166062802843,0.0162780067377879));
#1731=CARTESIAN_POINT('',(-0.0408623856135527,0.169190038263797,0.0158945286488115));
#1732=CARTESIAN_POINT('',(-0.0415243562023218,0.169195018269622,0.0157143794620677));
#1733=CARTESIAN_POINT('',(-0.042,0.169195064194508,0.0157143668451738));
#1734=CARTESIAN_POINT('',(-0.042,0.169195064194508,0.0272856331548257));
#1735=CARTESIAN_POINT('',(-0.0415235857947874,0.169195135922971,0.0272856528607088));
#1736=CARTESIAN_POINT('',(-0.0408604829079676,0.169190155177398,0.0271049269497469));
#1737=CARTESIAN_POINT('',(-0.0402698852723667,0.169165988776562,0.026720010296484));
#1738=CARTESIAN_POINT('',(-0.0399759638724218,0.169147505104569,0.0264555203490265));
#1739=CARTESIAN_POINT('',(-0.0398037897114214,0.169134645239878,0.0262748307709931));
#1740=CARTESIAN_POINT('',(-0.0395703396974184,0.169110923054941,0.0259685145693835));
#1741=CARTESIAN_POINT('',(-0.0394086622232606,0.169086425135923,0.0256907931358768));
#1742=CARTESIAN_POINT('',(-0.0392739527928947,0.169057013535975,0.0253950572870613));
#1743=CARTESIAN_POINT('',(-0.0391850806909795,0.169030930258763,0.0251532514742724));
#1744=CARTESIAN_POINT('',(-0.0390813468826564,0.168979591165015,0.0247549437442807));
#1745=CARTESIAN_POINT('',(-0.039013797640381,0.168909483069939,0.0242977926378465));
#1746=CARTESIAN_POINT('',(-0.039,0.168849495513005,0.0239653477793474));
#1747=CARTESIAN_POINT('',(-0.039,0.16880755376331,0.0237564365579746));
#1748=CARTESIAN_POINT('',(-0.039,0.167784544926627,0.0143038475772931));
#1749=CARTESIAN_POINT('',(-0.042,0.169195064194508,0.0157143668451738));
#1750=CARTESIAN_POINT('',(-0.042,0.168724891105214,0.0152441937558802));
#1751=CARTESIAN_POINT('',(-0.042,0.168254718015921,0.0147740206665867));
#1752=CARTESIAN_POINT('',(-0.042,0.167784544926627,0.0143038475772931));
#1753=CARTESIAN_POINT('',(-0.0447964485306341,0.167784544926627,0.0143038475772931));
#1754=CARTESIAN_POINT('',(-0.0441888624270054,0.168249133291775,0.0147684359424416));
#1755=CARTESIAN_POINT('',(-0.0435871004791925,0.168717430502452,0.0152367331531178));
#1756=CARTESIAN_POINT('',(-0.043,0.169195064194508,0.0157143668451738));
#1757=CARTESIAN_POINT('',(-0.042,0.167784544926627,0.0143038475772931));
#1758=CARTESIAN_POINT('',(-0.0413776498732507,0.167784544926627,0.0143037838185206));
#1759=CARTESIAN_POINT('',(-0.0407605966504607,0.167784544926627,0.0144410621899436));
#1760=CARTESIAN_POINT('',(-0.0396344393260862,0.167784544926627,0.0149568097027125));
#1761=CARTESIAN_POINT('',(-0.039129921770484,0.167784544926627,0.0153381314676436));
#1762=CARTESIAN_POINT('',(-0.0383149900703858,0.167784544926627,0.0162708344930563));
#1763=CARTESIAN_POINT('',(-0.0380070562169829,0.167784544926627,0.0168216158732995));
#1764=CARTESIAN_POINT('',(-0.0376174796902187,0.167784544926627,0.0179989360219425));
#1765=CARTESIAN_POINT('',(-0.0375361224295022,0.167784544926627,0.0186219184828467));
#1766=CARTESIAN_POINT('',(-0.0375372187657241,0.167784544926627,0.0192435634420248));
#1767=CARTESIAN_POINT('',(-0.042,0.169195064194508,0.0157143668451738));
#1768=CARTESIAN_POINT('',(-0.0415816397259386,0.169195015214125,0.0157143466884866));
#1769=CARTESIAN_POINT('',(-0.0411668401522354,0.169190679215036,0.0158077595350177));
#1770=CARTESIAN_POINT('',(-0.0404098073456754,0.169171481986053,0.0161600580336091));
#1771=CARTESIAN_POINT('',(-0.0400706560386568,0.169156768237076,0.0164200063570538));
#1772=CARTESIAN_POINT('',(-0.0395228397109548,0.169109448767476,0.0170647419450284));
#1773=CARTESIAN_POINT('',(-0.0393158371249233,0.169077432464205,0.017445141049294));
#1774=CARTESIAN_POINT('',(-0.0390539536043613,0.168977762903134,0.0182858032952138));
#1775=CARTESIAN_POINT('',(-0.0389992630136919,0.168909031376949,0.0187386091451701));
#1776=CARTESIAN_POINT('',(-0.039,0.16880755376331,0.0192435634420248));
#1777=CARTESIAN_POINT('',(-0.0375372187657241,0.167784544926627,0.0192435634420248));
#1778=CARTESIAN_POINT('',(-0.0380248125104827,0.168125547872188,0.0192435634420248));
#1779=CARTESIAN_POINT('',(-0.0385124062552414,0.168466550817749,0.0192435634420248));
#1780=CARTESIAN_POINT('',(-0.039,0.16880755376331,0.0192435634420248));
#1781=CARTESIAN_POINT('',(-0.0375372187657241,0.167784544926627,0.0214999999999997));
#1782=CARTESIAN_POINT('',(-0.039,0.16880755376331,0.0237564365579746));
#1783=CARTESIAN_POINT('',(-0.0385124062552414,0.168466550817749,0.0237564365579746));
#1784=CARTESIAN_POINT('',(-0.0380248125104827,0.168125547872188,0.0237564365579746));
#1785=CARTESIAN_POINT('',(-0.0375372187657241,0.167784544926627,0.0237564365579746));
#1786=CARTESIAN_POINT('',(-0.0375372187657241,0.167784544926627,0.0237564365579746));
#1787=CARTESIAN_POINT('',(-0.0375365463541978,0.167784544926627,0.0243792580619057));
#1788=CARTESIAN_POINT('',(-0.0376133707120661,0.167784544926627,0.0249866624930889));
#1789=CARTESIAN_POINT('',(-0.0380043471819058,0.167784544926627,0.0261721507335351));
#1790=CARTESIAN_POINT('',(-0.0383087368164515,0.167784544926627,0.0267194931375078));
#1791=CARTESIAN_POINT('',(-0.0391267412834097,0.167784544926627,0.027660717716899));
#1792=CARTESIAN_POINT('',(-0.0396302124765808,0.167784544926627,0.0280388100908107));
#1793=CARTESIAN_POINT('',(-0.0407559225507588,0.167784544926627,0.0285592194433189));
#1794=CARTESIAN_POINT('',(-0.04137432051332,0.167784544926627,0.0286967118167372));
#1795=CARTESIAN_POINT('',(-0.042,0.167784544926627,0.0286961524227064));
#1796=CARTESIAN_POINT('',(-0.039,0.16880755376331,0.0237564365579746));
#1797=CARTESIAN_POINT('',(-0.0389995479871244,0.168909083797322,0.0242621561229752));
#1798=CARTESIAN_POINT('',(-0.0390511913288249,0.168976406456572,0.0247038048873672));
#1799=CARTESIAN_POINT('',(-0.0393140161509981,0.169077035455442,0.0255505307554435));
#1800=CARTESIAN_POINT('',(-0.039518634874269,0.169108959428671,0.0259291621506017));
#1801=CARTESIAN_POINT('',(-0.0400685192642396,0.16915671027767,0.0265786238501926));
#1802=CARTESIAN_POINT('',(-0.0404069659363811,0.169171298538058,0.0268369404276562));
#1803=CARTESIAN_POINT('',(-0.0411636981072172,0.169190710099725,0.0271924424789313));
#1804=CARTESIAN_POINT('',(-0.0415794016418229,0.169195033750291,0.0272859918669991));
#1805=CARTESIAN_POINT('',(-0.042,0.169195064194508,0.0272856331548257));
#1806=CARTESIAN_POINT('',(-0.042,0.167784544926627,0.0286961524227064));
#1807=CARTESIAN_POINT('',(-0.042,0.168254718015921,0.0282259793334128));
#1808=CARTESIAN_POINT('',(-0.042,0.168724891105214,0.0277558062441192));
#1809=CARTESIAN_POINT('',(-0.042,0.169195064194508,0.0272856331548257));
#1810=CARTESIAN_POINT('',(-0.039,0.167784544926627,0.0286961524227064));
#1811=CARTESIAN_POINT('',(-0.043,0.169195064194508,0.0272856331548257));
#1812=CARTESIAN_POINT('',(-0.0435871004791925,0.168717430502452,0.0277632668468816));
#1813=CARTESIAN_POINT('',(-0.0441888624270054,0.168249133291775,0.0282315640575578));
#1814=CARTESIAN_POINT('',(-0.0447964485306341,0.167784544926627,0.0286961524227063));
#1815=CARTESIAN_POINT('',(-0.043,0.170784544926627,0.0214999999999997));
#1816=MECHANICAL_DESIGN_GEOMETRIC_PRESENTATION_REPRESENTATION('',(#709),
#1817);
#1817=(
GEOMETRIC_REPRESENTATION_CONTEXT(3)
GLOBAL_UNCERTAINTY_ASSIGNED_CONTEXT((#1818))
GLOBAL_UNIT_ASSIGNED_CONTEXT((#1821,#1820,#1819))
REPRESENTATION_CONTEXT('butt','TOP_LEVEL_ASSEMBLY_PART')
);
#1818=UNCERTAINTY_MEASURE_WITH_UNIT(LENGTH_MEASURE(2.E-5),#1821,
'DISTANCE_ACCURACY_VALUE','Maximum Tolerance applied to model');
#1819=(
NAMED_UNIT(*)
SI_UNIT($,.STERADIAN.)
SOLID_ANGLE_UNIT()
);
#1820=(
NAMED_UNIT(*)
PLANE_ANGLE_UNIT()
SI_UNIT($,.RADIAN.)
);
#1821=(
LENGTH_UNIT()
NAMED_UNIT(*)
SI_UNIT($,.METRE.)
);
#1822=PRODUCT_DEFINITION_SHAPE('','',#1823);
#1823=PRODUCT_DEFINITION('','',#1825,#1824);
#1824=PRODUCT_DEFINITION_CONTEXT('',#1831,'design');
#1825=PRODUCT_DEFINITION_FORMATION_WITH_SPECIFIED_SOURCE('','',#1827,
 .NOT_KNOWN.);
#1826=PRODUCT_RELATED_PRODUCT_CATEGORY('','',(#1827));
#1827=PRODUCT('butt','butt','butt',(#1829));
#1828=PRODUCT_CATEGORY('','');
#1829=PRODUCT_CONTEXT('',#1831,'mechanical');
#1830=APPLICATION_PROTOCOL_DEFINITION('international standard',
'ap242_managed_model_based_3d_engineering',2020,#1831);
#1831=APPLICATION_CONTEXT('managed model based 3d engineering');
ENDSEC;
END-ISO-10303-21;
