ISO-10303-21;
HEADER;
/* Generated by software containing ST-Developer
 * from STEP Tools, Inc. (www.steptools.com) 
 */
/* OPTION: using custom renumber hook */

FILE_DESCRIPTION(
/* description */ ('STEP AP242 Edition 2',
'CAx-IF Rec.Pracs.---Representation and Presentation of Product Manufa
cturing Information (PMI)---4.0---2014-10-13',
'CAx-IF Rec.Pracs.---3D Tessellated Geometry---0.4---2014-09-14','2;1',
'CAx-IF Rec.Pracs.---User Defined Attributes---1.5---2016-08-15'),
/* implementation_level */ '2;1');

FILE_NAME(
/* name */ '697b1873fb3a1f34493387c8',
/* time_stamp */ '2026-01-29T08:21:07Z',
/* author */ (''),
/* organization */ (''),
/* preprocessor_version */ 'ST-DEVELOPER v20',
/* originating_system */ 'ONSHAPE BY PTC INC, 1.209',
/* authorisation */ '  ');

FILE_SCHEMA (('AP242_MANAGED_MODEL_BASED_3D_ENGINEERING_MIM_LF { 1 0 10303 442 3 1 4 }'));
ENDSEC;

DATA;
#10=SHAPE_REPRESENTATION_RELATIONSHIP('','',#2835,#11);
#11=ADVANCED_BREP_SHAPE_REPRESENTATION('',(#2833),#5487);
#12=TOROIDAL_SURFACE('',#3092,0.009,0.00420187522892532);
#13=(
BOUNDED_SURFACE()
B_SPLINE_SURFACE(3,2,((#4318,#4319,#4320),(#4321,#4322,#4323),(#4324,#4325,
#4326),(#4327,#4328,#4329),(#4330,#4331,#4332),(#4333,#4334,#4335),(#4336,
#4337,#4338),(#4339,#4340,#4341),(#4342,#4343,#4344),(#4345,#4346,#4347),
(#4348,#4349,#4350),(#4351,#4352,#4353),(#4354,#4355,#4356),(#4357,#4358,
#4359),(#4360,#4361,#4362),(#4363,#4364,#4365),(#4366,#4367,#4368),(#4369,
#4370,#4371),(#4372,#4373,#4374),(#4375,#4376,#4377),(#4378,#4379,#4380),
(#4381,#4382,#4383),(#4384,#4385,#4386),(#4387,#4388,#4389),(#4390,#4391,
#4392),(#4393,#4394,#4395)),.UNSPECIFIED.,.T.,.F.,.F.)
B_SPLINE_SURFACE_WITH_KNOTS((1,3,1,1,1,1,1,1,1,1,1,1,1,1,1,1,1,1,1,1,1,
1,1,1,3,1),(3,3),(-0.000566724607128623,0.,0.000566724607128623,0.00113344921425725,
0.00170017382138587,0.00226689842851449,0.00283362303564311,0.00340034764277174,
0.00396707224990036,0.00453379685702898,0.00566724607128623,0.00680069528554348,
0.00793414449980072,0.00906759371405797,0.0102010429283152,0.0113344921425725,
0.0124679413568297,0.013601390571087,0.0147348397853442,0.0153015643924728,
0.0158682889996014,0.0164350136067301,0.0170017382138587,0.0175684628209873,
0.0181351874281159,0.0187019120352446),(0.,1.),.UNSPECIFIED.)
GEOMETRIC_REPRESENTATION_ITEM()
RATIONAL_B_SPLINE_SURFACE(((1.,0.448145766867504,1.),(1.,0.451399142175029,
1.),(1.,0.45527818491745,1.),(1.,0.448656885810382,1.),(1.,0.434793515557615,
1.),(1.,0.426231936793507,1.),(1.,0.435412277266382,1.),(1.,0.465191474688613,
1.),(1.,0.50834776530539,1.),(1.,0.575601799137412,1.),(1.,0.663271575633358,
1.),(1.,0.759697667652087,1.),(1.,0.840479512111678,1.),(1.,0.893981977211597,
1.),(1.,0.89276344001973,1.),(1.,0.837793590053392,1.),(1.,0.756506184452869,
1.),(1.,0.659499180854493,1.),(1.,0.571542350577754,1.),(1.,0.505233794433388,
1.),(1.,0.462341288256961,1.),(1.,0.434167999164734,1.),(1.,0.42633258692667,
1.),(1.,0.4357579330723,1.),(1.,0.444892391559979,1.),(1.,0.448145766867504,
1.)))
REPRESENTATION_ITEM('')
SURFACE()
);
#14=CONICAL_SURFACE('',#2873,0.009,0.768073065458023);
#15=CONICAL_SURFACE('',#2877,0.009,0.768073065458023);
#16=CONICAL_SURFACE('',#3051,0.00561335690396703,0.698131700797497);
#17=CONICAL_SURFACE('',#3053,0.00675,1.0471975511966);
#18=CONICAL_SURFACE('',#3076,0.00675,1.0471975511966);
#19=CONICAL_SURFACE('',#3123,0.00675,1.0471975511966);
#20=CONICAL_SURFACE('',#3125,0.00475,1.0471975511966);
#21=CONICAL_SURFACE('',#3126,0.00675,1.0471975511966);
#22=CONICAL_SURFACE('',#3128,0.00475,1.0471975511966);
#23=CONICAL_SURFACE('',#3129,0.00675,1.0471975511966);
#24=CONICAL_SURFACE('',#3131,0.00475,1.0471975511966);
#25=CONICAL_SURFACE('',#3132,0.00675,1.0471975511966);
#26=CONICAL_SURFACE('',#3134,0.00475,1.0471975511966);
#27=CONICAL_SURFACE('',#3135,0.00675,1.0471975511966);
#28=CONICAL_SURFACE('',#3137,0.00475,1.0471975511966);
#29=CONICAL_SURFACE('',#3138,0.00675,1.0471975511966);
#30=CONICAL_SURFACE('',#3140,0.00475,1.0471975511966);
#31=CONICAL_SURFACE('',#3141,0.00675,1.0471975511966);
#32=CONICAL_SURFACE('',#3143,0.00475,1.0471975511966);
#33=CONICAL_SURFACE('',#3144,0.00675,1.0471975511966);
#34=CONICAL_SURFACE('',#3146,0.00475,1.0471975511966);
#35=CONICAL_SURFACE('',#3147,0.00675,1.0471975511966);
#36=CONICAL_SURFACE('',#3149,0.00475,1.0471975511966);
#37=CONICAL_SURFACE('',#3150,0.00675,1.0471975511966);
#38=CONICAL_SURFACE('',#3152,0.00475,1.0471975511966);
#39=CONICAL_SURFACE('',#3153,0.00675,1.0471975511966);
#40=CONICAL_SURFACE('',#3155,0.00475,1.0471975511966);
#41=CONICAL_SURFACE('',#3156,0.00675,1.0471975511966);
#42=CONICAL_SURFACE('',#3158,0.00475,1.0471975511966);
#43=CONICAL_SURFACE('',#3159,0.00675,1.0471975511966);
#44=CONICAL_SURFACE('',#3161,0.00475,1.0471975511966);
#45=CONICAL_SURFACE('',#3162,0.00675,1.0471975511966);
#46=CONICAL_SURFACE('',#3164,0.00475,1.0471975511966);
#47=CONICAL_SURFACE('',#3165,0.00475,1.0471975511966);
#48=CONICAL_SURFACE('',#3167,0.00675,1.0471975511966);
#49=CONICAL_SURFACE('',#3197,0.009,0.768073065458023);
#50=ELLIPSE('',#2872,0.0129542892892844,0.009);
#51=ELLIPSE('',#3074,0.0129542892892844,0.009);
#52=CYLINDRICAL_SURFACE('',#2863,0.002075);
#53=CYLINDRICAL_SURFACE('',#2865,0.002075);
#54=CYLINDRICAL_SURFACE('',#2867,0.002075);
#55=CYLINDRICAL_SURFACE('',#2868,0.002075);
#56=CYLINDRICAL_SURFACE('',#2870,0.00135);
#57=CYLINDRICAL_SURFACE('',#2901,0.000461685811393746);
#58=CYLINDRICAL_SURFACE('',#2904,0.000461685811393746);
#59=CYLINDRICAL_SURFACE('',#2907,0.000461685811393746);
#60=CYLINDRICAL_SURFACE('',#2910,0.000461685811393746);
#61=CYLINDRICAL_SURFACE('',#2913,0.000461685811393746);
#62=CYLINDRICAL_SURFACE('',#2916,0.000461685811393746);
#63=CYLINDRICAL_SURFACE('',#2919,0.000461685811393746);
#64=CYLINDRICAL_SURFACE('',#2922,0.000461685811393746);
#65=CYLINDRICAL_SURFACE('',#2925,0.000461685811393746);
#66=CYLINDRICAL_SURFACE('',#2928,0.000461685811393746);
#67=CYLINDRICAL_SURFACE('',#2931,0.000461685811393746);
#68=CYLINDRICAL_SURFACE('',#2934,0.000461685811393746);
#69=CYLINDRICAL_SURFACE('',#2937,0.000461685811393746);
#70=CYLINDRICAL_SURFACE('',#2940,0.000461685811393746);
#71=CYLINDRICAL_SURFACE('',#2943,0.000461685811393746);
#72=CYLINDRICAL_SURFACE('',#2946,0.000461685811393746);
#73=CYLINDRICAL_SURFACE('',#2949,0.000461685811393746);
#74=CYLINDRICAL_SURFACE('',#2952,0.000461685811393746);
#75=CYLINDRICAL_SURFACE('',#2955,0.000461685811393746);
#76=CYLINDRICAL_SURFACE('',#2958,0.000461685811393746);
#77=CYLINDRICAL_SURFACE('',#2961,0.000461685811393746);
#78=CYLINDRICAL_SURFACE('',#2964,0.000461685811393746);
#79=CYLINDRICAL_SURFACE('',#2967,0.000461685811393746);
#80=CYLINDRICAL_SURFACE('',#2970,0.000461685811393746);
#81=CYLINDRICAL_SURFACE('',#2973,0.000461685811393746);
#82=CYLINDRICAL_SURFACE('',#2976,0.000461685811393746);
#83=CYLINDRICAL_SURFACE('',#2979,0.000461685811393746);
#84=CYLINDRICAL_SURFACE('',#2982,0.000461685811393746);
#85=CYLINDRICAL_SURFACE('',#2985,0.000461685811393746);
#86=CYLINDRICAL_SURFACE('',#2988,0.000461685811393746);
#87=CYLINDRICAL_SURFACE('',#2991,0.0009);
#88=CYLINDRICAL_SURFACE('',#2993,0.0009);
#89=CYLINDRICAL_SURFACE('',#2995,0.000900000000000026);
#90=CYLINDRICAL_SURFACE('',#2997,0.000900000000000026);
#91=CYLINDRICAL_SURFACE('',#2999,0.000900000000000026);
#92=CYLINDRICAL_SURFACE('',#3001,0.000900000000000026);
#93=CYLINDRICAL_SURFACE('',#3003,0.000900000000000026);
#94=CYLINDRICAL_SURFACE('',#3005,0.000900000000000026);
#95=CYLINDRICAL_SURFACE('',#3007,0.000900000000000026);
#96=CYLINDRICAL_SURFACE('',#3009,0.000900000000000026);
#97=CYLINDRICAL_SURFACE('',#3011,0.000900000000000026);
#98=CYLINDRICAL_SURFACE('',#3013,0.000900000000000026);
#99=CYLINDRICAL_SURFACE('',#3015,0.000900000000000026);
#100=CYLINDRICAL_SURFACE('',#3017,0.000900000000000026);
#101=CYLINDRICAL_SURFACE('',#3019,0.000900000000000026);
#102=CYLINDRICAL_SURFACE('',#3021,0.000900000000000026);
#103=CYLINDRICAL_SURFACE('',#3023,0.000900000000000026);
#104=CYLINDRICAL_SURFACE('',#3025,0.000900000000000026);
#105=CYLINDRICAL_SURFACE('',#3027,0.000900000000000026);
#106=CYLINDRICAL_SURFACE('',#3029,0.000900000000000026);
#107=CYLINDRICAL_SURFACE('',#3031,0.000900000000000026);
#108=CYLINDRICAL_SURFACE('',#3033,0.000900000000000026);
#109=CYLINDRICAL_SURFACE('',#3035,0.000900000000000026);
#110=CYLINDRICAL_SURFACE('',#3037,0.000900000000000026);
#111=CYLINDRICAL_SURFACE('',#3039,0.000900000000000026);
#112=CYLINDRICAL_SURFACE('',#3041,0.000900000000000026);
#113=CYLINDRICAL_SURFACE('',#3043,0.000900000000000026);
#114=CYLINDRICAL_SURFACE('',#3045,0.000900000000000026);
#115=CYLINDRICAL_SURFACE('',#3047,0.000900000000000026);
#116=CYLINDRICAL_SURFACE('',#3049,0.000900000000000026);
#117=CYLINDRICAL_SURFACE('',#3070,0.009);
#118=CYLINDRICAL_SURFACE('',#3072,0.009);
#119=CYLINDRICAL_SURFACE('',#3168,0.000400000000000033);
#120=CYLINDRICAL_SURFACE('',#3170,0.0004);
#121=CYLINDRICAL_SURFACE('',#3171,0.000399999999999994);
#122=CYLINDRICAL_SURFACE('',#3173,0.000400000000000022);
#123=CYLINDRICAL_SURFACE('',#3175,0.000399999999999994);
#124=CYLINDRICAL_SURFACE('',#3176,0.000399999999999976);
#125=CYLINDRICAL_SURFACE('',#3178,0.0006);
#126=CYLINDRICAL_SURFACE('',#3181,0.000220000000000063);
#127=CYLINDRICAL_SURFACE('',#3182,0.0006);
#128=CYLINDRICAL_SURFACE('',#3183,0.000220000000000011);
#129=CYLINDRICAL_SURFACE('',#3185,0.0006);
#130=CYLINDRICAL_SURFACE('',#3187,0.00215);
#131=CYLINDRICAL_SURFACE('',#3190,0.00215);
#132=CYLINDRICAL_SURFACE('',#3195,0.00215);
#133=CYLINDRICAL_SURFACE('',#3204,0.008075);
#134=CYLINDRICAL_SURFACE('',#3205,0.008075);
#135=CYLINDRICAL_SURFACE('',#3206,0.008075);
#136=CYLINDRICAL_SURFACE('',#3207,0.016075);
#137=CIRCLE('',#2844,0.008075);
#138=CIRCLE('',#2845,0.00295);
#139=CIRCLE('',#2846,0.0006);
#140=CIRCLE('',#2847,0.002075);
#141=CIRCLE('',#2848,0.000400000000000033);
#142=CIRCLE('',#2849,0.0004);
#143=CIRCLE('',#2850,0.000399999999999994);
#144=CIRCLE('',#2851,0.002075);
#145=CIRCLE('',#2852,0.000400000000000022);
#146=CIRCLE('',#2853,0.000399999999999994);
#147=CIRCLE('',#2854,0.000399999999999976);
#148=CIRCLE('',#2855,0.002075);
#149=CIRCLE('',#2856,0.0006);
#150=CIRCLE('',#2857,0.00295);
#151=CIRCLE('',#2858,0.008075);
#152=CIRCLE('',#2859,0.00434033572053506);
#153=CIRCLE('',#2860,0.008075);
#154=CIRCLE('',#2861,0.00434033572053506);
#155=CIRCLE('',#2862,0.016075);
#156=CIRCLE('',#2864,0.002075);
#157=CIRCLE('',#2866,0.002075);
#158=CIRCLE('',#2869,0.002075);
#159=CIRCLE('',#2874,0.00343296827426753);
#160=CIRCLE('',#2875,0.009);
#161=CIRCLE('',#2876,0.00343296827426753);
#162=CIRCLE('',#2878,0.009);
#163=CIRCLE('',#2879,0.00482330399480257);
#164=CIRCLE('',#2881,0.000399999999999994);
#165=CIRCLE('',#2882,0.000400000000000022);
#166=CIRCLE('',#2884,0.00215);
#167=CIRCLE('',#2885,0.000399999999999976);
#168=CIRCLE('',#2886,0.000399999999999994);
#169=CIRCLE('',#2887,0.000400000000000022);
#170=CIRCLE('',#2888,0.00215);
#171=CIRCLE('',#2889,0.000399999999999994);
#172=CIRCLE('',#2890,0.0004);
#173=CIRCLE('',#2891,0.000400000000000033);
#174=CIRCLE('',#2892,0.00215);
#175=CIRCLE('',#2893,0.0006);
#176=CIRCLE('',#2894,0.000220000000000063);
#177=CIRCLE('',#2895,0.0006);
#178=CIRCLE('',#2896,0.00343169786290611);
#179=CIRCLE('',#2897,0.0006);
#180=CIRCLE('',#2898,0.000220000000000011);
#181=CIRCLE('',#2899,0.0006);
#182=CIRCLE('',#2902,0.000461685811393746);
#183=CIRCLE('',#2903,0.000461685811393746);
#184=CIRCLE('',#2905,0.000461685811393746);
#185=CIRCLE('',#2906,0.000461685811393746);
#186=CIRCLE('',#2908,0.000461685811393746);
#187=CIRCLE('',#2909,0.000461685811393746);
#188=CIRCLE('',#2911,0.000461685811393746);
#189=CIRCLE('',#2912,0.000461685811393746);
#190=CIRCLE('',#2914,0.000461685811393746);
#191=CIRCLE('',#2915,0.000461685811393746);
#192=CIRCLE('',#2917,0.000461685811393746);
#193=CIRCLE('',#2918,0.000461685811393746);
#194=CIRCLE('',#2920,0.000461685811393746);
#195=CIRCLE('',#2921,0.000461685811393746);
#196=CIRCLE('',#2923,0.000461685811393746);
#197=CIRCLE('',#2924,0.000461685811393746);
#198=CIRCLE('',#2926,0.000461685811393746);
#199=CIRCLE('',#2927,0.000461685811393746);
#200=CIRCLE('',#2929,0.000461685811393746);
#201=CIRCLE('',#2930,0.000461685811393746);
#202=CIRCLE('',#2932,0.000461685811393746);
#203=CIRCLE('',#2933,0.000461685811393746);
#204=CIRCLE('',#2935,0.000461685811393746);
#205=CIRCLE('',#2936,0.000461685811393746);
#206=CIRCLE('',#2938,0.000461685811393746);
#207=CIRCLE('',#2939,0.000461685811393746);
#208=CIRCLE('',#2941,0.000461685811393746);
#209=CIRCLE('',#2942,0.000461685811393746);
#210=CIRCLE('',#2944,0.000461685811393746);
#211=CIRCLE('',#2945,0.000461685811393746);
#212=CIRCLE('',#2947,0.000461685811393746);
#213=CIRCLE('',#2948,0.000461685811393746);
#214=CIRCLE('',#2950,0.000461685811393746);
#215=CIRCLE('',#2951,0.000461685811393746);
#216=CIRCLE('',#2953,0.000461685811393746);
#217=CIRCLE('',#2954,0.000461685811393746);
#218=CIRCLE('',#2956,0.000461685811393746);
#219=CIRCLE('',#2957,0.000461685811393746);
#220=CIRCLE('',#2959,0.000461685811393746);
#221=CIRCLE('',#2960,0.000461685811393746);
#222=CIRCLE('',#2962,0.000461685811393746);
#223=CIRCLE('',#2963,0.000461685811393746);
#224=CIRCLE('',#2965,0.000461685811393746);
#225=CIRCLE('',#2966,0.000461685811393746);
#226=CIRCLE('',#2968,0.000461685811393746);
#227=CIRCLE('',#2969,0.000461685811393746);
#228=CIRCLE('',#2971,0.000461685811393746);
#229=CIRCLE('',#2972,0.000461685811393746);
#230=CIRCLE('',#2974,0.000461685811393746);
#231=CIRCLE('',#2975,0.000461685811393746);
#232=CIRCLE('',#2977,0.000461685811393746);
#233=CIRCLE('',#2978,0.000461685811393746);
#234=CIRCLE('',#2980,0.000461685811393746);
#235=CIRCLE('',#2981,0.000461685811393746);
#236=CIRCLE('',#2983,0.000461685811393746);
#237=CIRCLE('',#2984,0.000461685811393746);
#238=CIRCLE('',#2986,0.000461685811393746);
#239=CIRCLE('',#2987,0.000461685811393746);
#240=CIRCLE('',#2989,0.000461685811393746);
#241=CIRCLE('',#2990,0.000461685811393746);
#242=CIRCLE('',#2992,0.0009);
#243=CIRCLE('',#2994,0.0009);
#244=CIRCLE('',#2996,0.000900000000000026);
#245=CIRCLE('',#2998,0.000900000000000026);
#246=CIRCLE('',#3000,0.000900000000000026);
#247=CIRCLE('',#3002,0.000900000000000026);
#248=CIRCLE('',#3004,0.000900000000000026);
#249=CIRCLE('',#3006,0.000900000000000026);
#250=CIRCLE('',#3008,0.000900000000000026);
#251=CIRCLE('',#3010,0.000900000000000026);
#252=CIRCLE('',#3012,0.000900000000000026);
#253=CIRCLE('',#3014,0.000900000000000026);
#254=CIRCLE('',#3016,0.000900000000000026);
#255=CIRCLE('',#3018,0.000900000000000026);
#256=CIRCLE('',#3020,0.000900000000000026);
#257=CIRCLE('',#3022,0.000900000000000026);
#258=CIRCLE('',#3024,0.000900000000000026);
#259=CIRCLE('',#3026,0.000900000000000026);
#260=CIRCLE('',#3028,0.000900000000000026);
#261=CIRCLE('',#3030,0.000900000000000026);
#262=CIRCLE('',#3032,0.000900000000000026);
#263=CIRCLE('',#3034,0.000900000000000026);
#264=CIRCLE('',#3036,0.000900000000000026);
#265=CIRCLE('',#3038,0.000900000000000026);
#266=CIRCLE('',#3040,0.000900000000000026);
#267=CIRCLE('',#3042,0.000900000000000026);
#268=CIRCLE('',#3044,0.000900000000000026);
#269=CIRCLE('',#3046,0.000900000000000026);
#270=CIRCLE('',#3048,0.000900000000000026);
#271=CIRCLE('',#3050,0.000900000000000026);
#272=CIRCLE('',#3052,0.00578117683020245);
#273=CIRCLE('',#3054,0.009);
#274=CIRCLE('',#3055,0.00675);
#275=CIRCLE('',#3056,0.00675);
#276=CIRCLE('',#3057,0.00675);
#277=CIRCLE('',#3058,0.00675);
#278=CIRCLE('',#3059,0.00675);
#279=CIRCLE('',#3060,0.00675);
#280=CIRCLE('',#3061,0.00675);
#281=CIRCLE('',#3062,0.00675);
#282=CIRCLE('',#3063,0.00675);
#283=CIRCLE('',#3064,0.00675);
#284=CIRCLE('',#3065,0.00675);
#285=CIRCLE('',#3066,0.00675);
#286=CIRCLE('',#3067,0.00675);
#287=CIRCLE('',#3068,0.00675);
#288=CIRCLE('',#3069,0.00675);
#289=CIRCLE('',#3071,0.009);
#290=CIRCLE('',#3073,0.009);
#291=CIRCLE('',#3075,0.009);
#292=CIRCLE('',#3077,0.00675);
#293=CIRCLE('',#3078,0.00675);
#294=CIRCLE('',#3079,0.00675);
#295=CIRCLE('',#3080,0.00675);
#296=CIRCLE('',#3081,0.00675);
#297=CIRCLE('',#3082,0.00675);
#298=CIRCLE('',#3083,0.00675);
#299=CIRCLE('',#3084,0.00675);
#300=CIRCLE('',#3085,0.00675);
#301=CIRCLE('',#3086,0.00675);
#302=CIRCLE('',#3087,0.00675);
#303=CIRCLE('',#3088,0.00675);
#304=CIRCLE('',#3089,0.00675);
#305=CIRCLE('',#3090,0.00675);
#306=CIRCLE('',#3091,0.00675);
#307=CIRCLE('',#3124,0.00675);
#308=CIRCLE('',#3127,0.00675);
#309=CIRCLE('',#3130,0.00675);
#310=CIRCLE('',#3133,0.00675);
#311=CIRCLE('',#3136,0.00675);
#312=CIRCLE('',#3139,0.00675);
#313=CIRCLE('',#3142,0.00675);
#314=CIRCLE('',#3145,0.00675);
#315=CIRCLE('',#3148,0.00675);
#316=CIRCLE('',#3151,0.00675);
#317=CIRCLE('',#3154,0.00675);
#318=CIRCLE('',#3157,0.00675);
#319=CIRCLE('',#3160,0.00675);
#320=CIRCLE('',#3163,0.00675);
#321=CIRCLE('',#3166,0.00675);
#322=CIRCLE('',#3169,0.000400000000000033);
#323=CIRCLE('',#3172,0.000399999999999994);
#324=CIRCLE('',#3174,0.000400000000000022);
#325=CIRCLE('',#3177,0.000399999999999976);
#326=CIRCLE('',#3179,0.0006);
#327=CIRCLE('',#3186,0.0006);
#328=CIRCLE('',#3188,0.00215);
#329=CIRCLE('',#3191,0.00215);
#330=CIRCLE('',#3194,0.00215);
#331=CIRCLE('',#3198,0.00482330399480257);
#332=CIRCLE('',#3200,0.008075);
#333=CIRCLE('',#3201,0.008075);
#334=CIRCLE('',#3202,0.008075);
#335=CIRCLE('',#3203,0.016075);
#336=B_SPLINE_CURVE_WITH_KNOTS('',3,(#4077,#4078,#4079,#4080),
 .UNSPECIFIED.,.F.,.F.,(4,4),(0.00651843840940185,0.00725453352424095),
 .UNSPECIFIED.);
#337=B_SPLINE_CURVE_WITH_KNOTS('',3,(#4091,#4092,#4093,#4094),
 .UNSPECIFIED.,.F.,.F.,(4,4),(0.00651843840940185,0.00725453352424095),
 .UNSPECIFIED.);
#338=B_SPLINE_CURVE_WITH_KNOTS('',3,(#4101,#4102,#4103,#4104),
 .UNSPECIFIED.,.F.,.F.,(4,4),(0.00242291217352176,0.00322071878316578),
 .UNSPECIFIED.);
#339=B_SPLINE_CURVE_WITH_KNOTS('',3,(#4133,#4134,#4135,#4136),
 .UNSPECIFIED.,.F.,.F.,(4,4),(0.00242291217352181,0.0032207187831658),
 .UNSPECIFIED.);
#340=B_SPLINE_CURVE_WITH_KNOTS('',3,(#4195,#4196,#4197,#4198,#4199,#4200,
#4201),.UNSPECIFIED.,.F.,.F.,(4,1,1,1,4),(0.00259830057064661,0.00348689152601807,
0.00437548248138953,0.00526407343676099,0.00615266439213245),
 .UNSPECIFIED.);
#341=B_SPLINE_CURVE_WITH_KNOTS('',3,(#4206,#4207,#4208,#4209,#4210,#4211,
#4212),.UNSPECIFIED.,.F.,.F.,(4,1,1,1,4),(0.00704493022542823,0.00789668810766047,
0.00874844598989272,0.00960020387212497,0.0104519617543572),
 .UNSPECIFIED.);
#342=B_SPLINE_CURVE_WITH_KNOTS('',3,(#4218,#4219,#4220,#4221,#4222,#4223,
#4224,#4225,#4226,#4227,#4228,#4229,#4230,#4231,#4232,#4233,#4234,#4235,
#4236,#4237,#4238),.UNSPECIFIED.,.T.,.F.,(1,1,1,1,1,1,1,1,1,1,1,1,1,1,1,
1,1,1,1,1,1,1,1,1,1),(-0.00225017280698116,-0.0015001152046541,-0.000750057602327051,
0.,0.000750057602327052,0.0015001152046541,0.00225017280698116,0.00300023040930821,
0.00375028801163526,0.00450034561396231,0.00525040321628936,0.00600046081861642,
0.00637548961977994,0.00675051842094347,0.007125547222107,0.00750057602327052,
0.00825063362559757,0.00900069122792463,0.00975074883025168,0.0105008064325787,
0.0112508640349058,0.0120009216372328,0.0127509792395599,0.0135010368418869,
0.014251094444214),.UNSPECIFIED.);
#343=B_SPLINE_CURVE_WITH_KNOTS('',3,(#4240,#4241,#4242,#4243,#4244),
 .UNSPECIFIED.,.F.,.F.,(4,1,4),(0.000503218165194935,0.000954365839432028,
0.00140551351366912),.UNSPECIFIED.);
#344=B_SPLINE_CURVE_WITH_KNOTS('',3,(#4245,#4246,#4247,#4248,#4249),
 .UNSPECIFIED.,.F.,.F.,(4,1,4),(0.000503218165195047,0.000954365839432511,
0.00140551351366998),.UNSPECIFIED.);
#345=B_SPLINE_CURVE_WITH_KNOTS('',3,(#4251,#4252,#4253,#4254),
 .UNSPECIFIED.,.F.,.F.,(4,4),(3.00506469612769E-7,0.00690076406594089),
 .UNSPECIFIED.);
#346=B_SPLINE_CURVE_WITH_KNOTS('',3,(#4262,#4263,#4264,#4265),
 .UNSPECIFIED.,.F.,.F.,(4,4),(3.18153242023419E-7,0.00026792812580072),
 .UNSPECIFIED.);
#347=B_SPLINE_CURVE_WITH_KNOTS('',3,(#4268,#4269,#4270,#4271),
 .UNSPECIFIED.,.F.,.F.,(4,4),(1.00494017171287E-6,0.000122086163724783),
 .UNSPECIFIED.);
#348=B_SPLINE_CURVE_WITH_KNOTS('',3,(#4278,#4279,#4280,#4281),
 .UNSPECIFIED.,.F.,.F.,(4,4),(1.00494017171287E-6,0.000122086163724783),
 .UNSPECIFIED.);
#349=B_SPLINE_CURVE_WITH_KNOTS('',3,(#4283,#4284,#4285,#4286),
 .UNSPECIFIED.,.F.,.F.,(4,4),(3.1815324207352E-7,0.00026792812580073),
 .UNSPECIFIED.);
#350=B_SPLINE_CURVE_WITH_KNOTS('',3,(#4288,#4289,#4290,#4291,#4292,#4293,
#4294,#4295,#4296,#4297,#4298),.UNSPECIFIED.,.F.,.F.,(4,1,1,1,1,1,1,1,4),
(3.88109900672604E-7,0.000464655905273125,0.000928923700645578,0.00139319149601803,
0.00185745929139048,0.00232172708676293,0.00278599488213539,0.00325026267750784,
0.00371453047288029),.UNSPECIFIED.);
#351=B_SPLINE_CURVE_WITH_KNOTS('',3,(#4300,#4301,#4302,#4303),
 .UNSPECIFIED.,.F.,.F.,(4,4),(2.83414358140946E-7,0.00690054224439364),
 .UNSPECIFIED.);
#352=B_SPLINE_CURVE_WITH_KNOTS('',3,(#4307,#4308,#4309,#4310,#4311,#4312,
#4313,#4314,#4315),.UNSPECIFIED.,.F.,.F.,(4,1,1,1,1,1,4),(0.00839905969662666,
0.0104052434917325,0.0124114272868383,0.0134145191843912,0.0144176110819441,
0.015420702979497,0.0164237948770499),.UNSPECIFIED.);
#353=B_SPLINE_CURVE_WITH_KNOTS('',3,(#4396,#4397,#4398,#4399,#4400,#4401,
#4402,#4403,#4404),.UNSPECIFIED.,.F.,.F.,(4,1,1,1,1,1,4),(0.018745598500493,
0.0197484813575517,0.0207513642146104,0.0217542470716692,0.0227571299287279,
0.0247628956428454,0.0267686613569628),.UNSPECIFIED.);
#354=B_SPLINE_CURVE_WITH_KNOTS('',3,(#4407,#4408,#4409,#4410,#4411),
 .UNSPECIFIED.,.F.,.F.,(4,1,4),(0.,0.0011415059644209,0.00228301192884181),
 .UNSPECIFIED.);
#355=B_SPLINE_CURVE_WITH_KNOTS('',3,(#4412,#4413,#4414,#4415),
 .UNSPECIFIED.,.F.,.F.,(4,4),(9.71445146547012E-17,0.00113070548354369),
 .UNSPECIFIED.);
#356=B_SPLINE_CURVE_WITH_KNOTS('',3,(#4466,#4467,#4468,#4469),
 .UNSPECIFIED.,.F.,.F.,(4,4),(8.15190308178246E-7,0.00073690273179411),
 .UNSPECIFIED.);
#357=B_SPLINE_CURVE_WITH_KNOTS('',3,(#4480,#4481,#4482,#4483),
 .UNSPECIFIED.,.F.,.F.,(4,4),(0.00073690273179411,0.00147001145525648),
 .UNSPECIFIED.);
#358=B_SPLINE_CURVE_WITH_KNOTS('',3,(#4485,#4486,#4487,#4488),
 .UNSPECIFIED.,.F.,.F.,(4,4),(2.29332621116433E-7,0.000736314772274073),
 .UNSPECIFIED.);
#359=B_SPLINE_CURVE_WITH_KNOTS('',3,(#4498,#4499,#4500,#4501),
 .UNSPECIFIED.,.F.,.F.,(4,4),(0.000736314772274073,0.00146943046363057),
 .UNSPECIFIED.);
#360=B_SPLINE_CURVE_WITH_KNOTS('',3,(#4503,#4504,#4505,#4506),
 .UNSPECIFIED.,.F.,.F.,(4,4),(2.29332621187276E-7,0.00073631477227424),
 .UNSPECIFIED.);
#361=B_SPLINE_CURVE_WITH_KNOTS('',3,(#4517,#4518,#4519,#4520),
 .UNSPECIFIED.,.F.,.F.,(4,4),(0.00073631477227424,0.00146943046363081),
 .UNSPECIFIED.);
#362=B_SPLINE_CURVE_WITH_KNOTS('',3,(#4522,#4523,#4524,#4525),
 .UNSPECIFIED.,.F.,.F.,(4,4),(8.15190307810715E-7,0.000736902731793727),
 .UNSPECIFIED.);
#363=B_SPLINE_CURVE_WITH_KNOTS('',3,(#4535,#4536,#4537,#4538),
 .UNSPECIFIED.,.F.,.F.,(4,4),(0.000736902731793727,0.00147001145525607),
 .UNSPECIFIED.);
#364=B_SPLINE_CURVE_WITH_KNOTS('',3,(#4540,#4541,#4542,#4543),
 .UNSPECIFIED.,.F.,.F.,(4,4),(2.67307144264673E-7,0.000736352884493598),
 .UNSPECIFIED.);
#365=B_SPLINE_CURVE_WITH_KNOTS('',3,(#4554,#4555,#4556,#4557),
 .UNSPECIFIED.,.F.,.F.,(4,4),(0.000736352884493598,0.00146945973764194),
 .UNSPECIFIED.);
#366=B_SPLINE_CURVE_WITH_KNOTS('',3,(#4559,#4560,#4561,#4562),
 .UNSPECIFIED.,.F.,.F.,(4,4),(3.51953645145966E-7,0.000736437837195487),
 .UNSPECIFIED.);
#367=B_SPLINE_CURVE_WITH_KNOTS('',3,(#4572,#4573,#4574,#4575),
 .UNSPECIFIED.,.F.,.F.,(4,4),(0.000736437837195487,0.00146954368267464),
 .UNSPECIFIED.);
#368=B_SPLINE_CURVE_WITH_KNOTS('',3,(#4577,#4578,#4579,#4580),
 .UNSPECIFIED.,.F.,.F.,(4,4),(4.04168892964009E-7,0.000736490240825581),
 .UNSPECIFIED.);
#369=B_SPLINE_CURVE_WITH_KNOTS('',3,(#4591,#4592,#4593,#4594),
 .UNSPECIFIED.,.F.,.F.,(4,4),(0.000736490240825581,0.00146959619946021),
 .UNSPECIFIED.);
#370=B_SPLINE_CURVE_WITH_KNOTS('',3,(#4596,#4597,#4598,#4599),
 .UNSPECIFIED.,.F.,.F.,(4,4),(2.52342863236259E-7,0.00073633786597601),
 .UNSPECIFIED.);
#371=B_SPLINE_CURVE_WITH_KNOTS('',3,(#4609,#4610,#4611,#4612),
 .UNSPECIFIED.,.F.,.F.,(4,4),(0.00073633786597601,0.00146944563186927),
 .UNSPECIFIED.);
#372=B_SPLINE_CURVE_WITH_KNOTS('',3,(#4614,#4615,#4616,#4617),
 .UNSPECIFIED.,.F.,.F.,(4,4),(1.28829225968223E-6,0.000737377496101368),
 .UNSPECIFIED.);
#373=B_SPLINE_CURVE_WITH_KNOTS('',3,(#4628,#4629,#4630,#4631),
 .UNSPECIFIED.,.F.,.F.,(4,4),(0.000737377496101368,0.00147048989533297),
 .UNSPECIFIED.);
#374=B_SPLINE_CURVE_WITH_KNOTS('',3,(#4633,#4634,#4635,#4636),
 .UNSPECIFIED.,.F.,.F.,(4,4),(2.2733052263935E-7,0.000736312762910314),
 .UNSPECIFIED.);
#375=B_SPLINE_CURVE_WITH_KNOTS('',3,(#4646,#4647,#4648,#4649),
 .UNSPECIFIED.,.F.,.F.,(4,4),(0.000736312762910314,0.00146943776768008),
 .UNSPECIFIED.);
#376=B_SPLINE_CURVE_WITH_KNOTS('',3,(#4651,#4652,#4653,#4654),
 .UNSPECIFIED.,.F.,.F.,(4,4),(2.33956687656345E-7,0.000736319413118475),
 .UNSPECIFIED.);
#377=B_SPLINE_CURVE_WITH_KNOTS('',3,(#4665,#4666,#4667,#4668),
 .UNSPECIFIED.,.F.,.F.,(4,4),(0.000736319413118475,0.00146974080251312),
 .UNSPECIFIED.);
#378=B_SPLINE_CURVE_WITH_KNOTS('',3,(#4670,#4671,#4672,#4673),
 .UNSPECIFIED.,.F.,.F.,(4,4),(0.000967752491924368,0.00169741000806504),
 .UNSPECIFIED.);
#379=B_SPLINE_CURVE_WITH_KNOTS('',3,(#4683,#4684,#4685,#4686),
 .UNSPECIFIED.,.F.,.F.,(4,4),(0.000235444580574957,0.000967752491924368),
 .UNSPECIFIED.);
#380=B_SPLINE_CURVE_WITH_KNOTS('',3,(#4688,#4689,#4690,#4691),
 .UNSPECIFIED.,.F.,.F.,(4,4),(2.87508870248589E-7,0.000736373159388955),
 .UNSPECIFIED.);
#381=B_SPLINE_CURVE_WITH_KNOTS('',3,(#4702,#4703,#4704,#4705),
 .UNSPECIFIED.,.F.,.F.,(4,4),(0.000736373159388955,0.00146947943670212),
 .UNSPECIFIED.);
#382=B_SPLINE_CURVE_WITH_KNOTS('',3,(#4707,#4708,#4709,#4710),
 .UNSPECIFIED.,.F.,.F.,(4,4),(3.14747625441092E-7,0.000736400496710421),
 .UNSPECIFIED.);
#383=B_SPLINE_CURVE_WITH_KNOTS('',3,(#4720,#4721,#4722,#4723),
 .UNSPECIFIED.,.F.,.F.,(4,4),(0.000736400496710421,0.00146950644974988),
 .UNSPECIFIED.);
#384=B_SPLINE_CURVE_WITH_KNOTS('',3,(#4725,#4726,#4727,#4728),
 .UNSPECIFIED.,.F.,.F.,(4,4),(4.80788347338057E-7,0.000736567136015626),
 .UNSPECIFIED.);
#385=B_SPLINE_CURVE_WITH_KNOTS('',3,(#4739,#4740,#4741,#4742),
 .UNSPECIFIED.,.F.,.F.,(4,4),(0.000736567136015626,0.00146967347958827),
 .UNSPECIFIED.);
#386=B_SPLINE_CURVE_WITH_KNOTS('',3,(#4744,#4745,#4746,#4747),
 .UNSPECIFIED.,.F.,.F.,(4,4),(2.41471688794234E-7,0.000736326955380327),
 .UNSPECIFIED.);
#387=B_SPLINE_CURVE_WITH_KNOTS('',3,(#4757,#4758,#4759,#4760),
 .UNSPECIFIED.,.F.,.F.,(4,4),(0.000736326955380327,0.00146943614725129),
 .UNSPECIFIED.);
#388=B_SPLINE_CURVE_WITH_KNOTS('',3,(#4762,#4763,#4764,#4765),
 .UNSPECIFIED.,.F.,.F.,(4,4),(2.27837859194611E-7,0.000736313272087922),
 .UNSPECIFIED.);
#389=B_SPLINE_CURVE_WITH_KNOTS('',3,(#4776,#4777,#4778,#4779),
 .UNSPECIFIED.,.F.,.F.,(4,4),(0.000736313272087922,0.00146941736793422),
 .UNSPECIFIED.);
#390=B_SPLINE_CURVE_WITH_KNOTS('',3,(#4781,#4782,#4783,#4784),
 .UNSPECIFIED.,.F.,.F.,(4,4),(2.27837859194611E-7,0.000736313272088004),
 .UNSPECIFIED.);
#391=B_SPLINE_CURVE_WITH_KNOTS('',3,(#4794,#4795,#4796,#4797),
 .UNSPECIFIED.,.F.,.F.,(4,4),(0.000736313272088004,0.00146941736793435),
 .UNSPECIFIED.);
#392=B_SPLINE_CURVE_WITH_KNOTS('',3,(#4799,#4800,#4801,#4802),
 .UNSPECIFIED.,.F.,.F.,(4,4),(2.414716888639E-7,0.000736326955380386),
 .UNSPECIFIED.);
#393=B_SPLINE_CURVE_WITH_KNOTS('',3,(#4813,#4814,#4815,#4816),
 .UNSPECIFIED.,.F.,.F.,(4,4),(0.000736326955380386,0.00146943614725135),
 .UNSPECIFIED.);
#394=B_SPLINE_CURVE_WITH_KNOTS('',3,(#4818,#4819,#4820,#4821),
 .UNSPECIFIED.,.F.,.F.,(4,4),(4.80788347158341E-7,0.000736567136015384),
 .UNSPECIFIED.);
#395=B_SPLINE_CURVE_WITH_KNOTS('',3,(#4831,#4832,#4833,#4834),
 .UNSPECIFIED.,.F.,.F.,(4,4),(0.000736567136015384,0.00146967347958792),
 .UNSPECIFIED.);
#396=B_SPLINE_CURVE_WITH_KNOTS('',3,(#4836,#4837,#4838,#4839),
 .UNSPECIFIED.,.F.,.F.,(4,4),(3.14747625591786E-7,0.000736400496710521),
 .UNSPECIFIED.);
#397=B_SPLINE_CURVE_WITH_KNOTS('',3,(#4850,#4851,#4852,#4853),
 .UNSPECIFIED.,.F.,.F.,(4,4),(0.000736400496710521,0.00146950644974996),
 .UNSPECIFIED.);
#398=B_SPLINE_CURVE_WITH_KNOTS('',3,(#4855,#4856,#4857,#4858),
 .UNSPECIFIED.,.F.,.F.,(4,4),(2.87508870209992E-7,0.000736373159388952),
 .UNSPECIFIED.);
#399=B_SPLINE_CURVE_WITH_KNOTS('',3,(#4868,#4869,#4870,#4871),
 .UNSPECIFIED.,.F.,.F.,(4,4),(0.000736373159388952,0.0014694794367022),
 .UNSPECIFIED.);
#400=B_SPLINE_CURVE_WITH_KNOTS('',3,(#4873,#4874,#4875,#4876),
 .UNSPECIFIED.,.F.,.F.,(4,4),(0.000967752491924287,0.00169741000806487),
 .UNSPECIFIED.);
#401=B_SPLINE_CURVE_WITH_KNOTS('',3,(#4887,#4888,#4889,#4890),
 .UNSPECIFIED.,.F.,.F.,(4,4),(0.000235444580575033,0.000967752491924287),
 .UNSPECIFIED.);
#402=B_SPLINE_CURVE_WITH_KNOTS('',3,(#4892,#4893,#4894,#4895),
 .UNSPECIFIED.,.F.,.F.,(4,4),(2.33956687589148E-7,0.000736319413118274),
 .UNSPECIFIED.);
#403=B_SPLINE_CURVE_WITH_KNOTS('',3,(#4905,#4906,#4907,#4908),
 .UNSPECIFIED.,.F.,.F.,(4,4),(0.000736319413118274,0.00146974080251285),
 .UNSPECIFIED.);
#404=B_SPLINE_CURVE_WITH_KNOTS('',3,(#4910,#4911,#4912,#4913),
 .UNSPECIFIED.,.F.,.F.,(4,4),(2.27330522636023E-7,0.000736312762910311),
 .UNSPECIFIED.);
#405=B_SPLINE_CURVE_WITH_KNOTS('',3,(#4924,#4925,#4926,#4927),
 .UNSPECIFIED.,.F.,.F.,(4,4),(0.000736312762910311,0.00146943776767989),
 .UNSPECIFIED.);
#406=B_SPLINE_CURVE_WITH_KNOTS('',3,(#4929,#4930,#4931,#4932),
 .UNSPECIFIED.,.F.,.F.,(4,4),(1.28829225949645E-6,0.000737377496101067),
 .UNSPECIFIED.);
#407=B_SPLINE_CURVE_WITH_KNOTS('',3,(#4942,#4943,#4944,#4945),
 .UNSPECIFIED.,.F.,.F.,(4,4),(0.000737377496101067,0.00147048989533271),
 .UNSPECIFIED.);
#408=B_SPLINE_CURVE_WITH_KNOTS('',3,(#4947,#4948,#4949,#4950),
 .UNSPECIFIED.,.F.,.F.,(4,4),(2.52342863263897E-7,0.00073633786597606),
 .UNSPECIFIED.);
#409=B_SPLINE_CURVE_WITH_KNOTS('',3,(#4961,#4962,#4963,#4964),
 .UNSPECIFIED.,.F.,.F.,(4,4),(0.00073633786597606,0.00146944563186952),
 .UNSPECIFIED.);
#410=B_SPLINE_CURVE_WITH_KNOTS('',3,(#4966,#4967,#4968,#4969),
 .UNSPECIFIED.,.F.,.F.,(4,4),(4.04168892755973E-7,0.000736490240825483),
 .UNSPECIFIED.);
#411=B_SPLINE_CURVE_WITH_KNOTS('',3,(#4979,#4980,#4981,#4982),
 .UNSPECIFIED.,.F.,.F.,(4,4),(0.000736490240825483,0.00146959619946005),
 .UNSPECIFIED.);
#412=B_SPLINE_CURVE_WITH_KNOTS('',3,(#4984,#4985,#4986,#4987),
 .UNSPECIFIED.,.F.,.F.,(4,4),(3.51953645183044E-7,0.000736437837195533),
 .UNSPECIFIED.);
#413=B_SPLINE_CURVE_WITH_KNOTS('',3,(#4998,#4999,#5000,#5001),
 .UNSPECIFIED.,.F.,.F.,(4,4),(0.000736437837195533,0.00146954368267484),
 .UNSPECIFIED.);
#414=B_SPLINE_CURVE_WITH_KNOTS('',3,(#5003,#5004,#5005,#5006),
 .UNSPECIFIED.,.F.,.F.,(4,4),(2.67307144230427E-7,0.000736352884493664),
 .UNSPECIFIED.);
#415=B_SPLINE_CURVE_WITH_KNOTS('',3,(#5016,#5017,#5018,#5019),
 .UNSPECIFIED.,.F.,.F.,(4,4),(0.000736352884493664,0.00146945973764195),
 .UNSPECIFIED.);
#416=B_SPLINE_CURVE_WITH_KNOTS('',3,(#5021,#5022,#5023,#5024,#5025,#5026,
#5027),.UNSPECIFIED.,.F.,.F.,(4,1,1,1,4),(2.2936066666094E-7,0.000617657849291132,
0.0012350863379156,0.00185251482654007,0.00246994331516454),
 .UNSPECIFIED.);
#417=B_SPLINE_CURVE_WITH_KNOTS('',3,(#5030,#5031,#5032,#5033,#5034,#5035,
#5036),.UNSPECIFIED.,.F.,.F.,(4,1,1,1,4),(3.51930214847736E-7,0.000617780150043242,
0.00123520836987164,0.00185263658970003,0.00247006480952842),
 .UNSPECIFIED.);
#418=B_SPLINE_CURVE_WITH_KNOTS('',3,(#5039,#5040,#5041,#5042,#5043,#5044,
#5045),.UNSPECIFIED.,.F.,.F.,(4,1,1,1,4),(2.36677370551556E-7,0.000617664463726308,
0.00123509225008206,0.00185252003643782,0.00246994782279358),
 .UNSPECIFIED.);
#419=B_SPLINE_CURVE_WITH_KNOTS('',3,(#5048,#5049,#5050,#5051,#5052,#5053,
#5054),.UNSPECIFIED.,.F.,.F.,(4,1,1,1,4),(2.36677370551556E-7,0.000617664463726307,
0.00123509225008206,0.00185252003643782,0.00246994782279357),
 .UNSPECIFIED.);
#420=B_SPLINE_CURVE_WITH_KNOTS('',3,(#5057,#5058,#5059,#5060,#5061,#5062,
#5063),.UNSPECIFIED.,.F.,.F.,(4,1,1,1,4),(2.2936066666094E-7,0.000617657849291115,
0.00123508633791557,0.00185251482654002,0.00246994331516448),
 .UNSPECIFIED.);
#421=B_SPLINE_CURVE_WITH_KNOTS('',3,(#5066,#5067,#5068,#5069,#5070,#5071,
#5072),.UNSPECIFIED.,.F.,.F.,(4,1,1,1,4),(3.51930214788794E-7,0.000617780150043197,
0.0012352083698716,0.00185263658970001,0.00247006480952842),
 .UNSPECIFIED.);
#422=B_SPLINE_CURVE_WITH_KNOTS('',3,(#5075,#5076,#5077,#5078,#5079,#5080,
#5081),.UNSPECIFIED.,.F.,.F.,(4,1,1,1,4),(2.67322333188964E-7,0.000617695336070472,
0.00123512334980775,0.00185255136354504,0.00246997937728232),
 .UNSPECIFIED.);
#423=B_SPLINE_CURVE_WITH_KNOTS('',3,(#5084,#5085,#5086,#5087,#5088,#5089,
#5090),.UNSPECIFIED.,.F.,.F.,(4,1,1,1,4),(2.52362633321575E-7,0.000617680409174381,
0.00123510845571544,0.0018525365022565,0.00246996454879756),
 .UNSPECIFIED.);
#424=B_SPLINE_CURVE_WITH_KNOTS('',3,(#5093,#5094,#5095,#5096,#5097,#5098,
#5099),.UNSPECIFIED.,.F.,.F.,(4,1,1,1,4),(4.04106803709501E-7,0.000617832531176483,
0.00123526095554926,0.00185268937992203,0.0024701178042948),
 .UNSPECIFIED.);
#425=B_SPLINE_CURVE_WITH_KNOTS('',3,(#5102,#5103,#5104,#5105,#5106,#5107,
#5108),.UNSPECIFIED.,.F.,.F.,(4,1,1,1,4),(2.27360922578408E-7,0.000617656172929068,
0.00123508498493556,0.00185251379694205,0.00246994260894853),
 .UNSPECIFIED.);
#426=B_SPLINE_CURVE_WITH_KNOTS('',3,(#5111,#5112,#5113,#5114,#5115,#5116,
#5117),.UNSPECIFIED.,.F.,.F.,(4,1,1,1,4),(2.30918723371465E-7,0.000617660998031409,
0.00123509107733945,0.00185252115664748,0.00246995123595552),
 .UNSPECIFIED.);
#427=B_SPLINE_CURVE_WITH_KNOTS('',3,(#5120,#5121,#5122,#5123,#5124,#5125,
#5126),.UNSPECIFIED.,.F.,.F.,(4,1,1,1,4),(6.01109423238412E-7,0.000618030376601827,
0.00123545964378042,0.00185288891095901,0.00247031817813759),
 .UNSPECIFIED.);
#428=B_SPLINE_CURVE_WITH_KNOTS('',3,(#5129,#5130,#5131,#5132,#5133,#5134,
#5135),.UNSPECIFIED.,.F.,.F.,(4,1,1,1,4),(2.33982379790099E-7,0.000617662253849134,
0.00123509052531848,0.00185251879678782,0.00246994706825716),
 .UNSPECIFIED.);
#429=B_SPLINE_CURVE_WITH_KNOTS('',3,(#5138,#5139,#5140,#5141,#5142,#5143,
#5144),.UNSPECIFIED.,.F.,.F.,(4,1,1,1,4),(3.14744388581522E-7,0.000617742838754735,
0.00123517093312089,0.00185259902748704,0.00247002712185319),
 .UNSPECIFIED.);
#430=B_SPLINE_CURVE_WITH_KNOTS('',3,(#5147,#5148,#5149,#5150,#5151,#5152,
#5153),.UNSPECIFIED.,.F.,.F.,(4,1,1,1,4),(2.87517078140247E-7,0.000617715545822782,
0.00123514357456742,0.00185257160331207,0.00246999963205671),
 .UNSPECIFIED.);
#431=B_SPLINE_CURVE_WITH_KNOTS('',3,(#5156,#5157,#5158,#5159,#5160,#5161,
#5162),.UNSPECIFIED.,.F.,.F.,(4,1,1,1,4),(2.41494752960553E-7,0.000617669624417147,
0.00123509775408133,0.00185252588374552,0.00246995401340971),
 .UNSPECIFIED.);
#432=B_SPLINE_CURVE_WITH_KNOTS('',3,(#5165,#5166,#5167,#5168,#5169,#5170,
#5171),.UNSPECIFIED.,.F.,.F.,(4,1,1,1,4),(4.80644024936263E-7,0.000617909390311337,
0.00123533813659774,0.00185276688288414,0.00247019562917054),
 .UNSPECIFIED.);
#433=B_SPLINE_CURVE_WITH_KNOTS('',3,(#5174,#5175,#5176,#5177,#5178,#5179,
#5180),.UNSPECIFIED.,.F.,.F.,(4,1,1,1,4),(2.27870843228133E-7,0.000617657171566761,
0.00123508647229029,0.00185251577301383,0.00246994507373736),
 .UNSPECIFIED.);
#434=B_SPLINE_CURVE_WITH_KNOTS('',3,(#5183,#5184,#5185,#5186,#5187,#5188,
#5189),.UNSPECIFIED.,.F.,.F.,(4,1,1,1,4),(2.27870843203828E-7,0.000617657171566772,
0.00123508647229034,0.00185251577301391,0.00246994507373748),
 .UNSPECIFIED.);
#435=B_SPLINE_CURVE_WITH_KNOTS('',3,(#5192,#5193,#5194,#5195,#5196,#5197,
#5198),.UNSPECIFIED.,.F.,.F.,(4,1,1,1,4),(4.80644025011386E-7,0.000617909390311422,
0.00123533813659783,0.00185276688288424,0.00247019562917065),
 .UNSPECIFIED.);
#436=B_SPLINE_CURVE_WITH_KNOTS('',3,(#5201,#5202,#5203,#5204,#5205,#5206,
#5207),.UNSPECIFIED.,.F.,.F.,(4,1,1,1,4),(2.41494752959048E-7,0.000617669624417171,
0.00123509775408138,0.00185252588374559,0.00246995401340981),
 .UNSPECIFIED.);
#437=B_SPLINE_CURVE_WITH_KNOTS('',3,(#5210,#5211,#5212,#5213,#5214,#5215,
#5216),.UNSPECIFIED.,.F.,.F.,(4,1,1,1,4),(2.87517078140247E-7,0.000617715545822747,
0.00123514357456735,0.00185257160331196,0.00246999963205657),
 .UNSPECIFIED.);
#438=B_SPLINE_CURVE_WITH_KNOTS('',3,(#5219,#5220,#5221,#5222,#5223,#5224,
#5225),.UNSPECIFIED.,.F.,.F.,(4,1,1,1,4),(3.14744388558782E-7,0.000617742838754755,
0.00123517093312095,0.00185259902748715,0.00247002712185334),
 .UNSPECIFIED.);
#439=B_SPLINE_CURVE_WITH_KNOTS('',3,(#5228,#5229,#5230,#5231,#5232,#5233,
#5234),.UNSPECIFIED.,.F.,.F.,(4,1,1,1,4),(2.33982379790099E-7,0.000617662253849116,
0.00123509052531844,0.00185251879678777,0.00246994706825709),
 .UNSPECIFIED.);
#440=B_SPLINE_CURVE_WITH_KNOTS('',3,(#5237,#5238,#5239,#5240,#5241,#5242,
#5243),.UNSPECIFIED.,.F.,.F.,(4,1,1,1,4),(6.01109423196409E-7,0.000618030376601837,
0.00123545964378048,0.00185288891095912,0.00247031817813776),
 .UNSPECIFIED.);
#441=B_SPLINE_CURVE_WITH_KNOTS('',3,(#5246,#5247,#5248,#5249,#5250,#5251,
#5252),.UNSPECIFIED.,.F.,.F.,(4,1,1,1,4),(2.30918723287016E-7,0.000617660998031348,
0.00123509107733941,0.00185252115664747,0.00246995123595553),
 .UNSPECIFIED.);
#442=B_SPLINE_CURVE_WITH_KNOTS('',3,(#5255,#5256,#5257,#5258,#5259,#5260,
#5261),.UNSPECIFIED.,.F.,.F.,(4,1,1,1,4),(2.27360922594239E-7,0.000617656172929057,
0.00123508498493552,0.00185251379694198,0.00246994260894844),
 .UNSPECIFIED.);
#443=B_SPLINE_CURVE_WITH_KNOTS('',3,(#5264,#5265,#5266,#5267,#5268,#5269,
#5270),.UNSPECIFIED.,.F.,.F.,(4,1,1,1,4),(4.04106803861191E-7,0.000617832531176621,
0.00123526095554938,0.00185268937992214,0.0024701178042949),
 .UNSPECIFIED.);
#444=B_SPLINE_CURVE_WITH_KNOTS('',3,(#5273,#5274,#5275,#5276,#5277,#5278,
#5279),.UNSPECIFIED.,.F.,.F.,(4,1,1,1,4),(2.52362633258057E-7,0.000617680409174341,
0.00123510845571542,0.00185253650225651,0.00246996454879759),
 .UNSPECIFIED.);
#445=B_SPLINE_CURVE_WITH_KNOTS('',3,(#5282,#5283,#5284,#5285,#5286,#5287,
#5288),.UNSPECIFIED.,.F.,.F.,(4,1,1,1,4),(2.67322333225575E-7,0.00061769533607051,
0.00123512334980779,0.00185255136354508,0.00246997937728236),
 .UNSPECIFIED.);
#446=B_SPLINE_CURVE_WITH_KNOTS('',3,(#5291,#5292,#5293,#5294,#5295,#5296,
#5297,#5298,#5299,#5300,#5301),.UNSPECIFIED.,.F.,.F.,(4,1,1,1,1,1,1,1,4),
(2.62323742518986E-7,0.000398272770145842,0.000796283216549165,0.00119429366295249,
0.00159230410935581,0.00199031455575913,0.00238832500216246,0.00278633544856578,
0.0031843458949691),.UNSPECIFIED.);
#447=ORIENTED_EDGE('',*,*,#1307,.F.);
#448=ORIENTED_EDGE('',*,*,#1308,.T.);
#449=ORIENTED_EDGE('',*,*,#1309,.T.);
#450=ORIENTED_EDGE('',*,*,#1310,.F.);
#451=ORIENTED_EDGE('',*,*,#1311,.F.);
#452=ORIENTED_EDGE('',*,*,#1312,.T.);
#453=ORIENTED_EDGE('',*,*,#1313,.T.);
#454=ORIENTED_EDGE('',*,*,#1314,.F.);
#455=ORIENTED_EDGE('',*,*,#1315,.F.);
#456=ORIENTED_EDGE('',*,*,#1316,.T.);
#457=ORIENTED_EDGE('',*,*,#1317,.T.);
#458=ORIENTED_EDGE('',*,*,#1318,.F.);
#459=ORIENTED_EDGE('',*,*,#1319,.F.);
#460=ORIENTED_EDGE('',*,*,#1320,.T.);
#461=ORIENTED_EDGE('',*,*,#1321,.T.);
#462=ORIENTED_EDGE('',*,*,#1322,.F.);
#463=ORIENTED_EDGE('',*,*,#1323,.F.);
#464=ORIENTED_EDGE('',*,*,#1324,.T.);
#465=ORIENTED_EDGE('',*,*,#1325,.T.);
#466=ORIENTED_EDGE('',*,*,#1326,.F.);
#467=ORIENTED_EDGE('',*,*,#1327,.F.);
#468=ORIENTED_EDGE('',*,*,#1328,.T.);
#469=ORIENTED_EDGE('',*,*,#1329,.T.);
#470=ORIENTED_EDGE('',*,*,#1330,.F.);
#471=ORIENTED_EDGE('',*,*,#1316,.F.);
#472=ORIENTED_EDGE('',*,*,#1331,.F.);
#473=ORIENTED_EDGE('',*,*,#1327,.T.);
#474=ORIENTED_EDGE('',*,*,#1332,.T.);
#475=ORIENTED_EDGE('',*,*,#1333,.F.);
#476=ORIENTED_EDGE('',*,*,#1334,.F.);
#477=ORIENTED_EDGE('',*,*,#1335,.T.);
#478=ORIENTED_EDGE('',*,*,#1336,.F.);
#479=ORIENTED_EDGE('',*,*,#1337,.T.);
#480=ORIENTED_EDGE('',*,*,#1338,.F.);
#481=ORIENTED_EDGE('',*,*,#1339,.T.);
#482=ORIENTED_EDGE('',*,*,#1340,.T.);
#483=ORIENTED_EDGE('',*,*,#1341,.F.);
#484=ORIENTED_EDGE('',*,*,#1342,.T.);
#485=ORIENTED_EDGE('',*,*,#1343,.T.);
#486=ORIENTED_EDGE('',*,*,#1344,.T.);
#487=ORIENTED_EDGE('',*,*,#1345,.T.);
#488=ORIENTED_EDGE('',*,*,#1346,.T.);
#489=ORIENTED_EDGE('',*,*,#1347,.F.);
#490=ORIENTED_EDGE('',*,*,#1319,.T.);
#491=ORIENTED_EDGE('',*,*,#1348,.T.);
#492=ORIENTED_EDGE('',*,*,#1349,.T.);
#493=ORIENTED_EDGE('',*,*,#1308,.F.);
#494=ORIENTED_EDGE('',*,*,#1350,.F.);
#495=ORIENTED_EDGE('',*,*,#1311,.T.);
#496=ORIENTED_EDGE('',*,*,#1351,.T.);
#497=ORIENTED_EDGE('',*,*,#1352,.T.);
#498=ORIENTED_EDGE('',*,*,#1324,.F.);
#499=ORIENTED_EDGE('',*,*,#1353,.T.);
#500=ORIENTED_EDGE('',*,*,#1354,.T.);
#501=ORIENTED_EDGE('',*,*,#1343,.F.);
#502=ORIENTED_EDGE('',*,*,#1355,.F.);
#503=ORIENTED_EDGE('',*,*,#1356,.T.);
#504=ORIENTED_EDGE('',*,*,#1357,.T.);
#505=ORIENTED_EDGE('',*,*,#1335,.F.);
#506=ORIENTED_EDGE('',*,*,#1358,.F.);
#507=ORIENTED_EDGE('',*,*,#1359,.T.);
#508=ORIENTED_EDGE('',*,*,#1360,.F.);
#509=ORIENTED_EDGE('',*,*,#1339,.F.);
#510=ORIENTED_EDGE('',*,*,#1361,.T.);
#511=ORIENTED_EDGE('',*,*,#1362,.T.);
#512=ORIENTED_EDGE('',*,*,#1363,.F.);
#513=ORIENTED_EDGE('',*,*,#1364,.T.);
#514=ORIENTED_EDGE('',*,*,#1365,.T.);
#515=ORIENTED_EDGE('',*,*,#1366,.T.);
#516=ORIENTED_EDGE('',*,*,#1367,.T.);
#517=ORIENTED_EDGE('',*,*,#1368,.F.);
#518=ORIENTED_EDGE('',*,*,#1362,.F.);
#519=ORIENTED_EDGE('',*,*,#1369,.T.);
#520=ORIENTED_EDGE('',*,*,#1364,.F.);
#521=ORIENTED_EDGE('',*,*,#1325,.F.);
#522=ORIENTED_EDGE('',*,*,#1352,.F.);
#523=ORIENTED_EDGE('',*,*,#1370,.T.);
#524=ORIENTED_EDGE('',*,*,#1371,.T.);
#525=ORIENTED_EDGE('',*,*,#1372,.T.);
#526=ORIENTED_EDGE('',*,*,#1373,.F.);
#527=ORIENTED_EDGE('',*,*,#1374,.T.);
#528=ORIENTED_EDGE('',*,*,#1375,.T.);
#529=ORIENTED_EDGE('',*,*,#1332,.F.);
#530=ORIENTED_EDGE('',*,*,#1330,.T.);
#531=ORIENTED_EDGE('',*,*,#1376,.F.);
#532=ORIENTED_EDGE('',*,*,#1372,.F.);
#533=ORIENTED_EDGE('',*,*,#1377,.T.);
#534=ORIENTED_EDGE('',*,*,#1378,.T.);
#535=ORIENTED_EDGE('',*,*,#1379,.F.);
#536=ORIENTED_EDGE('',*,*,#1317,.F.);
#537=ORIENTED_EDGE('',*,*,#1346,.F.);
#538=ORIENTED_EDGE('',*,*,#1380,.F.);
#539=ORIENTED_EDGE('',*,*,#1381,.F.);
#540=ORIENTED_EDGE('',*,*,#1382,.F.);
#541=ORIENTED_EDGE('',*,*,#1309,.F.);
#542=ORIENTED_EDGE('',*,*,#1349,.F.);
#543=ORIENTED_EDGE('',*,*,#1383,.F.);
#544=ORIENTED_EDGE('',*,*,#1384,.T.);
#545=ORIENTED_EDGE('',*,*,#1385,.T.);
#546=ORIENTED_EDGE('',*,*,#1386,.F.);
#547=ORIENTED_EDGE('',*,*,#1367,.F.);
#548=ORIENTED_EDGE('',*,*,#1387,.F.);
#549=ORIENTED_EDGE('',*,*,#1388,.T.);
#550=ORIENTED_EDGE('',*,*,#1385,.F.);
#551=ORIENTED_EDGE('',*,*,#1389,.F.);
#552=ORIENTED_EDGE('',*,*,#1366,.F.);
#553=ORIENTED_EDGE('',*,*,#1390,.T.);
#554=ORIENTED_EDGE('',*,*,#1391,.F.);
#555=ORIENTED_EDGE('',*,*,#1392,.F.);
#556=ORIENTED_EDGE('',*,*,#1393,.F.);
#557=ORIENTED_EDGE('',*,*,#1394,.F.);
#558=ORIENTED_EDGE('',*,*,#1395,.T.);
#559=ORIENTED_EDGE('',*,*,#1396,.F.);
#560=ORIENTED_EDGE('',*,*,#1397,.F.);
#561=ORIENTED_EDGE('',*,*,#1398,.T.);
#562=ORIENTED_EDGE('',*,*,#1399,.F.);
#563=ORIENTED_EDGE('',*,*,#1400,.T.);
#564=ORIENTED_EDGE('',*,*,#1401,.F.);
#565=ORIENTED_EDGE('',*,*,#1402,.T.);
#566=ORIENTED_EDGE('',*,*,#1403,.T.);
#567=ORIENTED_EDGE('',*,*,#1404,.T.);
#568=ORIENTED_EDGE('',*,*,#1405,.F.);
#569=ORIENTED_EDGE('',*,*,#1406,.T.);
#570=ORIENTED_EDGE('',*,*,#1407,.F.);
#571=ORIENTED_EDGE('',*,*,#1408,.F.);
#572=ORIENTED_EDGE('',*,*,#1409,.F.);
#573=ORIENTED_EDGE('',*,*,#1410,.F.);
#574=ORIENTED_EDGE('',*,*,#1411,.F.);
#575=ORIENTED_EDGE('',*,*,#1412,.T.);
#576=ORIENTED_EDGE('',*,*,#1413,.T.);
#577=ORIENTED_EDGE('',*,*,#1391,.T.);
#578=ORIENTED_EDGE('',*,*,#1414,.F.);
#579=ORIENTED_EDGE('',*,*,#1415,.F.);
#580=ORIENTED_EDGE('',*,*,#1416,.F.);
#581=ORIENTED_EDGE('',*,*,#1417,.F.);
#582=ORIENTED_EDGE('',*,*,#1418,.T.);
#583=ORIENTED_EDGE('',*,*,#1419,.F.);
#584=ORIENTED_EDGE('',*,*,#1420,.F.);
#585=ORIENTED_EDGE('',*,*,#1421,.T.);
#586=ORIENTED_EDGE('',*,*,#1422,.T.);
#587=ORIENTED_EDGE('',*,*,#1423,.T.);
#588=ORIENTED_EDGE('',*,*,#1424,.F.);
#589=ORIENTED_EDGE('',*,*,#1425,.F.);
#590=ORIENTED_EDGE('',*,*,#1426,.F.);
#591=ORIENTED_EDGE('',*,*,#1427,.F.);
#592=ORIENTED_EDGE('',*,*,#1428,.F.);
#593=ORIENTED_EDGE('',*,*,#1429,.F.);
#594=ORIENTED_EDGE('',*,*,#1430,.T.);
#595=ORIENTED_EDGE('',*,*,#1431,.F.);
#596=ORIENTED_EDGE('',*,*,#1432,.F.);
#597=ORIENTED_EDGE('',*,*,#1433,.T.);
#598=ORIENTED_EDGE('',*,*,#1434,.T.);
#599=ORIENTED_EDGE('',*,*,#1435,.T.);
#600=ORIENTED_EDGE('',*,*,#1436,.F.);
#601=ORIENTED_EDGE('',*,*,#1437,.F.);
#602=ORIENTED_EDGE('',*,*,#1438,.F.);
#603=ORIENTED_EDGE('',*,*,#1439,.F.);
#604=ORIENTED_EDGE('',*,*,#1440,.F.);
#605=ORIENTED_EDGE('',*,*,#1441,.F.);
#606=ORIENTED_EDGE('',*,*,#1442,.T.);
#607=ORIENTED_EDGE('',*,*,#1443,.F.);
#608=ORIENTED_EDGE('',*,*,#1444,.F.);
#609=ORIENTED_EDGE('',*,*,#1445,.T.);
#610=ORIENTED_EDGE('',*,*,#1446,.T.);
#611=ORIENTED_EDGE('',*,*,#1447,.T.);
#612=ORIENTED_EDGE('',*,*,#1448,.F.);
#613=ORIENTED_EDGE('',*,*,#1449,.F.);
#614=ORIENTED_EDGE('',*,*,#1450,.F.);
#615=ORIENTED_EDGE('',*,*,#1451,.F.);
#616=ORIENTED_EDGE('',*,*,#1452,.F.);
#617=ORIENTED_EDGE('',*,*,#1453,.F.);
#618=ORIENTED_EDGE('',*,*,#1454,.T.);
#619=ORIENTED_EDGE('',*,*,#1455,.F.);
#620=ORIENTED_EDGE('',*,*,#1456,.F.);
#621=ORIENTED_EDGE('',*,*,#1457,.T.);
#622=ORIENTED_EDGE('',*,*,#1458,.T.);
#623=ORIENTED_EDGE('',*,*,#1459,.T.);
#624=ORIENTED_EDGE('',*,*,#1460,.F.);
#625=ORIENTED_EDGE('',*,*,#1461,.F.);
#626=ORIENTED_EDGE('',*,*,#1462,.F.);
#627=ORIENTED_EDGE('',*,*,#1463,.F.);
#628=ORIENTED_EDGE('',*,*,#1464,.F.);
#629=ORIENTED_EDGE('',*,*,#1465,.F.);
#630=ORIENTED_EDGE('',*,*,#1466,.T.);
#631=ORIENTED_EDGE('',*,*,#1467,.F.);
#632=ORIENTED_EDGE('',*,*,#1468,.F.);
#633=ORIENTED_EDGE('',*,*,#1469,.T.);
#634=ORIENTED_EDGE('',*,*,#1470,.T.);
#635=ORIENTED_EDGE('',*,*,#1471,.T.);
#636=ORIENTED_EDGE('',*,*,#1472,.F.);
#637=ORIENTED_EDGE('',*,*,#1473,.F.);
#638=ORIENTED_EDGE('',*,*,#1474,.F.);
#639=ORIENTED_EDGE('',*,*,#1475,.F.);
#640=ORIENTED_EDGE('',*,*,#1476,.F.);
#641=ORIENTED_EDGE('',*,*,#1477,.F.);
#642=ORIENTED_EDGE('',*,*,#1478,.T.);
#643=ORIENTED_EDGE('',*,*,#1479,.F.);
#644=ORIENTED_EDGE('',*,*,#1480,.F.);
#645=ORIENTED_EDGE('',*,*,#1481,.T.);
#646=ORIENTED_EDGE('',*,*,#1482,.T.);
#647=ORIENTED_EDGE('',*,*,#1483,.T.);
#648=ORIENTED_EDGE('',*,*,#1484,.F.);
#649=ORIENTED_EDGE('',*,*,#1485,.F.);
#650=ORIENTED_EDGE('',*,*,#1486,.F.);
#651=ORIENTED_EDGE('',*,*,#1487,.F.);
#652=ORIENTED_EDGE('',*,*,#1488,.F.);
#653=ORIENTED_EDGE('',*,*,#1489,.F.);
#654=ORIENTED_EDGE('',*,*,#1490,.T.);
#655=ORIENTED_EDGE('',*,*,#1491,.F.);
#656=ORIENTED_EDGE('',*,*,#1492,.F.);
#657=ORIENTED_EDGE('',*,*,#1493,.T.);
#658=ORIENTED_EDGE('',*,*,#1494,.T.);
#659=ORIENTED_EDGE('',*,*,#1495,.T.);
#660=ORIENTED_EDGE('',*,*,#1496,.F.);
#661=ORIENTED_EDGE('',*,*,#1497,.F.);
#662=ORIENTED_EDGE('',*,*,#1498,.F.);
#663=ORIENTED_EDGE('',*,*,#1499,.F.);
#664=ORIENTED_EDGE('',*,*,#1500,.F.);
#665=ORIENTED_EDGE('',*,*,#1501,.F.);
#666=ORIENTED_EDGE('',*,*,#1502,.T.);
#667=ORIENTED_EDGE('',*,*,#1503,.F.);
#668=ORIENTED_EDGE('',*,*,#1504,.F.);
#669=ORIENTED_EDGE('',*,*,#1505,.T.);
#670=ORIENTED_EDGE('',*,*,#1506,.T.);
#671=ORIENTED_EDGE('',*,*,#1507,.T.);
#672=ORIENTED_EDGE('',*,*,#1508,.F.);
#673=ORIENTED_EDGE('',*,*,#1509,.F.);
#674=ORIENTED_EDGE('',*,*,#1510,.F.);
#675=ORIENTED_EDGE('',*,*,#1511,.F.);
#676=ORIENTED_EDGE('',*,*,#1512,.F.);
#677=ORIENTED_EDGE('',*,*,#1513,.F.);
#678=ORIENTED_EDGE('',*,*,#1514,.T.);
#679=ORIENTED_EDGE('',*,*,#1515,.F.);
#680=ORIENTED_EDGE('',*,*,#1516,.F.);
#681=ORIENTED_EDGE('',*,*,#1517,.T.);
#682=ORIENTED_EDGE('',*,*,#1518,.T.);
#683=ORIENTED_EDGE('',*,*,#1519,.T.);
#684=ORIENTED_EDGE('',*,*,#1520,.F.);
#685=ORIENTED_EDGE('',*,*,#1521,.F.);
#686=ORIENTED_EDGE('',*,*,#1522,.F.);
#687=ORIENTED_EDGE('',*,*,#1523,.F.);
#688=ORIENTED_EDGE('',*,*,#1524,.F.);
#689=ORIENTED_EDGE('',*,*,#1525,.F.);
#690=ORIENTED_EDGE('',*,*,#1526,.T.);
#691=ORIENTED_EDGE('',*,*,#1527,.F.);
#692=ORIENTED_EDGE('',*,*,#1528,.F.);
#693=ORIENTED_EDGE('',*,*,#1529,.T.);
#694=ORIENTED_EDGE('',*,*,#1530,.T.);
#695=ORIENTED_EDGE('',*,*,#1531,.T.);
#696=ORIENTED_EDGE('',*,*,#1532,.F.);
#697=ORIENTED_EDGE('',*,*,#1533,.F.);
#698=ORIENTED_EDGE('',*,*,#1534,.F.);
#699=ORIENTED_EDGE('',*,*,#1535,.F.);
#700=ORIENTED_EDGE('',*,*,#1536,.F.);
#701=ORIENTED_EDGE('',*,*,#1537,.F.);
#702=ORIENTED_EDGE('',*,*,#1538,.T.);
#703=ORIENTED_EDGE('',*,*,#1539,.F.);
#704=ORIENTED_EDGE('',*,*,#1540,.F.);
#705=ORIENTED_EDGE('',*,*,#1541,.T.);
#706=ORIENTED_EDGE('',*,*,#1542,.T.);
#707=ORIENTED_EDGE('',*,*,#1543,.T.);
#708=ORIENTED_EDGE('',*,*,#1544,.F.);
#709=ORIENTED_EDGE('',*,*,#1545,.F.);
#710=ORIENTED_EDGE('',*,*,#1546,.F.);
#711=ORIENTED_EDGE('',*,*,#1547,.F.);
#712=ORIENTED_EDGE('',*,*,#1548,.F.);
#713=ORIENTED_EDGE('',*,*,#1549,.F.);
#714=ORIENTED_EDGE('',*,*,#1550,.T.);
#715=ORIENTED_EDGE('',*,*,#1551,.F.);
#716=ORIENTED_EDGE('',*,*,#1552,.F.);
#717=ORIENTED_EDGE('',*,*,#1553,.T.);
#718=ORIENTED_EDGE('',*,*,#1554,.T.);
#719=ORIENTED_EDGE('',*,*,#1555,.T.);
#720=ORIENTED_EDGE('',*,*,#1556,.F.);
#721=ORIENTED_EDGE('',*,*,#1557,.F.);
#722=ORIENTED_EDGE('',*,*,#1558,.F.);
#723=ORIENTED_EDGE('',*,*,#1559,.F.);
#724=ORIENTED_EDGE('',*,*,#1560,.F.);
#725=ORIENTED_EDGE('',*,*,#1561,.F.);
#726=ORIENTED_EDGE('',*,*,#1562,.T.);
#727=ORIENTED_EDGE('',*,*,#1563,.F.);
#728=ORIENTED_EDGE('',*,*,#1564,.F.);
#729=ORIENTED_EDGE('',*,*,#1565,.T.);
#730=ORIENTED_EDGE('',*,*,#1566,.T.);
#731=ORIENTED_EDGE('',*,*,#1567,.T.);
#732=ORIENTED_EDGE('',*,*,#1568,.F.);
#733=ORIENTED_EDGE('',*,*,#1569,.F.);
#734=ORIENTED_EDGE('',*,*,#1570,.F.);
#735=ORIENTED_EDGE('',*,*,#1571,.F.);
#736=ORIENTED_EDGE('',*,*,#1572,.F.);
#737=ORIENTED_EDGE('',*,*,#1573,.F.);
#738=ORIENTED_EDGE('',*,*,#1574,.T.);
#739=ORIENTED_EDGE('',*,*,#1575,.F.);
#740=ORIENTED_EDGE('',*,*,#1576,.F.);
#741=ORIENTED_EDGE('',*,*,#1577,.T.);
#742=ORIENTED_EDGE('',*,*,#1578,.T.);
#743=ORIENTED_EDGE('',*,*,#1579,.T.);
#744=ORIENTED_EDGE('',*,*,#1580,.F.);
#745=ORIENTED_EDGE('',*,*,#1581,.F.);
#746=ORIENTED_EDGE('',*,*,#1582,.F.);
#747=ORIENTED_EDGE('',*,*,#1583,.F.);
#748=ORIENTED_EDGE('',*,*,#1584,.F.);
#749=ORIENTED_EDGE('',*,*,#1585,.F.);
#750=ORIENTED_EDGE('',*,*,#1586,.T.);
#751=ORIENTED_EDGE('',*,*,#1587,.F.);
#752=ORIENTED_EDGE('',*,*,#1588,.F.);
#753=ORIENTED_EDGE('',*,*,#1589,.T.);
#754=ORIENTED_EDGE('',*,*,#1590,.T.);
#755=ORIENTED_EDGE('',*,*,#1591,.T.);
#756=ORIENTED_EDGE('',*,*,#1592,.F.);
#757=ORIENTED_EDGE('',*,*,#1593,.F.);
#758=ORIENTED_EDGE('',*,*,#1594,.F.);
#759=ORIENTED_EDGE('',*,*,#1418,.F.);
#760=ORIENTED_EDGE('',*,*,#1595,.F.);
#761=ORIENTED_EDGE('',*,*,#1583,.T.);
#762=ORIENTED_EDGE('',*,*,#1596,.F.);
#763=ORIENTED_EDGE('',*,*,#1592,.T.);
#764=ORIENTED_EDGE('',*,*,#1597,.T.);
#765=ORIENTED_EDGE('',*,*,#1421,.F.);
#766=ORIENTED_EDGE('',*,*,#1415,.T.);
#767=ORIENTED_EDGE('',*,*,#1598,.T.);
#768=ORIENTED_EDGE('',*,*,#1430,.F.);
#769=ORIENTED_EDGE('',*,*,#1599,.T.);
#770=ORIENTED_EDGE('',*,*,#1433,.F.);
#771=ORIENTED_EDGE('',*,*,#1600,.T.);
#772=ORIENTED_EDGE('',*,*,#1424,.T.);
#773=ORIENTED_EDGE('',*,*,#1601,.F.);
#774=ORIENTED_EDGE('',*,*,#1427,.T.);
#775=ORIENTED_EDGE('',*,*,#1602,.T.);
#776=ORIENTED_EDGE('',*,*,#1442,.F.);
#777=ORIENTED_EDGE('',*,*,#1603,.T.);
#778=ORIENTED_EDGE('',*,*,#1445,.F.);
#779=ORIENTED_EDGE('',*,*,#1604,.T.);
#780=ORIENTED_EDGE('',*,*,#1436,.T.);
#781=ORIENTED_EDGE('',*,*,#1605,.F.);
#782=ORIENTED_EDGE('',*,*,#1439,.T.);
#783=ORIENTED_EDGE('',*,*,#1606,.T.);
#784=ORIENTED_EDGE('',*,*,#1454,.F.);
#785=ORIENTED_EDGE('',*,*,#1607,.T.);
#786=ORIENTED_EDGE('',*,*,#1457,.F.);
#787=ORIENTED_EDGE('',*,*,#1608,.T.);
#788=ORIENTED_EDGE('',*,*,#1448,.T.);
#789=ORIENTED_EDGE('',*,*,#1609,.F.);
#790=ORIENTED_EDGE('',*,*,#1451,.T.);
#791=ORIENTED_EDGE('',*,*,#1610,.T.);
#792=ORIENTED_EDGE('',*,*,#1466,.F.);
#793=ORIENTED_EDGE('',*,*,#1611,.T.);
#794=ORIENTED_EDGE('',*,*,#1469,.F.);
#795=ORIENTED_EDGE('',*,*,#1612,.T.);
#796=ORIENTED_EDGE('',*,*,#1460,.T.);
#797=ORIENTED_EDGE('',*,*,#1613,.F.);
#798=ORIENTED_EDGE('',*,*,#1463,.T.);
#799=ORIENTED_EDGE('',*,*,#1614,.T.);
#800=ORIENTED_EDGE('',*,*,#1478,.F.);
#801=ORIENTED_EDGE('',*,*,#1615,.T.);
#802=ORIENTED_EDGE('',*,*,#1481,.F.);
#803=ORIENTED_EDGE('',*,*,#1616,.T.);
#804=ORIENTED_EDGE('',*,*,#1472,.T.);
#805=ORIENTED_EDGE('',*,*,#1617,.F.);
#806=ORIENTED_EDGE('',*,*,#1475,.T.);
#807=ORIENTED_EDGE('',*,*,#1618,.T.);
#808=ORIENTED_EDGE('',*,*,#1490,.F.);
#809=ORIENTED_EDGE('',*,*,#1619,.T.);
#810=ORIENTED_EDGE('',*,*,#1493,.F.);
#811=ORIENTED_EDGE('',*,*,#1620,.T.);
#812=ORIENTED_EDGE('',*,*,#1484,.T.);
#813=ORIENTED_EDGE('',*,*,#1621,.F.);
#814=ORIENTED_EDGE('',*,*,#1487,.T.);
#815=ORIENTED_EDGE('',*,*,#1622,.T.);
#816=ORIENTED_EDGE('',*,*,#1502,.F.);
#817=ORIENTED_EDGE('',*,*,#1623,.T.);
#818=ORIENTED_EDGE('',*,*,#1505,.F.);
#819=ORIENTED_EDGE('',*,*,#1624,.T.);
#820=ORIENTED_EDGE('',*,*,#1496,.T.);
#821=ORIENTED_EDGE('',*,*,#1625,.F.);
#822=ORIENTED_EDGE('',*,*,#1499,.T.);
#823=ORIENTED_EDGE('',*,*,#1626,.T.);
#824=ORIENTED_EDGE('',*,*,#1514,.F.);
#825=ORIENTED_EDGE('',*,*,#1627,.T.);
#826=ORIENTED_EDGE('',*,*,#1517,.F.);
#827=ORIENTED_EDGE('',*,*,#1628,.T.);
#828=ORIENTED_EDGE('',*,*,#1508,.T.);
#829=ORIENTED_EDGE('',*,*,#1629,.F.);
#830=ORIENTED_EDGE('',*,*,#1511,.T.);
#831=ORIENTED_EDGE('',*,*,#1630,.T.);
#832=ORIENTED_EDGE('',*,*,#1526,.F.);
#833=ORIENTED_EDGE('',*,*,#1631,.T.);
#834=ORIENTED_EDGE('',*,*,#1529,.F.);
#835=ORIENTED_EDGE('',*,*,#1632,.T.);
#836=ORIENTED_EDGE('',*,*,#1520,.T.);
#837=ORIENTED_EDGE('',*,*,#1633,.F.);
#838=ORIENTED_EDGE('',*,*,#1523,.T.);
#839=ORIENTED_EDGE('',*,*,#1634,.T.);
#840=ORIENTED_EDGE('',*,*,#1538,.F.);
#841=ORIENTED_EDGE('',*,*,#1635,.T.);
#842=ORIENTED_EDGE('',*,*,#1541,.F.);
#843=ORIENTED_EDGE('',*,*,#1636,.T.);
#844=ORIENTED_EDGE('',*,*,#1532,.T.);
#845=ORIENTED_EDGE('',*,*,#1637,.F.);
#846=ORIENTED_EDGE('',*,*,#1535,.T.);
#847=ORIENTED_EDGE('',*,*,#1638,.T.);
#848=ORIENTED_EDGE('',*,*,#1550,.F.);
#849=ORIENTED_EDGE('',*,*,#1639,.T.);
#850=ORIENTED_EDGE('',*,*,#1553,.F.);
#851=ORIENTED_EDGE('',*,*,#1640,.T.);
#852=ORIENTED_EDGE('',*,*,#1544,.T.);
#853=ORIENTED_EDGE('',*,*,#1641,.F.);
#854=ORIENTED_EDGE('',*,*,#1547,.T.);
#855=ORIENTED_EDGE('',*,*,#1642,.T.);
#856=ORIENTED_EDGE('',*,*,#1562,.F.);
#857=ORIENTED_EDGE('',*,*,#1643,.T.);
#858=ORIENTED_EDGE('',*,*,#1565,.F.);
#859=ORIENTED_EDGE('',*,*,#1644,.T.);
#860=ORIENTED_EDGE('',*,*,#1556,.T.);
#861=ORIENTED_EDGE('',*,*,#1645,.F.);
#862=ORIENTED_EDGE('',*,*,#1559,.T.);
#863=ORIENTED_EDGE('',*,*,#1646,.T.);
#864=ORIENTED_EDGE('',*,*,#1574,.F.);
#865=ORIENTED_EDGE('',*,*,#1647,.T.);
#866=ORIENTED_EDGE('',*,*,#1577,.F.);
#867=ORIENTED_EDGE('',*,*,#1648,.T.);
#868=ORIENTED_EDGE('',*,*,#1568,.T.);
#869=ORIENTED_EDGE('',*,*,#1649,.F.);
#870=ORIENTED_EDGE('',*,*,#1571,.T.);
#871=ORIENTED_EDGE('',*,*,#1650,.T.);
#872=ORIENTED_EDGE('',*,*,#1586,.F.);
#873=ORIENTED_EDGE('',*,*,#1651,.T.);
#874=ORIENTED_EDGE('',*,*,#1589,.F.);
#875=ORIENTED_EDGE('',*,*,#1652,.T.);
#876=ORIENTED_EDGE('',*,*,#1580,.T.);
#877=ORIENTED_EDGE('',*,*,#1653,.F.);
#878=ORIENTED_EDGE('',*,*,#1654,.F.);
#879=ORIENTED_EDGE('',*,*,#1406,.F.);
#880=ORIENTED_EDGE('',*,*,#1655,.T.);
#881=ORIENTED_EDGE('',*,*,#1656,.F.);
#882=ORIENTED_EDGE('',*,*,#1657,.T.);
#883=ORIENTED_EDGE('',*,*,#1658,.T.);
#884=ORIENTED_EDGE('',*,*,#1659,.T.);
#885=ORIENTED_EDGE('',*,*,#1660,.T.);
#886=ORIENTED_EDGE('',*,*,#1661,.T.);
#887=ORIENTED_EDGE('',*,*,#1662,.T.);
#888=ORIENTED_EDGE('',*,*,#1663,.T.);
#889=ORIENTED_EDGE('',*,*,#1664,.T.);
#890=ORIENTED_EDGE('',*,*,#1665,.T.);
#891=ORIENTED_EDGE('',*,*,#1666,.T.);
#892=ORIENTED_EDGE('',*,*,#1667,.T.);
#893=ORIENTED_EDGE('',*,*,#1668,.T.);
#894=ORIENTED_EDGE('',*,*,#1669,.T.);
#895=ORIENTED_EDGE('',*,*,#1670,.T.);
#896=ORIENTED_EDGE('',*,*,#1671,.T.);
#897=ORIENTED_EDGE('',*,*,#1672,.F.);
#898=ORIENTED_EDGE('',*,*,#1656,.T.);
#899=ORIENTED_EDGE('',*,*,#1673,.F.);
#900=ORIENTED_EDGE('',*,*,#1389,.T.);
#901=ORIENTED_EDGE('',*,*,#1384,.F.);
#902=ORIENTED_EDGE('',*,*,#1674,.F.);
#903=ORIENTED_EDGE('',*,*,#1377,.F.);
#904=ORIENTED_EDGE('',*,*,#1371,.F.);
#905=ORIENTED_EDGE('',*,*,#1675,.F.);
#906=ORIENTED_EDGE('',*,*,#1675,.T.);
#907=ORIENTED_EDGE('',*,*,#1676,.F.);
#908=ORIENTED_EDGE('',*,*,#1677,.F.);
#909=ORIENTED_EDGE('',*,*,#1678,.F.);
#910=ORIENTED_EDGE('',*,*,#1679,.F.);
#911=ORIENTED_EDGE('',*,*,#1680,.F.);
#912=ORIENTED_EDGE('',*,*,#1681,.F.);
#913=ORIENTED_EDGE('',*,*,#1682,.F.);
#914=ORIENTED_EDGE('',*,*,#1683,.F.);
#915=ORIENTED_EDGE('',*,*,#1684,.F.);
#916=ORIENTED_EDGE('',*,*,#1685,.F.);
#917=ORIENTED_EDGE('',*,*,#1686,.F.);
#918=ORIENTED_EDGE('',*,*,#1687,.F.);
#919=ORIENTED_EDGE('',*,*,#1688,.F.);
#920=ORIENTED_EDGE('',*,*,#1689,.F.);
#921=ORIENTED_EDGE('',*,*,#1690,.F.);
#922=ORIENTED_EDGE('',*,*,#1672,.T.);
#923=ORIENTED_EDGE('',*,*,#1655,.F.);
#924=ORIENTED_EDGE('',*,*,#1663,.F.);
#925=ORIENTED_EDGE('',*,*,#1530,.F.);
#926=ORIENTED_EDGE('',*,*,#1633,.T.);
#927=ORIENTED_EDGE('',*,*,#1519,.F.);
#928=ORIENTED_EDGE('',*,*,#1662,.F.);
#929=ORIENTED_EDGE('',*,*,#1542,.F.);
#930=ORIENTED_EDGE('',*,*,#1637,.T.);
#931=ORIENTED_EDGE('',*,*,#1531,.F.);
#932=ORIENTED_EDGE('',*,*,#1661,.F.);
#933=ORIENTED_EDGE('',*,*,#1554,.F.);
#934=ORIENTED_EDGE('',*,*,#1641,.T.);
#935=ORIENTED_EDGE('',*,*,#1543,.F.);
#936=ORIENTED_EDGE('',*,*,#1660,.F.);
#937=ORIENTED_EDGE('',*,*,#1566,.F.);
#938=ORIENTED_EDGE('',*,*,#1645,.T.);
#939=ORIENTED_EDGE('',*,*,#1555,.F.);
#940=ORIENTED_EDGE('',*,*,#1659,.F.);
#941=ORIENTED_EDGE('',*,*,#1578,.F.);
#942=ORIENTED_EDGE('',*,*,#1649,.T.);
#943=ORIENTED_EDGE('',*,*,#1567,.F.);
#944=ORIENTED_EDGE('',*,*,#1658,.F.);
#945=ORIENTED_EDGE('',*,*,#1590,.F.);
#946=ORIENTED_EDGE('',*,*,#1653,.T.);
#947=ORIENTED_EDGE('',*,*,#1579,.F.);
#948=ORIENTED_EDGE('',*,*,#1657,.F.);
#949=ORIENTED_EDGE('',*,*,#1422,.F.);
#950=ORIENTED_EDGE('',*,*,#1597,.F.);
#951=ORIENTED_EDGE('',*,*,#1591,.F.);
#952=ORIENTED_EDGE('',*,*,#1671,.F.);
#953=ORIENTED_EDGE('',*,*,#1434,.F.);
#954=ORIENTED_EDGE('',*,*,#1601,.T.);
#955=ORIENTED_EDGE('',*,*,#1423,.F.);
#956=ORIENTED_EDGE('',*,*,#1670,.F.);
#957=ORIENTED_EDGE('',*,*,#1446,.F.);
#958=ORIENTED_EDGE('',*,*,#1605,.T.);
#959=ORIENTED_EDGE('',*,*,#1435,.F.);
#960=ORIENTED_EDGE('',*,*,#1669,.F.);
#961=ORIENTED_EDGE('',*,*,#1458,.F.);
#962=ORIENTED_EDGE('',*,*,#1609,.T.);
#963=ORIENTED_EDGE('',*,*,#1447,.F.);
#964=ORIENTED_EDGE('',*,*,#1668,.F.);
#965=ORIENTED_EDGE('',*,*,#1470,.F.);
#966=ORIENTED_EDGE('',*,*,#1613,.T.);
#967=ORIENTED_EDGE('',*,*,#1459,.F.);
#968=ORIENTED_EDGE('',*,*,#1667,.F.);
#969=ORIENTED_EDGE('',*,*,#1482,.F.);
#970=ORIENTED_EDGE('',*,*,#1617,.T.);
#971=ORIENTED_EDGE('',*,*,#1471,.F.);
#972=ORIENTED_EDGE('',*,*,#1666,.F.);
#973=ORIENTED_EDGE('',*,*,#1494,.F.);
#974=ORIENTED_EDGE('',*,*,#1621,.T.);
#975=ORIENTED_EDGE('',*,*,#1483,.F.);
#976=ORIENTED_EDGE('',*,*,#1665,.F.);
#977=ORIENTED_EDGE('',*,*,#1506,.F.);
#978=ORIENTED_EDGE('',*,*,#1625,.T.);
#979=ORIENTED_EDGE('',*,*,#1495,.F.);
#980=ORIENTED_EDGE('',*,*,#1664,.F.);
#981=ORIENTED_EDGE('',*,*,#1518,.F.);
#982=ORIENTED_EDGE('',*,*,#1629,.T.);
#983=ORIENTED_EDGE('',*,*,#1507,.F.);
#984=ORIENTED_EDGE('',*,*,#1684,.T.);
#985=ORIENTED_EDGE('',*,*,#1500,.T.);
#986=ORIENTED_EDGE('',*,*,#1627,.F.);
#987=ORIENTED_EDGE('',*,*,#1513,.T.);
#988=ORIENTED_EDGE('',*,*,#1683,.T.);
#989=ORIENTED_EDGE('',*,*,#1488,.T.);
#990=ORIENTED_EDGE('',*,*,#1623,.F.);
#991=ORIENTED_EDGE('',*,*,#1501,.T.);
#992=ORIENTED_EDGE('',*,*,#1682,.T.);
#993=ORIENTED_EDGE('',*,*,#1476,.T.);
#994=ORIENTED_EDGE('',*,*,#1619,.F.);
#995=ORIENTED_EDGE('',*,*,#1489,.T.);
#996=ORIENTED_EDGE('',*,*,#1681,.T.);
#997=ORIENTED_EDGE('',*,*,#1464,.T.);
#998=ORIENTED_EDGE('',*,*,#1615,.F.);
#999=ORIENTED_EDGE('',*,*,#1477,.T.);
#1000=ORIENTED_EDGE('',*,*,#1680,.T.);
#1001=ORIENTED_EDGE('',*,*,#1452,.T.);
#1002=ORIENTED_EDGE('',*,*,#1611,.F.);
#1003=ORIENTED_EDGE('',*,*,#1465,.T.);
#1004=ORIENTED_EDGE('',*,*,#1679,.T.);
#1005=ORIENTED_EDGE('',*,*,#1440,.T.);
#1006=ORIENTED_EDGE('',*,*,#1607,.F.);
#1007=ORIENTED_EDGE('',*,*,#1453,.T.);
#1008=ORIENTED_EDGE('',*,*,#1678,.T.);
#1009=ORIENTED_EDGE('',*,*,#1428,.T.);
#1010=ORIENTED_EDGE('',*,*,#1603,.F.);
#1011=ORIENTED_EDGE('',*,*,#1441,.T.);
#1012=ORIENTED_EDGE('',*,*,#1677,.T.);
#1013=ORIENTED_EDGE('',*,*,#1416,.T.);
#1014=ORIENTED_EDGE('',*,*,#1599,.F.);
#1015=ORIENTED_EDGE('',*,*,#1429,.T.);
#1016=ORIENTED_EDGE('',*,*,#1676,.T.);
#1017=ORIENTED_EDGE('',*,*,#1584,.T.);
#1018=ORIENTED_EDGE('',*,*,#1595,.T.);
#1019=ORIENTED_EDGE('',*,*,#1417,.T.);
#1020=ORIENTED_EDGE('',*,*,#1690,.T.);
#1021=ORIENTED_EDGE('',*,*,#1572,.T.);
#1022=ORIENTED_EDGE('',*,*,#1651,.F.);
#1023=ORIENTED_EDGE('',*,*,#1585,.T.);
#1024=ORIENTED_EDGE('',*,*,#1689,.T.);
#1025=ORIENTED_EDGE('',*,*,#1560,.T.);
#1026=ORIENTED_EDGE('',*,*,#1647,.F.);
#1027=ORIENTED_EDGE('',*,*,#1573,.T.);
#1028=ORIENTED_EDGE('',*,*,#1688,.T.);
#1029=ORIENTED_EDGE('',*,*,#1548,.T.);
#1030=ORIENTED_EDGE('',*,*,#1643,.F.);
#1031=ORIENTED_EDGE('',*,*,#1561,.T.);
#1032=ORIENTED_EDGE('',*,*,#1687,.T.);
#1033=ORIENTED_EDGE('',*,*,#1536,.T.);
#1034=ORIENTED_EDGE('',*,*,#1639,.F.);
#1035=ORIENTED_EDGE('',*,*,#1549,.T.);
#1036=ORIENTED_EDGE('',*,*,#1686,.T.);
#1037=ORIENTED_EDGE('',*,*,#1524,.T.);
#1038=ORIENTED_EDGE('',*,*,#1635,.F.);
#1039=ORIENTED_EDGE('',*,*,#1537,.T.);
#1040=ORIENTED_EDGE('',*,*,#1685,.T.);
#1041=ORIENTED_EDGE('',*,*,#1512,.T.);
#1042=ORIENTED_EDGE('',*,*,#1631,.F.);
#1043=ORIENTED_EDGE('',*,*,#1525,.T.);
#1044=ORIENTED_EDGE('',*,*,#1691,.T.);
#1045=ORIENTED_EDGE('',*,*,#1581,.T.);
#1046=ORIENTED_EDGE('',*,*,#1652,.F.);
#1047=ORIENTED_EDGE('',*,*,#1588,.T.);
#1048=ORIENTED_EDGE('',*,*,#1650,.F.);
#1049=ORIENTED_EDGE('',*,*,#1570,.T.);
#1050=ORIENTED_EDGE('',*,*,#1691,.F.);
#1051=ORIENTED_EDGE('',*,*,#1587,.T.);
#1052=ORIENTED_EDGE('',*,*,#1692,.T.);
#1053=ORIENTED_EDGE('',*,*,#1569,.T.);
#1054=ORIENTED_EDGE('',*,*,#1648,.F.);
#1055=ORIENTED_EDGE('',*,*,#1576,.T.);
#1056=ORIENTED_EDGE('',*,*,#1646,.F.);
#1057=ORIENTED_EDGE('',*,*,#1558,.T.);
#1058=ORIENTED_EDGE('',*,*,#1692,.F.);
#1059=ORIENTED_EDGE('',*,*,#1575,.T.);
#1060=ORIENTED_EDGE('',*,*,#1693,.T.);
#1061=ORIENTED_EDGE('',*,*,#1557,.T.);
#1062=ORIENTED_EDGE('',*,*,#1644,.F.);
#1063=ORIENTED_EDGE('',*,*,#1564,.T.);
#1064=ORIENTED_EDGE('',*,*,#1642,.F.);
#1065=ORIENTED_EDGE('',*,*,#1546,.T.);
#1066=ORIENTED_EDGE('',*,*,#1693,.F.);
#1067=ORIENTED_EDGE('',*,*,#1563,.T.);
#1068=ORIENTED_EDGE('',*,*,#1694,.T.);
#1069=ORIENTED_EDGE('',*,*,#1545,.T.);
#1070=ORIENTED_EDGE('',*,*,#1640,.F.);
#1071=ORIENTED_EDGE('',*,*,#1552,.T.);
#1072=ORIENTED_EDGE('',*,*,#1638,.F.);
#1073=ORIENTED_EDGE('',*,*,#1534,.T.);
#1074=ORIENTED_EDGE('',*,*,#1694,.F.);
#1075=ORIENTED_EDGE('',*,*,#1551,.T.);
#1076=ORIENTED_EDGE('',*,*,#1695,.T.);
#1077=ORIENTED_EDGE('',*,*,#1533,.T.);
#1078=ORIENTED_EDGE('',*,*,#1636,.F.);
#1079=ORIENTED_EDGE('',*,*,#1540,.T.);
#1080=ORIENTED_EDGE('',*,*,#1634,.F.);
#1081=ORIENTED_EDGE('',*,*,#1522,.T.);
#1082=ORIENTED_EDGE('',*,*,#1695,.F.);
#1083=ORIENTED_EDGE('',*,*,#1539,.T.);
#1084=ORIENTED_EDGE('',*,*,#1696,.T.);
#1085=ORIENTED_EDGE('',*,*,#1521,.T.);
#1086=ORIENTED_EDGE('',*,*,#1632,.F.);
#1087=ORIENTED_EDGE('',*,*,#1528,.T.);
#1088=ORIENTED_EDGE('',*,*,#1630,.F.);
#1089=ORIENTED_EDGE('',*,*,#1510,.T.);
#1090=ORIENTED_EDGE('',*,*,#1696,.F.);
#1091=ORIENTED_EDGE('',*,*,#1527,.T.);
#1092=ORIENTED_EDGE('',*,*,#1697,.T.);
#1093=ORIENTED_EDGE('',*,*,#1509,.T.);
#1094=ORIENTED_EDGE('',*,*,#1628,.F.);
#1095=ORIENTED_EDGE('',*,*,#1516,.T.);
#1096=ORIENTED_EDGE('',*,*,#1697,.F.);
#1097=ORIENTED_EDGE('',*,*,#1515,.T.);
#1098=ORIENTED_EDGE('',*,*,#1626,.F.);
#1099=ORIENTED_EDGE('',*,*,#1498,.T.);
#1100=ORIENTED_EDGE('',*,*,#1698,.T.);
#1101=ORIENTED_EDGE('',*,*,#1497,.T.);
#1102=ORIENTED_EDGE('',*,*,#1624,.F.);
#1103=ORIENTED_EDGE('',*,*,#1504,.T.);
#1104=ORIENTED_EDGE('',*,*,#1698,.F.);
#1105=ORIENTED_EDGE('',*,*,#1503,.T.);
#1106=ORIENTED_EDGE('',*,*,#1622,.F.);
#1107=ORIENTED_EDGE('',*,*,#1486,.T.);
#1108=ORIENTED_EDGE('',*,*,#1699,.T.);
#1109=ORIENTED_EDGE('',*,*,#1485,.T.);
#1110=ORIENTED_EDGE('',*,*,#1620,.F.);
#1111=ORIENTED_EDGE('',*,*,#1492,.T.);
#1112=ORIENTED_EDGE('',*,*,#1699,.F.);
#1113=ORIENTED_EDGE('',*,*,#1491,.T.);
#1114=ORIENTED_EDGE('',*,*,#1618,.F.);
#1115=ORIENTED_EDGE('',*,*,#1474,.T.);
#1116=ORIENTED_EDGE('',*,*,#1700,.T.);
#1117=ORIENTED_EDGE('',*,*,#1473,.T.);
#1118=ORIENTED_EDGE('',*,*,#1616,.F.);
#1119=ORIENTED_EDGE('',*,*,#1480,.T.);
#1120=ORIENTED_EDGE('',*,*,#1700,.F.);
#1121=ORIENTED_EDGE('',*,*,#1479,.T.);
#1122=ORIENTED_EDGE('',*,*,#1614,.F.);
#1123=ORIENTED_EDGE('',*,*,#1462,.T.);
#1124=ORIENTED_EDGE('',*,*,#1612,.F.);
#1125=ORIENTED_EDGE('',*,*,#1468,.T.);
#1126=ORIENTED_EDGE('',*,*,#1701,.T.);
#1127=ORIENTED_EDGE('',*,*,#1461,.T.);
#1128=ORIENTED_EDGE('',*,*,#1701,.F.);
#1129=ORIENTED_EDGE('',*,*,#1467,.T.);
#1130=ORIENTED_EDGE('',*,*,#1610,.F.);
#1131=ORIENTED_EDGE('',*,*,#1450,.T.);
#1132=ORIENTED_EDGE('',*,*,#1608,.F.);
#1133=ORIENTED_EDGE('',*,*,#1456,.T.);
#1134=ORIENTED_EDGE('',*,*,#1702,.T.);
#1135=ORIENTED_EDGE('',*,*,#1449,.T.);
#1136=ORIENTED_EDGE('',*,*,#1702,.F.);
#1137=ORIENTED_EDGE('',*,*,#1455,.T.);
#1138=ORIENTED_EDGE('',*,*,#1606,.F.);
#1139=ORIENTED_EDGE('',*,*,#1438,.T.);
#1140=ORIENTED_EDGE('',*,*,#1604,.F.);
#1141=ORIENTED_EDGE('',*,*,#1444,.T.);
#1142=ORIENTED_EDGE('',*,*,#1703,.T.);
#1143=ORIENTED_EDGE('',*,*,#1437,.T.);
#1144=ORIENTED_EDGE('',*,*,#1703,.F.);
#1145=ORIENTED_EDGE('',*,*,#1443,.T.);
#1146=ORIENTED_EDGE('',*,*,#1602,.F.);
#1147=ORIENTED_EDGE('',*,*,#1426,.T.);
#1148=ORIENTED_EDGE('',*,*,#1600,.F.);
#1149=ORIENTED_EDGE('',*,*,#1432,.T.);
#1150=ORIENTED_EDGE('',*,*,#1704,.T.);
#1151=ORIENTED_EDGE('',*,*,#1425,.T.);
#1152=ORIENTED_EDGE('',*,*,#1704,.F.);
#1153=ORIENTED_EDGE('',*,*,#1431,.T.);
#1154=ORIENTED_EDGE('',*,*,#1598,.F.);
#1155=ORIENTED_EDGE('',*,*,#1414,.T.);
#1156=ORIENTED_EDGE('',*,*,#1705,.F.);
#1157=ORIENTED_EDGE('',*,*,#1419,.T.);
#1158=ORIENTED_EDGE('',*,*,#1594,.T.);
#1159=ORIENTED_EDGE('',*,*,#1582,.T.);
#1160=ORIENTED_EDGE('',*,*,#1596,.T.);
#1161=ORIENTED_EDGE('',*,*,#1420,.T.);
#1162=ORIENTED_EDGE('',*,*,#1705,.T.);
#1163=ORIENTED_EDGE('',*,*,#1593,.T.);
#1164=ORIENTED_EDGE('',*,*,#1706,.F.);
#1165=ORIENTED_EDGE('',*,*,#1707,.F.);
#1166=ORIENTED_EDGE('',*,*,#1400,.F.);
#1167=ORIENTED_EDGE('',*,*,#1708,.T.);
#1168=ORIENTED_EDGE('',*,*,#1336,.T.);
#1169=ORIENTED_EDGE('',*,*,#1357,.F.);
#1170=ORIENTED_EDGE('',*,*,#1399,.T.);
#1171=ORIENTED_EDGE('',*,*,#1709,.T.);
#1172=ORIENTED_EDGE('',*,*,#1337,.F.);
#1173=ORIENTED_EDGE('',*,*,#1708,.F.);
#1174=ORIENTED_EDGE('',*,*,#1710,.F.);
#1175=ORIENTED_EDGE('',*,*,#1411,.T.);
#1176=ORIENTED_EDGE('',*,*,#1390,.F.);
#1177=ORIENTED_EDGE('',*,*,#1365,.F.);
#1178=ORIENTED_EDGE('',*,*,#1369,.F.);
#1179=ORIENTED_EDGE('',*,*,#1361,.F.);
#1180=ORIENTED_EDGE('',*,*,#1338,.T.);
#1181=ORIENTED_EDGE('',*,*,#1709,.F.);
#1182=ORIENTED_EDGE('',*,*,#1398,.F.);
#1183=ORIENTED_EDGE('',*,*,#1711,.F.);
#1184=ORIENTED_EDGE('',*,*,#1413,.F.);
#1185=ORIENTED_EDGE('',*,*,#1712,.T.);
#1186=ORIENTED_EDGE('',*,*,#1713,.T.);
#1187=ORIENTED_EDGE('',*,*,#1396,.T.);
#1188=ORIENTED_EDGE('',*,*,#1714,.T.);
#1189=ORIENTED_EDGE('',*,*,#1340,.F.);
#1190=ORIENTED_EDGE('',*,*,#1360,.T.);
#1191=ORIENTED_EDGE('',*,*,#1368,.T.);
#1192=ORIENTED_EDGE('',*,*,#1363,.T.);
#1193=ORIENTED_EDGE('',*,*,#1392,.T.);
#1194=ORIENTED_EDGE('',*,*,#1715,.T.);
#1195=ORIENTED_EDGE('',*,*,#1341,.T.);
#1196=ORIENTED_EDGE('',*,*,#1714,.F.);
#1197=ORIENTED_EDGE('',*,*,#1395,.F.);
#1198=ORIENTED_EDGE('',*,*,#1716,.T.);
#1199=ORIENTED_EDGE('',*,*,#1717,.T.);
#1200=ORIENTED_EDGE('',*,*,#1355,.T.);
#1201=ORIENTED_EDGE('',*,*,#1342,.F.);
#1202=ORIENTED_EDGE('',*,*,#1715,.F.);
#1203=ORIENTED_EDGE('',*,*,#1394,.T.);
#1204=ORIENTED_EDGE('',*,*,#1718,.F.);
#1205=ORIENTED_EDGE('',*,*,#1358,.T.);
#1206=ORIENTED_EDGE('',*,*,#1334,.T.);
#1207=ORIENTED_EDGE('',*,*,#1719,.F.);
#1208=ORIENTED_EDGE('',*,*,#1402,.F.);
#1209=ORIENTED_EDGE('',*,*,#1720,.F.);
#1210=ORIENTED_EDGE('',*,*,#1719,.T.);
#1211=ORIENTED_EDGE('',*,*,#1333,.T.);
#1212=ORIENTED_EDGE('',*,*,#1375,.F.);
#1213=ORIENTED_EDGE('',*,*,#1721,.F.);
#1214=ORIENTED_EDGE('',*,*,#1403,.F.);
#1215=ORIENTED_EDGE('',*,*,#1721,.T.);
#1216=ORIENTED_EDGE('',*,*,#1374,.F.);
#1217=ORIENTED_EDGE('',*,*,#1722,.F.);
#1218=ORIENTED_EDGE('',*,*,#1404,.F.);
#1219=ORIENTED_EDGE('',*,*,#1407,.T.);
#1220=ORIENTED_EDGE('',*,*,#1654,.T.);
#1221=ORIENTED_EDGE('',*,*,#1405,.T.);
#1222=ORIENTED_EDGE('',*,*,#1722,.T.);
#1223=ORIENTED_EDGE('',*,*,#1382,.T.);
#1224=ORIENTED_EDGE('',*,*,#1723,.F.);
#1225=ORIENTED_EDGE('',*,*,#1408,.T.);
#1226=ORIENTED_EDGE('',*,*,#1723,.T.);
#1227=ORIENTED_EDGE('',*,*,#1381,.T.);
#1228=ORIENTED_EDGE('',*,*,#1724,.F.);
#1229=ORIENTED_EDGE('',*,*,#1409,.T.);
#1230=ORIENTED_EDGE('',*,*,#1724,.T.);
#1231=ORIENTED_EDGE('',*,*,#1380,.T.);
#1232=ORIENTED_EDGE('',*,*,#1345,.F.);
#1233=ORIENTED_EDGE('',*,*,#1725,.F.);
#1234=ORIENTED_EDGE('',*,*,#1354,.F.);
#1235=ORIENTED_EDGE('',*,*,#1726,.T.);
#1236=ORIENTED_EDGE('',*,*,#1727,.T.);
#1237=ORIENTED_EDGE('',*,*,#1410,.T.);
#1238=ORIENTED_EDGE('',*,*,#1725,.T.);
#1239=ORIENTED_EDGE('',*,*,#1344,.F.);
#1240=ORIENTED_EDGE('',*,*,#1393,.T.);
#1241=ORIENTED_EDGE('',*,*,#1727,.F.);
#1242=ORIENTED_EDGE('',*,*,#1728,.F.);
#1243=ORIENTED_EDGE('',*,*,#1716,.F.);
#1244=ORIENTED_EDGE('',*,*,#1728,.T.);
#1245=ORIENTED_EDGE('',*,*,#1726,.F.);
#1246=ORIENTED_EDGE('',*,*,#1356,.F.);
#1247=ORIENTED_EDGE('',*,*,#1717,.F.);
#1248=ORIENTED_EDGE('',*,*,#1707,.T.);
#1249=ORIENTED_EDGE('',*,*,#1729,.F.);
#1250=ORIENTED_EDGE('',*,*,#1720,.T.);
#1251=ORIENTED_EDGE('',*,*,#1401,.T.);
#1252=ORIENTED_EDGE('',*,*,#1706,.T.);
#1253=ORIENTED_EDGE('',*,*,#1359,.F.);
#1254=ORIENTED_EDGE('',*,*,#1718,.T.);
#1255=ORIENTED_EDGE('',*,*,#1729,.T.);
#1256=ORIENTED_EDGE('',*,*,#1710,.T.);
#1257=ORIENTED_EDGE('',*,*,#1730,.T.);
#1258=ORIENTED_EDGE('',*,*,#1712,.F.);
#1259=ORIENTED_EDGE('',*,*,#1412,.F.);
#1260=ORIENTED_EDGE('',*,*,#1711,.T.);
#1261=ORIENTED_EDGE('',*,*,#1397,.T.);
#1262=ORIENTED_EDGE('',*,*,#1713,.F.);
#1263=ORIENTED_EDGE('',*,*,#1730,.F.);
#1264=ORIENTED_EDGE('',*,*,#1348,.F.);
#1265=ORIENTED_EDGE('',*,*,#1322,.T.);
#1266=ORIENTED_EDGE('',*,*,#1731,.F.);
#1267=ORIENTED_EDGE('',*,*,#1378,.F.);
#1268=ORIENTED_EDGE('',*,*,#1674,.T.);
#1269=ORIENTED_EDGE('',*,*,#1383,.T.);
#1270=ORIENTED_EDGE('',*,*,#1351,.F.);
#1271=ORIENTED_EDGE('',*,*,#1314,.T.);
#1272=ORIENTED_EDGE('',*,*,#1732,.F.);
#1273=ORIENTED_EDGE('',*,*,#1387,.T.);
#1274=ORIENTED_EDGE('',*,*,#1673,.T.);
#1275=ORIENTED_EDGE('',*,*,#1370,.F.);
#1276=ORIENTED_EDGE('',*,*,#1733,.F.);
#1277=ORIENTED_EDGE('',*,*,#1310,.T.);
#1278=ORIENTED_EDGE('',*,*,#1386,.T.);
#1279=ORIENTED_EDGE('',*,*,#1388,.F.);
#1280=ORIENTED_EDGE('',*,*,#1732,.T.);
#1281=ORIENTED_EDGE('',*,*,#1313,.F.);
#1282=ORIENTED_EDGE('',*,*,#1734,.F.);
#1283=ORIENTED_EDGE('',*,*,#1326,.T.);
#1284=ORIENTED_EDGE('',*,*,#1373,.T.);
#1285=ORIENTED_EDGE('',*,*,#1376,.T.);
#1286=ORIENTED_EDGE('',*,*,#1329,.F.);
#1287=ORIENTED_EDGE('',*,*,#1735,.F.);
#1288=ORIENTED_EDGE('',*,*,#1318,.T.);
#1289=ORIENTED_EDGE('',*,*,#1379,.T.);
#1290=ORIENTED_EDGE('',*,*,#1731,.T.);
#1291=ORIENTED_EDGE('',*,*,#1321,.F.);
#1292=ORIENTED_EDGE('',*,*,#1736,.T.);
#1293=ORIENTED_EDGE('',*,*,#1347,.T.);
#1294=ORIENTED_EDGE('',*,*,#1307,.T.);
#1295=ORIENTED_EDGE('',*,*,#1733,.T.);
#1296=ORIENTED_EDGE('',*,*,#1320,.F.);
#1297=ORIENTED_EDGE('',*,*,#1312,.F.);
#1298=ORIENTED_EDGE('',*,*,#1350,.T.);
#1299=ORIENTED_EDGE('',*,*,#1323,.T.);
#1300=ORIENTED_EDGE('',*,*,#1734,.T.);
#1301=ORIENTED_EDGE('',*,*,#1331,.T.);
#1302=ORIENTED_EDGE('',*,*,#1315,.T.);
#1303=ORIENTED_EDGE('',*,*,#1735,.T.);
#1304=ORIENTED_EDGE('',*,*,#1328,.F.);
#1305=ORIENTED_EDGE('',*,*,#1736,.F.);
#1306=ORIENTED_EDGE('',*,*,#1353,.F.);
#1307=EDGE_CURVE('',#1737,#1738,#2001,.F.);
#1308=EDGE_CURVE('',#1737,#1739,#2002,.T.);
#1309=EDGE_CURVE('',#1739,#1740,#336,.T.);
#1310=EDGE_CURVE('',#1738,#1740,#2003,.T.);
#1311=EDGE_CURVE('',#1741,#1742,#2004,.T.);
#1312=EDGE_CURVE('',#1741,#1743,#2005,.F.);
#1313=EDGE_CURVE('',#1743,#1744,#2006,.T.);
#1314=EDGE_CURVE('',#1742,#1744,#337,.T.);
#1315=EDGE_CURVE('',#1745,#1746,#2007,.F.);
#1316=EDGE_CURVE('',#1745,#1747,#2008,.T.);
#1317=EDGE_CURVE('',#1747,#1748,#338,.T.);
#1318=EDGE_CURVE('',#1746,#1748,#2009,.T.);
#1319=EDGE_CURVE('',#1749,#1750,#2010,.T.);
#1320=EDGE_CURVE('',#1749,#1751,#2011,.F.);
#1321=EDGE_CURVE('',#1751,#1752,#2012,.T.);
#1322=EDGE_CURVE('',#1750,#1752,#2013,.T.);
#1323=EDGE_CURVE('',#1753,#1754,#2014,.F.);
#1324=EDGE_CURVE('',#1753,#1755,#2015,.T.);
#1325=EDGE_CURVE('',#1755,#1756,#2016,.T.);
#1326=EDGE_CURVE('',#1754,#1756,#2017,.T.);
#1327=EDGE_CURVE('',#1757,#1758,#2018,.T.);
#1328=EDGE_CURVE('',#1757,#1759,#2019,.F.);
#1329=EDGE_CURVE('',#1759,#1760,#2020,.T.);
#1330=EDGE_CURVE('',#1758,#1760,#339,.T.);
#1331=EDGE_CURVE('',#1757,#1745,#137,.T.);
#1332=EDGE_CURVE('',#1758,#1761,#138,.T.);
#1333=EDGE_CURVE('',#1762,#1761,#2021,.T.);
#1334=EDGE_CURVE('',#1763,#1762,#139,.F.);
#1335=EDGE_CURVE('',#1763,#1764,#140,.T.);
#1336=EDGE_CURVE('',#1765,#1764,#141,.F.);
#1337=EDGE_CURVE('',#1765,#1766,#142,.F.);
#1338=EDGE_CURVE('',#1767,#1766,#143,.F.);
#1339=EDGE_CURVE('',#1767,#1768,#144,.T.);
#1340=EDGE_CURVE('',#1768,#1769,#145,.T.);
#1341=EDGE_CURVE('',#1770,#1769,#146,.T.);
#1342=EDGE_CURVE('',#1770,#1771,#147,.T.);
#1343=EDGE_CURVE('',#1771,#1772,#148,.T.);
#1344=EDGE_CURVE('',#1772,#1773,#149,.T.);
#1345=EDGE_CURVE('',#1773,#1774,#2022,.T.);
#1346=EDGE_CURVE('',#1774,#1747,#150,.T.);
#1347=EDGE_CURVE('',#1749,#1737,#151,.T.);
#1348=EDGE_CURVE('',#1750,#1775,#2023,.T.);
#1349=EDGE_CURVE('',#1775,#1739,#152,.T.);
#1350=EDGE_CURVE('',#1741,#1753,#153,.T.);
#1351=EDGE_CURVE('',#1742,#1776,#154,.T.);
#1352=EDGE_CURVE('',#1776,#1755,#2024,.T.);
#1353=EDGE_CURVE('',#1777,#1777,#155,.T.);
#1354=EDGE_CURVE('',#1778,#1772,#2025,.T.);
#1355=EDGE_CURVE('',#1779,#1771,#2026,.T.);
#1356=EDGE_CURVE('',#1779,#1778,#156,.F.);
#1357=EDGE_CURVE('',#1780,#1764,#2027,.T.);
#1358=EDGE_CURVE('',#1781,#1763,#2028,.T.);
#1359=EDGE_CURVE('',#1781,#1780,#157,.F.);
#1360=EDGE_CURVE('',#1768,#1782,#2029,.T.);
#1361=EDGE_CURVE('',#1767,#1783,#2030,.T.);
#1362=EDGE_CURVE('',#1783,#1782,#340,.T.);
#1363=EDGE_CURVE('',#1784,#1785,#2031,.T.);
#1364=EDGE_CURVE('',#1784,#1786,#341,.T.);
#1365=EDGE_CURVE('',#1786,#1787,#2032,.T.);
#1366=EDGE_CURVE('',#1787,#1785,#158,.T.);
#1367=EDGE_CURVE('',#1788,#1788,#342,.T.);
#1368=EDGE_CURVE('',#1782,#1784,#343,.T.);
#1369=EDGE_CURVE('',#1783,#1786,#344,.T.);
#1370=EDGE_CURVE('',#1776,#1789,#345,.T.);
#1371=EDGE_CURVE('',#1789,#1790,#50,.F.);
#1372=EDGE_CURVE('',#1790,#1791,#2033,.T.);
#1373=EDGE_CURVE('',#1756,#1791,#2034,.T.);
#1374=EDGE_CURVE('',#1792,#1793,#346,.T.);
#1375=EDGE_CURVE('',#1793,#1761,#347,.T.);
#1376=EDGE_CURVE('',#1791,#1760,#159,.T.);
#1377=EDGE_CURVE('',#1790,#1794,#160,.T.);
#1378=EDGE_CURVE('',#1794,#1795,#2035,.T.);
#1379=EDGE_CURVE('',#1748,#1795,#161,.T.);
#1380=EDGE_CURVE('',#1796,#1774,#348,.T.);
#1381=EDGE_CURVE('',#1797,#1796,#349,.T.);
#1382=EDGE_CURVE('',#1792,#1797,#350,.T.);
#1383=EDGE_CURVE('',#1798,#1775,#351,.T.);
#1384=EDGE_CURVE('',#1798,#1799,#162,.T.);
#1385=EDGE_CURVE('',#1799,#1800,#352,.T.);
#1386=EDGE_CURVE('',#1740,#1800,#163,.T.);
#1387=EDGE_CURVE('',#1801,#1802,#353,.T.);
#1388=EDGE_CURVE('',#1801,#1800,#354,.T.);
#1389=EDGE_CURVE('',#1802,#1799,#355,.T.);
#1390=EDGE_CURVE('',#1787,#1803,#164,.T.);
#1391=EDGE_CURVE('',#1804,#1803,#2036,.T.);
#1392=EDGE_CURVE('',#1785,#1804,#165,.T.);
#1393=EDGE_CURVE('',#1805,#1806,#166,.T.);
#1394=EDGE_CURVE('',#1807,#1805,#167,.F.);
#1395=EDGE_CURVE('',#1807,#1808,#168,.F.);
#1396=EDGE_CURVE('',#1809,#1808,#169,.F.);
#1397=EDGE_CURVE('',#1810,#1809,#170,.T.);
#1398=EDGE_CURVE('',#1810,#1811,#171,.T.);
#1399=EDGE_CURVE('',#1812,#1811,#172,.T.);
#1400=EDGE_CURVE('',#1812,#1813,#173,.T.);
#1401=EDGE_CURVE('',#1814,#1813,#174,.T.);
#1402=EDGE_CURVE('',#1814,#1815,#175,.T.);
#1403=EDGE_CURVE('',#1815,#1816,#2037,.T.);
#1404=EDGE_CURVE('',#1816,#1817,#176,.T.);
#1405=EDGE_CURVE('',#1818,#1817,#177,.T.);
#1406=EDGE_CURVE('',#1818,#1819,#178,.T.);
#1407=EDGE_CURVE('',#1820,#1819,#179,.T.);
#1408=EDGE_CURVE('',#1821,#1820,#180,.F.);
#1409=EDGE_CURVE('',#1822,#1821,#2038,.T.);
#1410=EDGE_CURVE('',#1806,#1822,#181,.F.);
#1411=EDGE_CURVE('',#1823,#1803,#2039,.T.);
#1412=EDGE_CURVE('',#1823,#1824,#2040,.T.);
#1413=EDGE_CURVE('',#1824,#1804,#2041,.T.);
#1414=EDGE_CURVE('',#1825,#1826,#356,.T.);
#1415=EDGE_CURVE('',#1827,#1825,#2042,.T.);
#1416=EDGE_CURVE('',#1828,#1827,#182,.T.);
#1417=EDGE_CURVE('',#1829,#1828,#183,.T.);
#1418=EDGE_CURVE('',#1829,#1830,#2043,.T.);
#1419=EDGE_CURVE('',#1826,#1830,#357,.T.);
#1420=EDGE_CURVE('',#1831,#1826,#358,.T.);
#1421=EDGE_CURVE('',#1831,#1832,#2044,.T.);
#1422=EDGE_CURVE('',#1832,#1833,#184,.T.);
#1423=EDGE_CURVE('',#1833,#1834,#185,.T.);
#1424=EDGE_CURVE('',#1835,#1834,#2045,.T.);
#1425=EDGE_CURVE('',#1826,#1835,#359,.T.);
#1426=EDGE_CURVE('',#1836,#1837,#360,.T.);
#1427=EDGE_CURVE('',#1838,#1836,#2046,.T.);
#1428=EDGE_CURVE('',#1839,#1838,#186,.T.);
#1429=EDGE_CURVE('',#1840,#1839,#187,.T.);
#1430=EDGE_CURVE('',#1840,#1841,#2047,.T.);
#1431=EDGE_CURVE('',#1837,#1841,#361,.T.);
#1432=EDGE_CURVE('',#1842,#1837,#362,.T.);
#1433=EDGE_CURVE('',#1842,#1843,#2048,.T.);
#1434=EDGE_CURVE('',#1843,#1844,#188,.T.);
#1435=EDGE_CURVE('',#1844,#1845,#189,.T.);
#1436=EDGE_CURVE('',#1846,#1845,#2049,.T.);
#1437=EDGE_CURVE('',#1837,#1846,#363,.T.);
#1438=EDGE_CURVE('',#1847,#1848,#364,.T.);
#1439=EDGE_CURVE('',#1849,#1847,#2050,.T.);
#1440=EDGE_CURVE('',#1850,#1849,#190,.T.);
#1441=EDGE_CURVE('',#1851,#1850,#191,.T.);
#1442=EDGE_CURVE('',#1851,#1852,#2051,.T.);
#1443=EDGE_CURVE('',#1848,#1852,#365,.T.);
#1444=EDGE_CURVE('',#1853,#1848,#366,.T.);
#1445=EDGE_CURVE('',#1853,#1854,#2052,.T.);
#1446=EDGE_CURVE('',#1854,#1855,#192,.T.);
#1447=EDGE_CURVE('',#1855,#1856,#193,.T.);
#1448=EDGE_CURVE('',#1857,#1856,#2053,.T.);
#1449=EDGE_CURVE('',#1848,#1857,#367,.T.);
#1450=EDGE_CURVE('',#1858,#1859,#368,.T.);
#1451=EDGE_CURVE('',#1860,#1858,#2054,.T.);
#1452=EDGE_CURVE('',#1861,#1860,#194,.T.);
#1453=EDGE_CURVE('',#1862,#1861,#195,.T.);
#1454=EDGE_CURVE('',#1862,#1863,#2055,.T.);
#1455=EDGE_CURVE('',#1859,#1863,#369,.T.);
#1456=EDGE_CURVE('',#1864,#1859,#370,.T.);
#1457=EDGE_CURVE('',#1864,#1865,#2056,.T.);
#1458=EDGE_CURVE('',#1865,#1866,#196,.T.);
#1459=EDGE_CURVE('',#1866,#1867,#197,.T.);
#1460=EDGE_CURVE('',#1868,#1867,#2057,.T.);
#1461=EDGE_CURVE('',#1859,#1868,#371,.T.);
#1462=EDGE_CURVE('',#1869,#1870,#372,.T.);
#1463=EDGE_CURVE('',#1871,#1869,#2058,.T.);
#1464=EDGE_CURVE('',#1872,#1871,#198,.T.);
#1465=EDGE_CURVE('',#1873,#1872,#199,.T.);
#1466=EDGE_CURVE('',#1873,#1874,#2059,.T.);
#1467=EDGE_CURVE('',#1870,#1874,#373,.T.);
#1468=EDGE_CURVE('',#1875,#1870,#374,.T.);
#1469=EDGE_CURVE('',#1875,#1876,#2060,.T.);
#1470=EDGE_CURVE('',#1876,#1877,#200,.T.);
#1471=EDGE_CURVE('',#1877,#1878,#201,.T.);
#1472=EDGE_CURVE('',#1879,#1878,#2061,.T.);
#1473=EDGE_CURVE('',#1870,#1879,#375,.T.);
#1474=EDGE_CURVE('',#1880,#1881,#376,.T.);
#1475=EDGE_CURVE('',#1882,#1880,#2062,.T.);
#1476=EDGE_CURVE('',#1883,#1882,#202,.T.);
#1477=EDGE_CURVE('',#1884,#1883,#203,.T.);
#1478=EDGE_CURVE('',#1884,#1885,#2063,.T.);
#1479=EDGE_CURVE('',#1881,#1885,#377,.T.);
#1480=EDGE_CURVE('',#1886,#1881,#378,.F.);
#1481=EDGE_CURVE('',#1886,#1887,#2064,.T.);
#1482=EDGE_CURVE('',#1887,#1888,#204,.T.);
#1483=EDGE_CURVE('',#1888,#1889,#205,.T.);
#1484=EDGE_CURVE('',#1890,#1889,#2065,.T.);
#1485=EDGE_CURVE('',#1881,#1890,#379,.F.);
#1486=EDGE_CURVE('',#1891,#1892,#380,.T.);
#1487=EDGE_CURVE('',#1893,#1891,#2066,.T.);
#1488=EDGE_CURVE('',#1894,#1893,#206,.T.);
#1489=EDGE_CURVE('',#1895,#1894,#207,.T.);
#1490=EDGE_CURVE('',#1895,#1896,#2067,.T.);
#1491=EDGE_CURVE('',#1892,#1896,#381,.T.);
#1492=EDGE_CURVE('',#1897,#1892,#382,.T.);
#1493=EDGE_CURVE('',#1897,#1898,#2068,.T.);
#1494=EDGE_CURVE('',#1898,#1899,#208,.T.);
#1495=EDGE_CURVE('',#1899,#1900,#209,.T.);
#1496=EDGE_CURVE('',#1901,#1900,#2069,.T.);
#1497=EDGE_CURVE('',#1892,#1901,#383,.T.);
#1498=EDGE_CURVE('',#1902,#1903,#384,.T.);
#1499=EDGE_CURVE('',#1904,#1902,#2070,.T.);
#1500=EDGE_CURVE('',#1905,#1904,#210,.T.);
#1501=EDGE_CURVE('',#1906,#1905,#211,.T.);
#1502=EDGE_CURVE('',#1906,#1907,#2071,.T.);
#1503=EDGE_CURVE('',#1903,#1907,#385,.T.);
#1504=EDGE_CURVE('',#1908,#1903,#386,.T.);
#1505=EDGE_CURVE('',#1908,#1909,#2072,.T.);
#1506=EDGE_CURVE('',#1909,#1910,#212,.T.);
#1507=EDGE_CURVE('',#1910,#1911,#213,.T.);
#1508=EDGE_CURVE('',#1912,#1911,#2073,.T.);
#1509=EDGE_CURVE('',#1903,#1912,#387,.T.);
#1510=EDGE_CURVE('',#1913,#1914,#388,.T.);
#1511=EDGE_CURVE('',#1915,#1913,#2074,.T.);
#1512=EDGE_CURVE('',#1916,#1915,#214,.T.);
#1513=EDGE_CURVE('',#1917,#1916,#215,.T.);
#1514=EDGE_CURVE('',#1917,#1918,#2075,.T.);
#1515=EDGE_CURVE('',#1914,#1918,#389,.T.);
#1516=EDGE_CURVE('',#1919,#1914,#390,.T.);
#1517=EDGE_CURVE('',#1919,#1920,#2076,.T.);
#1518=EDGE_CURVE('',#1920,#1921,#216,.T.);
#1519=EDGE_CURVE('',#1921,#1922,#217,.T.);
#1520=EDGE_CURVE('',#1923,#1922,#2077,.T.);
#1521=EDGE_CURVE('',#1914,#1923,#391,.T.);
#1522=EDGE_CURVE('',#1924,#1925,#392,.T.);
#1523=EDGE_CURVE('',#1926,#1924,#2078,.T.);
#1524=EDGE_CURVE('',#1927,#1926,#218,.T.);
#1525=EDGE_CURVE('',#1928,#1927,#219,.T.);
#1526=EDGE_CURVE('',#1928,#1929,#2079,.T.);
#1527=EDGE_CURVE('',#1925,#1929,#393,.T.);
#1528=EDGE_CURVE('',#1930,#1925,#394,.T.);
#1529=EDGE_CURVE('',#1930,#1931,#2080,.T.);
#1530=EDGE_CURVE('',#1931,#1932,#220,.T.);
#1531=EDGE_CURVE('',#1932,#1933,#221,.T.);
#1532=EDGE_CURVE('',#1934,#1933,#2081,.T.);
#1533=EDGE_CURVE('',#1925,#1934,#395,.T.);
#1534=EDGE_CURVE('',#1935,#1936,#396,.T.);
#1535=EDGE_CURVE('',#1937,#1935,#2082,.T.);
#1536=EDGE_CURVE('',#1938,#1937,#222,.T.);
#1537=EDGE_CURVE('',#1939,#1938,#223,.T.);
#1538=EDGE_CURVE('',#1939,#1940,#2083,.T.);
#1539=EDGE_CURVE('',#1936,#1940,#397,.T.);
#1540=EDGE_CURVE('',#1941,#1936,#398,.T.);
#1541=EDGE_CURVE('',#1941,#1942,#2084,.T.);
#1542=EDGE_CURVE('',#1942,#1943,#224,.T.);
#1543=EDGE_CURVE('',#1943,#1944,#225,.T.);
#1544=EDGE_CURVE('',#1945,#1944,#2085,.T.);
#1545=EDGE_CURVE('',#1936,#1945,#399,.T.);
#1546=EDGE_CURVE('',#1946,#1947,#400,.F.);
#1547=EDGE_CURVE('',#1948,#1946,#2086,.T.);
#1548=EDGE_CURVE('',#1949,#1948,#226,.T.);
#1549=EDGE_CURVE('',#1950,#1949,#227,.T.);
#1550=EDGE_CURVE('',#1950,#1951,#2087,.T.);
#1551=EDGE_CURVE('',#1947,#1951,#401,.F.);
#1552=EDGE_CURVE('',#1952,#1947,#402,.T.);
#1553=EDGE_CURVE('',#1952,#1953,#2088,.T.);
#1554=EDGE_CURVE('',#1953,#1954,#228,.T.);
#1555=EDGE_CURVE('',#1954,#1955,#229,.T.);
#1556=EDGE_CURVE('',#1956,#1955,#2089,.T.);
#1557=EDGE_CURVE('',#1947,#1956,#403,.T.);
#1558=EDGE_CURVE('',#1957,#1958,#404,.T.);
#1559=EDGE_CURVE('',#1959,#1957,#2090,.T.);
#1560=EDGE_CURVE('',#1960,#1959,#230,.T.);
#1561=EDGE_CURVE('',#1961,#1960,#231,.T.);
#1562=EDGE_CURVE('',#1961,#1962,#2091,.T.);
#1563=EDGE_CURVE('',#1958,#1962,#405,.T.);
#1564=EDGE_CURVE('',#1963,#1958,#406,.T.);
#1565=EDGE_CURVE('',#1963,#1964,#2092,.T.);
#1566=EDGE_CURVE('',#1964,#1965,#232,.T.);
#1567=EDGE_CURVE('',#1965,#1966,#233,.T.);
#1568=EDGE_CURVE('',#1967,#1966,#2093,.T.);
#1569=EDGE_CURVE('',#1958,#1967,#407,.T.);
#1570=EDGE_CURVE('',#1968,#1969,#408,.T.);
#1571=EDGE_CURVE('',#1970,#1968,#2094,.T.);
#1572=EDGE_CURVE('',#1971,#1970,#234,.T.);
#1573=EDGE_CURVE('',#1972,#1971,#235,.T.);
#1574=EDGE_CURVE('',#1972,#1973,#2095,.T.);
#1575=EDGE_CURVE('',#1969,#1973,#409,.T.);
#1576=EDGE_CURVE('',#1974,#1969,#410,.T.);
#1577=EDGE_CURVE('',#1974,#1975,#2096,.T.);
#1578=EDGE_CURVE('',#1975,#1976,#236,.T.);
#1579=EDGE_CURVE('',#1976,#1977,#237,.T.);
#1580=EDGE_CURVE('',#1978,#1977,#2097,.T.);
#1581=EDGE_CURVE('',#1969,#1978,#411,.T.);
#1582=EDGE_CURVE('',#1979,#1980,#412,.T.);
#1583=EDGE_CURVE('',#1981,#1979,#2098,.T.);
#1584=EDGE_CURVE('',#1982,#1981,#238,.T.);
#1585=EDGE_CURVE('',#1983,#1982,#239,.T.);
#1586=EDGE_CURVE('',#1983,#1984,#2099,.T.);
#1587=EDGE_CURVE('',#1980,#1984,#413,.T.);
#1588=EDGE_CURVE('',#1985,#1980,#414,.T.);
#1589=EDGE_CURVE('',#1985,#1986,#2100,.T.);
#1590=EDGE_CURVE('',#1986,#1987,#240,.T.);
#1591=EDGE_CURVE('',#1987,#1988,#241,.T.);
#1592=EDGE_CURVE('',#1989,#1988,#2101,.T.);
#1593=EDGE_CURVE('',#1980,#1989,#415,.T.);
#1594=EDGE_CURVE('',#1830,#1979,#416,.T.);
#1595=EDGE_CURVE('',#1981,#1829,#242,.F.);
#1596=EDGE_CURVE('',#1989,#1831,#417,.T.);
#1597=EDGE_CURVE('',#1988,#1832,#243,.T.);
#1598=EDGE_CURVE('',#1825,#1841,#418,.T.);
#1599=EDGE_CURVE('',#1840,#1827,#244,.T.);
#1600=EDGE_CURVE('',#1842,#1835,#419,.T.);
#1601=EDGE_CURVE('',#1843,#1834,#245,.T.);
#1602=EDGE_CURVE('',#1836,#1852,#420,.T.);
#1603=EDGE_CURVE('',#1851,#1838,#246,.T.);
#1604=EDGE_CURVE('',#1853,#1846,#421,.T.);
#1605=EDGE_CURVE('',#1854,#1845,#247,.T.);
#1606=EDGE_CURVE('',#1847,#1863,#422,.T.);
#1607=EDGE_CURVE('',#1862,#1849,#248,.T.);
#1608=EDGE_CURVE('',#1864,#1857,#423,.T.);
#1609=EDGE_CURVE('',#1865,#1856,#249,.T.);
#1610=EDGE_CURVE('',#1858,#1874,#424,.T.);
#1611=EDGE_CURVE('',#1873,#1860,#250,.T.);
#1612=EDGE_CURVE('',#1875,#1868,#425,.T.);
#1613=EDGE_CURVE('',#1876,#1867,#251,.T.);
#1614=EDGE_CURVE('',#1869,#1885,#426,.T.);
#1615=EDGE_CURVE('',#1884,#1871,#252,.T.);
#1616=EDGE_CURVE('',#1886,#1879,#427,.T.);
#1617=EDGE_CURVE('',#1887,#1878,#253,.T.);
#1618=EDGE_CURVE('',#1880,#1896,#428,.T.);
#1619=EDGE_CURVE('',#1895,#1882,#254,.T.);
#1620=EDGE_CURVE('',#1897,#1890,#429,.T.);
#1621=EDGE_CURVE('',#1898,#1889,#255,.T.);
#1622=EDGE_CURVE('',#1891,#1907,#430,.T.);
#1623=EDGE_CURVE('',#1906,#1893,#256,.T.);
#1624=EDGE_CURVE('',#1908,#1901,#431,.T.);
#1625=EDGE_CURVE('',#1909,#1900,#257,.T.);
#1626=EDGE_CURVE('',#1902,#1918,#432,.T.);
#1627=EDGE_CURVE('',#1917,#1904,#258,.T.);
#1628=EDGE_CURVE('',#1919,#1912,#433,.T.);
#1629=EDGE_CURVE('',#1920,#1911,#259,.T.);
#1630=EDGE_CURVE('',#1913,#1929,#434,.T.);
#1631=EDGE_CURVE('',#1928,#1915,#260,.T.);
#1632=EDGE_CURVE('',#1930,#1923,#435,.T.);
#1633=EDGE_CURVE('',#1931,#1922,#261,.T.);
#1634=EDGE_CURVE('',#1924,#1940,#436,.T.);
#1635=EDGE_CURVE('',#1939,#1926,#262,.T.);
#1636=EDGE_CURVE('',#1941,#1934,#437,.T.);
#1637=EDGE_CURVE('',#1942,#1933,#263,.T.);
#1638=EDGE_CURVE('',#1935,#1951,#438,.T.);
#1639=EDGE_CURVE('',#1950,#1937,#264,.T.);
#1640=EDGE_CURVE('',#1952,#1945,#439,.T.);
#1641=EDGE_CURVE('',#1953,#1944,#265,.T.);
#1642=EDGE_CURVE('',#1946,#1962,#440,.T.);
#1643=EDGE_CURVE('',#1961,#1948,#266,.T.);
#1644=EDGE_CURVE('',#1963,#1956,#441,.T.);
#1645=EDGE_CURVE('',#1964,#1955,#267,.T.);
#1646=EDGE_CURVE('',#1957,#1973,#442,.T.);
#1647=EDGE_CURVE('',#1972,#1959,#268,.T.);
#1648=EDGE_CURVE('',#1974,#1967,#443,.T.);
#1649=EDGE_CURVE('',#1975,#1966,#269,.T.);
#1650=EDGE_CURVE('',#1968,#1984,#444,.T.);
#1651=EDGE_CURVE('',#1983,#1970,#270,.T.);
#1652=EDGE_CURVE('',#1985,#1978,#445,.T.);
#1653=EDGE_CURVE('',#1986,#1977,#271,.T.);
#1654=EDGE_CURVE('',#1819,#1818,#446,.T.);
#1655=EDGE_CURVE('',#1990,#1990,#272,.T.);
#1656=EDGE_CURVE('',#1991,#1991,#273,.T.);
#1657=EDGE_CURVE('',#1833,#1987,#274,.T.);
#1658=EDGE_CURVE('',#1987,#1976,#275,.T.);
#1659=EDGE_CURVE('',#1976,#1965,#276,.T.);
#1660=EDGE_CURVE('',#1965,#1954,#277,.T.);
#1661=EDGE_CURVE('',#1954,#1943,#278,.T.);
#1662=EDGE_CURVE('',#1943,#1932,#279,.T.);
#1663=EDGE_CURVE('',#1932,#1921,#280,.T.);
#1664=EDGE_CURVE('',#1921,#1910,#281,.T.);
#1665=EDGE_CURVE('',#1910,#1899,#282,.T.);
#1666=EDGE_CURVE('',#1899,#1888,#283,.T.);
#1667=EDGE_CURVE('',#1888,#1877,#284,.T.);
#1668=EDGE_CURVE('',#1877,#1866,#285,.T.);
#1669=EDGE_CURVE('',#1866,#1855,#286,.T.);
#1670=EDGE_CURVE('',#1855,#1844,#287,.T.);
#1671=EDGE_CURVE('',#1844,#1833,#288,.T.);
#1672=EDGE_CURVE('',#1992,#1992,#289,.T.);
#1673=EDGE_CURVE('',#1802,#1789,#290,.T.);
#1674=EDGE_CURVE('',#1794,#1798,#51,.F.);
#1675=EDGE_CURVE('',#1993,#1993,#291,.T.);
#1676=EDGE_CURVE('',#1828,#1982,#292,.T.);
#1677=EDGE_CURVE('',#1839,#1828,#293,.T.);
#1678=EDGE_CURVE('',#1850,#1839,#294,.T.);
#1679=EDGE_CURVE('',#1861,#1850,#295,.T.);
#1680=EDGE_CURVE('',#1872,#1861,#296,.T.);
#1681=EDGE_CURVE('',#1883,#1872,#297,.T.);
#1682=EDGE_CURVE('',#1894,#1883,#298,.T.);
#1683=EDGE_CURVE('',#1905,#1894,#299,.T.);
#1684=EDGE_CURVE('',#1916,#1905,#300,.T.);
#1685=EDGE_CURVE('',#1927,#1916,#301,.T.);
#1686=EDGE_CURVE('',#1938,#1927,#302,.T.);
#1687=EDGE_CURVE('',#1949,#1938,#303,.T.);
#1688=EDGE_CURVE('',#1960,#1949,#304,.T.);
#1689=EDGE_CURVE('',#1971,#1960,#305,.T.);
#1690=EDGE_CURVE('',#1982,#1971,#306,.T.);
#1691=EDGE_CURVE('',#1980,#1969,#307,.T.);
#1692=EDGE_CURVE('',#1969,#1958,#308,.T.);
#1693=EDGE_CURVE('',#1958,#1947,#309,.T.);
#1694=EDGE_CURVE('',#1947,#1936,#310,.T.);
#1695=EDGE_CURVE('',#1936,#1925,#311,.T.);
#1696=EDGE_CURVE('',#1925,#1914,#312,.T.);
#1697=EDGE_CURVE('',#1914,#1903,#313,.T.);
#1698=EDGE_CURVE('',#1903,#1892,#314,.T.);
#1699=EDGE_CURVE('',#1892,#1881,#315,.T.);
#1700=EDGE_CURVE('',#1881,#1870,#316,.T.);
#1701=EDGE_CURVE('',#1870,#1859,#317,.T.);
#1702=EDGE_CURVE('',#1859,#1848,#318,.T.);
#1703=EDGE_CURVE('',#1848,#1837,#319,.T.);
#1704=EDGE_CURVE('',#1837,#1826,#320,.T.);
#1705=EDGE_CURVE('',#1826,#1980,#321,.T.);
#1706=EDGE_CURVE('',#1994,#1780,#322,.F.);
#1707=EDGE_CURVE('',#1813,#1994,#2102,.F.);
#1708=EDGE_CURVE('',#1812,#1765,#2103,.T.);
#1709=EDGE_CURVE('',#1811,#1766,#2104,.T.);
#1710=EDGE_CURVE('',#1823,#1995,#323,.F.);
#1711=EDGE_CURVE('',#1995,#1810,#2105,.T.);
#1712=EDGE_CURVE('',#1824,#1996,#324,.T.);
#1713=EDGE_CURVE('',#1996,#1809,#2106,.T.);
#1714=EDGE_CURVE('',#1808,#1769,#2107,.T.);
#1715=EDGE_CURVE('',#1807,#1770,#2108,.T.);
#1716=EDGE_CURVE('',#1805,#1997,#2109,.F.);
#1717=EDGE_CURVE('',#1997,#1779,#325,.T.);
#1718=EDGE_CURVE('',#1781,#1998,#326,.F.);
#1719=EDGE_CURVE('',#1815,#1762,#2110,.T.);
#1720=EDGE_CURVE('',#1998,#1814,#2111,.T.);
#1721=EDGE_CURVE('',#1816,#1793,#2112,.T.);
#1722=EDGE_CURVE('',#1817,#1792,#2113,.T.);
#1723=EDGE_CURVE('',#1820,#1797,#2114,.T.);
#1724=EDGE_CURVE('',#1821,#1796,#2115,.T.);
#1725=EDGE_CURVE('',#1822,#1773,#2116,.T.);
#1726=EDGE_CURVE('',#1778,#1999,#327,.T.);
#1727=EDGE_CURVE('',#1999,#1806,#2117,.T.);
#1728=EDGE_CURVE('',#1997,#1999,#328,.F.);
#1729=EDGE_CURVE('',#1998,#1994,#329,.F.);
#1730=EDGE_CURVE('',#1995,#1996,#330,.F.);
#1731=EDGE_CURVE('',#1795,#1752,#2118,.T.);
#1732=EDGE_CURVE('',#1801,#1744,#331,.T.);
#1733=EDGE_CURVE('',#1738,#1751,#332,.F.);
#1734=EDGE_CURVE('',#1754,#1743,#333,.F.);
#1735=EDGE_CURVE('',#1746,#1759,#334,.F.);
#1736=EDGE_CURVE('',#2000,#2000,#335,.F.);
#1737=VERTEX_POINT('',#4073);
#1738=VERTEX_POINT('',#4074);
#1739=VERTEX_POINT('',#4076);
#1740=VERTEX_POINT('',#4081);
#1741=VERTEX_POINT('',#4085);
#1742=VERTEX_POINT('',#4086);
#1743=VERTEX_POINT('',#4088);
#1744=VERTEX_POINT('',#4090);
#1745=VERTEX_POINT('',#4097);
#1746=VERTEX_POINT('',#4098);
#1747=VERTEX_POINT('',#4100);
#1748=VERTEX_POINT('',#4105);
#1749=VERTEX_POINT('',#4109);
#1750=VERTEX_POINT('',#4110);
#1751=VERTEX_POINT('',#4112);
#1752=VERTEX_POINT('',#4114);
#1753=VERTEX_POINT('',#4118);
#1754=VERTEX_POINT('',#4119);
#1755=VERTEX_POINT('',#4121);
#1756=VERTEX_POINT('',#4123);
#1757=VERTEX_POINT('',#4127);
#1758=VERTEX_POINT('',#4128);
#1759=VERTEX_POINT('',#4130);
#1760=VERTEX_POINT('',#4132);
#1761=VERTEX_POINT('',#4140);
#1762=VERTEX_POINT('',#4142);
#1763=VERTEX_POINT('',#4144);
#1764=VERTEX_POINT('',#4146);
#1765=VERTEX_POINT('',#4148);
#1766=VERTEX_POINT('',#4150);
#1767=VERTEX_POINT('',#4152);
#1768=VERTEX_POINT('',#4154);
#1769=VERTEX_POINT('',#4156);
#1770=VERTEX_POINT('',#4158);
#1771=VERTEX_POINT('',#4160);
#1772=VERTEX_POINT('',#4162);
#1773=VERTEX_POINT('',#4164);
#1774=VERTEX_POINT('',#4166);
#1775=VERTEX_POINT('',#4170);
#1776=VERTEX_POINT('',#4174);
#1777=VERTEX_POINT('',#4177);
#1778=VERTEX_POINT('',#4180);
#1779=VERTEX_POINT('',#4182);
#1780=VERTEX_POINT('',#4186);
#1781=VERTEX_POINT('',#4188);
#1782=VERTEX_POINT('',#4192);
#1783=VERTEX_POINT('',#4194);
#1784=VERTEX_POINT('',#4204);
#1785=VERTEX_POINT('',#4205);
#1786=VERTEX_POINT('',#4213);
#1787=VERTEX_POINT('',#4215);
#1788=VERTEX_POINT('',#4239);
#1789=VERTEX_POINT('',#4255);
#1790=VERTEX_POINT('',#4257);
#1791=VERTEX_POINT('',#4259);
#1792=VERTEX_POINT('',#4266);
#1793=VERTEX_POINT('',#4267);
#1794=VERTEX_POINT('',#4274);
#1795=VERTEX_POINT('',#4276);
#1796=VERTEX_POINT('',#4282);
#1797=VERTEX_POINT('',#4287);
#1798=VERTEX_POINT('',#4304);
#1799=VERTEX_POINT('',#4306);
#1800=VERTEX_POINT('',#4316);
#1801=VERTEX_POINT('',#4405);
#1802=VERTEX_POINT('',#4406);
#1803=VERTEX_POINT('',#4418);
#1804=VERTEX_POINT('',#4420);
#1805=VERTEX_POINT('',#4424);
#1806=VERTEX_POINT('',#4425);
#1807=VERTEX_POINT('',#4427);
#1808=VERTEX_POINT('',#4429);
#1809=VERTEX_POINT('',#4431);
#1810=VERTEX_POINT('',#4433);
#1811=VERTEX_POINT('',#4435);
#1812=VERTEX_POINT('',#4437);
#1813=VERTEX_POINT('',#4439);
#1814=VERTEX_POINT('',#4441);
#1815=VERTEX_POINT('',#4443);
#1816=VERTEX_POINT('',#4445);
#1817=VERTEX_POINT('',#4447);
#1818=VERTEX_POINT('',#4449);
#1819=VERTEX_POINT('',#4451);
#1820=VERTEX_POINT('',#4453);
#1821=VERTEX_POINT('',#4455);
#1822=VERTEX_POINT('',#4457);
#1823=VERTEX_POINT('',#4461);
#1824=VERTEX_POINT('',#4463);
#1825=VERTEX_POINT('',#4470);
#1826=VERTEX_POINT('',#4471);
#1827=VERTEX_POINT('',#4473);
#1828=VERTEX_POINT('',#4475);
#1829=VERTEX_POINT('',#4477);
#1830=VERTEX_POINT('',#4479);
#1831=VERTEX_POINT('',#4489);
#1832=VERTEX_POINT('',#4491);
#1833=VERTEX_POINT('',#4493);
#1834=VERTEX_POINT('',#4495);
#1835=VERTEX_POINT('',#4497);
#1836=VERTEX_POINT('',#4507);
#1837=VERTEX_POINT('',#4508);
#1838=VERTEX_POINT('',#4510);
#1839=VERTEX_POINT('',#4512);
#1840=VERTEX_POINT('',#4514);
#1841=VERTEX_POINT('',#4516);
#1842=VERTEX_POINT('',#4526);
#1843=VERTEX_POINT('',#4528);
#1844=VERTEX_POINT('',#4530);
#1845=VERTEX_POINT('',#4532);
#1846=VERTEX_POINT('',#4534);
#1847=VERTEX_POINT('',#4544);
#1848=VERTEX_POINT('',#4545);
#1849=VERTEX_POINT('',#4547);
#1850=VERTEX_POINT('',#4549);
#1851=VERTEX_POINT('',#4551);
#1852=VERTEX_POINT('',#4553);
#1853=VERTEX_POINT('',#4563);
#1854=VERTEX_POINT('',#4565);
#1855=VERTEX_POINT('',#4567);
#1856=VERTEX_POINT('',#4569);
#1857=VERTEX_POINT('',#4571);
#1858=VERTEX_POINT('',#4581);
#1859=VERTEX_POINT('',#4582);
#1860=VERTEX_POINT('',#4584);
#1861=VERTEX_POINT('',#4586);
#1862=VERTEX_POINT('',#4588);
#1863=VERTEX_POINT('',#4590);
#1864=VERTEX_POINT('',#4600);
#1865=VERTEX_POINT('',#4602);
#1866=VERTEX_POINT('',#4604);
#1867=VERTEX_POINT('',#4606);
#1868=VERTEX_POINT('',#4608);
#1869=VERTEX_POINT('',#4618);
#1870=VERTEX_POINT('',#4619);
#1871=VERTEX_POINT('',#4621);
#1872=VERTEX_POINT('',#4623);
#1873=VERTEX_POINT('',#4625);
#1874=VERTEX_POINT('',#4627);
#1875=VERTEX_POINT('',#4637);
#1876=VERTEX_POINT('',#4639);
#1877=VERTEX_POINT('',#4641);
#1878=VERTEX_POINT('',#4643);
#1879=VERTEX_POINT('',#4645);
#1880=VERTEX_POINT('',#4655);
#1881=VERTEX_POINT('',#4656);
#1882=VERTEX_POINT('',#4658);
#1883=VERTEX_POINT('',#4660);
#1884=VERTEX_POINT('',#4662);
#1885=VERTEX_POINT('',#4664);
#1886=VERTEX_POINT('',#4674);
#1887=VERTEX_POINT('',#4676);
#1888=VERTEX_POINT('',#4678);
#1889=VERTEX_POINT('',#4680);
#1890=VERTEX_POINT('',#4682);
#1891=VERTEX_POINT('',#4692);
#1892=VERTEX_POINT('',#4693);
#1893=VERTEX_POINT('',#4695);
#1894=VERTEX_POINT('',#4697);
#1895=VERTEX_POINT('',#4699);
#1896=VERTEX_POINT('',#4701);
#1897=VERTEX_POINT('',#4711);
#1898=VERTEX_POINT('',#4713);
#1899=VERTEX_POINT('',#4715);
#1900=VERTEX_POINT('',#4717);
#1901=VERTEX_POINT('',#4719);
#1902=VERTEX_POINT('',#4729);
#1903=VERTEX_POINT('',#4730);
#1904=VERTEX_POINT('',#4732);
#1905=VERTEX_POINT('',#4734);
#1906=VERTEX_POINT('',#4736);
#1907=VERTEX_POINT('',#4738);
#1908=VERTEX_POINT('',#4748);
#1909=VERTEX_POINT('',#4750);
#1910=VERTEX_POINT('',#4752);
#1911=VERTEX_POINT('',#4754);
#1912=VERTEX_POINT('',#4756);
#1913=VERTEX_POINT('',#4766);
#1914=VERTEX_POINT('',#4767);
#1915=VERTEX_POINT('',#4769);
#1916=VERTEX_POINT('',#4771);
#1917=VERTEX_POINT('',#4773);
#1918=VERTEX_POINT('',#4775);
#1919=VERTEX_POINT('',#4785);
#1920=VERTEX_POINT('',#4787);
#1921=VERTEX_POINT('',#4789);
#1922=VERTEX_POINT('',#4791);
#1923=VERTEX_POINT('',#4793);
#1924=VERTEX_POINT('',#4803);
#1925=VERTEX_POINT('',#4804);
#1926=VERTEX_POINT('',#4806);
#1927=VERTEX_POINT('',#4808);
#1928=VERTEX_POINT('',#4810);
#1929=VERTEX_POINT('',#4812);
#1930=VERTEX_POINT('',#4822);
#1931=VERTEX_POINT('',#4824);
#1932=VERTEX_POINT('',#4826);
#1933=VERTEX_POINT('',#4828);
#1934=VERTEX_POINT('',#4830);
#1935=VERTEX_POINT('',#4840);
#1936=VERTEX_POINT('',#4841);
#1937=VERTEX_POINT('',#4843);
#1938=VERTEX_POINT('',#4845);
#1939=VERTEX_POINT('',#4847);
#1940=VERTEX_POINT('',#4849);
#1941=VERTEX_POINT('',#4859);
#1942=VERTEX_POINT('',#4861);
#1943=VERTEX_POINT('',#4863);
#1944=VERTEX_POINT('',#4865);
#1945=VERTEX_POINT('',#4867);
#1946=VERTEX_POINT('',#4877);
#1947=VERTEX_POINT('',#4878);
#1948=VERTEX_POINT('',#4880);
#1949=VERTEX_POINT('',#4882);
#1950=VERTEX_POINT('',#4884);
#1951=VERTEX_POINT('',#4886);
#1952=VERTEX_POINT('',#4896);
#1953=VERTEX_POINT('',#4898);
#1954=VERTEX_POINT('',#4900);
#1955=VERTEX_POINT('',#4902);
#1956=VERTEX_POINT('',#4904);
#1957=VERTEX_POINT('',#4914);
#1958=VERTEX_POINT('',#4915);
#1959=VERTEX_POINT('',#4917);
#1960=VERTEX_POINT('',#4919);
#1961=VERTEX_POINT('',#4921);
#1962=VERTEX_POINT('',#4923);
#1963=VERTEX_POINT('',#4933);
#1964=VERTEX_POINT('',#4935);
#1965=VERTEX_POINT('',#4937);
#1966=VERTEX_POINT('',#4939);
#1967=VERTEX_POINT('',#4941);
#1968=VERTEX_POINT('',#4951);
#1969=VERTEX_POINT('',#4952);
#1970=VERTEX_POINT('',#4954);
#1971=VERTEX_POINT('',#4956);
#1972=VERTEX_POINT('',#4958);
#1973=VERTEX_POINT('',#4960);
#1974=VERTEX_POINT('',#4970);
#1975=VERTEX_POINT('',#4972);
#1976=VERTEX_POINT('',#4974);
#1977=VERTEX_POINT('',#4976);
#1978=VERTEX_POINT('',#4978);
#1979=VERTEX_POINT('',#4988);
#1980=VERTEX_POINT('',#4989);
#1981=VERTEX_POINT('',#4991);
#1982=VERTEX_POINT('',#4993);
#1983=VERTEX_POINT('',#4995);
#1984=VERTEX_POINT('',#4997);
#1985=VERTEX_POINT('',#5007);
#1986=VERTEX_POINT('',#5009);
#1987=VERTEX_POINT('',#5011);
#1988=VERTEX_POINT('',#5013);
#1989=VERTEX_POINT('',#5015);
#1990=VERTEX_POINT('',#5303);
#1991=VERTEX_POINT('',#5306);
#1992=VERTEX_POINT('',#5324);
#1993=VERTEX_POINT('',#5329);
#1994=VERTEX_POINT('',#5424);
#1995=VERTEX_POINT('',#5431);
#1996=VERTEX_POINT('',#5435);
#1997=VERTEX_POINT('',#5442);
#1998=VERTEX_POINT('',#5446);
#1999=VERTEX_POINT('',#5461);
#2000=VERTEX_POINT('',#5481);
#2001=LINE('',#4072,#2119);
#2002=LINE('',#4075,#2120);
#2003=LINE('',#4082,#2121);
#2004=LINE('',#4084,#2122);
#2005=LINE('',#4087,#2123);
#2006=LINE('',#4089,#2124);
#2007=LINE('',#4096,#2125);
#2008=LINE('',#4099,#2126);
#2009=LINE('',#4106,#2127);
#2010=LINE('',#4108,#2128);
#2011=LINE('',#4111,#2129);
#2012=LINE('',#4113,#2130);
#2013=LINE('',#4115,#2131);
#2014=LINE('',#4117,#2132);
#2015=LINE('',#4120,#2133);
#2016=LINE('',#4122,#2134);
#2017=LINE('',#4124,#2135);
#2018=LINE('',#4126,#2136);
#2019=LINE('',#4129,#2137);
#2020=LINE('',#4131,#2138);
#2021=LINE('',#4141,#2139);
#2022=LINE('',#4165,#2140);
#2023=LINE('',#4169,#2141);
#2024=LINE('',#4175,#2142);
#2025=LINE('',#4179,#2143);
#2026=LINE('',#4181,#2144);
#2027=LINE('',#4185,#2145);
#2028=LINE('',#4187,#2146);
#2029=LINE('',#4191,#2147);
#2030=LINE('',#4193,#2148);
#2031=LINE('',#4203,#2149);
#2032=LINE('',#4214,#2150);
#2033=LINE('',#4258,#2151);
#2034=LINE('',#4260,#2152);
#2035=LINE('',#4275,#2153);
#2036=LINE('',#4419,#2154);
#2037=LINE('',#4444,#2155);
#2038=LINE('',#4456,#2156);
#2039=LINE('',#4460,#2157);
#2040=LINE('',#4462,#2158);
#2041=LINE('',#4464,#2159);
#2042=LINE('',#4472,#2160);
#2043=LINE('',#4478,#2161);
#2044=LINE('',#4490,#2162);
#2045=LINE('',#4496,#2163);
#2046=LINE('',#4509,#2164);
#2047=LINE('',#4515,#2165);
#2048=LINE('',#4527,#2166);
#2049=LINE('',#4533,#2167);
#2050=LINE('',#4546,#2168);
#2051=LINE('',#4552,#2169);
#2052=LINE('',#4564,#2170);
#2053=LINE('',#4570,#2171);
#2054=LINE('',#4583,#2172);
#2055=LINE('',#4589,#2173);
#2056=LINE('',#4601,#2174);
#2057=LINE('',#4607,#2175);
#2058=LINE('',#4620,#2176);
#2059=LINE('',#4626,#2177);
#2060=LINE('',#4638,#2178);
#2061=LINE('',#4644,#2179);
#2062=LINE('',#4657,#2180);
#2063=LINE('',#4663,#2181);
#2064=LINE('',#4675,#2182);
#2065=LINE('',#4681,#2183);
#2066=LINE('',#4694,#2184);
#2067=LINE('',#4700,#2185);
#2068=LINE('',#4712,#2186);
#2069=LINE('',#4718,#2187);
#2070=LINE('',#4731,#2188);
#2071=LINE('',#4737,#2189);
#2072=LINE('',#4749,#2190);
#2073=LINE('',#4755,#2191);
#2074=LINE('',#4768,#2192);
#2075=LINE('',#4774,#2193);
#2076=LINE('',#4786,#2194);
#2077=LINE('',#4792,#2195);
#2078=LINE('',#4805,#2196);
#2079=LINE('',#4811,#2197);
#2080=LINE('',#4823,#2198);
#2081=LINE('',#4829,#2199);
#2082=LINE('',#4842,#2200);
#2083=LINE('',#4848,#2201);
#2084=LINE('',#4860,#2202);
#2085=LINE('',#4866,#2203);
#2086=LINE('',#4879,#2204);
#2087=LINE('',#4885,#2205);
#2088=LINE('',#4897,#2206);
#2089=LINE('',#4903,#2207);
#2090=LINE('',#4916,#2208);
#2091=LINE('',#4922,#2209);
#2092=LINE('',#4934,#2210);
#2093=LINE('',#4940,#2211);
#2094=LINE('',#4953,#2212);
#2095=LINE('',#4959,#2213);
#2096=LINE('',#4971,#2214);
#2097=LINE('',#4977,#2215);
#2098=LINE('',#4990,#2216);
#2099=LINE('',#4996,#2217);
#2100=LINE('',#5008,#2218);
#2101=LINE('',#5014,#2219);
#2102=LINE('',#5425,#2220);
#2103=LINE('',#5426,#2221);
#2104=LINE('',#5428,#2222);
#2105=LINE('',#5432,#2223);
#2106=LINE('',#5436,#2224);
#2107=LINE('',#5437,#2225);
#2108=LINE('',#5439,#2226);
#2109=LINE('',#5441,#2227);
#2110=LINE('',#5447,#2228);
#2111=LINE('',#5448,#2229);
#2112=LINE('',#5450,#2230);
#2113=LINE('',#5452,#2231);
#2114=LINE('',#5454,#2232);
#2115=LINE('',#5456,#2233);
#2116=LINE('',#5458,#2234);
#2117=LINE('',#5462,#2235);
#2118=LINE('',#5473,#2236);
#2119=VECTOR('',#3212,1.);
#2120=VECTOR('',#3213,1.);
#2121=VECTOR('',#3214,1.);
#2122=VECTOR('',#3217,1.);
#2123=VECTOR('',#3218,1.);
#2124=VECTOR('',#3219,1.);
#2125=VECTOR('',#3222,1.);
#2126=VECTOR('',#3223,1.);
#2127=VECTOR('',#3224,1.);
#2128=VECTOR('',#3227,1.);
#2129=VECTOR('',#3228,1.);
#2130=VECTOR('',#3229,1.);
#2131=VECTOR('',#3230,1.);
#2132=VECTOR('',#3233,1.);
#2133=VECTOR('',#3234,1.);
#2134=VECTOR('',#3235,1.);
#2135=VECTOR('',#3236,1.);
#2136=VECTOR('',#3239,1.);
#2137=VECTOR('',#3240,1.);
#2138=VECTOR('',#3241,1.);
#2139=VECTOR('',#3248,1.);
#2140=VECTOR('',#3271,1.);
#2141=VECTOR('',#3276,1.);
#2142=VECTOR('',#3283,1.);
#2143=VECTOR('',#3288,1.);
#2144=VECTOR('',#3289,1.);
#2145=VECTOR('',#3294,1.);
#2146=VECTOR('',#3295,1.);
#2147=VECTOR('',#3300,1.);
#2148=VECTOR('',#3301,1.);
#2149=VECTOR('',#3304,1.);
#2150=VECTOR('',#3305,1.);
#2151=VECTOR('',#3314,1.);
#2152=VECTOR('',#3315,1.);
#2153=VECTOR('',#3322,1.);
#2154=VECTOR('',#3335,1.);
#2155=VECTOR('',#3360,1.);
#2156=VECTOR('',#3371,1.);
#2157=VECTOR('',#3376,1.);
#2158=VECTOR('',#3377,1.);
#2159=VECTOR('',#3378,1.);
#2160=VECTOR('',#3381,1.);
#2161=VECTOR('',#3386,1.);
#2162=VECTOR('',#3389,1.);
#2163=VECTOR('',#3394,1.);
#2164=VECTOR('',#3397,1.);
#2165=VECTOR('',#3402,1.);
#2166=VECTOR('',#3405,1.);
#2167=VECTOR('',#3410,1.);
#2168=VECTOR('',#3413,1.);
#2169=VECTOR('',#3418,1.);
#2170=VECTOR('',#3421,1.);
#2171=VECTOR('',#3426,1.);
#2172=VECTOR('',#3429,1.);
#2173=VECTOR('',#3434,1.);
#2174=VECTOR('',#3437,1.);
#2175=VECTOR('',#3442,1.);
#2176=VECTOR('',#3445,1.);
#2177=VECTOR('',#3450,1.);
#2178=VECTOR('',#3453,1.);
#2179=VECTOR('',#3458,1.);
#2180=VECTOR('',#3461,1.);
#2181=VECTOR('',#3466,1.);
#2182=VECTOR('',#3469,1.);
#2183=VECTOR('',#3474,1.);
#2184=VECTOR('',#3477,1.);
#2185=VECTOR('',#3482,1.);
#2186=VECTOR('',#3485,1.);
#2187=VECTOR('',#3490,1.);
#2188=VECTOR('',#3493,1.);
#2189=VECTOR('',#3498,1.);
#2190=VECTOR('',#3501,1.);
#2191=VECTOR('',#3506,1.);
#2192=VECTOR('',#3509,1.);
#2193=VECTOR('',#3514,1.);
#2194=VECTOR('',#3517,1.);
#2195=VECTOR('',#3522,1.);
#2196=VECTOR('',#3525,1.);
#2197=VECTOR('',#3530,1.);
#2198=VECTOR('',#3533,1.);
#2199=VECTOR('',#3538,1.);
#2200=VECTOR('',#3541,1.);
#2201=VECTOR('',#3546,1.);
#2202=VECTOR('',#3549,1.);
#2203=VECTOR('',#3554,1.);
#2204=VECTOR('',#3557,1.);
#2205=VECTOR('',#3562,1.);
#2206=VECTOR('',#3565,1.);
#2207=VECTOR('',#3570,1.);
#2208=VECTOR('',#3573,1.);
#2209=VECTOR('',#3578,1.);
#2210=VECTOR('',#3581,1.);
#2211=VECTOR('',#3586,1.);
#2212=VECTOR('',#3589,1.);
#2213=VECTOR('',#3594,1.);
#2214=VECTOR('',#3597,1.);
#2215=VECTOR('',#3602,1.);
#2216=VECTOR('',#3605,1.);
#2217=VECTOR('',#3610,1.);
#2218=VECTOR('',#3613,1.);
#2219=VECTOR('',#3618,1.);
#2220=VECTOR('',#3977,1.);
#2221=VECTOR('',#3978,1.);
#2222=VECTOR('',#3981,1.);
#2223=VECTOR('',#3986,1.);
#2224=VECTOR('',#3991,1.);
#2225=VECTOR('',#3992,1.);
#2226=VECTOR('',#3995,1.);
#2227=VECTOR('',#3998,1.);
#2228=VECTOR('',#4005,1.);
#2229=VECTOR('',#4006,1.);
#2230=VECTOR('',#4009,1.);
#2231=VECTOR('',#4012,1.);
#2232=VECTOR('',#4015,1.);
#2233=VECTOR('',#4018,1.);
#2234=VECTOR('',#4021,1.);
#2235=VECTOR('',#4026,1.);
#2236=VECTOR('',#4047,1.);
#2237=EDGE_LOOP('',(#447,#448,#449,#450));
#2238=EDGE_LOOP('',(#451,#452,#453,#454));
#2239=EDGE_LOOP('',(#455,#456,#457,#458));
#2240=EDGE_LOOP('',(#459,#460,#461,#462));
#2241=EDGE_LOOP('',(#463,#464,#465,#466));
#2242=EDGE_LOOP('',(#467,#468,#469,#470));
#2243=EDGE_LOOP('',(#471,#472,#473,#474,#475,#476,#477,#478,#479,#480,#481,
#482,#483,#484,#485,#486,#487,#488));
#2244=EDGE_LOOP('',(#489,#490,#491,#492,#493));
#2245=EDGE_LOOP('',(#494,#495,#496,#497,#498));
#2246=EDGE_LOOP('',(#499));
#2247=EDGE_LOOP('',(#500,#501,#502,#503));
#2248=EDGE_LOOP('',(#504,#505,#506,#507));
#2249=EDGE_LOOP('',(#508,#509,#510,#511));
#2250=EDGE_LOOP('',(#512,#513,#514,#515));
#2251=EDGE_LOOP('',(#516));
#2252=EDGE_LOOP('',(#517,#518,#519,#520));
#2253=EDGE_LOOP('',(#521,#522,#523,#524,#525,#526));
#2254=EDGE_LOOP('',(#527,#528,#529,#530,#531,#532,#533,#534,#535,#536,#537,
#538,#539,#540));
#2255=EDGE_LOOP('',(#541,#542,#543,#544,#545,#546));
#2256=EDGE_LOOP('',(#547));
#2257=EDGE_LOOP('',(#548,#549,#550,#551));
#2258=EDGE_LOOP('',(#552,#553,#554,#555));
#2259=EDGE_LOOP('',(#556,#557,#558,#559,#560,#561,#562,#563,#564,#565,#566,
#567,#568,#569,#570,#571,#572,#573));
#2260=EDGE_LOOP('',(#574,#575,#576,#577));
#2261=EDGE_LOOP('',(#578,#579,#580,#581,#582,#583));
#2262=EDGE_LOOP('',(#584,#585,#586,#587,#588,#589));
#2263=EDGE_LOOP('',(#590,#591,#592,#593,#594,#595));
#2264=EDGE_LOOP('',(#596,#597,#598,#599,#600,#601));
#2265=EDGE_LOOP('',(#602,#603,#604,#605,#606,#607));
#2266=EDGE_LOOP('',(#608,#609,#610,#611,#612,#613));
#2267=EDGE_LOOP('',(#614,#615,#616,#617,#618,#619));
#2268=EDGE_LOOP('',(#620,#621,#622,#623,#624,#625));
#2269=EDGE_LOOP('',(#626,#627,#628,#629,#630,#631));
#2270=EDGE_LOOP('',(#632,#633,#634,#635,#636,#637));
#2271=EDGE_LOOP('',(#638,#639,#640,#641,#642,#643));
#2272=EDGE_LOOP('',(#644,#645,#646,#647,#648,#649));
#2273=EDGE_LOOP('',(#650,#651,#652,#653,#654,#655));
#2274=EDGE_LOOP('',(#656,#657,#658,#659,#660,#661));
#2275=EDGE_LOOP('',(#662,#663,#664,#665,#666,#667));
#2276=EDGE_LOOP('',(#668,#669,#670,#671,#672,#673));
#2277=EDGE_LOOP('',(#674,#675,#676,#677,#678,#679));
#2278=EDGE_LOOP('',(#680,#681,#682,#683,#684,#685));
#2279=EDGE_LOOP('',(#686,#687,#688,#689,#690,#691));
#2280=EDGE_LOOP('',(#692,#693,#694,#695,#696,#697));
#2281=EDGE_LOOP('',(#698,#699,#700,#701,#702,#703));
#2282=EDGE_LOOP('',(#704,#705,#706,#707,#708,#709));
#2283=EDGE_LOOP('',(#710,#711,#712,#713,#714,#715));
#2284=EDGE_LOOP('',(#716,#717,#718,#719,#720,#721));
#2285=EDGE_LOOP('',(#722,#723,#724,#725,#726,#727));
#2286=EDGE_LOOP('',(#728,#729,#730,#731,#732,#733));
#2287=EDGE_LOOP('',(#734,#735,#736,#737,#738,#739));
#2288=EDGE_LOOP('',(#740,#741,#742,#743,#744,#745));
#2289=EDGE_LOOP('',(#746,#747,#748,#749,#750,#751));
#2290=EDGE_LOOP('',(#752,#753,#754,#755,#756,#757));
#2291=EDGE_LOOP('',(#758,#759,#760,#761));
#2292=EDGE_LOOP('',(#762,#763,#764,#765));
#2293=EDGE_LOOP('',(#766,#767,#768,#769));
#2294=EDGE_LOOP('',(#770,#771,#772,#773));
#2295=EDGE_LOOP('',(#774,#775,#776,#777));
#2296=EDGE_LOOP('',(#778,#779,#780,#781));
#2297=EDGE_LOOP('',(#782,#783,#784,#785));
#2298=EDGE_LOOP('',(#786,#787,#788,#789));
#2299=EDGE_LOOP('',(#790,#791,#792,#793));
#2300=EDGE_LOOP('',(#794,#795,#796,#797));
#2301=EDGE_LOOP('',(#798,#799,#800,#801));
#2302=EDGE_LOOP('',(#802,#803,#804,#805));
#2303=EDGE_LOOP('',(#806,#807,#808,#809));
#2304=EDGE_LOOP('',(#810,#811,#812,#813));
#2305=EDGE_LOOP('',(#814,#815,#816,#817));
#2306=EDGE_LOOP('',(#818,#819,#820,#821));
#2307=EDGE_LOOP('',(#822,#823,#824,#825));
#2308=EDGE_LOOP('',(#826,#827,#828,#829));
#2309=EDGE_LOOP('',(#830,#831,#832,#833));
#2310=EDGE_LOOP('',(#834,#835,#836,#837));
#2311=EDGE_LOOP('',(#838,#839,#840,#841));
#2312=EDGE_LOOP('',(#842,#843,#844,#845));
#2313=EDGE_LOOP('',(#846,#847,#848,#849));
#2314=EDGE_LOOP('',(#850,#851,#852,#853));
#2315=EDGE_LOOP('',(#854,#855,#856,#857));
#2316=EDGE_LOOP('',(#858,#859,#860,#861));
#2317=EDGE_LOOP('',(#862,#863,#864,#865));
#2318=EDGE_LOOP('',(#866,#867,#868,#869));
#2319=EDGE_LOOP('',(#870,#871,#872,#873));
#2320=EDGE_LOOP('',(#874,#875,#876,#877));
#2321=EDGE_LOOP('',(#878,#879));
#2322=EDGE_LOOP('',(#880));
#2323=EDGE_LOOP('',(#881));
#2324=EDGE_LOOP('',(#882,#883,#884,#885,#886,#887,#888,#889,#890,#891,#892,
#893,#894,#895,#896));
#2325=EDGE_LOOP('',(#897));
#2326=EDGE_LOOP('',(#898));
#2327=EDGE_LOOP('',(#899,#900,#901,#902,#903,#904));
#2328=EDGE_LOOP('',(#905));
#2329=EDGE_LOOP('',(#906));
#2330=EDGE_LOOP('',(#907,#908,#909,#910,#911,#912,#913,#914,#915,#916,#917,
#918,#919,#920,#921));
#2331=EDGE_LOOP('',(#922));
#2332=EDGE_LOOP('',(#923));
#2333=EDGE_LOOP('',(#924,#925,#926,#927));
#2334=EDGE_LOOP('',(#928,#929,#930,#931));
#2335=EDGE_LOOP('',(#932,#933,#934,#935));
#2336=EDGE_LOOP('',(#936,#937,#938,#939));
#2337=EDGE_LOOP('',(#940,#941,#942,#943));
#2338=EDGE_LOOP('',(#944,#945,#946,#947));
#2339=EDGE_LOOP('',(#948,#949,#950,#951));
#2340=EDGE_LOOP('',(#952,#953,#954,#955));
#2341=EDGE_LOOP('',(#956,#957,#958,#959));
#2342=EDGE_LOOP('',(#960,#961,#962,#963));
#2343=EDGE_LOOP('',(#964,#965,#966,#967));
#2344=EDGE_LOOP('',(#968,#969,#970,#971));
#2345=EDGE_LOOP('',(#972,#973,#974,#975));
#2346=EDGE_LOOP('',(#976,#977,#978,#979));
#2347=EDGE_LOOP('',(#980,#981,#982,#983));
#2348=EDGE_LOOP('',(#984,#985,#986,#987));
#2349=EDGE_LOOP('',(#988,#989,#990,#991));
#2350=EDGE_LOOP('',(#992,#993,#994,#995));
#2351=EDGE_LOOP('',(#996,#997,#998,#999));
#2352=EDGE_LOOP('',(#1000,#1001,#1002,#1003));
#2353=EDGE_LOOP('',(#1004,#1005,#1006,#1007));
#2354=EDGE_LOOP('',(#1008,#1009,#1010,#1011));
#2355=EDGE_LOOP('',(#1012,#1013,#1014,#1015));
#2356=EDGE_LOOP('',(#1016,#1017,#1018,#1019));
#2357=EDGE_LOOP('',(#1020,#1021,#1022,#1023));
#2358=EDGE_LOOP('',(#1024,#1025,#1026,#1027));
#2359=EDGE_LOOP('',(#1028,#1029,#1030,#1031));
#2360=EDGE_LOOP('',(#1032,#1033,#1034,#1035));
#2361=EDGE_LOOP('',(#1036,#1037,#1038,#1039));
#2362=EDGE_LOOP('',(#1040,#1041,#1042,#1043));
#2363=EDGE_LOOP('',(#1044,#1045,#1046,#1047));
#2364=EDGE_LOOP('',(#1048,#1049,#1050,#1051));
#2365=EDGE_LOOP('',(#1052,#1053,#1054,#1055));
#2366=EDGE_LOOP('',(#1056,#1057,#1058,#1059));
#2367=EDGE_LOOP('',(#1060,#1061,#1062,#1063));
#2368=EDGE_LOOP('',(#1064,#1065,#1066,#1067));
#2369=EDGE_LOOP('',(#1068,#1069,#1070,#1071));
#2370=EDGE_LOOP('',(#1072,#1073,#1074,#1075));
#2371=EDGE_LOOP('',(#1076,#1077,#1078,#1079));
#2372=EDGE_LOOP('',(#1080,#1081,#1082,#1083));
#2373=EDGE_LOOP('',(#1084,#1085,#1086,#1087));
#2374=EDGE_LOOP('',(#1088,#1089,#1090,#1091));
#2375=EDGE_LOOP('',(#1092,#1093,#1094,#1095));
#2376=EDGE_LOOP('',(#1096,#1097,#1098,#1099));
#2377=EDGE_LOOP('',(#1100,#1101,#1102,#1103));
#2378=EDGE_LOOP('',(#1104,#1105,#1106,#1107));
#2379=EDGE_LOOP('',(#1108,#1109,#1110,#1111));
#2380=EDGE_LOOP('',(#1112,#1113,#1114,#1115));
#2381=EDGE_LOOP('',(#1116,#1117,#1118,#1119));
#2382=EDGE_LOOP('',(#1120,#1121,#1122,#1123));
#2383=EDGE_LOOP('',(#1124,#1125,#1126,#1127));
#2384=EDGE_LOOP('',(#1128,#1129,#1130,#1131));
#2385=EDGE_LOOP('',(#1132,#1133,#1134,#1135));
#2386=EDGE_LOOP('',(#1136,#1137,#1138,#1139));
#2387=EDGE_LOOP('',(#1140,#1141,#1142,#1143));
#2388=EDGE_LOOP('',(#1144,#1145,#1146,#1147));
#2389=EDGE_LOOP('',(#1148,#1149,#1150,#1151));
#2390=EDGE_LOOP('',(#1152,#1153,#1154,#1155));
#2391=EDGE_LOOP('',(#1156,#1157,#1158,#1159));
#2392=EDGE_LOOP('',(#1160,#1161,#1162,#1163));
#2393=EDGE_LOOP('',(#1164,#1165,#1166,#1167,#1168,#1169));
#2394=EDGE_LOOP('',(#1170,#1171,#1172,#1173));
#2395=EDGE_LOOP('',(#1174,#1175,#1176,#1177,#1178,#1179,#1180,#1181,#1182,
#1183));
#2396=EDGE_LOOP('',(#1184,#1185,#1186,#1187,#1188,#1189,#1190,#1191,#1192,
#1193));
#2397=EDGE_LOOP('',(#1194,#1195,#1196,#1197));
#2398=EDGE_LOOP('',(#1198,#1199,#1200,#1201,#1202,#1203));
#2399=EDGE_LOOP('',(#1204,#1205,#1206,#1207,#1208,#1209));
#2400=EDGE_LOOP('',(#1210,#1211,#1212,#1213,#1214));
#2401=EDGE_LOOP('',(#1215,#1216,#1217,#1218));
#2402=EDGE_LOOP('',(#1219,#1220,#1221,#1222,#1223,#1224));
#2403=EDGE_LOOP('',(#1225,#1226,#1227,#1228));
#2404=EDGE_LOOP('',(#1229,#1230,#1231,#1232,#1233));
#2405=EDGE_LOOP('',(#1234,#1235,#1236,#1237,#1238,#1239));
#2406=EDGE_LOOP('',(#1240,#1241,#1242,#1243));
#2407=EDGE_LOOP('',(#1244,#1245,#1246,#1247));
#2408=EDGE_LOOP('',(#1248,#1249,#1250,#1251));
#2409=EDGE_LOOP('',(#1252,#1253,#1254,#1255));
#2410=EDGE_LOOP('',(#1256,#1257,#1258,#1259));
#2411=EDGE_LOOP('',(#1260,#1261,#1262,#1263));
#2412=EDGE_LOOP('',(#1264,#1265,#1266,#1267,#1268,#1269));
#2413=EDGE_LOOP('',(#1270,#1271,#1272,#1273,#1274,#1275));
#2414=EDGE_LOOP('',(#1276,#1277,#1278,#1279,#1280,#1281,#1282,#1283,#1284,
#1285,#1286,#1287,#1288,#1289,#1290,#1291));
#2415=EDGE_LOOP('',(#1292));
#2416=EDGE_LOOP('',(#1293,#1294,#1295,#1296));
#2417=EDGE_LOOP('',(#1297,#1298,#1299,#1300));
#2418=EDGE_LOOP('',(#1301,#1302,#1303,#1304));
#2419=EDGE_LOOP('',(#1305));
#2420=EDGE_LOOP('',(#1306));
#2421=FACE_BOUND('',#2237,.T.);
#2422=FACE_BOUND('',#2238,.T.);
#2423=FACE_BOUND('',#2239,.T.);
#2424=FACE_BOUND('',#2240,.T.);
#2425=FACE_BOUND('',#2241,.T.);
#2426=FACE_BOUND('',#2242,.T.);
#2427=FACE_BOUND('',#2243,.T.);
#2428=FACE_BOUND('',#2244,.T.);
#2429=FACE_BOUND('',#2245,.T.);
#2430=FACE_BOUND('',#2246,.T.);
#2431=FACE_BOUND('',#2247,.T.);
#2432=FACE_BOUND('',#2248,.T.);
#2433=FACE_BOUND('',#2249,.T.);
#2434=FACE_BOUND('',#2250,.T.);
#2435=FACE_BOUND('',#2251,.T.);
#2436=FACE_BOUND('',#2252,.T.);
#2437=FACE_BOUND('',#2253,.T.);
#2438=FACE_BOUND('',#2254,.T.);
#2439=FACE_BOUND('',#2255,.T.);
#2440=FACE_BOUND('',#2256,.T.);
#2441=FACE_BOUND('',#2257,.T.);
#2442=FACE_BOUND('',#2258,.T.);
#2443=FACE_BOUND('',#2259,.T.);
#2444=FACE_BOUND('',#2260,.T.);
#2445=FACE_BOUND('',#2261,.T.);
#2446=FACE_BOUND('',#2262,.T.);
#2447=FACE_BOUND('',#2263,.T.);
#2448=FACE_BOUND('',#2264,.T.);
#2449=FACE_BOUND('',#2265,.T.);
#2450=FACE_BOUND('',#2266,.T.);
#2451=FACE_BOUND('',#2267,.T.);
#2452=FACE_BOUND('',#2268,.T.);
#2453=FACE_BOUND('',#2269,.T.);
#2454=FACE_BOUND('',#2270,.T.);
#2455=FACE_BOUND('',#2271,.T.);
#2456=FACE_BOUND('',#2272,.T.);
#2457=FACE_BOUND('',#2273,.T.);
#2458=FACE_BOUND('',#2274,.T.);
#2459=FACE_BOUND('',#2275,.T.);
#2460=FACE_BOUND('',#2276,.T.);
#2461=FACE_BOUND('',#2277,.T.);
#2462=FACE_BOUND('',#2278,.T.);
#2463=FACE_BOUND('',#2279,.T.);
#2464=FACE_BOUND('',#2280,.T.);
#2465=FACE_BOUND('',#2281,.T.);
#2466=FACE_BOUND('',#2282,.T.);
#2467=FACE_BOUND('',#2283,.T.);
#2468=FACE_BOUND('',#2284,.T.);
#2469=FACE_BOUND('',#2285,.T.);
#2470=FACE_BOUND('',#2286,.T.);
#2471=FACE_BOUND('',#2287,.T.);
#2472=FACE_BOUND('',#2288,.T.);
#2473=FACE_BOUND('',#2289,.T.);
#2474=FACE_BOUND('',#2290,.T.);
#2475=FACE_BOUND('',#2291,.T.);
#2476=FACE_BOUND('',#2292,.T.);
#2477=FACE_BOUND('',#2293,.T.);
#2478=FACE_BOUND('',#2294,.T.);
#2479=FACE_BOUND('',#2295,.T.);
#2480=FACE_BOUND('',#2296,.T.);
#2481=FACE_BOUND('',#2297,.T.);
#2482=FACE_BOUND('',#2298,.T.);
#2483=FACE_BOUND('',#2299,.T.);
#2484=FACE_BOUND('',#2300,.T.);
#2485=FACE_BOUND('',#2301,.T.);
#2486=FACE_BOUND('',#2302,.T.);
#2487=FACE_BOUND('',#2303,.T.);
#2488=FACE_BOUND('',#2304,.T.);
#2489=FACE_BOUND('',#2305,.T.);
#2490=FACE_BOUND('',#2306,.T.);
#2491=FACE_BOUND('',#2307,.T.);
#2492=FACE_BOUND('',#2308,.T.);
#2493=FACE_BOUND('',#2309,.T.);
#2494=FACE_BOUND('',#2310,.T.);
#2495=FACE_BOUND('',#2311,.T.);
#2496=FACE_BOUND('',#2312,.T.);
#2497=FACE_BOUND('',#2313,.T.);
#2498=FACE_BOUND('',#2314,.T.);
#2499=FACE_BOUND('',#2315,.T.);
#2500=FACE_BOUND('',#2316,.T.);
#2501=FACE_BOUND('',#2317,.T.);
#2502=FACE_BOUND('',#2318,.T.);
#2503=FACE_BOUND('',#2319,.T.);
#2504=FACE_BOUND('',#2320,.T.);
#2505=FACE_BOUND('',#2321,.T.);
#2506=FACE_BOUND('',#2322,.T.);
#2507=FACE_BOUND('',#2323,.T.);
#2508=FACE_BOUND('',#2324,.T.);
#2509=FACE_BOUND('',#2325,.T.);
#2510=FACE_BOUND('',#2326,.T.);
#2511=FACE_BOUND('',#2327,.T.);
#2512=FACE_BOUND('',#2328,.T.);
#2513=FACE_BOUND('',#2329,.T.);
#2514=FACE_BOUND('',#2330,.T.);
#2515=FACE_BOUND('',#2331,.T.);
#2516=FACE_BOUND('',#2332,.T.);
#2517=FACE_BOUND('',#2333,.T.);
#2518=FACE_BOUND('',#2334,.T.);
#2519=FACE_BOUND('',#2335,.T.);
#2520=FACE_BOUND('',#2336,.T.);
#2521=FACE_BOUND('',#2337,.T.);
#2522=FACE_BOUND('',#2338,.T.);
#2523=FACE_BOUND('',#2339,.T.);
#2524=FACE_BOUND('',#2340,.T.);
#2525=FACE_BOUND('',#2341,.T.);
#2526=FACE_BOUND('',#2342,.T.);
#2527=FACE_BOUND('',#2343,.T.);
#2528=FACE_BOUND('',#2344,.T.);
#2529=FACE_BOUND('',#2345,.T.);
#2530=FACE_BOUND('',#2346,.T.);
#2531=FACE_BOUND('',#2347,.T.);
#2532=FACE_BOUND('',#2348,.T.);
#2533=FACE_BOUND('',#2349,.T.);
#2534=FACE_BOUND('',#2350,.T.);
#2535=FACE_BOUND('',#2351,.T.);
#2536=FACE_BOUND('',#2352,.T.);
#2537=FACE_BOUND('',#2353,.T.);
#2538=FACE_BOUND('',#2354,.T.);
#2539=FACE_BOUND('',#2355,.T.);
#2540=FACE_BOUND('',#2356,.T.);
#2541=FACE_BOUND('',#2357,.T.);
#2542=FACE_BOUND('',#2358,.T.);
#2543=FACE_BOUND('',#2359,.T.);
#2544=FACE_BOUND('',#2360,.T.);
#2545=FACE_BOUND('',#2361,.T.);
#2546=FACE_BOUND('',#2362,.T.);
#2547=FACE_BOUND('',#2363,.T.);
#2548=FACE_BOUND('',#2364,.T.);
#2549=FACE_BOUND('',#2365,.T.);
#2550=FACE_BOUND('',#2366,.T.);
#2551=FACE_BOUND('',#2367,.T.);
#2552=FACE_BOUND('',#2368,.T.);
#2553=FACE_BOUND('',#2369,.T.);
#2554=FACE_BOUND('',#2370,.T.);
#2555=FACE_BOUND('',#2371,.T.);
#2556=FACE_BOUND('',#2372,.T.);
#2557=FACE_BOUND('',#2373,.T.);
#2558=FACE_BOUND('',#2374,.T.);
#2559=FACE_BOUND('',#2375,.T.);
#2560=FACE_BOUND('',#2376,.T.);
#2561=FACE_BOUND('',#2377,.T.);
#2562=FACE_BOUND('',#2378,.T.);
#2563=FACE_BOUND('',#2379,.T.);
#2564=FACE_BOUND('',#2380,.T.);
#2565=FACE_BOUND('',#2381,.T.);
#2566=FACE_BOUND('',#2382,.T.);
#2567=FACE_BOUND('',#2383,.T.);
#2568=FACE_BOUND('',#2384,.T.);
#2569=FACE_BOUND('',#2385,.T.);
#2570=FACE_BOUND('',#2386,.T.);
#2571=FACE_BOUND('',#2387,.T.);
#2572=FACE_BOUND('',#2388,.T.);
#2573=FACE_BOUND('',#2389,.T.);
#2574=FACE_BOUND('',#2390,.T.);
#2575=FACE_BOUND('',#2391,.T.);
#2576=FACE_BOUND('',#2392,.T.);
#2577=FACE_BOUND('',#2393,.T.);
#2578=FACE_BOUND('',#2394,.T.);
#2579=FACE_BOUND('',#2395,.T.);
#2580=FACE_BOUND('',#2396,.T.);
#2581=FACE_BOUND('',#2397,.T.);
#2582=FACE_BOUND('',#2398,.T.);
#2583=FACE_BOUND('',#2399,.T.);
#2584=FACE_BOUND('',#2400,.T.);
#2585=FACE_BOUND('',#2401,.T.);
#2586=FACE_BOUND('',#2402,.T.);
#2587=FACE_BOUND('',#2403,.T.);
#2588=FACE_BOUND('',#2404,.T.);
#2589=FACE_BOUND('',#2405,.T.);
#2590=FACE_BOUND('',#2406,.T.);
#2591=FACE_BOUND('',#2407,.T.);
#2592=FACE_BOUND('',#2408,.T.);
#2593=FACE_BOUND('',#2409,.T.);
#2594=FACE_BOUND('',#2410,.T.);
#2595=FACE_BOUND('',#2411,.T.);
#2596=FACE_BOUND('',#2412,.T.);
#2597=FACE_BOUND('',#2413,.T.);
#2598=FACE_BOUND('',#2414,.T.);
#2599=FACE_BOUND('',#2415,.T.);
#2600=FACE_BOUND('',#2416,.T.);
#2601=FACE_BOUND('',#2417,.T.);
#2602=FACE_BOUND('',#2418,.T.);
#2603=FACE_BOUND('',#2419,.T.);
#2604=FACE_BOUND('',#2420,.T.);
#2605=PLANE('',#2837);
#2606=PLANE('',#2838);
#2607=PLANE('',#2839);
#2608=PLANE('',#2840);
#2609=PLANE('',#2841);
#2610=PLANE('',#2842);
#2611=PLANE('',#2843);
#2612=PLANE('',#2871);
#2613=PLANE('',#2880);
#2614=PLANE('',#2883);
#2615=PLANE('',#2900);
#2616=PLANE('',#3093);
#2617=PLANE('',#3094);
#2618=PLANE('',#3095);
#2619=PLANE('',#3096);
#2620=PLANE('',#3097);
#2621=PLANE('',#3098);
#2622=PLANE('',#3099);
#2623=PLANE('',#3100);
#2624=PLANE('',#3101);
#2625=PLANE('',#3102);
#2626=PLANE('',#3103);
#2627=PLANE('',#3104);
#2628=PLANE('',#3105);
#2629=PLANE('',#3106);
#2630=PLANE('',#3107);
#2631=PLANE('',#3108);
#2632=PLANE('',#3109);
#2633=PLANE('',#3110);
#2634=PLANE('',#3111);
#2635=PLANE('',#3112);
#2636=PLANE('',#3113);
#2637=PLANE('',#3114);
#2638=PLANE('',#3115);
#2639=PLANE('',#3116);
#2640=PLANE('',#3117);
#2641=PLANE('',#3118);
#2642=PLANE('',#3119);
#2643=PLANE('',#3120);
#2644=PLANE('',#3121);
#2645=PLANE('',#3122);
#2646=PLANE('',#3180);
#2647=PLANE('',#3184);
#2648=PLANE('',#3189);
#2649=PLANE('',#3192);
#2650=PLANE('',#3193);
#2651=PLANE('',#3196);
#2652=PLANE('',#3199);
#2653=ADVANCED_FACE('',(#2421),#2605,.F.);
#2654=ADVANCED_FACE('',(#2422),#2606,.T.);
#2655=ADVANCED_FACE('',(#2423),#2607,.F.);
#2656=ADVANCED_FACE('',(#2424),#2608,.T.);
#2657=ADVANCED_FACE('',(#2425),#2609,.F.);
#2658=ADVANCED_FACE('',(#2426),#2610,.T.);
#2659=ADVANCED_FACE('',(#2427,#2428,#2429,#2430),#2611,.T.);
#2660=ADVANCED_FACE('',(#2431),#52,.F.);
#2661=ADVANCED_FACE('',(#2432),#53,.F.);
#2662=ADVANCED_FACE('',(#2433),#54,.F.);
#2663=ADVANCED_FACE('',(#2434),#55,.F.);
#2664=ADVANCED_FACE('',(#2435,#2436),#56,.F.);
#2665=ADVANCED_FACE('',(#2437),#2612,.F.);
#2666=ADVANCED_FACE('',(#2438),#14,.T.);
#2667=ADVANCED_FACE('',(#2439),#15,.T.);
#2668=ADVANCED_FACE('',(#2440,#2441),#13,.T.);
#2669=ADVANCED_FACE('',(#2442),#2613,.T.);
#2670=ADVANCED_FACE('',(#2443),#2614,.T.);
#2671=ADVANCED_FACE('',(#2444),#2615,.F.);
#2672=ADVANCED_FACE('',(#2445),#57,.T.);
#2673=ADVANCED_FACE('',(#2446),#58,.T.);
#2674=ADVANCED_FACE('',(#2447),#59,.T.);
#2675=ADVANCED_FACE('',(#2448),#60,.T.);
#2676=ADVANCED_FACE('',(#2449),#61,.T.);
#2677=ADVANCED_FACE('',(#2450),#62,.T.);
#2678=ADVANCED_FACE('',(#2451),#63,.T.);
#2679=ADVANCED_FACE('',(#2452),#64,.T.);
#2680=ADVANCED_FACE('',(#2453),#65,.T.);
#2681=ADVANCED_FACE('',(#2454),#66,.T.);
#2682=ADVANCED_FACE('',(#2455),#67,.T.);
#2683=ADVANCED_FACE('',(#2456),#68,.T.);
#2684=ADVANCED_FACE('',(#2457),#69,.T.);
#2685=ADVANCED_FACE('',(#2458),#70,.T.);
#2686=ADVANCED_FACE('',(#2459),#71,.T.);
#2687=ADVANCED_FACE('',(#2460),#72,.T.);
#2688=ADVANCED_FACE('',(#2461),#73,.T.);
#2689=ADVANCED_FACE('',(#2462),#74,.T.);
#2690=ADVANCED_FACE('',(#2463),#75,.T.);
#2691=ADVANCED_FACE('',(#2464),#76,.T.);
#2692=ADVANCED_FACE('',(#2465),#77,.T.);
#2693=ADVANCED_FACE('',(#2466),#78,.T.);
#2694=ADVANCED_FACE('',(#2467),#79,.T.);
#2695=ADVANCED_FACE('',(#2468),#80,.T.);
#2696=ADVANCED_FACE('',(#2469),#81,.T.);
#2697=ADVANCED_FACE('',(#2470),#82,.T.);
#2698=ADVANCED_FACE('',(#2471),#83,.T.);
#2699=ADVANCED_FACE('',(#2472),#84,.T.);
#2700=ADVANCED_FACE('',(#2473),#85,.T.);
#2701=ADVANCED_FACE('',(#2474),#86,.T.);
#2702=ADVANCED_FACE('',(#2475),#87,.F.);
#2703=ADVANCED_FACE('',(#2476),#88,.F.);
#2704=ADVANCED_FACE('',(#2477),#89,.F.);
#2705=ADVANCED_FACE('',(#2478),#90,.F.);
#2706=ADVANCED_FACE('',(#2479),#91,.F.);
#2707=ADVANCED_FACE('',(#2480),#92,.F.);
#2708=ADVANCED_FACE('',(#2481),#93,.F.);
#2709=ADVANCED_FACE('',(#2482),#94,.F.);
#2710=ADVANCED_FACE('',(#2483),#95,.F.);
#2711=ADVANCED_FACE('',(#2484),#96,.F.);
#2712=ADVANCED_FACE('',(#2485),#97,.F.);
#2713=ADVANCED_FACE('',(#2486),#98,.F.);
#2714=ADVANCED_FACE('',(#2487),#99,.F.);
#2715=ADVANCED_FACE('',(#2488),#100,.F.);
#2716=ADVANCED_FACE('',(#2489),#101,.F.);
#2717=ADVANCED_FACE('',(#2490),#102,.F.);
#2718=ADVANCED_FACE('',(#2491),#103,.F.);
#2719=ADVANCED_FACE('',(#2492),#104,.F.);
#2720=ADVANCED_FACE('',(#2493),#105,.F.);
#2721=ADVANCED_FACE('',(#2494),#106,.F.);
#2722=ADVANCED_FACE('',(#2495),#107,.F.);
#2723=ADVANCED_FACE('',(#2496),#108,.F.);
#2724=ADVANCED_FACE('',(#2497),#109,.F.);
#2725=ADVANCED_FACE('',(#2498),#110,.F.);
#2726=ADVANCED_FACE('',(#2499),#111,.F.);
#2727=ADVANCED_FACE('',(#2500),#112,.F.);
#2728=ADVANCED_FACE('',(#2501),#113,.F.);
#2729=ADVANCED_FACE('',(#2502),#114,.F.);
#2730=ADVANCED_FACE('',(#2503),#115,.F.);
#2731=ADVANCED_FACE('',(#2504),#116,.F.);
#2732=ADVANCED_FACE('',(#2505,#2506),#16,.T.);
#2733=ADVANCED_FACE('',(#2507,#2508),#17,.T.);
#2734=ADVANCED_FACE('',(#2509,#2510),#117,.T.);
#2735=ADVANCED_FACE('',(#2511,#2512),#118,.T.);
#2736=ADVANCED_FACE('',(#2513,#2514),#18,.T.);
#2737=ADVANCED_FACE('',(#2515,#2516),#12,.F.);
#2738=ADVANCED_FACE('',(#2517),#2616,.T.);
#2739=ADVANCED_FACE('',(#2518),#2617,.T.);
#2740=ADVANCED_FACE('',(#2519),#2618,.T.);
#2741=ADVANCED_FACE('',(#2520),#2619,.T.);
#2742=ADVANCED_FACE('',(#2521),#2620,.T.);
#2743=ADVANCED_FACE('',(#2522),#2621,.T.);
#2744=ADVANCED_FACE('',(#2523),#2622,.T.);
#2745=ADVANCED_FACE('',(#2524),#2623,.T.);
#2746=ADVANCED_FACE('',(#2525),#2624,.T.);
#2747=ADVANCED_FACE('',(#2526),#2625,.T.);
#2748=ADVANCED_FACE('',(#2527),#2626,.T.);
#2749=ADVANCED_FACE('',(#2528),#2627,.T.);
#2750=ADVANCED_FACE('',(#2529),#2628,.T.);
#2751=ADVANCED_FACE('',(#2530),#2629,.T.);
#2752=ADVANCED_FACE('',(#2531),#2630,.T.);
#2753=ADVANCED_FACE('',(#2532),#2631,.F.);
#2754=ADVANCED_FACE('',(#2533),#2632,.F.);
#2755=ADVANCED_FACE('',(#2534),#2633,.F.);
#2756=ADVANCED_FACE('',(#2535),#2634,.F.);
#2757=ADVANCED_FACE('',(#2536),#2635,.F.);
#2758=ADVANCED_FACE('',(#2537),#2636,.F.);
#2759=ADVANCED_FACE('',(#2538),#2637,.F.);
#2760=ADVANCED_FACE('',(#2539),#2638,.F.);
#2761=ADVANCED_FACE('',(#2540),#2639,.F.);
#2762=ADVANCED_FACE('',(#2541),#2640,.F.);
#2763=ADVANCED_FACE('',(#2542),#2641,.F.);
#2764=ADVANCED_FACE('',(#2543),#2642,.F.);
#2765=ADVANCED_FACE('',(#2544),#2643,.F.);
#2766=ADVANCED_FACE('',(#2545),#2644,.F.);
#2767=ADVANCED_FACE('',(#2546),#2645,.F.);
#2768=ADVANCED_FACE('',(#2547),#19,.T.);
#2769=ADVANCED_FACE('',(#2548),#20,.T.);
#2770=ADVANCED_FACE('',(#2549),#21,.T.);
#2771=ADVANCED_FACE('',(#2550),#22,.T.);
#2772=ADVANCED_FACE('',(#2551),#23,.T.);
#2773=ADVANCED_FACE('',(#2552),#24,.T.);
#2774=ADVANCED_FACE('',(#2553),#25,.T.);
#2775=ADVANCED_FACE('',(#2554),#26,.T.);
#2776=ADVANCED_FACE('',(#2555),#27,.T.);
#2777=ADVANCED_FACE('',(#2556),#28,.T.);
#2778=ADVANCED_FACE('',(#2557),#29,.T.);
#2779=ADVANCED_FACE('',(#2558),#30,.T.);
#2780=ADVANCED_FACE('',(#2559),#31,.T.);
#2781=ADVANCED_FACE('',(#2560),#32,.T.);
#2782=ADVANCED_FACE('',(#2561),#33,.T.);
#2783=ADVANCED_FACE('',(#2562),#34,.T.);
#2784=ADVANCED_FACE('',(#2563),#35,.T.);
#2785=ADVANCED_FACE('',(#2564),#36,.T.);
#2786=ADVANCED_FACE('',(#2565),#37,.T.);
#2787=ADVANCED_FACE('',(#2566),#38,.T.);
#2788=ADVANCED_FACE('',(#2567),#39,.T.);
#2789=ADVANCED_FACE('',(#2568),#40,.T.);
#2790=ADVANCED_FACE('',(#2569),#41,.T.);
#2791=ADVANCED_FACE('',(#2570),#42,.T.);
#2792=ADVANCED_FACE('',(#2571),#43,.T.);
#2793=ADVANCED_FACE('',(#2572),#44,.T.);
#2794=ADVANCED_FACE('',(#2573),#45,.T.);
#2795=ADVANCED_FACE('',(#2574),#46,.T.);
#2796=ADVANCED_FACE('',(#2575),#47,.T.);
#2797=ADVANCED_FACE('',(#2576),#48,.T.);
#2798=ADVANCED_FACE('',(#2577),#119,.T.);
#2799=ADVANCED_FACE('',(#2578),#120,.F.);
#2800=ADVANCED_FACE('',(#2579),#121,.T.);
#2801=ADVANCED_FACE('',(#2580),#122,.T.);
#2802=ADVANCED_FACE('',(#2581),#123,.F.);
#2803=ADVANCED_FACE('',(#2582),#124,.T.);
#2804=ADVANCED_FACE('',(#2583),#125,.T.);
#2805=ADVANCED_FACE('',(#2584),#2646,.T.);
#2806=ADVANCED_FACE('',(#2585),#126,.T.);
#2807=ADVANCED_FACE('',(#2586),#127,.F.);
#2808=ADVANCED_FACE('',(#2587),#128,.T.);
#2809=ADVANCED_FACE('',(#2588),#2647,.F.);
#2810=ADVANCED_FACE('',(#2589),#129,.T.);
#2811=ADVANCED_FACE('',(#2590),#130,.F.);
#2812=ADVANCED_FACE('',(#2591),#2648,.F.);
#2813=ADVANCED_FACE('',(#2592),#131,.F.);
#2814=ADVANCED_FACE('',(#2593),#2649,.F.);
#2815=ADVANCED_FACE('',(#2594),#2650,.F.);
#2816=ADVANCED_FACE('',(#2595),#132,.F.);
#2817=ADVANCED_FACE('',(#2596),#2651,.F.);
#2818=ADVANCED_FACE('',(#2597),#49,.T.);
#2819=ADVANCED_FACE('',(#2598,#2599),#2652,.F.);
#2820=ADVANCED_FACE('',(#2600),#133,.F.);
#2821=ADVANCED_FACE('',(#2601),#134,.F.);
#2822=ADVANCED_FACE('',(#2602),#135,.F.);
#2823=ADVANCED_FACE('',(#2603,#2604),#136,.T.);
#2824=CLOSED_SHELL('',(#2653,#2654,#2655,#2656,#2657,#2658,#2659,#2660,
#2661,#2662,#2663,#2664,#2665,#2666,#2667,#2668,#2669,#2670,#2671,#2672,
#2673,#2674,#2675,#2676,#2677,#2678,#2679,#2680,#2681,#2682,#2683,#2684,
#2685,#2686,#2687,#2688,#2689,#2690,#2691,#2692,#2693,#2694,#2695,#2696,
#2697,#2698,#2699,#2700,#2701,#2702,#2703,#2704,#2705,#2706,#2707,#2708,
#2709,#2710,#2711,#2712,#2713,#2714,#2715,#2716,#2717,#2718,#2719,#2720,
#2721,#2722,#2723,#2724,#2725,#2726,#2727,#2728,#2729,#2730,#2731,#2732,
#2733,#2734,#2735,#2736,#2737,#2738,#2739,#2740,#2741,#2742,#2743,#2744,
#2745,#2746,#2747,#2748,#2749,#2750,#2751,#2752,#2753,#2754,#2755,#2756,
#2757,#2758,#2759,#2760,#2761,#2762,#2763,#2764,#2765,#2766,#2767,#2768,
#2769,#2770,#2771,#2772,#2773,#2774,#2775,#2776,#2777,#2778,#2779,#2780,
#2781,#2782,#2783,#2784,#2785,#2786,#2787,#2788,#2789,#2790,#2791,#2792,
#2793,#2794,#2795,#2796,#2797,#2798,#2799,#2800,#2801,#2802,#2803,#2804,
#2805,#2806,#2807,#2808,#2809,#2810,#2811,#2812,#2813,#2814,#2815,#2816,
#2817,#2818,#2819,#2820,#2821,#2822,#2823));
#2825=STYLED_ITEM('',(#2826),#2833);
#2826=PRESENTATION_STYLE_ASSIGNMENT((#2827));
#2827=SURFACE_STYLE_USAGE(.BOTH.,#2828);
#2828=SURFACE_SIDE_STYLE('',(#2829));
#2829=SURFACE_STYLE_FILL_AREA(#2830);
#2830=FILL_AREA_STYLE('',(#2831));
#2831=FILL_AREA_STYLE_COLOUR('',#2832);
#2832=COLOUR_RGB('',0.529411764705882,0.568627450980392,0.6);
#2833=MANIFOLD_SOLID_BREP('drive-pulley',#2824);
#2834=SHAPE_DEFINITION_REPRESENTATION(#5492,#2835);
#2835=SHAPE_REPRESENTATION('drive-pulley',(#2836),#5487);
#2836=AXIS2_PLACEMENT_3D('',#4070,#3208,#3209);
#2837=AXIS2_PLACEMENT_3D('',#4071,#3210,#3211);
#2838=AXIS2_PLACEMENT_3D('',#4083,#3215,#3216);
#2839=AXIS2_PLACEMENT_3D('',#4095,#3220,#3221);
#2840=AXIS2_PLACEMENT_3D('',#4107,#3225,#3226);
#2841=AXIS2_PLACEMENT_3D('',#4116,#3231,#3232);
#2842=AXIS2_PLACEMENT_3D('',#4125,#3237,#3238);
#2843=AXIS2_PLACEMENT_3D('',#4137,#3242,#3243);
#2844=AXIS2_PLACEMENT_3D('',#4138,#3244,#3245);
#2845=AXIS2_PLACEMENT_3D('',#4139,#3246,#3247);
#2846=AXIS2_PLACEMENT_3D('',#4143,#3249,#3250);
#2847=AXIS2_PLACEMENT_3D('',#4145,#3251,#3252);
#2848=AXIS2_PLACEMENT_3D('',#4147,#3253,#3254);
#2849=AXIS2_PLACEMENT_3D('',#4149,#3255,#3256);
#2850=AXIS2_PLACEMENT_3D('',#4151,#3257,#3258);
#2851=AXIS2_PLACEMENT_3D('',#4153,#3259,#3260);
#2852=AXIS2_PLACEMENT_3D('',#4155,#3261,#3262);
#2853=AXIS2_PLACEMENT_3D('',#4157,#3263,#3264);
#2854=AXIS2_PLACEMENT_3D('',#4159,#3265,#3266);
#2855=AXIS2_PLACEMENT_3D('',#4161,#3267,#3268);
#2856=AXIS2_PLACEMENT_3D('',#4163,#3269,#3270);
#2857=AXIS2_PLACEMENT_3D('',#4167,#3272,#3273);
#2858=AXIS2_PLACEMENT_3D('',#4168,#3274,#3275);
#2859=AXIS2_PLACEMENT_3D('',#4171,#3277,#3278);
#2860=AXIS2_PLACEMENT_3D('',#4172,#3279,#3280);
#2861=AXIS2_PLACEMENT_3D('',#4173,#3281,#3282);
#2862=AXIS2_PLACEMENT_3D('',#4176,#3284,#3285);
#2863=AXIS2_PLACEMENT_3D('',#4178,#3286,#3287);
#2864=AXIS2_PLACEMENT_3D('',#4183,#3290,#3291);
#2865=AXIS2_PLACEMENT_3D('',#4184,#3292,#3293);
#2866=AXIS2_PLACEMENT_3D('',#4189,#3296,#3297);
#2867=AXIS2_PLACEMENT_3D('',#4190,#3298,#3299);
#2868=AXIS2_PLACEMENT_3D('',#4202,#3302,#3303);
#2869=AXIS2_PLACEMENT_3D('',#4216,#3306,#3307);
#2870=AXIS2_PLACEMENT_3D('',#4217,#3308,#3309);
#2871=AXIS2_PLACEMENT_3D('',#4250,#3310,#3311);
#2872=AXIS2_PLACEMENT_3D('',#4256,#3312,#3313);
#2873=AXIS2_PLACEMENT_3D('',#4261,#3316,#3317);
#2874=AXIS2_PLACEMENT_3D('',#4272,#3318,#3319);
#2875=AXIS2_PLACEMENT_3D('',#4273,#3320,#3321);
#2876=AXIS2_PLACEMENT_3D('',#4277,#3323,#3324);
#2877=AXIS2_PLACEMENT_3D('',#4299,#3325,#3326);
#2878=AXIS2_PLACEMENT_3D('',#4305,#3327,#3328);
#2879=AXIS2_PLACEMENT_3D('',#4317,#3329,#3330);
#2880=AXIS2_PLACEMENT_3D('',#4416,#3331,#3332);
#2881=AXIS2_PLACEMENT_3D('',#4417,#3333,#3334);
#2882=AXIS2_PLACEMENT_3D('',#4421,#3336,#3337);
#2883=AXIS2_PLACEMENT_3D('',#4422,#3338,#3339);
#2884=AXIS2_PLACEMENT_3D('',#4423,#3340,#3341);
#2885=AXIS2_PLACEMENT_3D('',#4426,#3342,#3343);
#2886=AXIS2_PLACEMENT_3D('',#4428,#3344,#3345);
#2887=AXIS2_PLACEMENT_3D('',#4430,#3346,#3347);
#2888=AXIS2_PLACEMENT_3D('',#4432,#3348,#3349);
#2889=AXIS2_PLACEMENT_3D('',#4434,#3350,#3351);
#2890=AXIS2_PLACEMENT_3D('',#4436,#3352,#3353);
#2891=AXIS2_PLACEMENT_3D('',#4438,#3354,#3355);
#2892=AXIS2_PLACEMENT_3D('',#4440,#3356,#3357);
#2893=AXIS2_PLACEMENT_3D('',#4442,#3358,#3359);
#2894=AXIS2_PLACEMENT_3D('',#4446,#3361,#3362);
#2895=AXIS2_PLACEMENT_3D('',#4448,#3363,#3364);
#2896=AXIS2_PLACEMENT_3D('',#4450,#3365,#3366);
#2897=AXIS2_PLACEMENT_3D('',#4452,#3367,#3368);
#2898=AXIS2_PLACEMENT_3D('',#4454,#3369,#3370);
#2899=AXIS2_PLACEMENT_3D('',#4458,#3372,#3373);
#2900=AXIS2_PLACEMENT_3D('',#4459,#3374,#3375);
#2901=AXIS2_PLACEMENT_3D('',#4465,#3379,#3380);
#2902=AXIS2_PLACEMENT_3D('',#4474,#3382,#3383);
#2903=AXIS2_PLACEMENT_3D('',#4476,#3384,#3385);
#2904=AXIS2_PLACEMENT_3D('',#4484,#3387,#3388);
#2905=AXIS2_PLACEMENT_3D('',#4492,#3390,#3391);
#2906=AXIS2_PLACEMENT_3D('',#4494,#3392,#3393);
#2907=AXIS2_PLACEMENT_3D('',#4502,#3395,#3396);
#2908=AXIS2_PLACEMENT_3D('',#4511,#3398,#3399);
#2909=AXIS2_PLACEMENT_3D('',#4513,#3400,#3401);
#2910=AXIS2_PLACEMENT_3D('',#4521,#3403,#3404);
#2911=AXIS2_PLACEMENT_3D('',#4529,#3406,#3407);
#2912=AXIS2_PLACEMENT_3D('',#4531,#3408,#3409);
#2913=AXIS2_PLACEMENT_3D('',#4539,#3411,#3412);
#2914=AXIS2_PLACEMENT_3D('',#4548,#3414,#3415);
#2915=AXIS2_PLACEMENT_3D('',#4550,#3416,#3417);
#2916=AXIS2_PLACEMENT_3D('',#4558,#3419,#3420);
#2917=AXIS2_PLACEMENT_3D('',#4566,#3422,#3423);
#2918=AXIS2_PLACEMENT_3D('',#4568,#3424,#3425);
#2919=AXIS2_PLACEMENT_3D('',#4576,#3427,#3428);
#2920=AXIS2_PLACEMENT_3D('',#4585,#3430,#3431);
#2921=AXIS2_PLACEMENT_3D('',#4587,#3432,#3433);
#2922=AXIS2_PLACEMENT_3D('',#4595,#3435,#3436);
#2923=AXIS2_PLACEMENT_3D('',#4603,#3438,#3439);
#2924=AXIS2_PLACEMENT_3D('',#4605,#3440,#3441);
#2925=AXIS2_PLACEMENT_3D('',#4613,#3443,#3444);
#2926=AXIS2_PLACEMENT_3D('',#4622,#3446,#3447);
#2927=AXIS2_PLACEMENT_3D('',#4624,#3448,#3449);
#2928=AXIS2_PLACEMENT_3D('',#4632,#3451,#3452);
#2929=AXIS2_PLACEMENT_3D('',#4640,#3454,#3455);
#2930=AXIS2_PLACEMENT_3D('',#4642,#3456,#3457);
#2931=AXIS2_PLACEMENT_3D('',#4650,#3459,#3460);
#2932=AXIS2_PLACEMENT_3D('',#4659,#3462,#3463);
#2933=AXIS2_PLACEMENT_3D('',#4661,#3464,#3465);
#2934=AXIS2_PLACEMENT_3D('',#4669,#3467,#3468);
#2935=AXIS2_PLACEMENT_3D('',#4677,#3470,#3471);
#2936=AXIS2_PLACEMENT_3D('',#4679,#3472,#3473);
#2937=AXIS2_PLACEMENT_3D('',#4687,#3475,#3476);
#2938=AXIS2_PLACEMENT_3D('',#4696,#3478,#3479);
#2939=AXIS2_PLACEMENT_3D('',#4698,#3480,#3481);
#2940=AXIS2_PLACEMENT_3D('',#4706,#3483,#3484);
#2941=AXIS2_PLACEMENT_3D('',#4714,#3486,#3487);
#2942=AXIS2_PLACEMENT_3D('',#4716,#3488,#3489);
#2943=AXIS2_PLACEMENT_3D('',#4724,#3491,#3492);
#2944=AXIS2_PLACEMENT_3D('',#4733,#3494,#3495);
#2945=AXIS2_PLACEMENT_3D('',#4735,#3496,#3497);
#2946=AXIS2_PLACEMENT_3D('',#4743,#3499,#3500);
#2947=AXIS2_PLACEMENT_3D('',#4751,#3502,#3503);
#2948=AXIS2_PLACEMENT_3D('',#4753,#3504,#3505);
#2949=AXIS2_PLACEMENT_3D('',#4761,#3507,#3508);
#2950=AXIS2_PLACEMENT_3D('',#4770,#3510,#3511);
#2951=AXIS2_PLACEMENT_3D('',#4772,#3512,#3513);
#2952=AXIS2_PLACEMENT_3D('',#4780,#3515,#3516);
#2953=AXIS2_PLACEMENT_3D('',#4788,#3518,#3519);
#2954=AXIS2_PLACEMENT_3D('',#4790,#3520,#3521);
#2955=AXIS2_PLACEMENT_3D('',#4798,#3523,#3524);
#2956=AXIS2_PLACEMENT_3D('',#4807,#3526,#3527);
#2957=AXIS2_PLACEMENT_3D('',#4809,#3528,#3529);
#2958=AXIS2_PLACEMENT_3D('',#4817,#3531,#3532);
#2959=AXIS2_PLACEMENT_3D('',#4825,#3534,#3535);
#2960=AXIS2_PLACEMENT_3D('',#4827,#3536,#3537);
#2961=AXIS2_PLACEMENT_3D('',#4835,#3539,#3540);
#2962=AXIS2_PLACEMENT_3D('',#4844,#3542,#3543);
#2963=AXIS2_PLACEMENT_3D('',#4846,#3544,#3545);
#2964=AXIS2_PLACEMENT_3D('',#4854,#3547,#3548);
#2965=AXIS2_PLACEMENT_3D('',#4862,#3550,#3551);
#2966=AXIS2_PLACEMENT_3D('',#4864,#3552,#3553);
#2967=AXIS2_PLACEMENT_3D('',#4872,#3555,#3556);
#2968=AXIS2_PLACEMENT_3D('',#4881,#3558,#3559);
#2969=AXIS2_PLACEMENT_3D('',#4883,#3560,#3561);
#2970=AXIS2_PLACEMENT_3D('',#4891,#3563,#3564);
#2971=AXIS2_PLACEMENT_3D('',#4899,#3566,#3567);
#2972=AXIS2_PLACEMENT_3D('',#4901,#3568,#3569);
#2973=AXIS2_PLACEMENT_3D('',#4909,#3571,#3572);
#2974=AXIS2_PLACEMENT_3D('',#4918,#3574,#3575);
#2975=AXIS2_PLACEMENT_3D('',#4920,#3576,#3577);
#2976=AXIS2_PLACEMENT_3D('',#4928,#3579,#3580);
#2977=AXIS2_PLACEMENT_3D('',#4936,#3582,#3583);
#2978=AXIS2_PLACEMENT_3D('',#4938,#3584,#3585);
#2979=AXIS2_PLACEMENT_3D('',#4946,#3587,#3588);
#2980=AXIS2_PLACEMENT_3D('',#4955,#3590,#3591);
#2981=AXIS2_PLACEMENT_3D('',#4957,#3592,#3593);
#2982=AXIS2_PLACEMENT_3D('',#4965,#3595,#3596);
#2983=AXIS2_PLACEMENT_3D('',#4973,#3598,#3599);
#2984=AXIS2_PLACEMENT_3D('',#4975,#3600,#3601);
#2985=AXIS2_PLACEMENT_3D('',#4983,#3603,#3604);
#2986=AXIS2_PLACEMENT_3D('',#4992,#3606,#3607);
#2987=AXIS2_PLACEMENT_3D('',#4994,#3608,#3609);
#2988=AXIS2_PLACEMENT_3D('',#5002,#3611,#3612);
#2989=AXIS2_PLACEMENT_3D('',#5010,#3614,#3615);
#2990=AXIS2_PLACEMENT_3D('',#5012,#3616,#3617);
#2991=AXIS2_PLACEMENT_3D('',#5020,#3619,#3620);
#2992=AXIS2_PLACEMENT_3D('',#5028,#3621,#3622);
#2993=AXIS2_PLACEMENT_3D('',#5029,#3623,#3624);
#2994=AXIS2_PLACEMENT_3D('',#5037,#3625,#3626);
#2995=AXIS2_PLACEMENT_3D('',#5038,#3627,#3628);
#2996=AXIS2_PLACEMENT_3D('',#5046,#3629,#3630);
#2997=AXIS2_PLACEMENT_3D('',#5047,#3631,#3632);
#2998=AXIS2_PLACEMENT_3D('',#5055,#3633,#3634);
#2999=AXIS2_PLACEMENT_3D('',#5056,#3635,#3636);
#3000=AXIS2_PLACEMENT_3D('',#5064,#3637,#3638);
#3001=AXIS2_PLACEMENT_3D('',#5065,#3639,#3640);
#3002=AXIS2_PLACEMENT_3D('',#5073,#3641,#3642);
#3003=AXIS2_PLACEMENT_3D('',#5074,#3643,#3644);
#3004=AXIS2_PLACEMENT_3D('',#5082,#3645,#3646);
#3005=AXIS2_PLACEMENT_3D('',#5083,#3647,#3648);
#3006=AXIS2_PLACEMENT_3D('',#5091,#3649,#3650);
#3007=AXIS2_PLACEMENT_3D('',#5092,#3651,#3652);
#3008=AXIS2_PLACEMENT_3D('',#5100,#3653,#3654);
#3009=AXIS2_PLACEMENT_3D('',#5101,#3655,#3656);
#3010=AXIS2_PLACEMENT_3D('',#5109,#3657,#3658);
#3011=AXIS2_PLACEMENT_3D('',#5110,#3659,#3660);
#3012=AXIS2_PLACEMENT_3D('',#5118,#3661,#3662);
#3013=AXIS2_PLACEMENT_3D('',#5119,#3663,#3664);
#3014=AXIS2_PLACEMENT_3D('',#5127,#3665,#3666);
#3015=AXIS2_PLACEMENT_3D('',#5128,#3667,#3668);
#3016=AXIS2_PLACEMENT_3D('',#5136,#3669,#3670);
#3017=AXIS2_PLACEMENT_3D('',#5137,#3671,#3672);
#3018=AXIS2_PLACEMENT_3D('',#5145,#3673,#3674);
#3019=AXIS2_PLACEMENT_3D('',#5146,#3675,#3676);
#3020=AXIS2_PLACEMENT_3D('',#5154,#3677,#3678);
#3021=AXIS2_PLACEMENT_3D('',#5155,#3679,#3680);
#3022=AXIS2_PLACEMENT_3D('',#5163,#3681,#3682);
#3023=AXIS2_PLACEMENT_3D('',#5164,#3683,#3684);
#3024=AXIS2_PLACEMENT_3D('',#5172,#3685,#3686);
#3025=AXIS2_PLACEMENT_3D('',#5173,#3687,#3688);
#3026=AXIS2_PLACEMENT_3D('',#5181,#3689,#3690);
#3027=AXIS2_PLACEMENT_3D('',#5182,#3691,#3692);
#3028=AXIS2_PLACEMENT_3D('',#5190,#3693,#3694);
#3029=AXIS2_PLACEMENT_3D('',#5191,#3695,#3696);
#3030=AXIS2_PLACEMENT_3D('',#5199,#3697,#3698);
#3031=AXIS2_PLACEMENT_3D('',#5200,#3699,#3700);
#3032=AXIS2_PLACEMENT_3D('',#5208,#3701,#3702);
#3033=AXIS2_PLACEMENT_3D('',#5209,#3703,#3704);
#3034=AXIS2_PLACEMENT_3D('',#5217,#3705,#3706);
#3035=AXIS2_PLACEMENT_3D('',#5218,#3707,#3708);
#3036=AXIS2_PLACEMENT_3D('',#5226,#3709,#3710);
#3037=AXIS2_PLACEMENT_3D('',#5227,#3711,#3712);
#3038=AXIS2_PLACEMENT_3D('',#5235,#3713,#3714);
#3039=AXIS2_PLACEMENT_3D('',#5236,#3715,#3716);
#3040=AXIS2_PLACEMENT_3D('',#5244,#3717,#3718);
#3041=AXIS2_PLACEMENT_3D('',#5245,#3719,#3720);
#3042=AXIS2_PLACEMENT_3D('',#5253,#3721,#3722);
#3043=AXIS2_PLACEMENT_3D('',#5254,#3723,#3724);
#3044=AXIS2_PLACEMENT_3D('',#5262,#3725,#3726);
#3045=AXIS2_PLACEMENT_3D('',#5263,#3727,#3728);
#3046=AXIS2_PLACEMENT_3D('',#5271,#3729,#3730);
#3047=AXIS2_PLACEMENT_3D('',#5272,#3731,#3732);
#3048=AXIS2_PLACEMENT_3D('',#5280,#3733,#3734);
#3049=AXIS2_PLACEMENT_3D('',#5281,#3735,#3736);
#3050=AXIS2_PLACEMENT_3D('',#5289,#3737,#3738);
#3051=AXIS2_PLACEMENT_3D('',#5290,#3739,#3740);
#3052=AXIS2_PLACEMENT_3D('',#5302,#3741,#3742);
#3053=AXIS2_PLACEMENT_3D('',#5304,#3743,#3744);
#3054=AXIS2_PLACEMENT_3D('',#5305,#3745,#3746);
#3055=AXIS2_PLACEMENT_3D('',#5307,#3747,#3748);
#3056=AXIS2_PLACEMENT_3D('',#5308,#3749,#3750);
#3057=AXIS2_PLACEMENT_3D('',#5309,#3751,#3752);
#3058=AXIS2_PLACEMENT_3D('',#5310,#3753,#3754);
#3059=AXIS2_PLACEMENT_3D('',#5311,#3755,#3756);
#3060=AXIS2_PLACEMENT_3D('',#5312,#3757,#3758);
#3061=AXIS2_PLACEMENT_3D('',#5313,#3759,#3760);
#3062=AXIS2_PLACEMENT_3D('',#5314,#3761,#3762);
#3063=AXIS2_PLACEMENT_3D('',#5315,#3763,#3764);
#3064=AXIS2_PLACEMENT_3D('',#5316,#3765,#3766);
#3065=AXIS2_PLACEMENT_3D('',#5317,#3767,#3768);
#3066=AXIS2_PLACEMENT_3D('',#5318,#3769,#3770);
#3067=AXIS2_PLACEMENT_3D('',#5319,#3771,#3772);
#3068=AXIS2_PLACEMENT_3D('',#5320,#3773,#3774);
#3069=AXIS2_PLACEMENT_3D('',#5321,#3775,#3776);
#3070=AXIS2_PLACEMENT_3D('',#5322,#3777,#3778);
#3071=AXIS2_PLACEMENT_3D('',#5323,#3779,#3780);
#3072=AXIS2_PLACEMENT_3D('',#5325,#3781,#3782);
#3073=AXIS2_PLACEMENT_3D('',#5326,#3783,#3784);
#3074=AXIS2_PLACEMENT_3D('',#5327,#3785,#3786);
#3075=AXIS2_PLACEMENT_3D('',#5328,#3787,#3788);
#3076=AXIS2_PLACEMENT_3D('',#5330,#3789,#3790);
#3077=AXIS2_PLACEMENT_3D('',#5331,#3791,#3792);
#3078=AXIS2_PLACEMENT_3D('',#5332,#3793,#3794);
#3079=AXIS2_PLACEMENT_3D('',#5333,#3795,#3796);
#3080=AXIS2_PLACEMENT_3D('',#5334,#3797,#3798);
#3081=AXIS2_PLACEMENT_3D('',#5335,#3799,#3800);
#3082=AXIS2_PLACEMENT_3D('',#5336,#3801,#3802);
#3083=AXIS2_PLACEMENT_3D('',#5337,#3803,#3804);
#3084=AXIS2_PLACEMENT_3D('',#5338,#3805,#3806);
#3085=AXIS2_PLACEMENT_3D('',#5339,#3807,#3808);
#3086=AXIS2_PLACEMENT_3D('',#5340,#3809,#3810);
#3087=AXIS2_PLACEMENT_3D('',#5341,#3811,#3812);
#3088=AXIS2_PLACEMENT_3D('',#5342,#3813,#3814);
#3089=AXIS2_PLACEMENT_3D('',#5343,#3815,#3816);
#3090=AXIS2_PLACEMENT_3D('',#5344,#3817,#3818);
#3091=AXIS2_PLACEMENT_3D('',#5345,#3819,#3820);
#3092=AXIS2_PLACEMENT_3D('',#5346,#3821,#3822);
#3093=AXIS2_PLACEMENT_3D('',#5347,#3823,#3824);
#3094=AXIS2_PLACEMENT_3D('',#5348,#3825,#3826);
#3095=AXIS2_PLACEMENT_3D('',#5349,#3827,#3828);
#3096=AXIS2_PLACEMENT_3D('',#5350,#3829,#3830);
#3097=AXIS2_PLACEMENT_3D('',#5351,#3831,#3832);
#3098=AXIS2_PLACEMENT_3D('',#5352,#3833,#3834);
#3099=AXIS2_PLACEMENT_3D('',#5353,#3835,#3836);
#3100=AXIS2_PLACEMENT_3D('',#5354,#3837,#3838);
#3101=AXIS2_PLACEMENT_3D('',#5355,#3839,#3840);
#3102=AXIS2_PLACEMENT_3D('',#5356,#3841,#3842);
#3103=AXIS2_PLACEMENT_3D('',#5357,#3843,#3844);
#3104=AXIS2_PLACEMENT_3D('',#5358,#3845,#3846);
#3105=AXIS2_PLACEMENT_3D('',#5359,#3847,#3848);
#3106=AXIS2_PLACEMENT_3D('',#5360,#3849,#3850);
#3107=AXIS2_PLACEMENT_3D('',#5361,#3851,#3852);
#3108=AXIS2_PLACEMENT_3D('',#5362,#3853,#3854);
#3109=AXIS2_PLACEMENT_3D('',#5363,#3855,#3856);
#3110=AXIS2_PLACEMENT_3D('',#5364,#3857,#3858);
#3111=AXIS2_PLACEMENT_3D('',#5365,#3859,#3860);
#3112=AXIS2_PLACEMENT_3D('',#5366,#3861,#3862);
#3113=AXIS2_PLACEMENT_3D('',#5367,#3863,#3864);
#3114=AXIS2_PLACEMENT_3D('',#5368,#3865,#3866);
#3115=AXIS2_PLACEMENT_3D('',#5369,#3867,#3868);
#3116=AXIS2_PLACEMENT_3D('',#5370,#3869,#3870);
#3117=AXIS2_PLACEMENT_3D('',#5371,#3871,#3872);
#3118=AXIS2_PLACEMENT_3D('',#5372,#3873,#3874);
#3119=AXIS2_PLACEMENT_3D('',#5373,#3875,#3876);
#3120=AXIS2_PLACEMENT_3D('',#5374,#3877,#3878);
#3121=AXIS2_PLACEMENT_3D('',#5375,#3879,#3880);
#3122=AXIS2_PLACEMENT_3D('',#5376,#3881,#3882);
#3123=AXIS2_PLACEMENT_3D('',#5377,#3883,#3884);
#3124=AXIS2_PLACEMENT_3D('',#5378,#3885,#3886);
#3125=AXIS2_PLACEMENT_3D('',#5379,#3887,#3888);
#3126=AXIS2_PLACEMENT_3D('',#5380,#3889,#3890);
#3127=AXIS2_PLACEMENT_3D('',#5381,#3891,#3892);
#3128=AXIS2_PLACEMENT_3D('',#5382,#3893,#3894);
#3129=AXIS2_PLACEMENT_3D('',#5383,#3895,#3896);
#3130=AXIS2_PLACEMENT_3D('',#5384,#3897,#3898);
#3131=AXIS2_PLACEMENT_3D('',#5385,#3899,#3900);
#3132=AXIS2_PLACEMENT_3D('',#5386,#3901,#3902);
#3133=AXIS2_PLACEMENT_3D('',#5387,#3903,#3904);
#3134=AXIS2_PLACEMENT_3D('',#5388,#3905,#3906);
#3135=AXIS2_PLACEMENT_3D('',#5389,#3907,#3908);
#3136=AXIS2_PLACEMENT_3D('',#5390,#3909,#3910);
#3137=AXIS2_PLACEMENT_3D('',#5391,#3911,#3912);
#3138=AXIS2_PLACEMENT_3D('',#5392,#3913,#3914);
#3139=AXIS2_PLACEMENT_3D('',#5393,#3915,#3916);
#3140=AXIS2_PLACEMENT_3D('',#5394,#3917,#3918);
#3141=AXIS2_PLACEMENT_3D('',#5395,#3919,#3920);
#3142=AXIS2_PLACEMENT_3D('',#5396,#3921,#3922);
#3143=AXIS2_PLACEMENT_3D('',#5397,#3923,#3924);
#3144=AXIS2_PLACEMENT_3D('',#5398,#3925,#3926);
#3145=AXIS2_PLACEMENT_3D('',#5399,#3927,#3928);
#3146=AXIS2_PLACEMENT_3D('',#5400,#3929,#3930);
#3147=AXIS2_PLACEMENT_3D('',#5401,#3931,#3932);
#3148=AXIS2_PLACEMENT_3D('',#5402,#3933,#3934);
#3149=AXIS2_PLACEMENT_3D('',#5403,#3935,#3936);
#3150=AXIS2_PLACEMENT_3D('',#5404,#3937,#3938);
#3151=AXIS2_PLACEMENT_3D('',#5405,#3939,#3940);
#3152=AXIS2_PLACEMENT_3D('',#5406,#3941,#3942);
#3153=AXIS2_PLACEMENT_3D('',#5407,#3943,#3944);
#3154=AXIS2_PLACEMENT_3D('',#5408,#3945,#3946);
#3155=AXIS2_PLACEMENT_3D('',#5409,#3947,#3948);
#3156=AXIS2_PLACEMENT_3D('',#5410,#3949,#3950);
#3157=AXIS2_PLACEMENT_3D('',#5411,#3951,#3952);
#3158=AXIS2_PLACEMENT_3D('',#5412,#3953,#3954);
#3159=AXIS2_PLACEMENT_3D('',#5413,#3955,#3956);
#3160=AXIS2_PLACEMENT_3D('',#5414,#3957,#3958);
#3161=AXIS2_PLACEMENT_3D('',#5415,#3959,#3960);
#3162=AXIS2_PLACEMENT_3D('',#5416,#3961,#3962);
#3163=AXIS2_PLACEMENT_3D('',#5417,#3963,#3964);
#3164=AXIS2_PLACEMENT_3D('',#5418,#3965,#3966);
#3165=AXIS2_PLACEMENT_3D('',#5419,#3967,#3968);
#3166=AXIS2_PLACEMENT_3D('',#5420,#3969,#3970);
#3167=AXIS2_PLACEMENT_3D('',#5421,#3971,#3972);
#3168=AXIS2_PLACEMENT_3D('',#5422,#3973,#3974);
#3169=AXIS2_PLACEMENT_3D('',#5423,#3975,#3976);
#3170=AXIS2_PLACEMENT_3D('',#5427,#3979,#3980);
#3171=AXIS2_PLACEMENT_3D('',#5429,#3982,#3983);
#3172=AXIS2_PLACEMENT_3D('',#5430,#3984,#3985);
#3173=AXIS2_PLACEMENT_3D('',#5433,#3987,#3988);
#3174=AXIS2_PLACEMENT_3D('',#5434,#3989,#3990);
#3175=AXIS2_PLACEMENT_3D('',#5438,#3993,#3994);
#3176=AXIS2_PLACEMENT_3D('',#5440,#3996,#3997);
#3177=AXIS2_PLACEMENT_3D('',#5443,#3999,#4000);
#3178=AXIS2_PLACEMENT_3D('',#5444,#4001,#4002);
#3179=AXIS2_PLACEMENT_3D('',#5445,#4003,#4004);
#3180=AXIS2_PLACEMENT_3D('',#5449,#4007,#4008);
#3181=AXIS2_PLACEMENT_3D('',#5451,#4010,#4011);
#3182=AXIS2_PLACEMENT_3D('',#5453,#4013,#4014);
#3183=AXIS2_PLACEMENT_3D('',#5455,#4016,#4017);
#3184=AXIS2_PLACEMENT_3D('',#5457,#4019,#4020);
#3185=AXIS2_PLACEMENT_3D('',#5459,#4022,#4023);
#3186=AXIS2_PLACEMENT_3D('',#5460,#4024,#4025);
#3187=AXIS2_PLACEMENT_3D('',#5463,#4027,#4028);
#3188=AXIS2_PLACEMENT_3D('',#5464,#4029,#4030);
#3189=AXIS2_PLACEMENT_3D('',#5465,#4031,#4032);
#3190=AXIS2_PLACEMENT_3D('',#5466,#4033,#4034);
#3191=AXIS2_PLACEMENT_3D('',#5467,#4035,#4036);
#3192=AXIS2_PLACEMENT_3D('',#5468,#4037,#4038);
#3193=AXIS2_PLACEMENT_3D('',#5469,#4039,#4040);
#3194=AXIS2_PLACEMENT_3D('',#5470,#4041,#4042);
#3195=AXIS2_PLACEMENT_3D('',#5471,#4043,#4044);
#3196=AXIS2_PLACEMENT_3D('',#5472,#4045,#4046);
#3197=AXIS2_PLACEMENT_3D('',#5474,#4048,#4049);
#3198=AXIS2_PLACEMENT_3D('',#5475,#4050,#4051);
#3199=AXIS2_PLACEMENT_3D('',#5476,#4052,#4053);
#3200=AXIS2_PLACEMENT_3D('',#5477,#4054,#4055);
#3201=AXIS2_PLACEMENT_3D('',#5478,#4056,#4057);
#3202=AXIS2_PLACEMENT_3D('',#5479,#4058,#4059);
#3203=AXIS2_PLACEMENT_3D('',#5480,#4060,#4061);
#3204=AXIS2_PLACEMENT_3D('',#5482,#4062,#4063);
#3205=AXIS2_PLACEMENT_3D('',#5483,#4064,#4065);
#3206=AXIS2_PLACEMENT_3D('',#5484,#4066,#4067);
#3207=AXIS2_PLACEMENT_3D('',#5485,#4068,#4069);
#3208=DIRECTION('',(0.,0.,1.));
#3209=DIRECTION('',(1.,0.,0.));
#3210=DIRECTION('',(0.,-1.,0.));
#3211=DIRECTION('',(0.,0.,-1.));
#3212=DIRECTION('',(1.,0.,0.));
#3213=DIRECTION('',(0.,0.,-1.));
#3214=DIRECTION('',(0.,0.,-1.));
#3215=DIRECTION('',(0.,-1.,0.));
#3216=DIRECTION('',(0.,0.,-1.));
#3217=DIRECTION('',(0.,0.,-1.));
#3218=DIRECTION('',(1.,0.,0.));
#3219=DIRECTION('',(0.,0.,-1.));
#3220=DIRECTION('',(0.,0.5,0.866025403784438));
#3221=DIRECTION('',(0.,-0.866025403784438,0.5));
#3222=DIRECTION('',(1.,0.,0.));
#3223=DIRECTION('',(0.,-0.866025403784438,0.5));
#3224=DIRECTION('',(0.,-0.866025403784438,0.5));
#3225=DIRECTION('',(0.,0.5,0.866025403784439));
#3226=DIRECTION('',(0.,-0.866025403784439,0.5));
#3227=DIRECTION('',(0.,-0.866025403784439,0.5));
#3228=DIRECTION('',(1.,0.,0.));
#3229=DIRECTION('',(0.,-0.866025403784439,0.5));
#3230=DIRECTION('',(-0.667550710249978,0.644811629030961,-0.372282167597627));
#3231=DIRECTION('',(0.,0.5,-0.866025403784438));
#3232=DIRECTION('',(0.,0.866025403784438,0.5));
#3233=DIRECTION('',(1.,0.,0.));
#3234=DIRECTION('',(0.,0.866025403784438,0.5));
#3235=DIRECTION('',(-0.667550710249978,-0.644811629030961,-0.372282167597627));
#3236=DIRECTION('',(0.,0.866025403784438,0.5));
#3237=DIRECTION('',(0.,0.5,-0.866025403784439));
#3238=DIRECTION('',(0.,0.866025403784439,0.5));
#3239=DIRECTION('',(0.,0.866025403784439,0.5));
#3240=DIRECTION('',(1.,0.,0.));
#3241=DIRECTION('',(0.,0.866025403784439,0.5));
#3242=DIRECTION('',(1.,0.,0.));
#3243=DIRECTION('',(0.,0.,-1.));
#3244=DIRECTION('',(1.,0.,0.));
#3245=DIRECTION('',(0.,0.,-1.));
#3246=DIRECTION('',(1.,0.,0.));
#3247=DIRECTION('',(0.,-1.,0.));
#3248=DIRECTION('',(0.,0.,-1.));
#3249=DIRECTION('',(1.,0.,0.));
#3250=DIRECTION('',(0.,0.,-1.));
#3251=DIRECTION('',(-1.,0.,0.));
#3252=DIRECTION('',(0.,0.,1.));
#3253=DIRECTION('',(1.,0.,0.));
#3254=DIRECTION('',(0.,0.,-1.));
#3255=DIRECTION('',(1.,0.,0.));
#3256=DIRECTION('',(0.,0.,-1.));
#3257=DIRECTION('',(1.,0.,0.));
#3258=DIRECTION('',(0.,0.,-1.));
#3259=DIRECTION('',(-1.,0.,0.));
#3260=DIRECTION('',(0.,0.,1.));
#3261=DIRECTION('',(1.,0.,0.));
#3262=DIRECTION('',(0.,0.,-1.));
#3263=DIRECTION('',(1.,0.,0.));
#3264=DIRECTION('',(0.,0.,-1.));
#3265=DIRECTION('',(1.,0.,0.));
#3266=DIRECTION('',(0.,0.,-1.));
#3267=DIRECTION('',(-1.,0.,0.));
#3268=DIRECTION('',(0.,0.,1.));
#3269=DIRECTION('',(1.,0.,0.));
#3270=DIRECTION('',(0.,0.,-1.));
#3271=DIRECTION('',(0.,0.,-1.));
#3272=DIRECTION('',(1.,0.,0.));
#3273=DIRECTION('',(0.,-1.,0.));
#3274=DIRECTION('',(1.,0.,0.));
#3275=DIRECTION('',(0.,0.,-1.));
#3276=DIRECTION('',(0.,-1.22464679914735E-16,1.));
#3277=DIRECTION('',(1.,0.,0.));
#3278=DIRECTION('',(0.,0.,-1.));
#3279=DIRECTION('',(1.,0.,0.));
#3280=DIRECTION('',(0.,0.,-1.));
#3281=DIRECTION('',(1.,0.,0.));
#3282=DIRECTION('',(0.,0.,-1.));
#3283=DIRECTION('',(0.,0.,-1.));
#3284=DIRECTION('',(1.,0.,0.));
#3285=DIRECTION('',(0.,0.,-1.));
#3286=DIRECTION('',(1.,0.,0.));
#3287=DIRECTION('',(0.,0.,-1.));
#3288=DIRECTION('',(1.,0.,0.));
#3289=DIRECTION('',(1.,0.,0.));
#3290=DIRECTION('',(1.,0.,0.));
#3291=DIRECTION('',(0.,0.,-1.));
#3292=DIRECTION('',(1.,0.,0.));
#3293=DIRECTION('',(0.,0.,-1.));
#3294=DIRECTION('',(1.,0.,0.));
#3295=DIRECTION('',(1.,0.,0.));
#3296=DIRECTION('',(1.,0.,0.));
#3297=DIRECTION('',(0.,0.,-1.));
#3298=DIRECTION('',(1.,0.,0.));
#3299=DIRECTION('',(0.,0.,-1.));
#3300=DIRECTION('',(-1.,0.,0.));
#3301=DIRECTION('',(-1.,0.,0.));
#3302=DIRECTION('',(1.,0.,0.));
#3303=DIRECTION('',(0.,0.,-1.));
#3304=DIRECTION('',(-1.,0.,0.));
#3305=DIRECTION('',(-1.,0.,0.));
#3306=DIRECTION('',(-1.,0.,0.));
#3307=DIRECTION('',(0.,0.,1.));
#3308=DIRECTION('',(-0.137568371274686,0.,-0.990492273177752));
#3309=DIRECTION('',(-0.990492273177752,0.,0.137568371274686));
#3310=DIRECTION('',(-0.694750580214743,0.719250742989729,0.));
#3311=DIRECTION('',(-0.719250742989729,-0.694750580214743,0.));
#3312=DIRECTION('',(-0.694750580214743,0.719250742989729,0.));
#3313=DIRECTION('',(-0.719250742989729,-0.694750580214743,0.));
#3314=DIRECTION('',(0.719250742989729,0.694750580214743,0.));
#3315=DIRECTION('',(0.,0.,-1.));
#3316=DIRECTION('',(-1.,0.,0.));
#3317=DIRECTION('',(0.,0.,1.));
#3318=DIRECTION('',(1.,0.,0.));
#3319=DIRECTION('',(0.,0.,-1.));
#3320=DIRECTION('',(1.,0.,0.));
#3321=DIRECTION('',(0.,-1.,0.));
#3322=DIRECTION('',(0.719250742989729,-0.694750580214743,0.));
#3323=DIRECTION('',(1.,0.,0.));
#3324=DIRECTION('',(0.,0.,-1.));
#3325=DIRECTION('',(-1.,0.,0.));
#3326=DIRECTION('',(0.,0.,1.));
#3327=DIRECTION('',(1.,0.,0.));
#3328=DIRECTION('',(0.,0.,-1.));
#3329=DIRECTION('',(1.,0.,0.));
#3330=DIRECTION('',(0.,0.,-1.));
#3331=DIRECTION('',(1.,0.,0.));
#3332=DIRECTION('',(0.,0.,-1.));
#3333=DIRECTION('',(1.,0.,0.));
#3334=DIRECTION('',(0.,0.,-1.));
#3335=DIRECTION('',(0.,-1.,0.));
#3336=DIRECTION('',(-1.,0.,0.));
#3337=DIRECTION('',(0.,0.,-1.));
#3338=DIRECTION('',(-1.,0.,0.));
#3339=DIRECTION('',(0.,0.,1.));
#3340=DIRECTION('',(-1.,0.,0.));
#3341=DIRECTION('',(0.,0.,1.));
#3342=DIRECTION('',(-1.,0.,0.));
#3343=DIRECTION('',(0.,0.,1.));
#3344=DIRECTION('',(-1.,0.,0.));
#3345=DIRECTION('',(0.,0.,1.));
#3346=DIRECTION('',(-1.,0.,0.));
#3347=DIRECTION('',(0.,0.,1.));
#3348=DIRECTION('',(-1.,0.,0.));
#3349=DIRECTION('',(0.,0.,1.));
#3350=DIRECTION('',(-1.,0.,0.));
#3351=DIRECTION('',(0.,0.,1.));
#3352=DIRECTION('',(-1.,0.,0.));
#3353=DIRECTION('',(0.,0.,1.));
#3354=DIRECTION('',(-1.,0.,0.));
#3355=DIRECTION('',(0.,0.,1.));
#3356=DIRECTION('',(-1.,0.,0.));
#3357=DIRECTION('',(0.,0.,1.));
#3358=DIRECTION('',(-1.,0.,0.));
#3359=DIRECTION('',(0.,0.,1.));
#3360=DIRECTION('',(0.,0.,-1.));
#3361=DIRECTION('',(-1.,0.,0.));
#3362=DIRECTION('',(0.,0.,1.));
#3363=DIRECTION('',(-1.,0.,0.));
#3364=DIRECTION('',(0.,0.,1.));
#3365=DIRECTION('',(-1.,0.,0.));
#3366=DIRECTION('',(0.,0.,1.));
#3367=DIRECTION('',(-1.,0.,0.));
#3368=DIRECTION('',(0.,0.,1.));
#3369=DIRECTION('',(-1.,0.,0.));
#3370=DIRECTION('',(0.,0.,1.));
#3371=DIRECTION('',(0.,0.,-1.));
#3372=DIRECTION('',(-1.,0.,0.));
#3373=DIRECTION('',(0.,0.,1.));
#3374=DIRECTION('',(0.,0.,1.));
#3375=DIRECTION('',(1.,0.,0.));
#3376=DIRECTION('',(1.,0.,0.));
#3377=DIRECTION('',(0.,1.,0.));
#3378=DIRECTION('',(1.,0.,0.));
#3379=DIRECTION('',(-1.,0.,0.));
#3380=DIRECTION('',(0.,0.,1.));
#3381=DIRECTION('',(-1.,0.,0.));
#3382=DIRECTION('',(1.,0.,0.));
#3383=DIRECTION('',(0.,0.,-1.));
#3384=DIRECTION('',(1.,0.,0.));
#3385=DIRECTION('',(0.,0.,-1.));
#3386=DIRECTION('',(-1.,0.,0.));
#3387=DIRECTION('',(-1.,0.,0.));
#3388=DIRECTION('',(0.,0.,1.));
#3389=DIRECTION('',(-1.,0.,0.));
#3390=DIRECTION('',(1.,0.,0.));
#3391=DIRECTION('',(0.,0.,-1.));
#3392=DIRECTION('',(1.,0.,0.));
#3393=DIRECTION('',(0.,0.,-1.));
#3394=DIRECTION('',(-1.,0.,0.));
#3395=DIRECTION('',(-1.,0.,0.));
#3396=DIRECTION('',(0.,-0.4067366430758,0.913545457642601));
#3397=DIRECTION('',(-1.,0.,0.));
#3398=DIRECTION('',(1.,0.,0.));
#3399=DIRECTION('',(0.,0.4067366430758,-0.913545457642601));
#3400=DIRECTION('',(1.,0.,0.));
#3401=DIRECTION('',(0.,0.4067366430758,-0.913545457642601));
#3402=DIRECTION('',(-1.,0.,0.));
#3403=DIRECTION('',(-1.,0.,0.));
#3404=DIRECTION('',(0.,-0.4067366430758,0.913545457642601));
#3405=DIRECTION('',(-1.,0.,0.));
#3406=DIRECTION('',(1.,0.,0.));
#3407=DIRECTION('',(0.,0.4067366430758,-0.913545457642601));
#3408=DIRECTION('',(1.,0.,0.));
#3409=DIRECTION('',(0.,0.4067366430758,-0.913545457642601));
#3410=DIRECTION('',(-1.,0.,0.));
#3411=DIRECTION('',(-1.,0.,0.));
#3412=DIRECTION('',(0.,-0.743144825477394,0.669130606358858));
#3413=DIRECTION('',(-1.,0.,0.));
#3414=DIRECTION('',(1.,0.,0.));
#3415=DIRECTION('',(0.,0.743144825477394,-0.669130606358858));
#3416=DIRECTION('',(1.,0.,0.));
#3417=DIRECTION('',(0.,0.743144825477394,-0.669130606358858));
#3418=DIRECTION('',(-1.,0.,0.));
#3419=DIRECTION('',(-1.,0.,0.));
#3420=DIRECTION('',(0.,-0.743144825477394,0.669130606358858));
#3421=DIRECTION('',(-1.,0.,0.));
#3422=DIRECTION('',(1.,0.,0.));
#3423=DIRECTION('',(0.,0.743144825477394,-0.669130606358858));
#3424=DIRECTION('',(1.,0.,0.));
#3425=DIRECTION('',(0.,0.743144825477394,-0.669130606358858));
#3426=DIRECTION('',(-1.,0.,0.));
#3427=DIRECTION('',(-1.,0.,0.));
#3428=DIRECTION('',(0.,-0.951056516295154,0.309016994374948));
#3429=DIRECTION('',(-1.,0.,0.));
#3430=DIRECTION('',(1.,0.,0.));
#3431=DIRECTION('',(0.,0.951056516295154,-0.309016994374948));
#3432=DIRECTION('',(1.,0.,0.));
#3433=DIRECTION('',(0.,0.951056516295154,-0.309016994374948));
#3434=DIRECTION('',(-1.,0.,0.));
#3435=DIRECTION('',(-1.,0.,0.));
#3436=DIRECTION('',(0.,-0.951056516295154,0.309016994374948));
#3437=DIRECTION('',(-1.,0.,0.));
#3438=DIRECTION('',(1.,0.,0.));
#3439=DIRECTION('',(0.,0.951056516295154,-0.309016994374948));
#3440=DIRECTION('',(1.,0.,0.));
#3441=DIRECTION('',(0.,0.951056516295154,-0.309016994374948));
#3442=DIRECTION('',(-1.,0.,0.));
#3443=DIRECTION('',(-1.,0.,0.));
#3444=DIRECTION('',(0.,-0.994521895368273,-0.104528463267653));
#3445=DIRECTION('',(-1.,0.,0.));
#3446=DIRECTION('',(1.,0.,0.));
#3447=DIRECTION('',(0.,0.994521895368273,0.104528463267653));
#3448=DIRECTION('',(1.,0.,0.));
#3449=DIRECTION('',(0.,0.994521895368273,0.104528463267653));
#3450=DIRECTION('',(-1.,0.,0.));
#3451=DIRECTION('',(-1.,0.,0.));
#3452=DIRECTION('',(0.,-0.994521895368273,-0.104528463267653));
#3453=DIRECTION('',(-1.,0.,0.));
#3454=DIRECTION('',(1.,0.,0.));
#3455=DIRECTION('',(0.,0.994521895368273,0.104528463267653));
#3456=DIRECTION('',(1.,0.,0.));
#3457=DIRECTION('',(0.,0.994521895368273,0.104528463267653));
#3458=DIRECTION('',(-1.,0.,0.));
#3459=DIRECTION('',(-1.,0.,0.));
#3460=DIRECTION('',(0.,-0.866025403784439,-0.5));
#3461=DIRECTION('',(-1.,0.,0.));
#3462=DIRECTION('',(1.,0.,0.));
#3463=DIRECTION('',(0.,0.866025403784439,0.5));
#3464=DIRECTION('',(1.,0.,0.));
#3465=DIRECTION('',(0.,0.866025403784439,0.5));
#3466=DIRECTION('',(-1.,0.,0.));
#3467=DIRECTION('',(-1.,0.,0.));
#3468=DIRECTION('',(0.,-0.866025403784439,-0.5));
#3469=DIRECTION('',(-1.,0.,0.));
#3470=DIRECTION('',(1.,0.,0.));
#3471=DIRECTION('',(0.,0.866025403784439,0.5));
#3472=DIRECTION('',(1.,0.,0.));
#3473=DIRECTION('',(0.,0.866025403784439,0.5));
#3474=DIRECTION('',(-1.,0.,0.));
#3475=DIRECTION('',(-1.,0.,0.));
#3476=DIRECTION('',(0.,-0.587785252292473,-0.809016994374947));
#3477=DIRECTION('',(-1.,0.,0.));
#3478=DIRECTION('',(1.,0.,0.));
#3479=DIRECTION('',(0.,0.587785252292473,0.809016994374947));
#3480=DIRECTION('',(1.,0.,0.));
#3481=DIRECTION('',(0.,0.587785252292473,0.809016994374947));
#3482=DIRECTION('',(-1.,0.,0.));
#3483=DIRECTION('',(-1.,0.,0.));
#3484=DIRECTION('',(0.,-0.587785252292473,-0.809016994374947));
#3485=DIRECTION('',(-1.,0.,0.));
#3486=DIRECTION('',(1.,0.,0.));
#3487=DIRECTION('',(0.,0.587785252292473,0.809016994374947));
#3488=DIRECTION('',(1.,0.,0.));
#3489=DIRECTION('',(0.,0.587785252292473,0.809016994374947));
#3490=DIRECTION('',(-1.,0.,0.));
#3491=DIRECTION('',(-1.,0.,0.));
#3492=DIRECTION('',(0.,-0.207911690817759,-0.978147600733806));
#3493=DIRECTION('',(-1.,0.,0.));
#3494=DIRECTION('',(1.,0.,0.));
#3495=DIRECTION('',(0.,0.207911690817759,0.978147600733806));
#3496=DIRECTION('',(1.,0.,0.));
#3497=DIRECTION('',(0.,0.207911690817759,0.978147600733806));
#3498=DIRECTION('',(-1.,0.,0.));
#3499=DIRECTION('',(-1.,0.,0.));
#3500=DIRECTION('',(0.,-0.207911690817759,-0.978147600733806));
#3501=DIRECTION('',(-1.,0.,0.));
#3502=DIRECTION('',(1.,0.,0.));
#3503=DIRECTION('',(0.,0.207911690817759,0.978147600733806));
#3504=DIRECTION('',(1.,0.,0.));
#3505=DIRECTION('',(0.,0.207911690817759,0.978147600733806));
#3506=DIRECTION('',(-1.,0.,0.));
#3507=DIRECTION('',(-1.,0.,0.));
#3508=DIRECTION('',(0.,0.207911690817759,-0.978147600733806));
#3509=DIRECTION('',(-1.,0.,0.));
#3510=DIRECTION('',(1.,0.,0.));
#3511=DIRECTION('',(0.,-0.207911690817759,0.978147600733806));
#3512=DIRECTION('',(1.,0.,0.));
#3513=DIRECTION('',(0.,-0.207911690817759,0.978147600733806));
#3514=DIRECTION('',(-1.,0.,0.));
#3515=DIRECTION('',(-1.,0.,0.));
#3516=DIRECTION('',(0.,0.207911690817759,-0.978147600733806));
#3517=DIRECTION('',(-1.,0.,0.));
#3518=DIRECTION('',(1.,0.,0.));
#3519=DIRECTION('',(0.,-0.207911690817759,0.978147600733806));
#3520=DIRECTION('',(1.,0.,0.));
#3521=DIRECTION('',(0.,-0.207911690817759,0.978147600733806));
#3522=DIRECTION('',(-1.,0.,0.));
#3523=DIRECTION('',(-1.,0.,0.));
#3524=DIRECTION('',(0.,0.587785252292473,-0.809016994374948));
#3525=DIRECTION('',(-1.,0.,0.));
#3526=DIRECTION('',(1.,0.,0.));
#3527=DIRECTION('',(0.,-0.587785252292473,0.809016994374948));
#3528=DIRECTION('',(1.,0.,0.));
#3529=DIRECTION('',(0.,-0.587785252292473,0.809016994374948));
#3530=DIRECTION('',(-1.,0.,0.));
#3531=DIRECTION('',(-1.,0.,0.));
#3532=DIRECTION('',(0.,0.587785252292473,-0.809016994374948));
#3533=DIRECTION('',(-1.,0.,0.));
#3534=DIRECTION('',(1.,0.,0.));
#3535=DIRECTION('',(0.,-0.587785252292473,0.809016994374948));
#3536=DIRECTION('',(1.,0.,0.));
#3537=DIRECTION('',(0.,-0.587785252292473,0.809016994374948));
#3538=DIRECTION('',(-1.,0.,0.));
#3539=DIRECTION('',(-1.,0.,0.));
#3540=DIRECTION('',(0.,0.866025403784438,-0.5));
#3541=DIRECTION('',(-1.,0.,0.));
#3542=DIRECTION('',(1.,0.,0.));
#3543=DIRECTION('',(0.,-0.866025403784438,0.5));
#3544=DIRECTION('',(1.,0.,0.));
#3545=DIRECTION('',(0.,-0.866025403784438,0.5));
#3546=DIRECTION('',(-1.,0.,0.));
#3547=DIRECTION('',(-1.,0.,0.));
#3548=DIRECTION('',(0.,0.866025403784438,-0.5));
#3549=DIRECTION('',(-1.,0.,0.));
#3550=DIRECTION('',(1.,0.,0.));
#3551=DIRECTION('',(0.,-0.866025403784438,0.5));
#3552=DIRECTION('',(1.,0.,0.));
#3553=DIRECTION('',(0.,-0.866025403784438,0.5));
#3554=DIRECTION('',(-1.,0.,0.));
#3555=DIRECTION('',(-1.,0.,0.));
#3556=DIRECTION('',(0.,0.994521895368273,-0.104528463267654));
#3557=DIRECTION('',(-1.,0.,0.));
#3558=DIRECTION('',(1.,0.,0.));
#3559=DIRECTION('',(0.,-0.994521895368273,0.104528463267654));
#3560=DIRECTION('',(1.,0.,0.));
#3561=DIRECTION('',(0.,-0.994521895368273,0.104528463267654));
#3562=DIRECTION('',(-1.,0.,0.));
#3563=DIRECTION('',(-1.,0.,0.));
#3564=DIRECTION('',(0.,0.994521895368273,-0.104528463267654));
#3565=DIRECTION('',(-1.,0.,0.));
#3566=DIRECTION('',(1.,0.,0.));
#3567=DIRECTION('',(0.,-0.994521895368273,0.104528463267654));
#3568=DIRECTION('',(1.,0.,0.));
#3569=DIRECTION('',(0.,-0.994521895368273,0.104528463267654));
#3570=DIRECTION('',(-1.,0.,0.));
#3571=DIRECTION('',(-1.,0.,0.));
#3572=DIRECTION('',(0.,0.951056516295154,0.309016994374948));
#3573=DIRECTION('',(-1.,0.,0.));
#3574=DIRECTION('',(1.,0.,0.));
#3575=DIRECTION('',(0.,-0.951056516295154,-0.309016994374948));
#3576=DIRECTION('',(1.,0.,0.));
#3577=DIRECTION('',(0.,-0.951056516295154,-0.309016994374948));
#3578=DIRECTION('',(-1.,0.,0.));
#3579=DIRECTION('',(-1.,0.,0.));
#3580=DIRECTION('',(0.,0.951056516295154,0.309016994374948));
#3581=DIRECTION('',(-1.,0.,0.));
#3582=DIRECTION('',(1.,0.,0.));
#3583=DIRECTION('',(0.,-0.951056516295154,-0.309016994374948));
#3584=DIRECTION('',(1.,0.,0.));
#3585=DIRECTION('',(0.,-0.951056516295154,-0.309016994374948));
#3586=DIRECTION('',(-1.,0.,0.));
#3587=DIRECTION('',(-1.,0.,0.));
#3588=DIRECTION('',(0.,0.743144825477395,0.669130606358858));
#3589=DIRECTION('',(-1.,0.,0.));
#3590=DIRECTION('',(1.,0.,0.));
#3591=DIRECTION('',(0.,-0.743144825477395,-0.669130606358858));
#3592=DIRECTION('',(1.,0.,0.));
#3593=DIRECTION('',(0.,-0.743144825477395,-0.669130606358858));
#3594=DIRECTION('',(-1.,0.,0.));
#3595=DIRECTION('',(-1.,0.,0.));
#3596=DIRECTION('',(0.,0.743144825477395,0.669130606358858));
#3597=DIRECTION('',(-1.,0.,0.));
#3598=DIRECTION('',(1.,0.,0.));
#3599=DIRECTION('',(0.,-0.743144825477395,-0.669130606358858));
#3600=DIRECTION('',(1.,0.,0.));
#3601=DIRECTION('',(0.,-0.743144825477395,-0.669130606358858));
#3602=DIRECTION('',(-1.,0.,0.));
#3603=DIRECTION('',(-1.,0.,0.));
#3604=DIRECTION('',(0.,0.406736643075801,0.913545457642601));
#3605=DIRECTION('',(-1.,0.,0.));
#3606=DIRECTION('',(1.,0.,0.));
#3607=DIRECTION('',(0.,-0.406736643075801,-0.913545457642601));
#3608=DIRECTION('',(1.,0.,0.));
#3609=DIRECTION('',(0.,-0.406736643075801,-0.913545457642601));
#3610=DIRECTION('',(-1.,0.,0.));
#3611=DIRECTION('',(-1.,0.,0.));
#3612=DIRECTION('',(0.,0.406736643075801,0.913545457642601));
#3613=DIRECTION('',(-1.,0.,0.));
#3614=DIRECTION('',(1.,0.,0.));
#3615=DIRECTION('',(0.,-0.406736643075801,-0.913545457642601));
#3616=DIRECTION('',(1.,0.,0.));
#3617=DIRECTION('',(0.,-0.406736643075801,-0.913545457642601));
#3618=DIRECTION('',(-1.,0.,0.));
#3619=DIRECTION('',(-1.,0.,0.));
#3620=DIRECTION('',(0.,0.,1.));
#3621=DIRECTION('',(1.,0.,0.));
#3622=DIRECTION('',(0.,0.,-1.));
#3623=DIRECTION('',(-1.,0.,0.));
#3624=DIRECTION('',(0.,0.,1.));
#3625=DIRECTION('',(-1.,0.,0.));
#3626=DIRECTION('',(0.,0.,-1.));
#3627=DIRECTION('',(-1.,0.,0.));
#3628=DIRECTION('',(0.,0.,1.));
#3629=DIRECTION('',(1.,0.,0.));
#3630=DIRECTION('',(0.,0.,-1.));
#3631=DIRECTION('',(-1.,0.,0.));
#3632=DIRECTION('',(0.,0.,1.));
#3633=DIRECTION('',(1.,0.,0.));
#3634=DIRECTION('',(0.,0.,-1.));
#3635=DIRECTION('',(-1.,0.,0.));
#3636=DIRECTION('',(0.,-0.4067366430758,0.913545457642601));
#3637=DIRECTION('',(1.,0.,0.));
#3638=DIRECTION('',(0.,0.4067366430758,-0.913545457642601));
#3639=DIRECTION('',(-1.,0.,0.));
#3640=DIRECTION('',(0.,-0.4067366430758,0.913545457642601));
#3641=DIRECTION('',(1.,0.,0.));
#3642=DIRECTION('',(0.,0.4067366430758,-0.913545457642601));
#3643=DIRECTION('',(-1.,0.,0.));
#3644=DIRECTION('',(0.,-0.743144825477394,0.669130606358858));
#3645=DIRECTION('',(1.,0.,0.));
#3646=DIRECTION('',(0.,0.743144825477394,-0.669130606358858));
#3647=DIRECTION('',(-1.,0.,0.));
#3648=DIRECTION('',(0.,-0.743144825477394,0.669130606358858));
#3649=DIRECTION('',(1.,0.,0.));
#3650=DIRECTION('',(0.,0.743144825477394,-0.669130606358858));
#3651=DIRECTION('',(-1.,0.,0.));
#3652=DIRECTION('',(0.,-0.951056516295154,0.309016994374948));
#3653=DIRECTION('',(1.,0.,0.));
#3654=DIRECTION('',(0.,0.951056516295154,-0.309016994374948));
#3655=DIRECTION('',(-1.,0.,0.));
#3656=DIRECTION('',(0.,-0.951056516295154,0.309016994374948));
#3657=DIRECTION('',(1.,0.,0.));
#3658=DIRECTION('',(0.,0.951056516295154,-0.309016994374948));
#3659=DIRECTION('',(-1.,0.,0.));
#3660=DIRECTION('',(0.,-0.994521895368273,-0.104528463267653));
#3661=DIRECTION('',(1.,0.,0.));
#3662=DIRECTION('',(0.,0.994521895368273,0.104528463267653));
#3663=DIRECTION('',(-1.,0.,0.));
#3664=DIRECTION('',(0.,-0.994521895368273,-0.104528463267653));
#3665=DIRECTION('',(1.,0.,0.));
#3666=DIRECTION('',(0.,0.994521895368273,0.104528463267653));
#3667=DIRECTION('',(-1.,0.,0.));
#3668=DIRECTION('',(0.,-0.866025403784439,-0.5));
#3669=DIRECTION('',(1.,0.,0.));
#3670=DIRECTION('',(0.,0.866025403784439,0.5));
#3671=DIRECTION('',(-1.,0.,0.));
#3672=DIRECTION('',(0.,-0.866025403784439,-0.5));
#3673=DIRECTION('',(1.,0.,0.));
#3674=DIRECTION('',(0.,0.866025403784439,0.5));
#3675=DIRECTION('',(-1.,0.,0.));
#3676=DIRECTION('',(0.,-0.587785252292473,-0.809016994374947));
#3677=DIRECTION('',(1.,0.,0.));
#3678=DIRECTION('',(0.,0.587785252292473,0.809016994374947));
#3679=DIRECTION('',(-1.,0.,0.));
#3680=DIRECTION('',(0.,-0.587785252292473,-0.809016994374947));
#3681=DIRECTION('',(1.,0.,0.));
#3682=DIRECTION('',(0.,0.587785252292473,0.809016994374947));
#3683=DIRECTION('',(-1.,0.,0.));
#3684=DIRECTION('',(0.,-0.207911690817759,-0.978147600733806));
#3685=DIRECTION('',(1.,0.,0.));
#3686=DIRECTION('',(0.,0.207911690817759,0.978147600733806));
#3687=DIRECTION('',(-1.,0.,0.));
#3688=DIRECTION('',(0.,-0.207911690817759,-0.978147600733806));
#3689=DIRECTION('',(1.,0.,0.));
#3690=DIRECTION('',(0.,0.207911690817759,0.978147600733806));
#3691=DIRECTION('',(-1.,0.,0.));
#3692=DIRECTION('',(0.,0.207911690817759,-0.978147600733806));
#3693=DIRECTION('',(1.,0.,0.));
#3694=DIRECTION('',(0.,-0.207911690817759,0.978147600733806));
#3695=DIRECTION('',(-1.,0.,0.));
#3696=DIRECTION('',(0.,0.207911690817759,-0.978147600733806));
#3697=DIRECTION('',(1.,0.,0.));
#3698=DIRECTION('',(0.,-0.207911690817759,0.978147600733806));
#3699=DIRECTION('',(-1.,0.,0.));
#3700=DIRECTION('',(0.,0.587785252292473,-0.809016994374948));
#3701=DIRECTION('',(1.,0.,0.));
#3702=DIRECTION('',(0.,-0.587785252292473,0.809016994374948));
#3703=DIRECTION('',(-1.,0.,0.));
#3704=DIRECTION('',(0.,0.587785252292473,-0.809016994374948));
#3705=DIRECTION('',(1.,0.,0.));
#3706=DIRECTION('',(0.,-0.587785252292473,0.809016994374948));
#3707=DIRECTION('',(-1.,0.,0.));
#3708=DIRECTION('',(0.,0.866025403784438,-0.5));
#3709=DIRECTION('',(1.,0.,0.));
#3710=DIRECTION('',(0.,-0.866025403784438,0.5));
#3711=DIRECTION('',(-1.,0.,0.));
#3712=DIRECTION('',(0.,0.866025403784438,-0.5));
#3713=DIRECTION('',(1.,0.,0.));
#3714=DIRECTION('',(0.,-0.866025403784438,0.5));
#3715=DIRECTION('',(-1.,0.,0.));
#3716=DIRECTION('',(0.,0.994521895368273,-0.104528463267654));
#3717=DIRECTION('',(1.,0.,0.));
#3718=DIRECTION('',(0.,-0.994521895368273,0.104528463267654));
#3719=DIRECTION('',(-1.,0.,0.));
#3720=DIRECTION('',(0.,0.994521895368273,-0.104528463267654));
#3721=DIRECTION('',(1.,0.,0.));
#3722=DIRECTION('',(0.,-0.994521895368273,0.104528463267654));
#3723=DIRECTION('',(-1.,0.,0.));
#3724=DIRECTION('',(0.,0.951056516295154,0.309016994374948));
#3725=DIRECTION('',(1.,0.,0.));
#3726=DIRECTION('',(0.,-0.951056516295154,-0.309016994374948));
#3727=DIRECTION('',(-1.,0.,0.));
#3728=DIRECTION('',(0.,0.951056516295154,0.309016994374948));
#3729=DIRECTION('',(1.,0.,0.));
#3730=DIRECTION('',(0.,-0.951056516295154,-0.309016994374948));
#3731=DIRECTION('',(-1.,0.,0.));
#3732=DIRECTION('',(0.,0.743144825477395,0.669130606358858));
#3733=DIRECTION('',(1.,0.,0.));
#3734=DIRECTION('',(0.,-0.743144825477395,-0.669130606358858));
#3735=DIRECTION('',(-1.,0.,0.));
#3736=DIRECTION('',(0.,0.743144825477395,0.669130606358858));
#3737=DIRECTION('',(1.,0.,0.));
#3738=DIRECTION('',(0.,-0.743144825477395,-0.669130606358858));
#3739=DIRECTION('',(1.,0.,0.));
#3740=DIRECTION('',(0.,0.,-1.));
#3741=DIRECTION('',(-1.,0.,0.));
#3742=DIRECTION('',(0.,0.,1.));
#3743=DIRECTION('',(-1.,0.,0.));
#3744=DIRECTION('',(0.,0.,1.));
#3745=DIRECTION('',(-1.,0.,0.));
#3746=DIRECTION('',(0.,0.,1.));
#3747=DIRECTION('',(-1.,0.,0.));
#3748=DIRECTION('',(0.,0.,1.));
#3749=DIRECTION('',(-1.,0.,0.));
#3750=DIRECTION('',(0.,0.,1.));
#3751=DIRECTION('',(-1.,0.,0.));
#3752=DIRECTION('',(0.,0.,1.));
#3753=DIRECTION('',(-1.,0.,0.));
#3754=DIRECTION('',(0.,0.,1.));
#3755=DIRECTION('',(-1.,0.,0.));
#3756=DIRECTION('',(0.,0.,1.));
#3757=DIRECTION('',(-1.,0.,0.));
#3758=DIRECTION('',(0.,0.,1.));
#3759=DIRECTION('',(-1.,0.,0.));
#3760=DIRECTION('',(0.,0.,1.));
#3761=DIRECTION('',(-1.,0.,0.));
#3762=DIRECTION('',(0.,0.,1.));
#3763=DIRECTION('',(-1.,0.,0.));
#3764=DIRECTION('',(0.,0.,1.));
#3765=DIRECTION('',(-1.,0.,0.));
#3766=DIRECTION('',(0.,0.,1.));
#3767=DIRECTION('',(-1.,0.,0.));
#3768=DIRECTION('',(0.,0.,1.));
#3769=DIRECTION('',(-1.,0.,0.));
#3770=DIRECTION('',(0.,0.,1.));
#3771=DIRECTION('',(-1.,0.,0.));
#3772=DIRECTION('',(0.,0.,1.));
#3773=DIRECTION('',(-1.,0.,0.));
#3774=DIRECTION('',(0.,0.,1.));
#3775=DIRECTION('',(-1.,0.,0.));
#3776=DIRECTION('',(0.,0.,1.));
#3777=DIRECTION('',(-1.,0.,0.));
#3778=DIRECTION('',(0.,0.,1.));
#3779=DIRECTION('',(-1.,0.,0.));
#3780=DIRECTION('',(0.,0.,1.));
#3781=DIRECTION('',(-1.,0.,0.));
#3782=DIRECTION('',(0.,0.,1.));
#3783=DIRECTION('',(1.,0.,0.));
#3784=DIRECTION('',(0.,0.,-1.));
#3785=DIRECTION('',(-0.694750580214743,-0.719250742989729,-8.80828120186727E-17));
#3786=DIRECTION('',(-0.719250742989729,0.694750580214743,8.50824074265752E-17));
#3787=DIRECTION('',(-1.,0.,0.));
#3788=DIRECTION('',(0.,0.,1.));
#3789=DIRECTION('',(1.,0.,0.));
#3790=DIRECTION('',(0.,0.,-1.));
#3791=DIRECTION('',(-1.,0.,0.));
#3792=DIRECTION('',(0.,0.,1.));
#3793=DIRECTION('',(-1.,0.,0.));
#3794=DIRECTION('',(0.,0.,1.));
#3795=DIRECTION('',(-1.,0.,0.));
#3796=DIRECTION('',(0.,0.,1.));
#3797=DIRECTION('',(-1.,0.,0.));
#3798=DIRECTION('',(0.,0.,1.));
#3799=DIRECTION('',(-1.,0.,0.));
#3800=DIRECTION('',(0.,0.,1.));
#3801=DIRECTION('',(-1.,0.,0.));
#3802=DIRECTION('',(0.,0.,1.));
#3803=DIRECTION('',(-1.,0.,0.));
#3804=DIRECTION('',(0.,0.,1.));
#3805=DIRECTION('',(-1.,0.,0.));
#3806=DIRECTION('',(0.,0.,1.));
#3807=DIRECTION('',(-1.,0.,0.));
#3808=DIRECTION('',(0.,0.,1.));
#3809=DIRECTION('',(-1.,0.,0.));
#3810=DIRECTION('',(0.,0.,1.));
#3811=DIRECTION('',(-1.,0.,0.));
#3812=DIRECTION('',(0.,0.,1.));
#3813=DIRECTION('',(-1.,0.,0.));
#3814=DIRECTION('',(0.,0.,1.));
#3815=DIRECTION('',(-1.,0.,0.));
#3816=DIRECTION('',(0.,0.,1.));
#3817=DIRECTION('',(-1.,0.,0.));
#3818=DIRECTION('',(0.,0.,1.));
#3819=DIRECTION('',(-1.,0.,0.));
#3820=DIRECTION('',(0.,0.,1.));
#3821=DIRECTION('',(-1.,0.,0.));
#3822=DIRECTION('',(0.,0.,1.));
#3823=DIRECTION('',(1.,0.,0.));
#3824=DIRECTION('',(0.,1.,0.));
#3825=DIRECTION('',(1.,0.,0.));
#3826=DIRECTION('',(0.,1.,0.));
#3827=DIRECTION('',(1.,0.,0.));
#3828=DIRECTION('',(0.,1.,0.));
#3829=DIRECTION('',(1.,0.,0.));
#3830=DIRECTION('',(0.,1.,0.));
#3831=DIRECTION('',(1.,0.,0.));
#3832=DIRECTION('',(0.,1.,0.));
#3833=DIRECTION('',(1.,0.,0.));
#3834=DIRECTION('',(0.,1.,0.));
#3835=DIRECTION('',(1.,0.,0.));
#3836=DIRECTION('',(0.,1.,0.));
#3837=DIRECTION('',(1.,0.,0.));
#3838=DIRECTION('',(0.,1.,0.));
#3839=DIRECTION('',(1.,0.,0.));
#3840=DIRECTION('',(0.,1.,0.));
#3841=DIRECTION('',(1.,0.,0.));
#3842=DIRECTION('',(0.,1.,0.));
#3843=DIRECTION('',(1.,0.,0.));
#3844=DIRECTION('',(0.,1.,0.));
#3845=DIRECTION('',(1.,0.,0.));
#3846=DIRECTION('',(0.,1.,0.));
#3847=DIRECTION('',(1.,0.,0.));
#3848=DIRECTION('',(0.,1.,0.));
#3849=DIRECTION('',(1.,0.,0.));
#3850=DIRECTION('',(0.,1.,0.));
#3851=DIRECTION('',(1.,0.,0.));
#3852=DIRECTION('',(0.,1.,0.));
#3853=DIRECTION('',(1.,0.,0.));
#3854=DIRECTION('',(0.,1.,0.));
#3855=DIRECTION('',(1.,0.,0.));
#3856=DIRECTION('',(0.,1.,0.));
#3857=DIRECTION('',(1.,0.,0.));
#3858=DIRECTION('',(0.,1.,0.));
#3859=DIRECTION('',(1.,0.,0.));
#3860=DIRECTION('',(0.,1.,0.));
#3861=DIRECTION('',(1.,0.,0.));
#3862=DIRECTION('',(0.,1.,0.));
#3863=DIRECTION('',(1.,0.,0.));
#3864=DIRECTION('',(0.,1.,0.));
#3865=DIRECTION('',(1.,0.,0.));
#3866=DIRECTION('',(0.,1.,0.));
#3867=DIRECTION('',(1.,0.,0.));
#3868=DIRECTION('',(0.,1.,0.));
#3869=DIRECTION('',(1.,0.,0.));
#3870=DIRECTION('',(0.,1.,0.));
#3871=DIRECTION('',(1.,0.,0.));
#3872=DIRECTION('',(0.,1.,0.));
#3873=DIRECTION('',(1.,0.,0.));
#3874=DIRECTION('',(0.,1.,0.));
#3875=DIRECTION('',(1.,0.,0.));
#3876=DIRECTION('',(0.,1.,0.));
#3877=DIRECTION('',(1.,0.,0.));
#3878=DIRECTION('',(0.,1.,0.));
#3879=DIRECTION('',(1.,0.,0.));
#3880=DIRECTION('',(0.,1.,0.));
#3881=DIRECTION('',(1.,0.,0.));
#3882=DIRECTION('',(0.,1.,0.));
#3883=DIRECTION('',(1.,0.,0.));
#3884=DIRECTION('',(0.,0.,-1.));
#3885=DIRECTION('',(-1.,0.,0.));
#3886=DIRECTION('',(0.,0.,1.));
#3887=DIRECTION('',(-1.,0.,0.));
#3888=DIRECTION('',(0.,0.,1.));
#3889=DIRECTION('',(1.,0.,0.));
#3890=DIRECTION('',(0.,0.,-1.));
#3891=DIRECTION('',(-1.,0.,0.));
#3892=DIRECTION('',(0.,0.,1.));
#3893=DIRECTION('',(-1.,0.,0.));
#3894=DIRECTION('',(0.,0.,1.));
#3895=DIRECTION('',(1.,0.,0.));
#3896=DIRECTION('',(0.,0.,-1.));
#3897=DIRECTION('',(-1.,0.,0.));
#3898=DIRECTION('',(0.,0.,1.));
#3899=DIRECTION('',(-1.,0.,0.));
#3900=DIRECTION('',(0.,0.,1.));
#3901=DIRECTION('',(1.,0.,0.));
#3902=DIRECTION('',(0.,0.,-1.));
#3903=DIRECTION('',(-1.,0.,0.));
#3904=DIRECTION('',(0.,0.,1.));
#3905=DIRECTION('',(-1.,0.,0.));
#3906=DIRECTION('',(0.,0.,1.));
#3907=DIRECTION('',(1.,0.,0.));
#3908=DIRECTION('',(0.,0.,-1.));
#3909=DIRECTION('',(-1.,0.,0.));
#3910=DIRECTION('',(0.,0.,1.));
#3911=DIRECTION('',(-1.,0.,0.));
#3912=DIRECTION('',(0.,0.,1.));
#3913=DIRECTION('',(1.,0.,0.));
#3914=DIRECTION('',(0.,0.,-1.));
#3915=DIRECTION('',(-1.,0.,0.));
#3916=DIRECTION('',(0.,0.,1.));
#3917=DIRECTION('',(-1.,0.,0.));
#3918=DIRECTION('',(0.,0.,1.));
#3919=DIRECTION('',(1.,0.,0.));
#3920=DIRECTION('',(0.,0.,-1.));
#3921=DIRECTION('',(-1.,0.,0.));
#3922=DIRECTION('',(0.,0.,1.));
#3923=DIRECTION('',(-1.,0.,0.));
#3924=DIRECTION('',(0.,0.,1.));
#3925=DIRECTION('',(1.,0.,0.));
#3926=DIRECTION('',(0.,0.,-1.));
#3927=DIRECTION('',(-1.,0.,0.));
#3928=DIRECTION('',(0.,0.,1.));
#3929=DIRECTION('',(-1.,0.,0.));
#3930=DIRECTION('',(0.,0.,1.));
#3931=DIRECTION('',(1.,0.,0.));
#3932=DIRECTION('',(0.,0.,-1.));
#3933=DIRECTION('',(-1.,0.,0.));
#3934=DIRECTION('',(0.,0.,1.));
#3935=DIRECTION('',(-1.,0.,0.));
#3936=DIRECTION('',(0.,0.,1.));
#3937=DIRECTION('',(1.,0.,0.));
#3938=DIRECTION('',(0.,0.,-1.));
#3939=DIRECTION('',(-1.,0.,0.));
#3940=DIRECTION('',(0.,0.,1.));
#3941=DIRECTION('',(-1.,0.,0.));
#3942=DIRECTION('',(0.,0.,1.));
#3943=DIRECTION('',(1.,0.,0.));
#3944=DIRECTION('',(0.,0.,-1.));
#3945=DIRECTION('',(-1.,0.,0.));
#3946=DIRECTION('',(0.,0.,1.));
#3947=DIRECTION('',(-1.,0.,0.));
#3948=DIRECTION('',(0.,0.,1.));
#3949=DIRECTION('',(1.,0.,0.));
#3950=DIRECTION('',(0.,0.,-1.));
#3951=DIRECTION('',(-1.,0.,0.));
#3952=DIRECTION('',(0.,0.,1.));
#3953=DIRECTION('',(-1.,0.,0.));
#3954=DIRECTION('',(0.,0.,1.));
#3955=DIRECTION('',(1.,0.,0.));
#3956=DIRECTION('',(0.,0.,-1.));
#3957=DIRECTION('',(-1.,0.,0.));
#3958=DIRECTION('',(0.,0.,1.));
#3959=DIRECTION('',(-1.,0.,0.));
#3960=DIRECTION('',(0.,0.,1.));
#3961=DIRECTION('',(1.,0.,0.));
#3962=DIRECTION('',(0.,0.,-1.));
#3963=DIRECTION('',(-1.,0.,0.));
#3964=DIRECTION('',(0.,0.,1.));
#3965=DIRECTION('',(-1.,0.,0.));
#3966=DIRECTION('',(0.,0.,1.));
#3967=DIRECTION('',(-1.,0.,0.));
#3968=DIRECTION('',(0.,0.,1.));
#3969=DIRECTION('',(-1.,0.,0.));
#3970=DIRECTION('',(0.,0.,1.));
#3971=DIRECTION('',(1.,0.,0.));
#3972=DIRECTION('',(0.,0.,-1.));
#3973=DIRECTION('',(1.,0.,0.));
#3974=DIRECTION('',(0.,0.,-1.));
#3975=DIRECTION('',(1.,0.,0.));
#3976=DIRECTION('',(0.,0.,-1.));
#3977=DIRECTION('',(-1.,0.,0.));
#3978=DIRECTION('',(1.,0.,0.));
#3979=DIRECTION('',(1.,0.,0.));
#3980=DIRECTION('',(0.,0.,-1.));
#3981=DIRECTION('',(1.,0.,0.));
#3982=DIRECTION('',(1.,0.,0.));
#3983=DIRECTION('',(0.,0.,-1.));
#3984=DIRECTION('',(1.,0.,0.));
#3985=DIRECTION('',(0.,0.,-1.));
#3986=DIRECTION('',(-1.,0.,0.));
#3987=DIRECTION('',(1.,0.,0.));
#3988=DIRECTION('',(0.,0.,-1.));
#3989=DIRECTION('',(1.,0.,0.));
#3990=DIRECTION('',(0.,0.,-1.));
#3991=DIRECTION('',(-1.,0.,0.));
#3992=DIRECTION('',(1.,0.,0.));
#3993=DIRECTION('',(1.,0.,0.));
#3994=DIRECTION('',(0.,0.,-1.));
#3995=DIRECTION('',(1.,0.,0.));
#3996=DIRECTION('',(1.,0.,0.));
#3997=DIRECTION('',(0.,0.,-1.));
#3998=DIRECTION('',(-1.,0.,0.));
#3999=DIRECTION('',(1.,0.,0.));
#4000=DIRECTION('',(0.,0.,-1.));
#4001=DIRECTION('',(1.,0.,0.));
#4002=DIRECTION('',(0.,0.,-1.));
#4003=DIRECTION('',(1.,0.,0.));
#4004=DIRECTION('',(0.,0.,-1.));
#4005=DIRECTION('',(1.,0.,0.));
#4006=DIRECTION('',(-1.,0.,0.));
#4007=DIRECTION('',(0.,1.,0.));
#4008=DIRECTION('',(0.,0.,1.));
#4009=DIRECTION('',(1.,0.,0.));
#4010=DIRECTION('',(1.,0.,0.));
#4011=DIRECTION('',(0.,0.,-1.));
#4012=DIRECTION('',(1.,0.,0.));
#4013=DIRECTION('',(1.,0.,0.));
#4014=DIRECTION('',(0.,0.,-1.));
#4015=DIRECTION('',(1.,0.,0.));
#4016=DIRECTION('',(1.,0.,0.));
#4017=DIRECTION('',(0.,0.,-1.));
#4018=DIRECTION('',(1.,0.,0.));
#4019=DIRECTION('',(0.,1.,0.));
#4020=DIRECTION('',(0.,0.,1.));
#4021=DIRECTION('',(1.,0.,0.));
#4022=DIRECTION('',(1.,0.,0.));
#4023=DIRECTION('',(0.,0.,-1.));
#4024=DIRECTION('',(1.,0.,0.));
#4025=DIRECTION('',(0.,0.,-1.));
#4026=DIRECTION('',(-1.,0.,0.));
#4027=DIRECTION('',(-1.,0.,0.));
#4028=DIRECTION('',(0.,0.,1.));
#4029=DIRECTION('',(1.,0.,0.));
#4030=DIRECTION('',(0.,0.,-1.));
#4031=DIRECTION('',(1.,0.,0.));
#4032=DIRECTION('',(0.,1.,0.));
#4033=DIRECTION('',(-1.,0.,0.));
#4034=DIRECTION('',(0.,0.,1.));
#4035=DIRECTION('',(1.,0.,0.));
#4036=DIRECTION('',(0.,0.,-1.));
#4037=DIRECTION('',(1.,0.,0.));
#4038=DIRECTION('',(0.,1.,0.));
#4039=DIRECTION('',(1.,0.,0.));
#4040=DIRECTION('',(0.,1.,0.));
#4041=DIRECTION('',(1.,0.,0.));
#4042=DIRECTION('',(0.,0.,-1.));
#4043=DIRECTION('',(-1.,0.,0.));
#4044=DIRECTION('',(0.,0.,1.));
#4045=DIRECTION('',(-0.694750580214743,-0.719250742989729,-8.80828120186727E-17));
#4046=DIRECTION('',(0.719250742989729,-0.694750580214743,0.));
#4047=DIRECTION('',(0.,-1.22464679914735E-16,1.));
#4048=DIRECTION('',(-1.,0.,0.));
#4049=DIRECTION('',(0.,0.,1.));
#4050=DIRECTION('',(1.,0.,0.));
#4051=DIRECTION('',(0.,0.,-1.));
#4052=DIRECTION('',(1.,0.,0.));
#4053=DIRECTION('',(0.,1.,0.));
#4054=DIRECTION('',(1.,0.,0.));
#4055=DIRECTION('',(0.,0.,-1.));
#4056=DIRECTION('',(1.,0.,0.));
#4057=DIRECTION('',(0.,0.,-1.));
#4058=DIRECTION('',(1.,0.,0.));
#4059=DIRECTION('',(0.,0.,-1.));
#4060=DIRECTION('',(1.,0.,0.));
#4061=DIRECTION('',(0.,0.,-1.));
#4062=DIRECTION('',(1.,0.,0.));
#4063=DIRECTION('',(0.,0.,-1.));
#4064=DIRECTION('',(1.,0.,0.));
#4065=DIRECTION('',(0.,0.,-1.));
#4066=DIRECTION('',(1.,0.,0.));
#4067=DIRECTION('',(0.,0.,-1.));
#4068=DIRECTION('',(1.,0.,0.));
#4069=DIRECTION('',(0.,0.,-1.));
#4070=CARTESIAN_POINT('',(0.,0.,0.));
#4071=CARTESIAN_POINT('',(0.0718623894709146,0.0962061556703092,0.025575));
#4072=CARTESIAN_POINT('',(0.0718603894709146,0.0962061556703092,0.0283234023928211));
#4073=CARTESIAN_POINT('',(0.0723623894709146,0.0962061556703092,0.0283234023928211));
#4074=CARTESIAN_POINT('',(0.0718623894709146,0.0962061556703092,0.0283234023928211));
#4075=CARTESIAN_POINT('',(0.0723623894709146,0.0962061556703092,0.025575));
#4076=CARTESIAN_POINT('',(0.0723623894709146,0.0962061556703092,0.0243520792005035));
#4077=CARTESIAN_POINT('',(0.0723623894709146,0.0962061556703092,0.0243520792005036));
#4078=CARTESIAN_POINT('',(0.0721969062040116,0.0962061556703092,0.0245321862866782));
#4079=CARTESIAN_POINT('',(0.0720301087766247,0.0962061556703092,0.0247110742979862));
#4080=CARTESIAN_POINT('',(0.0718623894709146,0.0962061556703092,0.0248891071331511));
#4081=CARTESIAN_POINT('',(0.0718623894709146,0.0962061556703092,0.0248891071331511));
#4082=CARTESIAN_POINT('',(0.0718623894709146,0.0962061556703092,0.025575));
#4083=CARTESIAN_POINT('',(0.0718623894709146,0.0922061556703092,0.025575));
#4084=CARTESIAN_POINT('',(0.0723623894709146,0.0922061556703092,0.025575));
#4085=CARTESIAN_POINT('',(0.0723623894709146,0.0922061556703092,0.0283234023928211));
#4086=CARTESIAN_POINT('',(0.0723623894709146,0.0922061556703092,0.0243520792005035));
#4087=CARTESIAN_POINT('',(0.0718603894709146,0.0922061556703092,0.0283234023928211));
#4088=CARTESIAN_POINT('',(0.0718623894709146,0.0922061556703092,0.0283234023928211));
#4089=CARTESIAN_POINT('',(0.0718623894709146,0.0922061556703092,0.025575));
#4090=CARTESIAN_POINT('',(0.0718623894709146,0.0922061556703092,0.0248891071331511));
#4091=CARTESIAN_POINT('',(0.0723623894709146,0.0922061556703092,0.0243520792005036));
#4092=CARTESIAN_POINT('',(0.0721969062040116,0.0922061556703092,0.0245321862866782));
#4093=CARTESIAN_POINT('',(0.0720301087766247,0.0922061556703092,0.0247110742979862));
#4094=CARTESIAN_POINT('',(0.0718623894709146,0.0922061556703092,0.0248891071331511));
#4095=CARTESIAN_POINT('',(0.0718623894709146,0.0976012345945152,0.016230449192431));
#4096=CARTESIAN_POINT('',(0.0718603894709146,0.0999814208865203,0.0148562479960205));
#4097=CARTESIAN_POINT('',(0.0723623894709146,0.0999814208865203,0.0148562479960205));
#4098=CARTESIAN_POINT('',(0.0718623894709146,0.0999814208865203,0.0148562479960205));
#4099=CARTESIAN_POINT('',(0.0723623894709146,0.0976012345945152,0.016230449192431));
#4100=CARTESIAN_POINT('',(0.0723623894709146,0.0950841532741415,0.017683686770321));
#4101=CARTESIAN_POINT('',(0.0723623894709146,0.0950841532741415,0.017683686770321));
#4102=CARTESIAN_POINT('',(0.0722014105886303,0.09526734495697,0.0175779210029267));
#4103=CARTESIAN_POINT('',(0.0720337620415231,0.0954461666340807,0.0174746782595098));
#4104=CARTESIAN_POINT('',(0.0718623894709148,0.0956225483079192,0.0173728442526391));
#4105=CARTESIAN_POINT('',(0.0718623894709146,0.0956225483079191,0.0173728442526391));
#4106=CARTESIAN_POINT('',(0.0718623894709146,0.0976012345945152,0.016230449192431));
#4107=CARTESIAN_POINT('',(0.0718623894709146,0.0996012345945152,0.0196945508075688));
#4108=CARTESIAN_POINT('',(0.0723623894709146,0.0996012345945152,0.0196945508075688));
#4109=CARTESIAN_POINT('',(0.0723623894709146,0.10198142088652,0.0183203496111583));
#4110=CARTESIAN_POINT('',(0.0723623894709146,0.0971561556703092,0.021106217782649));
#4111=CARTESIAN_POINT('',(0.0718603894709146,0.10198142088652,0.0183203496111583));
#4112=CARTESIAN_POINT('',(0.0718623894709146,0.10198142088652,0.0183203496111583));
#4113=CARTESIAN_POINT('',(0.0718623894709146,0.0996012345945152,0.0196945508075688));
#4114=CARTESIAN_POINT('',(0.0718623894709146,0.0976391239445767,0.0208273759194907));
#4115=CARTESIAN_POINT('',(0.0695140897250792,0.0999074324959946,0.0195177673667244));
#4116=CARTESIAN_POINT('',(0.0718623894709146,0.0888110767461032,0.0196945508075688));
#4117=CARTESIAN_POINT('',(0.0718603894709146,0.0864308904540981,0.0183203496111583));
#4118=CARTESIAN_POINT('',(0.0723623894709146,0.0864308904540981,0.0183203496111583));
#4119=CARTESIAN_POINT('',(0.0718623894709146,0.0864308904540981,0.0183203496111583));
#4120=CARTESIAN_POINT('',(0.0723623894709146,0.0888110767461032,0.0196945508075688));
#4121=CARTESIAN_POINT('',(0.0723623894709146,0.0912561556703092,0.021106217782649));
#4122=CARTESIAN_POINT('',(0.0724962964297976,0.0913855012959974,0.0211808955144586));
#4123=CARTESIAN_POINT('',(0.0718623894709146,0.0907731873960416,0.0208273759194907));
#4124=CARTESIAN_POINT('',(0.0718623894709146,0.0888110767461032,0.0196945508075688));
#4125=CARTESIAN_POINT('',(0.0718623894709146,0.0908110767461032,0.016230449192431));
#4126=CARTESIAN_POINT('',(0.0723623894709146,0.0908110767461032,0.016230449192431));
#4127=CARTESIAN_POINT('',(0.0723623894709146,0.0884308904540981,0.0148562479960205));
#4128=CARTESIAN_POINT('',(0.0723623894709146,0.0933281580664768,0.017683686770321));
#4129=CARTESIAN_POINT('',(0.0718603894709146,0.0884308904540981,0.0148562479960205));
#4130=CARTESIAN_POINT('',(0.0718623894709146,0.0884308904540981,0.0148562479960205));
#4131=CARTESIAN_POINT('',(0.0718623894709146,0.0908110767461032,0.016230449192431));
#4132=CARTESIAN_POINT('',(0.0718623894709146,0.0927897630326992,0.0173728442526391));
#4133=CARTESIAN_POINT('',(0.0723623894709145,0.0933281580664769,0.017683686770321));
#4134=CARTESIAN_POINT('',(0.0722014105886302,0.0931449663836484,0.0175779210029266));
#4135=CARTESIAN_POINT('',(0.072033762041523,0.0929661447065376,0.0174746782595098));
#4136=CARTESIAN_POINT('',(0.0718623894709147,0.0927897630326992,0.0173728442526391));
#4137=CARTESIAN_POINT('',(0.0723623894709146,0.0997436556703092,0.0205));
#4138=CARTESIAN_POINT('',(0.0723623894709146,0.0942061556703092,0.0205));
#4139=CARTESIAN_POINT('',(0.0723623894709146,0.0942061556703092,0.0205));
#4140=CARTESIAN_POINT('',(0.0723623894709146,0.0939061556703092,0.0175652938818341));
#4141=CARTESIAN_POINT('',(0.0723623894709146,0.0939061556703092,0.0205));
#4142=CARTESIAN_POINT('',(0.0723623894709147,0.0939061556703092,0.0179809475987983));
#4143=CARTESIAN_POINT('',(0.0723623894709146,0.0933061556703092,0.0179809475987983));
#4144=CARTESIAN_POINT('',(0.0723623894709147,0.0935080248291877,0.0185459686981332));
#4145=CARTESIAN_POINT('',(0.0723623894709146,0.0942061556703092,0.0205));
#4146=CARTESIAN_POINT('',(0.0723623894709147,0.0922971689438084,0.0213132617524781));
#4147=CARTESIAN_POINT('',(0.0723623894709146,0.0919291715025553,0.0214700351023535));
#4148=CARTESIAN_POINT('',(0.0723623894709147,0.0922046895226093,0.0217600175511767));
#4149=CARTESIAN_POINT('',(0.0723623894709146,0.0924802075426633,0.02205));
#4150=CARTESIAN_POINT('',(0.0723623894709147,0.0928266177041771,0.02225));
#4151=CARTESIAN_POINT('',(0.0723623894709146,0.0931730278656908,0.02245));
#4152=CARTESIAN_POINT('',(0.0723623894709146,0.0929275029817341,0.0221342191719593));
#4153=CARTESIAN_POINT('',(0.0723623894709146,0.0942061556703092,0.0205));
#4154=CARTESIAN_POINT('',(0.0723623894709146,0.0954848083588843,0.0221342191719593));
#4155=CARTESIAN_POINT('',(0.0723623894709146,0.0952392834749276,0.02245));
#4156=CARTESIAN_POINT('',(0.0723623894709147,0.0955856936364413,0.02225));
#4157=CARTESIAN_POINT('',(0.0723623894709146,0.0959321037979551,0.02205));
#4158=CARTESIAN_POINT('',(0.0723623894709147,0.0962076218180091,0.0217600175511767));
#4159=CARTESIAN_POINT('',(0.0723623894709146,0.0964831398380631,0.0214700351023535));
#4160=CARTESIAN_POINT('',(0.0723623894709147,0.09611514239681,0.0213132617524781));
#4161=CARTESIAN_POINT('',(0.0723623894709146,0.0942061556703092,0.0205));
#4162=CARTESIAN_POINT('',(0.0723623894709147,0.0949042865114307,0.0185459686981332));
#4163=CARTESIAN_POINT('',(0.0723623894709146,0.0951061556703092,0.0179809475987983));
#4164=CARTESIAN_POINT('',(0.0723623894709146,0.0945061556703092,0.0179809475987983));
#4165=CARTESIAN_POINT('',(0.0723623894709146,0.0945061556703092,0.0205));
#4166=CARTESIAN_POINT('',(0.0723623894709146,0.0945061556703092,0.0175652938818341));
#4167=CARTESIAN_POINT('',(0.0723623894709146,0.0942061556703092,0.0205));
#4168=CARTESIAN_POINT('',(0.0723623894709146,0.0942061556703092,0.0205));
#4169=CARTESIAN_POINT('',(0.0723623894709146,0.0971561556703092,0.0205));
#4170=CARTESIAN_POINT('',(0.0723623894709146,0.0971561556703092,0.0236837107542853));
#4171=CARTESIAN_POINT('',(0.0723623894709146,0.0942061556703092,0.0205));
#4172=CARTESIAN_POINT('',(0.0723623894709146,0.0942061556703092,0.0205));
#4173=CARTESIAN_POINT('',(0.0723623894709146,0.0942061556703092,0.0205));
#4174=CARTESIAN_POINT('',(0.0723623894709146,0.0912561556703092,0.0236837107542853));
#4175=CARTESIAN_POINT('',(0.0723623894709146,0.0912561556703092,0.0325));
#4176=CARTESIAN_POINT('',(0.0723623894709146,0.0942061556703092,0.0205));
#4177=CARTESIAN_POINT('',(0.0723623894709146,0.0942061556703092,0.004425));
#4178=CARTESIAN_POINT('',(-0.146805301884845,0.0942061556703092,0.0205));
#4179=CARTESIAN_POINT('',(-0.146805301884845,0.0949042865114307,0.0185459686981332));
#4180=CARTESIAN_POINT('',(0.0502,0.0949042865114307,0.0185459686981332));
#4181=CARTESIAN_POINT('',(-0.146805301884845,0.09611514239681,0.0213132617524781));
#4182=CARTESIAN_POINT('',(0.0502,0.09611514239681,0.0213132617524781));
#4183=CARTESIAN_POINT('',(0.0502,0.0942061556703092,0.0205));
#4184=CARTESIAN_POINT('',(-0.146805301884845,0.0942061556703092,0.0205));
#4185=CARTESIAN_POINT('',(-0.146805301884845,0.0922971689438084,0.0213132617524781));
#4186=CARTESIAN_POINT('',(0.0502,0.0922971689438084,0.0213132617524781));
#4187=CARTESIAN_POINT('',(-0.146805301884845,0.0935080248291877,0.0185459686981332));
#4188=CARTESIAN_POINT('',(0.0502,0.0935080248291877,0.0185459686981332));
#4189=CARTESIAN_POINT('',(0.0502,0.0942061556703092,0.0205));
#4190=CARTESIAN_POINT('',(-0.146805301884845,0.0942061556703092,0.0205));
#4191=CARTESIAN_POINT('',(0.172561091476578,0.0954848083588843,0.0221342191719593));
#4192=CARTESIAN_POINT('',(0.0687632373182298,0.0954848083588843,0.0221342191719594));
#4193=CARTESIAN_POINT('',(0.172561091476578,0.0929275029817341,0.0221342191719593));
#4194=CARTESIAN_POINT('',(0.0687632373182297,0.0929275029817341,0.0221342191719593));
#4195=CARTESIAN_POINT('',(0.0687632373182297,0.092927502981734,0.0221342191719594));
#4196=CARTESIAN_POINT('',(0.0690384891675337,0.093016593906832,0.0222039260710454));
#4197=CARTESIAN_POINT('',(0.0695185706484466,0.0933312304166411,0.0224330677271968));
#4198=CARTESIAN_POINT('',(0.0698656146326248,0.0942049378507876,0.0226457774900866));
#4199=CARTESIAN_POINT('',(0.0695201155836506,0.0950800459679658,0.0224338209115089));
#4200=CARTESIAN_POINT('',(0.0690380487336676,0.0953958599892703,0.0222038145321797));
#4201=CARTESIAN_POINT('',(0.0687632373182298,0.0954848083588843,0.0221342191719594));
#4202=CARTESIAN_POINT('',(-0.146805301884845,0.0942061556703092,0.0205));
#4203=CARTESIAN_POINT('',(0.172561091476578,0.0954848083588843,0.0221342191719593));
#4204=CARTESIAN_POINT('',(0.0678887886631197,0.0954848083588867,0.0221342191719612));
#4205=CARTESIAN_POINT('',(0.0660990381056767,0.0954848083588843,0.0221342191719593));
#4206=CARTESIAN_POINT('',(0.0678887886631191,0.0954848083588867,0.0221342191719576));
#4207=CARTESIAN_POINT('',(0.0676247192918119,0.0953928692721547,0.0222061545417369));
#4208=CARTESIAN_POINT('',(0.0671953463852911,0.0950513391042399,0.0224473203971695));
#4209=CARTESIAN_POINT('',(0.0669378399034659,0.0942031691786402,0.0226394915634276));
#4210=CARTESIAN_POINT('',(0.0671989537951217,0.0933559570132424,0.0224447017956222));
#4211=CARTESIAN_POINT('',(0.0676275137516667,0.093018469141972,0.022205393300469));
#4212=CARTESIAN_POINT('',(0.0678887886631198,0.0929275029817315,0.0221342191719574));
#4213=CARTESIAN_POINT('',(0.0678887886631196,0.0929275029817313,0.0221342191719573));
#4214=CARTESIAN_POINT('',(0.172561091476578,0.0929275029817341,0.0221342191719593));
#4215=CARTESIAN_POINT('',(0.0660990381056767,0.0929275029817341,0.0221342191719593));
#4216=CARTESIAN_POINT('',(0.0660990381056767,0.0942061556703092,0.0205));
#4217=CARTESIAN_POINT('',(0.0973879413954849,0.0942061556703092,0.231380103686621));
#4218=CARTESIAN_POINT('',(0.0693448762758599,0.0929621228832756,0.0250633875854781));
#4219=CARTESIAN_POINT('',(0.0697885645688671,0.0933411224538565,0.0245434773267717));
#4220=CARTESIAN_POINT('',(0.0700779798543011,0.0940678065635829,0.0244405708824364));
#4221=CARTESIAN_POINT('',(0.0699340645139539,0.0948349554372634,0.0244651748666226));
#4222=CARTESIAN_POINT('',(0.0694935153881643,0.0953601492252984,0.0248447519725102));
#4223=CARTESIAN_POINT('',(0.0691111719353233,0.0955409710274315,0.0254748523269836));
#4224=CARTESIAN_POINT('',(0.0687847312102227,0.0955723589998906,0.0261400386279851));
#4225=CARTESIAN_POINT('',(0.0684928772035811,0.0954879558622345,0.0268207826414672));
#4226=CARTESIAN_POINT('',(0.0682289083857295,0.0952958864989057,0.0274874542229472));
#4227=CARTESIAN_POINT('',(0.0680313279211383,0.0950208369133326,0.0280144297326254));
#4228=CARTESIAN_POINT('',(0.0679048187438457,0.0946884645029244,0.0283603276388316));
#4229=CARTESIAN_POINT('',(0.0678416785260503,0.0943493773179635,0.0285352465487263));
#4230=CARTESIAN_POINT('',(0.0678532090450115,0.0939607994889226,0.0285031734772356));
#4231=CARTESIAN_POINT('',(0.0679541977758873,0.0935448540079941,0.0282241993482671));
#4232=CARTESIAN_POINT('',(0.0681398124136413,0.0932177341190409,0.0277216731557161));
#4233=CARTESIAN_POINT('',(0.068394584837714,0.0929802761730402,0.0270640511827442));
#4234=CARTESIAN_POINT('',(0.0686761377093519,0.0928580931511511,0.0263849244521487));
#4235=CARTESIAN_POINT('',(0.06898969752954,0.0928456153518866,0.0257103190370077));
#4236=CARTESIAN_POINT('',(0.0693448762758599,0.0929621228832756,0.0250633875854781));
#4237=CARTESIAN_POINT('',(0.0697885645688671,0.0933411224538565,0.0245434773267717));
#4238=CARTESIAN_POINT('',(0.0700779798543011,0.0940678065635829,0.0244405708824364));
#4239=CARTESIAN_POINT('',(0.0697628524009382,0.0933990698770474,0.0246129779625002));
#4240=CARTESIAN_POINT('',(0.0687632373182298,0.0954848083588843,0.0221342191719593));
#4241=CARTESIAN_POINT('',(0.0686259907232974,0.0955325811575233,0.0221713633232205));
#4242=CARTESIAN_POINT('',(0.0683261453055657,0.0955810548955193,0.0222414034022869));
#4243=CARTESIAN_POINT('',(0.0680277685387656,0.0955298019816802,0.0221692024674446));
#4244=CARTESIAN_POINT('',(0.0678887886631197,0.0954848083588867,0.0221342191719612));
#4245=CARTESIAN_POINT('',(0.0687632373182297,0.092927502981734,0.0221342191719594));
#4246=CARTESIAN_POINT('',(0.0686259907232972,0.092879730183095,0.0221713633232206));
#4247=CARTESIAN_POINT('',(0.0683261453055651,0.092831256445099,0.022241403402287));
#4248=CARTESIAN_POINT('',(0.0680277685387649,0.0928825093589383,0.0221692024674445));
#4249=CARTESIAN_POINT('',(0.0678887886631189,0.092927502981732,0.022134219171961));
#4250=CARTESIAN_POINT('',(0.0692307137882957,0.0882311556703092,0.0325));
#4251=CARTESIAN_POINT('',(0.0723623894709146,0.0912561556703092,0.0236837107542853));
#4252=CARTESIAN_POINT('',(0.0707775509905619,0.0897253022586118,0.0243522388793108));
#4253=CARTESIAN_POINT('',(0.0691612807288056,0.0881640877404711,0.0248519806810348));
#4254=CARTESIAN_POINT('',(0.0675384035822638,0.0865964913908442,0.0253055186560697));
#4255=CARTESIAN_POINT('',(0.0675384035822638,0.0865964913908442,0.0253055186560697));
#4256=CARTESIAN_POINT('',(0.0754164203018985,0.0942061556703092,0.0205));
#4257=CARTESIAN_POINT('',(0.0660990381056767,0.0852061556703092,0.0205));
#4258=CARTESIAN_POINT('',(0.0692307137882957,0.0882311556703092,0.0205));
#4259=CARTESIAN_POINT('',(0.0718623894709146,0.0907731873960416,0.0205));
#4260=CARTESIAN_POINT('',(0.0718623894709146,0.0907731873960416,0.0325));
#4261=CARTESIAN_POINT('',(0.0660990381056767,0.0942061556703092,0.0205));
#4262=CARTESIAN_POINT('',(0.0720913815776242,0.0938256678654312,0.0173108407282368));
#4263=CARTESIAN_POINT('',(0.0721454942937579,0.0938817007389224,0.0173567957749315));
#4264=CARTESIAN_POINT('',(0.0722108512895529,0.0939061556703092,0.01741818486798));
#4265=CARTESIAN_POINT('',(0.0722755088921387,0.0939061556703092,0.0174809475987984));
#4266=CARTESIAN_POINT('',(0.0720913815776243,0.0938256678654311,0.0173108407282367));
#4267=CARTESIAN_POINT('',(0.0722755088921388,0.0939061556703092,0.0174809475987983));
#4268=CARTESIAN_POINT('',(0.0722755088921387,0.0939061556703092,0.0174809475987984));
#4269=CARTESIAN_POINT('',(0.0723044710819662,0.0939061556703092,0.0175090610154943));
#4270=CARTESIAN_POINT('',(0.0723334313319971,0.0939061556703092,0.0175371763856647));
#4271=CARTESIAN_POINT('',(0.0723623894709146,0.0939061556703092,0.0175652938818341));
#4272=CARTESIAN_POINT('',(0.0718623894709146,0.0942061556703092,0.0205));
#4273=CARTESIAN_POINT('',(0.0660990381056767,0.0942061556703092,0.0205));
#4274=CARTESIAN_POINT('',(0.0660990381056767,0.103206155670309,0.0205));
#4275=CARTESIAN_POINT('',(0.0692307137882957,0.100181155670309,0.0205));
#4276=CARTESIAN_POINT('',(0.0718623894709146,0.0976391239445767,0.0205));
#4277=CARTESIAN_POINT('',(0.0718623894709146,0.0942061556703092,0.0205));
#4278=CARTESIAN_POINT('',(0.0722755088921387,0.0945061556703092,0.0174809475987984));
#4279=CARTESIAN_POINT('',(0.0723044710819662,0.0945061556703092,0.0175090610154943));
#4280=CARTESIAN_POINT('',(0.0723334313319971,0.0945061556703092,0.0175371763856647));
#4281=CARTESIAN_POINT('',(0.0723623894709146,0.0945061556703092,0.0175652938818341));
#4282=CARTESIAN_POINT('',(0.0722755088921388,0.0945061556703092,0.0174809475987983));
#4283=CARTESIAN_POINT('',(0.0720913815776242,0.0945866434751871,0.0173108407282368));
#4284=CARTESIAN_POINT('',(0.0721454942937579,0.094530610601696,0.0173567957749315));
#4285=CARTESIAN_POINT('',(0.0722108512895529,0.0945061556703092,0.01741818486798));
#4286=CARTESIAN_POINT('',(0.0722755088921387,0.0945061556703092,0.0174809475987984));
#4287=CARTESIAN_POINT('',(0.0720913815776243,0.0945866434751872,0.0173108407282367));
#4288=CARTESIAN_POINT('',(0.0720913815776242,0.0938256678654312,0.0173108407282368));
#4289=CARTESIAN_POINT('',(0.071997460068091,0.0937284136073235,0.0172310781943146));
#4290=CARTESIAN_POINT('',(0.0717780890034138,0.0936073656254819,0.0170371697203201));
#4291=CARTESIAN_POINT('',(0.0714415909036896,0.0935923369177111,0.0167098335434691));
#4292=CARTESIAN_POINT('',(0.0711316051593462,0.0937558035537956,0.0163809223592887));
#4293=CARTESIAN_POINT('',(0.0709545504642065,0.0942040542142056,0.0161802733858993));
#4294=CARTESIAN_POINT('',(0.0711302999570906,0.0946556864411234,0.0163794733188209));
#4295=CARTESIAN_POINT('',(0.0714404384407947,0.0948197822513066,0.0167086901056853));
#4296=CARTESIAN_POINT('',(0.0717780548539008,0.0948051114542935,0.0170371587851651));
#4297=CARTESIAN_POINT('',(0.0719974661911149,0.0946838913929992,0.0172310833942726));
#4298=CARTESIAN_POINT('',(0.0720913815776242,0.0945866434751872,0.0173108407282368));
#4299=CARTESIAN_POINT('',(0.0675384035822638,0.0942061556703092,0.0205));
#4300=CARTESIAN_POINT('',(0.0675384035822638,0.101815819949774,0.0253055186560697));
#4301=CARTESIAN_POINT('',(0.0691615292931073,0.100247983502804,0.0248519112159182));
#4302=CARTESIAN_POINT('',(0.0707767053279131,0.0986878259384668,0.0243525956028961));
#4303=CARTESIAN_POINT('',(0.0723623894709146,0.0971561556703092,0.0236837107542853));
#4304=CARTESIAN_POINT('',(0.0675384035822638,0.101815819949774,0.0253055186560698));
#4305=CARTESIAN_POINT('',(0.0675384035822638,0.0942061556703092,0.0205));
#4306=CARTESIAN_POINT('',(0.0675384035822638,0.0947715084120828,0.0294822255748433));
#4307=CARTESIAN_POINT('',(0.0675384035822639,0.0947715084120828,0.0294822255748432));
#4308=CARTESIAN_POINT('',(0.0676406535044743,0.0954207296814155,0.0293424003782145));
#4309=CARTESIAN_POINT('',(0.0681733795731107,0.0964908246696793,0.0286147608429098));
#4310=CARTESIAN_POINT('',(0.0691553509802658,0.0970980287771496,0.027362602957243));
#4311=CARTESIAN_POINT('',(0.0700492890895323,0.0971509823241171,0.0263796723562098));
#4312=CARTESIAN_POINT('',(0.070776411718293,0.0969067952467893,0.0257138115748585));
#4313=CARTESIAN_POINT('',(0.0714688571261159,0.096268207737843,0.025290300852624));
#4314=CARTESIAN_POINT('',(0.071762070978009,0.0956620867291101,0.0252096068911807));
#4315=CARTESIAN_POINT('',(0.0718623894709146,0.0953449298382301,0.025186945148042));
#4316=CARTESIAN_POINT('',(0.0718623894709146,0.0953449298382301,0.025186945148042));
#4317=CARTESIAN_POINT('',(0.0718623894709146,0.0942061556703092,0.0205));
#4318=CARTESIAN_POINT('',(0.0719769375521662,0.0935386190767097,0.0251651407901758));
#4319=CARTESIAN_POINT('',(0.0703281444496294,0.0939953454482984,0.0268393452499825));
#4320=CARTESIAN_POINT('',(0.0699821385986605,0.0939174777915697,0.0244720060630798));
#4321=CARTESIAN_POINT('',(0.0720161913981711,0.0937638425532427,0.0251590565451165));
#4322=CARTESIAN_POINT('',(0.0703320748298448,0.0940583497554857,0.0268118321826366));
#4323=CARTESIAN_POINT('',(0.0700025106004691,0.0940154005264464,0.0244627912499553));
#4324=CARTESIAN_POINT('',(0.0720548854232945,0.0942291963721509,0.0251553351159305));
#4325=CARTESIAN_POINT('',(0.0703416018190611,0.0942143695043642,0.0267804638453247));
#4326=CARTESIAN_POINT('',(0.0700226962336233,0.0942160624999468,0.0244553178974706));
#4327=CARTESIAN_POINT('',(0.0719883716748651,0.094929121765036,0.0251618936170891));
#4328=CARTESIAN_POINT('',(0.070325566935814,0.0944471199382357,0.0268344106919752));
#4329=CARTESIAN_POINT('',(0.0699880050412611,0.0945180567298489,0.0244682762909919));
#4330=CARTESIAN_POINT('',(0.0718024733227341,0.0955774530767199,0.0251959104792233));
#4331=CARTESIAN_POINT('',(0.0703195566770664,0.0945853449016745,0.0269580249350509));
#4332=CARTESIAN_POINT('',(0.0698917666296557,0.0948029433158199,0.0245156146113974));
#4333=CARTESIAN_POINT('',(0.0715147789355861,0.0961339256053021,0.0252911190521041));
#4334=CARTESIAN_POINT('',(0.0703978090281542,0.0946244107182714,0.0270531396840129));
#4335=CARTESIAN_POINT('',(0.0697448534128956,0.0950552889856342,0.0246201639887392));
#4336=CARTESIAN_POINT('',(0.0711492221551977,0.0965734403328852,0.0254795955254403));
#4337=CARTESIAN_POINT('',(0.070539582813661,0.094694560337157,0.0270248230654948));
#4338=CARTESIAN_POINT('',(0.0695615412542793,0.0952627893744689,0.0248049736052079));
#4339=CARTESIAN_POINT('',(0.0707454845198587,0.0968774811336937,0.0257630465054206));
#4340=CARTESIAN_POINT('',(0.070592978181619,0.09490069416258,0.0269325247815235));
#4341=CARTESIAN_POINT('',(0.0693630059900337,0.0954134793394306,0.0250697217789796));
#4342=CARTESIAN_POINT('',(0.0703374097483469,0.0970568846734321,0.0261140781036028));
#4343=CARTESIAN_POINT('',(0.0704859316710939,0.0951779825046147,0.0269064774827684));
#4344=CARTESIAN_POINT('',(0.0691658338813184,0.095508566754972,0.0253913477059445));
#4345=CARTESIAN_POINT('',(0.0697957293610492,0.0971577231213791,0.0266490253546406));
#4346=CARTESIAN_POINT('',(0.0701828446720383,0.0955158554107158,0.0270178635389878));
#4347=CARTESIAN_POINT('',(0.0689079651500159,0.0955713920752811,0.0258779128253755));
#4348=CARTESIAN_POINT('',(0.0691595471902599,0.0970601131585509,0.0273725991378293));
#4349=CARTESIAN_POINT('',(0.0696469258371031,0.0957756312691265,0.0273844748223343));
#4350=CARTESIAN_POINT('',(0.0686106029140482,0.0955427254210278,0.026534286813284));
#4351=CARTESIAN_POINT('',(0.0684671260044097,0.0966477783361133,0.0282393280034351));
#4352=CARTESIAN_POINT('',(0.0689572656372641,0.0957499950511696,0.0280142878210618));
#4353=CARTESIAN_POINT('',(0.0682917533169452,0.0953621756181995,0.02732287014373));
#4354=CARTESIAN_POINT('',(0.0678765414895689,0.0959294028038447,0.0290205203888807));
#4355=CARTESIAN_POINT('',(0.0683430261118981,0.0953924392709274,0.0286561749058712));
#4356=CARTESIAN_POINT('',(0.0680224320991783,0.095028724168988,0.0280361874722817));
#4357=CARTESIAN_POINT('',(0.0674750786089403,0.094841844172851,0.0295687073697638));
#4358=CARTESIAN_POINT('',(0.0679145311482724,0.0946654043223415,0.0291393652881173));
#4359=CARTESIAN_POINT('',(0.0678404700301617,0.0945111445568751,0.0285383141512272));
#4360=CARTESIAN_POINT('',(0.0674843334051628,0.0935220992154047,0.029555934420064));
#4361=CARTESIAN_POINT('',(0.0679245034136602,0.0937124522338953,0.0291278348076271));
#4362=CARTESIAN_POINT('',(0.0678446557452569,0.0938779975139879,0.0285265996988571));
#4363=CARTESIAN_POINT('',(0.0678964336086238,0.09244986872424,0.0289936993322232));
#4364=CARTESIAN_POINT('',(0.068363971082799,0.0930003686925797,0.0286332774887382));
#4365=CARTESIAN_POINT('',(0.0680314706419917,0.0933680397878469,0.028011655141689));
#4366=CARTESIAN_POINT('',(0.0684902078801792,0.0917450112942322,0.0282095447044795));
#4367=CARTESIAN_POINT('',(0.0689807647135373,0.0926558150767671,0.027991094472992));
#4368=CARTESIAN_POINT('',(0.0683023266201354,0.0930412856017869,0.0272957240243431));
#4369=CARTESIAN_POINT('',(0.0691864575211275,0.0913420511670611,0.0273400375272418));
#4370=CARTESIAN_POINT('',(0.0696731912310282,0.0926419632718356,0.0273628303268988));
#4371=CARTESIAN_POINT('',(0.0686230644370952,0.0928654529948602,0.02650471680965));
#4372=CARTESIAN_POINT('',(0.0698262821369183,0.0912551799403405,0.026616436695402));
#4373=CARTESIAN_POINT('',(0.0702053298038183,0.0929132384746985,0.0270055655190777));
#4374=CARTESIAN_POINT('',(0.0689223721947526,0.0928420690687115,0.0258483403548161));
#4375=CARTESIAN_POINT('',(0.0703641067073823,0.0913637318673315,0.026089340439958));
#4376=CARTESIAN_POINT('',(0.0704975106506658,0.0932528438402812,0.0269048296337381));
#4377=CARTESIAN_POINT('',(0.0691786351383268,0.0929083975756013,0.0253687903665446));
#4378=CARTESIAN_POINT('',(0.0707766129388887,0.0915531704253939,0.0257386868708497));
#4379=CARTESIAN_POINT('',(0.0705948184602127,0.0935312143482784,0.0269382487718447));
#4380=CARTESIAN_POINT('',(0.0693781789310204,0.0930081910887059,0.0250472345384883));
#4381=CARTESIAN_POINT('',(0.071175413556339,0.0918647553345541,0.0254640211370018));
#4382=CARTESIAN_POINT('',(0.070530719951251,0.0937261538993182,0.0270302298455518));
#4383=CARTESIAN_POINT('',(0.0695745692367694,0.0931619904244029,0.0247900946038982));
#4384=CARTESIAN_POINT('',(0.0715359259440106,0.0923106088854807,0.0252823723159715));
#4385=CARTESIAN_POINT('',(0.0703897413318826,0.0937894928644051,0.0270503525937489));
#4386=CARTESIAN_POINT('',(0.0697555666662706,0.0933719148484755,0.024611155722912));
#4387=CARTESIAN_POINT('',(0.0718193623472649,0.0928778555129534,0.0251918405862859));
#4388=CARTESIAN_POINT('',(0.0703177759067426,0.0938325861243151,0.0269488299600299));
#4389=CARTESIAN_POINT('',(0.0699004642227719,0.0936285260906869,0.0245106067762176));
#4390=CARTESIAN_POINT('',(0.0719376837061613,0.0933133956001768,0.025171225035235));
#4391=CARTESIAN_POINT('',(0.0703241565858419,0.0939314196748817,0.0268672607082689));
#4392=CARTESIAN_POINT('',(0.069961766596852,0.093819555056693,0.0244812208762043));
#4393=CARTESIAN_POINT('',(0.0719769375521662,0.0935386190767097,0.0251651407901758));
#4394=CARTESIAN_POINT('',(0.0703281444496294,0.0939953454482984,0.0268393452499825));
#4395=CARTESIAN_POINT('',(0.0699821385986605,0.0939174777915697,0.0244720060630798));
#4396=CARTESIAN_POINT('',(0.0718623894709147,0.0930673815023884,0.0251869451480419));
#4397=CARTESIAN_POINT('',(0.0717626434180417,0.0927520343805321,0.0252094775781437));
#4398=CARTESIAN_POINT('',(0.0714646393969098,0.0921372995246555,0.025292030126695));
#4399=CARTESIAN_POINT('',(0.0707751570322,0.0915058085357439,0.0257151406955854));
#4400=CARTESIAN_POINT('',(0.070048166193263,0.0912605996794566,0.0263806295084158));
#4401=CARTESIAN_POINT('',(0.069150792263964,0.0913161747502315,0.027368053906437));
#4402=CARTESIAN_POINT('',(0.0681745289385998,0.0919187346755938,0.0286134154103826));
#4403=CARTESIAN_POINT('',(0.0676395243133031,0.0929987512971763,0.0293439445297809));
#4404=CARTESIAN_POINT('',(0.0675384035822633,0.093640802928539,0.029482225574844));
#4405=CARTESIAN_POINT('',(0.0718623894709146,0.0930673815023884,0.025186945148042));
#4406=CARTESIAN_POINT('',(0.0675384035822638,0.0936408029285392,0.0294822255748435));
#4407=CARTESIAN_POINT('',(0.0718623894709146,0.0930673815023884,0.025186945148042));
#4408=CARTESIAN_POINT('',(0.0718623894709146,0.0934434266280171,0.0252783117976426));
#4409=CARTESIAN_POINT('',(0.0718623894709146,0.0942018839056619,0.0253123897509728));
#4410=CARTESIAN_POINT('',(0.0718623894709146,0.0949714235167711,0.0252776949513783));
#4411=CARTESIAN_POINT('',(0.0718623894709146,0.09534492983823,0.025186945148042));
#4412=CARTESIAN_POINT('',(0.0675384035822633,0.0936408029285391,0.0294822255748441));
#4413=CARTESIAN_POINT('',(0.0675384035822633,0.094017704756387,0.0295059482569317));
#4414=CARTESIAN_POINT('',(0.0675384035822644,0.0943946065842349,0.0295059482569311));
#4415=CARTESIAN_POINT('',(0.0675384035822644,0.0947715084120828,0.0294822255748433));
#4416=CARTESIAN_POINT('',(0.0660990381056767,0.102456155670309,0.0205));
#4417=CARTESIAN_POINT('',(0.0660990381056767,0.0931730278656908,0.02245));
#4418=CARTESIAN_POINT('',(0.0660990381056767,0.0931730278656908,0.02205));
#4419=CARTESIAN_POINT('',(0.0660990381056767,0.0942061556703092,0.02205));
#4420=CARTESIAN_POINT('',(0.0660990381056767,0.0952392834749276,0.02205));
#4421=CARTESIAN_POINT('',(0.0660990381056767,0.0952392834749276,0.02245));
#4422=CARTESIAN_POINT('',(0.0476,0.0969970046017622,0.0205));
#4423=CARTESIAN_POINT('',(0.0476,0.0942061556703092,0.0205));
#4424=CARTESIAN_POINT('',(0.0476,0.0960889636466446,0.021538043411543));
#4425=CARTESIAN_POINT('',(0.0476,0.0946794318608334,0.0184027375825893));
#4426=CARTESIAN_POINT('',(0.0476,0.0964831398380631,0.0214700351023535));
#4427=CARTESIAN_POINT('',(0.0476,0.0962076218180091,0.0217600175511767));
#4428=CARTESIAN_POINT('',(0.0476,0.0959321037979551,0.02205));
#4429=CARTESIAN_POINT('',(0.0476,0.0955856936364413,0.02225));
#4430=CARTESIAN_POINT('',(0.0476,0.0952392834749276,0.02245));
#4431=CARTESIAN_POINT('',(0.0476,0.0955399931612638,0.0221862317597898));
#4432=CARTESIAN_POINT('',(0.0476,0.0942061556703092,0.0205));
#4433=CARTESIAN_POINT('',(0.0476,0.0928723181793546,0.0221862317597898));
#4434=CARTESIAN_POINT('',(0.0476,0.0931730278656908,0.02245));
#4435=CARTESIAN_POINT('',(0.0476,0.0928266177041771,0.02225));
#4436=CARTESIAN_POINT('',(0.0476,0.0924802075426633,0.02205));
#4437=CARTESIAN_POINT('',(0.0476,0.0922046895226093,0.0217600175511767));
#4438=CARTESIAN_POINT('',(0.0476,0.0919291715025553,0.0214700351023535));
#4439=CARTESIAN_POINT('',(0.0476,0.0923233476939738,0.0215380434115429));
#4440=CARTESIAN_POINT('',(0.0476,0.0942061556703092,0.0205));
#4441=CARTESIAN_POINT('',(0.0476,0.093732879479785,0.0184027375825893));
#4442=CARTESIAN_POINT('',(0.0476,0.0933061556703092,0.0179809475987983));
#4443=CARTESIAN_POINT('',(0.0476,0.0939061556703092,0.0179809475987983));
#4444=CARTESIAN_POINT('',(0.0476,0.0939061556703092,0.0205));
#4445=CARTESIAN_POINT('',(0.0476,0.0939061556703092,0.0174809475987983));
#4446=CARTESIAN_POINT('',(0.0476,0.0936861556703091,0.0174809475987983));
#4447=CARTESIAN_POINT('',(0.0476,0.0938256678654311,0.0173108407282367));
#4448=CARTESIAN_POINT('',(0.0476,0.0942061556703092,0.0168469128994324));
#4449=CARTESIAN_POINT('',(0.0476,0.0936673345529553,0.0171108670687375));
#4450=CARTESIAN_POINT('',(0.0476,0.0942061556703092,0.0205));
#4451=CARTESIAN_POINT('',(0.0476,0.0947449767876633,0.0171108670687369));
#4452=CARTESIAN_POINT('',(0.0476,0.0942061556703092,0.0168469128994324));
#4453=CARTESIAN_POINT('',(0.0476,0.0945866434751872,0.0173108407282367));
#4454=CARTESIAN_POINT('',(0.0476,0.0947261556703092,0.0174809475987983));
#4455=CARTESIAN_POINT('',(0.0476,0.0945061556703092,0.0174809475987983));
#4456=CARTESIAN_POINT('',(0.0476,0.0945061556703092,0.0205));
#4457=CARTESIAN_POINT('',(0.0476,0.0945061556703092,0.0179809475987983));
#4458=CARTESIAN_POINT('',(0.0476,0.0951061556703092,0.0179809475987983));
#4459=CARTESIAN_POINT('',(-0.146805301884845,0.0942061556703092,0.02205));
#4460=CARTESIAN_POINT('',(-0.146805301884845,0.0931730278656908,0.02205));
#4461=CARTESIAN_POINT('',(0.0502,0.0931730278656908,0.02205));
#4462=CARTESIAN_POINT('',(0.0502,0.0942061556703092,0.02205));
#4463=CARTESIAN_POINT('',(0.0502,0.0952392834749276,0.02205));
#4464=CARTESIAN_POINT('',(-0.146805301884845,0.0952392834749276,0.02205));
#4465=CARTESIAN_POINT('',(0.064002,0.0955135697056557,0.0266508994362455));
#4466=CARTESIAN_POINT('',(0.0592372229881191,0.0950702849885162,0.0267799438006823));
#4467=CARTESIAN_POINT('',(0.059113892382484,0.0951306386555241,0.0269872667498454));
#4468=CARTESIAN_POINT('',(0.0590000000000001,0.0953663669742218,0.0271541884897685));
#4469=CARTESIAN_POINT('',(0.0590000000000001,0.0956095595833291,0.0271024963049531));
#4470=CARTESIAN_POINT('',(0.059237222988119,0.0950702849885162,0.0267799438006823));
#4471=CARTESIAN_POINT('',(0.059,0.0956095595833291,0.0271024963049531));
#4472=CARTESIAN_POINT('',(0.064002,0.0950702849885162,0.0267799438006823));
#4473=CARTESIAN_POINT('',(0.064,0.0950702849885162,0.0267799438006823));
#4474=CARTESIAN_POINT('',(0.064,0.0955135697056557,0.0266508994362455));
#4475=CARTESIAN_POINT('',(0.064,0.0956095595833291,0.0271024963049531));
#4476=CARTESIAN_POINT('',(0.064,0.0955135697056557,0.0266508994362455));
#4477=CARTESIAN_POINT('',(0.064,0.0959710175170396,0.026588487191435));
#4478=CARTESIAN_POINT('',(0.064002,0.0959710175170396,0.026588487191435));
#4479=CARTESIAN_POINT('',(0.059237222988119,0.0959710175170396,0.026588487191435));
#4480=CARTESIAN_POINT('',(0.0590000000000001,0.0956095595833291,0.0271024963049531));
#4481=CARTESIAN_POINT('',(0.0590000000000001,0.0958517680343215,0.0270510133094028));
#4482=CARTESIAN_POINT('',(0.0591141695896186,0.0960001419293813,0.0268019532945045));
#4483=CARTESIAN_POINT('',(0.059237222988119,0.0959710175170397,0.026588487191435));
#4484=CARTESIAN_POINT('',(0.064002,0.0955135697056557,0.0266508994362455));
#4485=CARTESIAN_POINT('',(0.058762777011881,0.0959710175170397,0.026588487191435));
#4486=CARTESIAN_POINT('',(0.0588861268240911,0.0960002120849009,0.0268024674963085));
#4487=CARTESIAN_POINT('',(0.059,0.0958527813778864,0.0270507979165789));
#4488=CARTESIAN_POINT('',(0.059,0.0956095595833291,0.0271024963049531));
#4489=CARTESIAN_POINT('',(0.058762777011881,0.0959710175170396,0.026588487191435));
#4490=CARTESIAN_POINT('',(0.064002,0.0959710175170396,0.026588487191435));
#4491=CARTESIAN_POINT('',(0.054,0.0959710175170396,0.026588487191435));
#4492=CARTESIAN_POINT('',(0.054,0.0955135697056557,0.0266508994362455));
#4493=CARTESIAN_POINT('',(0.054,0.0956095595833291,0.0271024963049531));
#4494=CARTESIAN_POINT('',(0.054,0.0955135697056557,0.0266508994362455));
#4495=CARTESIAN_POINT('',(0.054,0.0950702849885162,0.0267799438006823));
#4496=CARTESIAN_POINT('',(0.064002,0.0950702849885162,0.0267799438006823));
#4497=CARTESIAN_POINT('',(0.058762777011881,0.0950702849885162,0.0267799438006823));
#4498=CARTESIAN_POINT('',(0.059,0.0956095595833291,0.0271024963049531));
#4499=CARTESIAN_POINT('',(0.059,0.0953673190709316,0.0271539861153655));
#4500=CARTESIAN_POINT('',(0.0588858142493143,0.0951304950914293,0.0269867735879051));
#4501=CARTESIAN_POINT('',(0.058762777011881,0.0950702849885162,0.0267799438006823));
#4502=CARTESIAN_POINT('',(0.064002,0.0928987416349628,0.0266508994362456));
#4503=CARTESIAN_POINT('',(0.0592372229881191,0.0924412938235788,0.026588487191435));
#4504=CARTESIAN_POINT('',(0.0591138731759089,0.0924120992557176,0.0268024674963086));
#4505=CARTESIAN_POINT('',(0.059,0.0925595299627321,0.0270507979165789));
#4506=CARTESIAN_POINT('',(0.0590000000000001,0.0928027517572894,0.0271024963049532));
#4507=CARTESIAN_POINT('',(0.059237222988119,0.0924412938235788,0.026588487191435));
#4508=CARTESIAN_POINT('',(0.059,0.0928027517572894,0.0271024963049531));
#4509=CARTESIAN_POINT('',(0.064002,0.0924412938235788,0.026588487191435));
#4510=CARTESIAN_POINT('',(0.064,0.0924412938235788,0.026588487191435));
#4511=CARTESIAN_POINT('',(0.064,0.0928987416349628,0.0266508994362456));
#4512=CARTESIAN_POINT('',(0.064,0.0928027517572894,0.0271024963049532));
#4513=CARTESIAN_POINT('',(0.064,0.0928987416349628,0.0266508994362456));
#4514=CARTESIAN_POINT('',(0.064,0.0933420263521022,0.0267799438006823));
#4515=CARTESIAN_POINT('',(0.064002,0.0933420263521022,0.0267799438006823));
#4516=CARTESIAN_POINT('',(0.059237222988119,0.0933420263521022,0.0267799438006823));
#4517=CARTESIAN_POINT('',(0.0590000000000001,0.0928027517572894,0.0271024963049532));
#4518=CARTESIAN_POINT('',(0.0590000000000001,0.0930449922696869,0.0271539861153656));
#4519=CARTESIAN_POINT('',(0.0591141857506857,0.0932818162491892,0.0269867735879052));
#4520=CARTESIAN_POINT('',(0.059237222988119,0.0933420263521023,0.0267799438006823));
#4521=CARTESIAN_POINT('',(0.064002,0.0928987416349628,0.0266508994362456));
#4522=CARTESIAN_POINT('',(0.058762777011881,0.0933420263521023,0.0267799438006823));
#4523=CARTESIAN_POINT('',(0.058886107617516,0.0932816726850944,0.0269872667498455));
#4524=CARTESIAN_POINT('',(0.059,0.0930459443663967,0.0271541884897686));
#4525=CARTESIAN_POINT('',(0.059,0.0928027517572894,0.0271024963049532));
#4526=CARTESIAN_POINT('',(0.058762777011881,0.0933420263521022,0.0267799438006823));
#4527=CARTESIAN_POINT('',(0.064002,0.0933420263521022,0.0267799438006823));
#4528=CARTESIAN_POINT('',(0.054,0.0933420263521022,0.0267799438006823));
#4529=CARTESIAN_POINT('',(0.054,0.0928987416349628,0.0266508994362456));
#4530=CARTESIAN_POINT('',(0.054,0.0928027517572894,0.0271024963049532));
#4531=CARTESIAN_POINT('',(0.054,0.0928987416349628,0.0266508994362456));
#4532=CARTESIAN_POINT('',(0.054,0.0924412938235788,0.026588487191435));
#4533=CARTESIAN_POINT('',(0.064002,0.0924412938235788,0.026588487191435));
#4534=CARTESIAN_POINT('',(0.058762777011881,0.0924412938235788,0.026588487191435));
#4535=CARTESIAN_POINT('',(0.059,0.0928027517572894,0.0271024963049532));
#4536=CARTESIAN_POINT('',(0.059,0.092560543306297,0.0270510133094028));
#4537=CARTESIAN_POINT('',(0.0588858304103814,0.0924121694112372,0.0268019532945045));
#4538=CARTESIAN_POINT('',(0.058762777011881,0.0924412938235788,0.026588487191435));
#4539=CARTESIAN_POINT('',(0.064002,0.090509977328465,0.0255873530445516));
#4540=CARTESIAN_POINT('',(0.059237222988119,0.0901174633052076,0.025344275834619));
#4541=CARTESIAN_POINT('',(0.0591138744244052,0.0900037602603289,0.0255278802112462));
#4542=CARTESIAN_POINT('',(0.0590000000000001,0.0900374402493852,0.0258147098076705));
#4543=CARTESIAN_POINT('',(0.0590000000000001,0.090238605217335,0.0259608647120308));
#4544=CARTESIAN_POINT('',(0.059237222988119,0.0901174633052076,0.0253442758346189));
#4545=CARTESIAN_POINT('',(0.059,0.090238605217335,0.0259608647120309));
#4546=CARTESIAN_POINT('',(0.064002,0.0901174633052076,0.0253442758346189));
#4547=CARTESIAN_POINT('',(0.064,0.0901174633052076,0.0253442758346189));
#4548=CARTESIAN_POINT('',(0.064,0.090509977328465,0.0255873530445516));
#4549=CARTESIAN_POINT('',(0.064,0.090238605217335,0.0259608647120309));
#4550=CARTESIAN_POINT('',(0.064,0.090509977328465,0.0255873530445516));
#4551=CARTESIAN_POINT('',(0.064,0.0908624509966512,0.0258855410752933));
#4552=CARTESIAN_POINT('',(0.064002,0.0908624509966512,0.0258855410752933));
#4553=CARTESIAN_POINT('',(0.059237222988119,0.0908624509966512,0.0258855410752933));
#4554=CARTESIAN_POINT('',(0.0590000000000001,0.090238605217335,0.0259608647120308));
#4555=CARTESIAN_POINT('',(0.0590000000000001,0.0904389561291793,0.0261064281700104));
#4556=CARTESIAN_POINT('',(0.059114173700636,0.0907233074511491,0.026050015939578));
#4557=CARTESIAN_POINT('',(0.059237222988119,0.0908624509966512,0.0258855410752933));
#4558=CARTESIAN_POINT('',(0.064002,0.090509977328465,0.0255873530445516));
#4559=CARTESIAN_POINT('',(0.058762777011881,0.0908624509966512,0.0258855410752933));
#4560=CARTESIAN_POINT('',(0.0588861227944267,0.090722972175951,0.0260504122521954));
#4561=CARTESIAN_POINT('',(0.059,0.0904397666905664,0.0261070170773297));
#4562=CARTESIAN_POINT('',(0.059,0.090238605217335,0.0259608647120309));
#4563=CARTESIAN_POINT('',(0.058762777011881,0.0908624509966512,0.0258855410752933));
#4564=CARTESIAN_POINT('',(0.064002,0.0908624509966512,0.0258855410752933));
#4565=CARTESIAN_POINT('',(0.054,0.0908624509966512,0.0258855410752933));
#4566=CARTESIAN_POINT('',(0.054,0.090509977328465,0.0255873530445516));
#4567=CARTESIAN_POINT('',(0.054,0.090238605217335,0.0259608647120309));
#4568=CARTESIAN_POINT('',(0.054,0.090509977328465,0.0255873530445516));
#4569=CARTESIAN_POINT('',(0.054,0.0901174633052076,0.0253442758346189));
#4570=CARTESIAN_POINT('',(0.064002,0.0901174633052076,0.0253442758346189));
#4571=CARTESIAN_POINT('',(0.058762777011881,0.0901174633052076,0.0253442758346189));
#4572=CARTESIAN_POINT('',(0.059,0.090238605217335,0.0259608647120309));
#4573=CARTESIAN_POINT('',(0.059,0.0900382581447899,0.0258153040434654));
#4574=CARTESIAN_POINT('',(0.0588858286347877,0.0900040339811807,0.0255274382147595));
#4575=CARTESIAN_POINT('',(0.058762777011881,0.0901174633052076,0.025344275834619));
#4576=CARTESIAN_POINT('',(0.064002,0.0887603158359981,0.0236441570943031));
#4577=CARTESIAN_POINT('',(0.059237222988119,0.0885006048413665,0.0232624451771329));
#4578=CARTESIAN_POINT('',(0.0591138789199515,0.0883220598208607,0.023383924499041));
#4579=CARTESIAN_POINT('',(0.0590000000000001,0.0882361608985501,0.0236596657343925));
#4580=CARTESIAN_POINT('',(0.0590000000000001,0.0883604841947643,0.023875));
#4581=CARTESIAN_POINT('',(0.059237222988119,0.0885006048413665,0.0232624451771328));
#4582=CARTESIAN_POINT('',(0.059,0.0883604841947643,0.023875));
#4583=CARTESIAN_POINT('',(0.064002,0.0885006048413665,0.0232624451771328));
#4584=CARTESIAN_POINT('',(0.064,0.0885006048413665,0.0232624451771328));
#4585=CARTESIAN_POINT('',(0.064,0.0887603158359981,0.0236441570943031));
#4586=CARTESIAN_POINT('',(0.064,0.0883604841947643,0.023875));
#4587=CARTESIAN_POINT('',(0.064,0.0887603158359981,0.0236441570943031));
#4588=CARTESIAN_POINT('',(0.064,0.088961032555879,0.0240599293718813));
#4589=CARTESIAN_POINT('',(0.064002,0.088961032555879,0.0240599293718813));
#4590=CARTESIAN_POINT('',(0.059237222988119,0.088961032555879,0.0240599293718813));
#4591=CARTESIAN_POINT('',(0.0590000000000001,0.0883604841947643,0.023875));
#4592=CARTESIAN_POINT('',(0.0590000000000001,0.0884843041564876,0.024089462464696));
#4593=CARTESIAN_POINT('',(0.0591141708885104,0.0887670162138751,0.024153591998926));
#4594=CARTESIAN_POINT('',(0.059237222988119,0.088961032555879,0.0240599293718813));
#4595=CARTESIAN_POINT('',(0.064002,0.0887603158359981,0.0236441570943031));
#4596=CARTESIAN_POINT('',(0.058762777011881,0.088961032555879,0.0240599293718813));
#4597=CARTESIAN_POINT('',(0.0588861260675198,0.0887665480030693,0.02415381803068));
#4598=CARTESIAN_POINT('',(0.059,0.0884848113643143,0.0240903409744219));
#4599=CARTESIAN_POINT('',(0.059,0.0883604841947643,0.023875));
#4600=CARTESIAN_POINT('',(0.058762777011881,0.088961032555879,0.0240599293718813));
#4601=CARTESIAN_POINT('',(0.064002,0.088961032555879,0.0240599293718813));
#4602=CARTESIAN_POINT('',(0.054,0.088961032555879,0.0240599293718813));
#4603=CARTESIAN_POINT('',(0.054,0.0887603158359981,0.0236441570943031));
#4604=CARTESIAN_POINT('',(0.054,0.0883604841947642,0.023875));
#4605=CARTESIAN_POINT('',(0.054,0.0887603158359981,0.0236441570943031));
#4606=CARTESIAN_POINT('',(0.054,0.0885006048413665,0.0232624451771328));
#4607=CARTESIAN_POINT('',(0.064002,0.0885006048413665,0.0232624451771328));
#4608=CARTESIAN_POINT('',(0.058762777011881,0.0885006048413665,0.0232624451771328));
#4609=CARTESIAN_POINT('',(0.059,0.0883604841947643,0.023875));
#4610=CARTESIAN_POINT('',(0.059,0.0882366599778129,0.0236605301650328));
#4611=CARTESIAN_POINT('',(0.0588858249226282,0.0883224885194878,0.0233836328190021));
#4612=CARTESIAN_POINT('',(0.058762777011881,0.0885006048413665,0.0232624451771329));
#4613=CARTESIAN_POINT('',(0.064002,0.0879522895247853,0.0211573078186792));
#4614=CARTESIAN_POINT('',(0.059237222988119,0.0878702879491515,0.020702962652494));
#4615=CARTESIAN_POINT('',(0.0591139078070621,0.0876578186369365,0.02074130974997));
#4616=CARTESIAN_POINT('',(0.059,0.0874671469226003,0.0209583272902665));
#4617=CARTESIAN_POINT('',(0.059,0.0874931328765734,0.0212055671270567));
#4618=CARTESIAN_POINT('',(0.059237222988119,0.0878702879491515,0.0207029626524939));
#4619=CARTESIAN_POINT('',(0.059,0.0874931328765734,0.0212055671270567));
#4620=CARTESIAN_POINT('',(0.064002,0.0878702879491516,0.0207029626524939));
#4621=CARTESIAN_POINT('',(0.064,0.0878702879491516,0.0207029626524939));
#4622=CARTESIAN_POINT('',(0.064,0.0879522895247853,0.0211573078186792));
#4623=CARTESIAN_POINT('',(0.064,0.0874931328765733,0.0212055671270567));
#4624=CARTESIAN_POINT('',(0.064,0.0879522895247853,0.0211573078186792));
#4625=CARTESIAN_POINT('',(0.064,0.0879665435520393,0.021618773539128));
#4626=CARTESIAN_POINT('',(0.064002,0.0879665435520393,0.021618773539128));
#4627=CARTESIAN_POINT('',(0.059237222988119,0.0879665435520393,0.021618773539128));
#4628=CARTESIAN_POINT('',(0.059,0.0874931328765734,0.0212055671270567));
#4629=CARTESIAN_POINT('',(0.059,0.087519013741235,0.0214518071058376));
#4630=CARTESIAN_POINT('',(0.0591141687295547,0.0877512010034571,0.0216254251676681));
#4631=CARTESIAN_POINT('',(0.059237222988119,0.0879665435520393,0.021618773539128));
#4632=CARTESIAN_POINT('',(0.064002,0.0879522895247853,0.0211573078186792));
#4633=CARTESIAN_POINT('',(0.058762777011881,0.0879665435520393,0.021618773539128));
#4634=CARTESIAN_POINT('',(0.0588861268899282,0.0877506836751371,0.0216254411472126));
#4635=CARTESIAN_POINT('',(0.059,0.0875191244660367,0.0214528605819552));
#4636=CARTESIAN_POINT('',(0.059,0.0874931328765734,0.0212055671270567));
#4637=CARTESIAN_POINT('',(0.058762777011881,0.0879665435520393,0.021618773539128));
#4638=CARTESIAN_POINT('',(0.064002,0.0879665435520393,0.021618773539128));
#4639=CARTESIAN_POINT('',(0.054,0.0879665435520393,0.021618773539128));
#4640=CARTESIAN_POINT('',(0.054,0.0879522895247853,0.0211573078186792));
#4641=CARTESIAN_POINT('',(0.054,0.0874931328765733,0.0212055671270567));
#4642=CARTESIAN_POINT('',(0.054,0.0879522895247853,0.0211573078186792));
#4643=CARTESIAN_POINT('',(0.054,0.0878702879491516,0.0207029626524939));
#4644=CARTESIAN_POINT('',(0.064002,0.0878702879491516,0.0207029626524939));
#4645=CARTESIAN_POINT('',(0.058762777011881,0.0878702879491516,0.0207029626524939));
#4646=CARTESIAN_POINT('',(0.059,0.0874931328765734,0.0212055671270567));
#4647=CARTESIAN_POINT('',(0.059,0.0874672458214696,0.0209592682501533));
#4648=CARTESIAN_POINT('',(0.058885802009335,0.0876583186168253,0.020741219512103));
#4649=CARTESIAN_POINT('',(0.058762777011881,0.0878702879491516,0.020702962652494));
#4650=CARTESIAN_POINT('',(0.064002,0.0882256134847239,0.0185568040497515));
#4651=CARTESIAN_POINT('',(0.059237222988119,0.0883355001454762,0.018108386041381));
#4652=CARTESIAN_POINT('',(0.0591138733279616,0.0881257439689819,0.0180569844353418));
#4653=CARTESIAN_POINT('',(0.059,0.0878633628919539,0.0181776500655345));
#4654=CARTESIAN_POINT('',(0.059,0.0877865241853169,0.0184141352879691));
#4655=CARTESIAN_POINT('',(0.059237222988119,0.0883355001454762,0.018108386041381));
#4656=CARTESIAN_POINT('',(0.059,0.0877865241853169,0.0184141352879691));
#4657=CARTESIAN_POINT('',(0.064002,0.0883355001454762,0.018108386041381));
#4658=CARTESIAN_POINT('',(0.064,0.0883355001454762,0.018108386041381));
#4659=CARTESIAN_POINT('',(0.064,0.0882256134847239,0.0185568040497515));
#4660=CARTESIAN_POINT('',(0.064,0.0877865241853169,0.0184141352879691));
#4661=CARTESIAN_POINT('',(0.064,0.0882256134847239,0.0185568040497515));
#4662=CARTESIAN_POINT('',(0.064,0.0880509401685451,0.0189841715977209));
#4663=CARTESIAN_POINT('',(0.064002,0.0880509401685451,0.0189841715977209));
#4664=CARTESIAN_POINT('',(0.059237222988119,0.0880509401685451,0.0189841715977209));
#4665=CARTESIAN_POINT('',(0.059,0.0877865241853169,0.0184141352879691));
#4666=CARTESIAN_POINT('',(0.059,0.0877099635760987,0.0186497646145561));
#4667=CARTESIAN_POINT('',(0.0591145852245725,0.0878521845024607,0.0189029363437359));
#4668=CARTESIAN_POINT('',(0.059237222988119,0.088050940168545,0.018984171597721));
#4669=CARTESIAN_POINT('',(0.064002,0.0882256134847239,0.0185568040497515));
#4670=CARTESIAN_POINT('',(0.059,0.0877865241853169,0.0184141352879691));
#4671=CARTESIAN_POINT('',(0.059,0.0877099635760986,0.0186497646145561));
#4672=CARTESIAN_POINT('',(0.0588854147754275,0.0878521845024607,0.0189029363437359));
#4673=CARTESIAN_POINT('',(0.058762777011881,0.0880509401685451,0.018984171597721));
#4674=CARTESIAN_POINT('',(0.058762777011881,0.0880509401685451,0.018984171597721));
#4675=CARTESIAN_POINT('',(0.064002,0.0880509401685451,0.0189841715977209));
#4676=CARTESIAN_POINT('',(0.054,0.0880509401685451,0.0189841715977209));
#4677=CARTESIAN_POINT('',(0.054,0.0882256134847239,0.0185568040497515));
#4678=CARTESIAN_POINT('',(0.054,0.0877865241853169,0.0184141352879691));
#4679=CARTESIAN_POINT('',(0.054,0.0882256134847239,0.0185568040497515));
#4680=CARTESIAN_POINT('',(0.054,0.0883355001454762,0.018108386041381));
#4681=CARTESIAN_POINT('',(0.064002,0.0883355001454762,0.018108386041381));
#4682=CARTESIAN_POINT('',(0.058762777011881,0.0883355001454762,0.018108386041381));
#4683=CARTESIAN_POINT('',(0.058762777011881,0.0883355001454762,0.018108386041381));
#4684=CARTESIAN_POINT('',(0.0588861266720384,0.0881257439689819,0.0180569844353418));
#4685=CARTESIAN_POINT('',(0.059,0.0878633628919539,0.0181776500655345));
#4686=CARTESIAN_POINT('',(0.059,0.0877865241853169,0.0184141352879691));
#4687=CARTESIAN_POINT('',(0.064002,0.0895330275200704,0.0162922965140028));
#4688=CARTESIAN_POINT('',(0.059237222988119,0.0898158020152755,0.0159273412108439));
#4689=CARTESIAN_POINT('',(0.0591138750883808,0.089645089566121,0.015795069871814));
#4690=CARTESIAN_POINT('',(0.059,0.0893563091257567,0.015798583555795));
#4691=CARTESIAN_POINT('',(0.059,0.0891899280983368,0.0159833684070777));
#4692=CARTESIAN_POINT('',(0.059237222988119,0.0898158020152755,0.015927341210844));
#4693=CARTESIAN_POINT('',(0.059,0.0891899280983368,0.0159833684070777));
#4694=CARTESIAN_POINT('',(0.064002,0.0898158020152755,0.015927341210844));
#4695=CARTESIAN_POINT('',(0.064,0.0898158020152755,0.015927341210844));
#4696=CARTESIAN_POINT('',(0.064,0.0895330275200704,0.0162922965140028));
#4697=CARTESIAN_POINT('',(0.064,0.0891899280983368,0.0159833684070777));
#4698=CARTESIAN_POINT('',(0.064,0.0895330275200704,0.0162922965140028));
#4699=CARTESIAN_POINT('',(0.064,0.0891996294636832,0.0166116701579366));
#4700=CARTESIAN_POINT('',(0.064002,0.0891996294636832,0.0166116701579366));
#4701=CARTESIAN_POINT('',(0.059237222988119,0.0891996294636832,0.0166116701579366));
#4702=CARTESIAN_POINT('',(0.059,0.0891899280983368,0.0159833684070777));
#4703=CARTESIAN_POINT('',(0.0590000000000001,0.0890242205131646,0.016167405324972));
#4704=CARTESIAN_POINT('',(0.0591141727032662,0.0890505988629491,0.0164560952895317));
#4705=CARTESIAN_POINT('',(0.059237222988119,0.0891996294636832,0.0166116701579366));
#4706=CARTESIAN_POINT('',(0.064002,0.0895330275200704,0.0162922965140028));
#4707=CARTESIAN_POINT('',(0.058762777011881,0.0891996294636832,0.0166116701579366));
#4708=CARTESIAN_POINT('',(0.0588861240165763,0.089050239494936,0.0164557201408639));
#4709=CARTESIAN_POINT('',(0.059,0.0890235480011219,0.0161681522252631));
#4710=CARTESIAN_POINT('',(0.059,0.0891899280983368,0.0159833684070777));
#4711=CARTESIAN_POINT('',(0.058762777011881,0.0891996294636832,0.0166116701579367));
#4712=CARTESIAN_POINT('',(0.064002,0.0891996294636832,0.0166116701579366));
#4713=CARTESIAN_POINT('',(0.054,0.0891996294636832,0.0166116701579366));
#4714=CARTESIAN_POINT('',(0.054,0.0895330275200704,0.0162922965140028));
#4715=CARTESIAN_POINT('',(0.054,0.0891899280983368,0.0159833684070777));
#4716=CARTESIAN_POINT('',(0.054,0.0895330275200704,0.0162922965140028));
#4717=CARTESIAN_POINT('',(0.054,0.0898158020152755,0.015927341210844));
#4718=CARTESIAN_POINT('',(0.064002,0.0898158020152755,0.015927341210844));
#4719=CARTESIAN_POINT('',(0.058762777011881,0.0898158020152755,0.015927341210844));
#4720=CARTESIAN_POINT('',(0.059,0.0891899280983368,0.0159833684070777));
#4721=CARTESIAN_POINT('',(0.059,0.0893556346615832,0.0157993326241469));
#4722=CARTESIAN_POINT('',(0.0588858280482651,0.0896455004224903,0.0157953882113516));
#4723=CARTESIAN_POINT('',(0.058762777011881,0.0898158020152755,0.015927341210844));
#4724=CARTESIAN_POINT('',(0.064002,0.0916484678666295,0.0147553391367692));
#4725=CARTESIAN_POINT('',(0.059237222988119,0.0920552359171409,0.014536950626253));
#4726=CARTESIAN_POINT('',(0.0591138814339055,0.091953087190287,0.0143466895251248));
#4727=CARTESIAN_POINT('',(0.059,0.0916878297270864,0.0142324360689636));
#4728=CARTESIAN_POINT('',(0.059,0.0914606833295475,0.0143335681609124));
#4729=CARTESIAN_POINT('',(0.059237222988119,0.0920552359171409,0.014536950626253));
#4730=CARTESIAN_POINT('',(0.059,0.0914606833295475,0.0143335681609124));
#4731=CARTESIAN_POINT('',(0.064002,0.0920552359171409,0.014536950626253));
#4732=CARTESIAN_POINT('',(0.064,0.0920552359171409,0.014536950626253));
#4733=CARTESIAN_POINT('',(0.064,0.0916484678666295,0.0147553391367692));
#4734=CARTESIAN_POINT('',(0.064,0.0914606833295475,0.0143335681609124));
#4735=CARTESIAN_POINT('',(0.064,0.0916484678666295,0.0147553391367692));
#4736=CARTESIAN_POINT('',(0.064,0.0912139926228096,0.0149114962722127));
#4737=CARTESIAN_POINT('',(0.064002,0.0912139926228096,0.0149114962722127));
#4738=CARTESIAN_POINT('',(0.059237222988119,0.0912139926228096,0.0149114962722127));
#4739=CARTESIAN_POINT('',(0.059,0.0914606833295475,0.0143335681609124));
#4740=CARTESIAN_POINT('',(0.059,0.091234456521398,0.0144342908252863));
#4741=CARTESIAN_POINT('',(0.0591141704759546,0.0911411230752061,0.0147087516818222));
#4742=CARTESIAN_POINT('',(0.059237222988119,0.0912139926228096,0.0149114962722127));
#4743=CARTESIAN_POINT('',(0.064002,0.0916484678666295,0.0147553391367692));
#4744=CARTESIAN_POINT('',(0.058762777011881,0.0912139926228096,0.0149114962722128));
#4745=CARTESIAN_POINT('',(0.058886126424939,0.0911409472556847,0.0147082625000169));
#4746=CARTESIAN_POINT('',(0.0590000000000001,0.0912335257804202,0.0144347052178682));
#4747=CARTESIAN_POINT('',(0.059,0.0914606833295475,0.0143335681609124));
#4748=CARTESIAN_POINT('',(0.058762777011881,0.0912139926228096,0.0149114962722127));
#4749=CARTESIAN_POINT('',(0.064002,0.0912139926228096,0.0149114962722127));
#4750=CARTESIAN_POINT('',(0.054,0.0912139926228096,0.0149114962722127));
#4751=CARTESIAN_POINT('',(0.054,0.0916484678666295,0.0147553391367692));
#4752=CARTESIAN_POINT('',(0.054,0.0914606833295475,0.0143335681609124));
#4753=CARTESIAN_POINT('',(0.054,0.0916484678666295,0.0147553391367692));
#4754=CARTESIAN_POINT('',(0.054,0.0920552359171409,0.014536950626253));
#4755=CARTESIAN_POINT('',(0.064002,0.0920552359171409,0.014536950626253));
#4756=CARTESIAN_POINT('',(0.058762777011881,0.0920552359171409,0.014536950626253));
#4757=CARTESIAN_POINT('',(0.059,0.0914606833295475,0.0143335681609124));
#4758=CARTESIAN_POINT('',(0.059,0.0916869223886754,0.0142328400420515));
#4759=CARTESIAN_POINT('',(0.0588858229215138,0.0919533320365412,0.0143471455730792));
#4760=CARTESIAN_POINT('',(0.058762777011881,0.0920552359171409,0.014536950626253));
#4761=CARTESIAN_POINT('',(0.064002,0.0942061556703092,0.0142116858113937));
#4762=CARTESIAN_POINT('',(0.059237222988119,0.0946665833848217,0.0141776254509857));
#4763=CARTESIAN_POINT('',(0.0591138731267552,0.0946506509679927,0.0139622511513782));
#4764=CARTESIAN_POINT('',(0.059,0.0944548112607808,0.0137499999999999));
#4765=CARTESIAN_POINT('',(0.059,0.0942061556703092,0.0137499999999999));
#4766=CARTESIAN_POINT('',(0.059237222988119,0.0946665833848216,0.0141776254509858));
#4767=CARTESIAN_POINT('',(0.059,0.0942061556703092,0.01375));
#4768=CARTESIAN_POINT('',(0.064002,0.0946665833848217,0.0141776254509858));
#4769=CARTESIAN_POINT('',(0.064,0.0946665833848217,0.0141776254509858));
#4770=CARTESIAN_POINT('',(0.064,0.0942061556703092,0.0142116858113937));
#4771=CARTESIAN_POINT('',(0.064,0.0942061556703094,0.01375));
#4772=CARTESIAN_POINT('',(0.064,0.0942061556703092,0.0142116858113937));
#4773=CARTESIAN_POINT('',(0.064,0.0937457279557967,0.0141776254509858));
#4774=CARTESIAN_POINT('',(0.064002,0.0937457279557967,0.0141776254509858));
#4775=CARTESIAN_POINT('',(0.059237222988119,0.0937457279557967,0.0141776254509858));
#4776=CARTESIAN_POINT('',(0.059,0.0942061556703092,0.0137499999999999));
#4777=CARTESIAN_POINT('',(0.059,0.0939585071999645,0.0137499999999999));
#4778=CARTESIAN_POINT('',(0.059114170555736,0.0937616219553754,0.0139627704755));
#4779=CARTESIAN_POINT('',(0.059237222988119,0.0937457279557967,0.0141776254509858));
#4780=CARTESIAN_POINT('',(0.064002,0.0942061556703092,0.0142116858113937));
#4781=CARTESIAN_POINT('',(0.058762777011881,0.0937457279557967,0.0141776254509858));
#4782=CARTESIAN_POINT('',(0.0588861268732449,0.0937616603726257,0.0139622511513782));
#4783=CARTESIAN_POINT('',(0.059,0.0939575000798376,0.0137499999999999));
#4784=CARTESIAN_POINT('',(0.059,0.0942061556703092,0.0137499999999999));
#4785=CARTESIAN_POINT('',(0.058762777011881,0.0937457279557967,0.0141776254509858));
#4786=CARTESIAN_POINT('',(0.064002,0.0937457279557967,0.0141776254509858));
#4787=CARTESIAN_POINT('',(0.054,0.0937457279557967,0.0141776254509858));
#4788=CARTESIAN_POINT('',(0.054,0.0942061556703092,0.0142116858113937));
#4789=CARTESIAN_POINT('',(0.054,0.0942061556703094,0.01375));
#4790=CARTESIAN_POINT('',(0.054,0.0942061556703092,0.0142116858113937));
#4791=CARTESIAN_POINT('',(0.054,0.0946665833848217,0.0141776254509858));
#4792=CARTESIAN_POINT('',(0.064002,0.0946665833848217,0.0141776254509858));
#4793=CARTESIAN_POINT('',(0.058762777011881,0.0946665833848216,0.0141776254509858));
#4794=CARTESIAN_POINT('',(0.059,0.0942061556703092,0.0137499999999999));
#4795=CARTESIAN_POINT('',(0.059,0.0944538041406539,0.0137499999999999));
#4796=CARTESIAN_POINT('',(0.058885829444264,0.094650689385243,0.0139627704755001));
#4797=CARTESIAN_POINT('',(0.058762777011881,0.0946665833848217,0.0141776254509858));
#4798=CARTESIAN_POINT('',(0.064002,0.0967638434739888,0.0147553391367691));
#4799=CARTESIAN_POINT('',(0.059237222988119,0.0971983187178087,0.0149114962722127));
#4800=CARTESIAN_POINT('',(0.0591138735750611,0.0972713640849336,0.0147082625000168));
#4801=CARTESIAN_POINT('',(0.059,0.0971787855601981,0.0144347052178682));
#4802=CARTESIAN_POINT('',(0.059,0.0969516280110708,0.0143335681609123));
#4803=CARTESIAN_POINT('',(0.059237222988119,0.0971983187178087,0.0149114962722127));
#4804=CARTESIAN_POINT('',(0.059,0.0969516280110708,0.0143335681609124));
#4805=CARTESIAN_POINT('',(0.064002,0.0971983187178087,0.0149114962722127));
#4806=CARTESIAN_POINT('',(0.064,0.0971983187178087,0.0149114962722127));
#4807=CARTESIAN_POINT('',(0.064,0.0967638434739888,0.0147553391367691));
#4808=CARTESIAN_POINT('',(0.064,0.0969516280110708,0.0143335681609124));
#4809=CARTESIAN_POINT('',(0.064,0.0967638434739888,0.0147553391367691));
#4810=CARTESIAN_POINT('',(0.064,0.0963570754234775,0.014536950626253));
#4811=CARTESIAN_POINT('',(0.064002,0.0963570754234775,0.014536950626253));
#4812=CARTESIAN_POINT('',(0.059237222988119,0.0963570754234774,0.0145369506262529));
#4813=CARTESIAN_POINT('',(0.059,0.0969516280110708,0.0143335681609123));
#4814=CARTESIAN_POINT('',(0.059,0.0967253889519429,0.0142328400420514));
#4815=CARTESIAN_POINT('',(0.0591141770784862,0.0964589793040771,0.0143471455730791));
#4816=CARTESIAN_POINT('',(0.059237222988119,0.0963570754234774,0.014536950626253));
#4817=CARTESIAN_POINT('',(0.064002,0.0967638434739888,0.0147553391367691));
#4818=CARTESIAN_POINT('',(0.058762777011881,0.0963570754234774,0.014536950626253));
#4819=CARTESIAN_POINT('',(0.0588861185660946,0.0964592241503313,0.0143466895251248));
#4820=CARTESIAN_POINT('',(0.059,0.0967244816135319,0.0142324360689635));
#4821=CARTESIAN_POINT('',(0.059,0.0969516280110708,0.0143335681609123));
#4822=CARTESIAN_POINT('',(0.058762777011881,0.0963570754234774,0.0145369506262529));
#4823=CARTESIAN_POINT('',(0.064002,0.0963570754234775,0.014536950626253));
#4824=CARTESIAN_POINT('',(0.054,0.0963570754234775,0.014536950626253));
#4825=CARTESIAN_POINT('',(0.054,0.0967638434739888,0.0147553391367691));
#4826=CARTESIAN_POINT('',(0.054,0.0969516280110708,0.0143335681609123));
#4827=CARTESIAN_POINT('',(0.054,0.0967638434739888,0.0147553391367691));
#4828=CARTESIAN_POINT('',(0.054,0.0971983187178087,0.0149114962722127));
#4829=CARTESIAN_POINT('',(0.064002,0.0971983187178087,0.0149114962722127));
#4830=CARTESIAN_POINT('',(0.058762777011881,0.0971983187178087,0.0149114962722127));
#4831=CARTESIAN_POINT('',(0.059,0.0969516280110708,0.0143335681609123));
#4832=CARTESIAN_POINT('',(0.059,0.0971778548192204,0.0144342908252863));
#4833=CARTESIAN_POINT('',(0.0588858295240454,0.0972711882654122,0.0147087516818221));
#4834=CARTESIAN_POINT('',(0.058762777011881,0.0971983187178087,0.0149114962722127));
#4835=CARTESIAN_POINT('',(0.064002,0.098879283820548,0.0162922965140027));
#4836=CARTESIAN_POINT('',(0.059237222988119,0.0992126818769352,0.0166116701579365));
#4837=CARTESIAN_POINT('',(0.0591138759834237,0.0993620718456824,0.0164557201408638));
#4838=CARTESIAN_POINT('',(0.059,0.0993887633394965,0.016168152225263));
#4839=CARTESIAN_POINT('',(0.059,0.0992223832422816,0.0159833684070776));
#4840=CARTESIAN_POINT('',(0.059237222988119,0.0992126818769352,0.0166116701579366));
#4841=CARTESIAN_POINT('',(0.059,0.0992223832422816,0.0159833684070776));
#4842=CARTESIAN_POINT('',(0.064002,0.0992126818769352,0.0166116701579366));
#4843=CARTESIAN_POINT('',(0.064,0.0992126818769352,0.0166116701579366));
#4844=CARTESIAN_POINT('',(0.064,0.098879283820548,0.0162922965140027));
#4845=CARTESIAN_POINT('',(0.064,0.0992223832422818,0.0159833684070778));
#4846=CARTESIAN_POINT('',(0.064,0.098879283820548,0.0162922965140027));
#4847=CARTESIAN_POINT('',(0.064,0.0985965093253429,0.015927341210844));
#4848=CARTESIAN_POINT('',(0.064002,0.0985965093253429,0.015927341210844));
#4849=CARTESIAN_POINT('',(0.059237222988119,0.0985965093253429,0.0159273412108439));
#4850=CARTESIAN_POINT('',(0.059,0.0992223832422816,0.0159833684070776));
#4851=CARTESIAN_POINT('',(0.059,0.0990566766790352,0.0157993326241468));
#4852=CARTESIAN_POINT('',(0.0591141719517349,0.0987668109181281,0.0157953882113515));
#4853=CARTESIAN_POINT('',(0.059237222988119,0.0985965093253429,0.0159273412108439));
#4854=CARTESIAN_POINT('',(0.064002,0.098879283820548,0.0162922965140027));
#4855=CARTESIAN_POINT('',(0.058762777011881,0.0985965093253429,0.0159273412108439));
#4856=CARTESIAN_POINT('',(0.0588861249116193,0.0987672217744974,0.0157950698718139));
#4857=CARTESIAN_POINT('',(0.0590000000000001,0.0990560022148617,0.0157985835557949));
#4858=CARTESIAN_POINT('',(0.059,0.0992223832422816,0.0159833684070776));
#4859=CARTESIAN_POINT('',(0.058762777011881,0.0985965093253429,0.0159273412108439));
#4860=CARTESIAN_POINT('',(0.064002,0.0985965093253429,0.015927341210844));
#4861=CARTESIAN_POINT('',(0.054,0.0985965093253429,0.015927341210844));
#4862=CARTESIAN_POINT('',(0.054,0.098879283820548,0.0162922965140027));
#4863=CARTESIAN_POINT('',(0.054,0.0992223832422818,0.0159833684070778));
#4864=CARTESIAN_POINT('',(0.054,0.098879283820548,0.0162922965140027));
#4865=CARTESIAN_POINT('',(0.054,0.0992126818769352,0.0166116701579366));
#4866=CARTESIAN_POINT('',(0.064002,0.0992126818769352,0.0166116701579366));
#4867=CARTESIAN_POINT('',(0.058762777011881,0.0992126818769352,0.0166116701579366));
#4868=CARTESIAN_POINT('',(0.059,0.0992223832422816,0.0159833684070776));
#4869=CARTESIAN_POINT('',(0.059,0.0993880908274538,0.0161674053249719));
#4870=CARTESIAN_POINT('',(0.0588858272967338,0.0993617124776693,0.0164560952895317));
#4871=CARTESIAN_POINT('',(0.058762777011881,0.0992126818769352,0.0166116701579365));
#4872=CARTESIAN_POINT('',(0.064002,0.100186697855894,0.0185568040497514));
#4873=CARTESIAN_POINT('',(0.0590000000000001,0.100625787155301,0.018414135287969));
#4874=CARTESIAN_POINT('',(0.0590000000000001,0.10070234776452,0.018649764614556));
#4875=CARTESIAN_POINT('',(0.0591145852245726,0.100560126838158,0.0189029363437358));
#4876=CARTESIAN_POINT('',(0.0592372229881191,0.100361371172073,0.0189841715977209));
#4877=CARTESIAN_POINT('',(0.059237222988119,0.100361371172073,0.0189841715977208));
#4878=CARTESIAN_POINT('',(0.059,0.100625787155301,0.018414135287969));
#4879=CARTESIAN_POINT('',(0.064002,0.100361371172073,0.0189841715977209));
#4880=CARTESIAN_POINT('',(0.064,0.100361371172073,0.0189841715977209));
#4881=CARTESIAN_POINT('',(0.064,0.100186697855894,0.0185568040497514));
#4882=CARTESIAN_POINT('',(0.064,0.100625787155301,0.018414135287969));
#4883=CARTESIAN_POINT('',(0.064,0.100186697855894,0.0185568040497514));
#4884=CARTESIAN_POINT('',(0.064,0.100076811195142,0.018108386041381));
#4885=CARTESIAN_POINT('',(0.064002,0.100076811195142,0.018108386041381));
#4886=CARTESIAN_POINT('',(0.059237222988119,0.100076811195142,0.0181083860413809));
#4887=CARTESIAN_POINT('',(0.059237222988119,0.100076811195142,0.0181083860413809));
#4888=CARTESIAN_POINT('',(0.0591138733279616,0.100286567371636,0.0180569844353418));
#4889=CARTESIAN_POINT('',(0.0590000000000001,0.100548948448664,0.0181776500655344));
#4890=CARTESIAN_POINT('',(0.0590000000000001,0.100625787155301,0.018414135287969));
#4891=CARTESIAN_POINT('',(0.064002,0.100186697855894,0.0185568040497514));
#4892=CARTESIAN_POINT('',(0.058762777011881,0.100076811195142,0.0181083860413809));
#4893=CARTESIAN_POINT('',(0.0588861266720384,0.100286567371636,0.0180569844353418));
#4894=CARTESIAN_POINT('',(0.059,0.100548948448664,0.0181776500655344));
#4895=CARTESIAN_POINT('',(0.059,0.100625787155301,0.018414135287969));
#4896=CARTESIAN_POINT('',(0.058762777011881,0.100076811195142,0.0181083860413809));
#4897=CARTESIAN_POINT('',(0.064002,0.100076811195142,0.018108386041381));
#4898=CARTESIAN_POINT('',(0.054,0.100076811195142,0.018108386041381));
#4899=CARTESIAN_POINT('',(0.054,0.100186697855894,0.0185568040497514));
#4900=CARTESIAN_POINT('',(0.054,0.100625787155301,0.018414135287969));
#4901=CARTESIAN_POINT('',(0.054,0.100186697855894,0.0185568040497514));
#4902=CARTESIAN_POINT('',(0.054,0.100361371172073,0.0189841715977209));
#4903=CARTESIAN_POINT('',(0.064002,0.100361371172073,0.0189841715977209));
#4904=CARTESIAN_POINT('',(0.058762777011881,0.100361371172073,0.0189841715977208));
#4905=CARTESIAN_POINT('',(0.059,0.100625787155301,0.018414135287969));
#4906=CARTESIAN_POINT('',(0.059,0.10070234776452,0.018649764614556));
#4907=CARTESIAN_POINT('',(0.0588854147754275,0.100560126838158,0.0189029363437358));
#4908=CARTESIAN_POINT('',(0.058762777011881,0.100361371172073,0.0189841715977209));
#4909=CARTESIAN_POINT('',(0.064002,0.100460021815833,0.0211573078186791));
#4910=CARTESIAN_POINT('',(0.0592372229881191,0.100445767788579,0.0216187735391279));
#4911=CARTESIAN_POINT('',(0.0591138731100719,0.100661627665481,0.0216254411472125));
#4912=CARTESIAN_POINT('',(0.0590000000000001,0.100893186874582,0.0214528605819551));
#4913=CARTESIAN_POINT('',(0.0590000000000001,0.100919178464045,0.0212055671270566));
#4914=CARTESIAN_POINT('',(0.059237222988119,0.100445767788579,0.021618773539128));
#4915=CARTESIAN_POINT('',(0.059,0.100919178464045,0.0212055671270566));
#4916=CARTESIAN_POINT('',(0.064002,0.100445767788579,0.021618773539128));
#4917=CARTESIAN_POINT('',(0.064,0.100445767788579,0.021618773539128));
#4918=CARTESIAN_POINT('',(0.064,0.100460021815833,0.0211573078186791));
#4919=CARTESIAN_POINT('',(0.064,0.100919178464045,0.0212055671270566));
#4920=CARTESIAN_POINT('',(0.064,0.100460021815833,0.0211573078186791));
#4921=CARTESIAN_POINT('',(0.064,0.100542023391467,0.0207029626524939));
#4922=CARTESIAN_POINT('',(0.064002,0.100542023391467,0.0207029626524939));
#4923=CARTESIAN_POINT('',(0.059237222988119,0.100542023391467,0.0207029626524939));
#4924=CARTESIAN_POINT('',(0.0590000000000001,0.100919178464045,0.0212055671270566));
#4925=CARTESIAN_POINT('',(0.0590000000000001,0.100945065519149,0.0209592682501533));
#4926=CARTESIAN_POINT('',(0.0591141979906649,0.100753992723793,0.020741219512103));
#4927=CARTESIAN_POINT('',(0.0592372229881189,0.100542023391467,0.0207029626524939));
#4928=CARTESIAN_POINT('',(0.064002,0.100460021815833,0.0211573078186791));
#4929=CARTESIAN_POINT('',(0.0587627770118811,0.100542023391467,0.0207029626524939));
#4930=CARTESIAN_POINT('',(0.0588860921929379,0.100754492703682,0.02074130974997));
#4931=CARTESIAN_POINT('',(0.0589999999999999,0.100945164418018,0.0209583272902664));
#4932=CARTESIAN_POINT('',(0.0589999999999999,0.100919178464045,0.0212055671270566));
#4933=CARTESIAN_POINT('',(0.058762777011881,0.100542023391467,0.0207029626524939));
#4934=CARTESIAN_POINT('',(0.064002,0.100542023391467,0.0207029626524939));
#4935=CARTESIAN_POINT('',(0.054,0.100542023391467,0.0207029626524939));
#4936=CARTESIAN_POINT('',(0.054,0.100460021815833,0.0211573078186791));
#4937=CARTESIAN_POINT('',(0.054,0.100919178464045,0.0212055671270566));
#4938=CARTESIAN_POINT('',(0.054,0.100460021815833,0.0211573078186791));
#4939=CARTESIAN_POINT('',(0.054,0.100445767788579,0.021618773539128));
#4940=CARTESIAN_POINT('',(0.064002,0.100445767788579,0.021618773539128));
#4941=CARTESIAN_POINT('',(0.058762777011881,0.100445767788579,0.021618773539128));
#4942=CARTESIAN_POINT('',(0.0589999999999999,0.100919178464045,0.0212055671270566));
#4943=CARTESIAN_POINT('',(0.0589999999999999,0.100893297599383,0.0214518071058376));
#4944=CARTESIAN_POINT('',(0.0588858312704453,0.100661110337161,0.021625425167668));
#4945=CARTESIAN_POINT('',(0.058762777011881,0.100445767788579,0.0216187735391279));
#4946=CARTESIAN_POINT('',(0.064002,0.0996519955046204,0.0236441570943031));
#4947=CARTESIAN_POINT('',(0.0592372229881191,0.0994512787847395,0.0240599293718812));
#4948=CARTESIAN_POINT('',(0.0591138739324802,0.0996457633375492,0.0241538180306799));
#4949=CARTESIAN_POINT('',(0.0590000000000001,0.0999274999763041,0.024090340974422));
#4950=CARTESIAN_POINT('',(0.059,0.100051827145854,0.023875));
#4951=CARTESIAN_POINT('',(0.059237222988119,0.0994512787847394,0.0240599293718813));
#4952=CARTESIAN_POINT('',(0.059,0.100051827145854,0.023875));
#4953=CARTESIAN_POINT('',(0.064002,0.0994512787847394,0.0240599293718813));
#4954=CARTESIAN_POINT('',(0.064,0.0994512787847394,0.0240599293718813));
#4955=CARTESIAN_POINT('',(0.064,0.0996519955046204,0.0236441570943031));
#4956=CARTESIAN_POINT('',(0.064,0.100051827145854,0.023875));
#4957=CARTESIAN_POINT('',(0.064,0.0996519955046204,0.0236441570943031));
#4958=CARTESIAN_POINT('',(0.064,0.0999117064992519,0.0232624451771328));
#4959=CARTESIAN_POINT('',(0.064002,0.0999117064992519,0.0232624451771328));
#4960=CARTESIAN_POINT('',(0.059237222988119,0.0999117064992519,0.0232624451771328));
#4961=CARTESIAN_POINT('',(0.059,0.100051827145854,0.023875));
#4962=CARTESIAN_POINT('',(0.059,0.100175651362806,0.0236605301650327));
#4963=CARTESIAN_POINT('',(0.0591141750773718,0.100089822821131,0.023383632819002));
#4964=CARTESIAN_POINT('',(0.059237222988119,0.0999117064992519,0.0232624451771328));
#4965=CARTESIAN_POINT('',(0.064002,0.0996519955046204,0.0236441570943031));
#4966=CARTESIAN_POINT('',(0.058762777011881,0.0999117064992519,0.0232624451771328));
#4967=CARTESIAN_POINT('',(0.0588861210800486,0.100090251519758,0.0233839244990409));
#4968=CARTESIAN_POINT('',(0.059,0.100176150442068,0.0236596657343925));
#4969=CARTESIAN_POINT('',(0.059,0.100051827145854,0.023875));
#4970=CARTESIAN_POINT('',(0.058762777011881,0.0999117064992519,0.0232624451771328));
#4971=CARTESIAN_POINT('',(0.064002,0.0999117064992519,0.0232624451771328));
#4972=CARTESIAN_POINT('',(0.054,0.0999117064992519,0.0232624451771328));
#4973=CARTESIAN_POINT('',(0.054,0.0996519955046204,0.0236441570943031));
#4974=CARTESIAN_POINT('',(0.054,0.100051827145854,0.023875));
#4975=CARTESIAN_POINT('',(0.054,0.0996519955046204,0.0236441570943031));
#4976=CARTESIAN_POINT('',(0.054,0.0994512787847394,0.0240599293718813));
#4977=CARTESIAN_POINT('',(0.064002,0.0994512787847394,0.0240599293718813));
#4978=CARTESIAN_POINT('',(0.058762777011881,0.0994512787847394,0.0240599293718813));
#4979=CARTESIAN_POINT('',(0.059,0.100051827145854,0.023875));
#4980=CARTESIAN_POINT('',(0.059,0.0999280071841309,0.0240894624646959));
#4981=CARTESIAN_POINT('',(0.0588858291114896,0.0996452951267433,0.0241535919989259));
#4982=CARTESIAN_POINT('',(0.058762777011881,0.0994512787847394,0.0240599293718812));
#4983=CARTESIAN_POINT('',(0.064002,0.0979023340121535,0.0255873530445515));
#4984=CARTESIAN_POINT('',(0.0592372229881191,0.0975498603439672,0.0258855410752932));
#4985=CARTESIAN_POINT('',(0.0591138772055734,0.0976893391646675,0.0260504122521953));
#4986=CARTESIAN_POINT('',(0.0590000000000001,0.097972544650052,0.0261070170773296));
#4987=CARTESIAN_POINT('',(0.0590000000000001,0.0981737061232834,0.0259608647120309));
#4988=CARTESIAN_POINT('',(0.059237222988119,0.0975498603439672,0.0258855410752932));
#4989=CARTESIAN_POINT('',(0.059,0.0981737061232834,0.0259608647120308));
#4990=CARTESIAN_POINT('',(0.064002,0.0975498603439672,0.0258855410752932));
#4991=CARTESIAN_POINT('',(0.064,0.0975498603439672,0.0258855410752932));
#4992=CARTESIAN_POINT('',(0.064,0.0979023340121535,0.0255873530445515));
#4993=CARTESIAN_POINT('',(0.064,0.0981737061232834,0.0259608647120308));
#4994=CARTESIAN_POINT('',(0.064,0.0979023340121535,0.0255873530445515));
#4995=CARTESIAN_POINT('',(0.064,0.0982948480354108,0.0253442758346189));
#4996=CARTESIAN_POINT('',(0.064002,0.0982948480354108,0.0253442758346189));
#4997=CARTESIAN_POINT('',(0.059237222988119,0.0982948480354108,0.0253442758346189));
#4998=CARTESIAN_POINT('',(0.0590000000000001,0.0981737061232834,0.0259608647120309));
#4999=CARTESIAN_POINT('',(0.0590000000000001,0.0983740531958286,0.0258153040434654));
#5000=CARTESIAN_POINT('',(0.0591141713652123,0.0984082773594378,0.0255274382147595));
#5001=CARTESIAN_POINT('',(0.059237222988119,0.0982948480354109,0.0253442758346189));
#5002=CARTESIAN_POINT('',(0.064002,0.0979023340121535,0.0255873530445515));
#5003=CARTESIAN_POINT('',(0.058762777011881,0.0982948480354108,0.0253442758346189));
#5004=CARTESIAN_POINT('',(0.0588861255755949,0.0984085510802896,0.0255278802112461));
#5005=CARTESIAN_POINT('',(0.059,0.0983748710912332,0.0258147098076705));
#5006=CARTESIAN_POINT('',(0.059,0.0981737061232834,0.0259608647120309));
#5007=CARTESIAN_POINT('',(0.058762777011881,0.0982948480354108,0.0253442758346189));
#5008=CARTESIAN_POINT('',(0.064002,0.0982948480354108,0.0253442758346189));
#5009=CARTESIAN_POINT('',(0.054,0.0982948480354108,0.0253442758346189));
#5010=CARTESIAN_POINT('',(0.054,0.0979023340121535,0.0255873530445515));
#5011=CARTESIAN_POINT('',(0.054,0.0981737061232834,0.0259608647120308));
#5012=CARTESIAN_POINT('',(0.054,0.0979023340121535,0.0255873530445515));
#5013=CARTESIAN_POINT('',(0.054,0.0975498603439672,0.0258855410752932));
#5014=CARTESIAN_POINT('',(0.064002,0.0975498603439672,0.0258855410752932));
#5015=CARTESIAN_POINT('',(0.058762777011881,0.0975498603439672,0.0258855410752932));
#5016=CARTESIAN_POINT('',(0.059,0.0981737061232834,0.0259608647120309));
#5017=CARTESIAN_POINT('',(0.059,0.0979733552114391,0.0261064281700103));
#5018=CARTESIAN_POINT('',(0.058885826299364,0.0976890038894693,0.0260500159395779));
#5019=CARTESIAN_POINT('',(0.058762777011881,0.0975498603439672,0.0258855410752932));
#5020=CARTESIAN_POINT('',(0.064002,0.0968627560545588,0.0264668221565926));
#5021=CARTESIAN_POINT('',(0.059237222988119,0.0959710175170397,0.026588487191435));
#5022=CARTESIAN_POINT('',(0.0593406758739575,0.0959465321753765,0.0264090229534672));
#5023=CARTESIAN_POINT('',(0.0595401953259324,0.0959999959779885,0.0260363739788593));
#5024=CARTESIAN_POINT('',(0.059698153345165,0.0964624159843577,0.0255752674943507));
#5025=CARTESIAN_POINT('',(0.0595417771239871,0.0971178890245883,0.0255359769617403));
#5026=CARTESIAN_POINT('',(0.0593408272722259,0.0974327051152397,0.0257470575381973));
#5027=CARTESIAN_POINT('',(0.0592372229881191,0.0975498603439672,0.0258855410752932));
#5028=CARTESIAN_POINT('',(0.064,0.0968627560545588,0.0264668221565926));
#5029=CARTESIAN_POINT('',(0.064002,0.0968627560545588,0.0264668221565926));
#5030=CARTESIAN_POINT('',(0.058762777011881,0.0975498603439672,0.0258855410752932));
#5031=CARTESIAN_POINT('',(0.0586593259180587,0.0974328783420804,0.0257472623012786));
#5032=CARTESIAN_POINT('',(0.0584598052038902,0.0971201716315782,0.0255376404376237));
#5033=CARTESIAN_POINT('',(0.0583018465142568,0.0964680830863504,0.0255727441000426));
#5034=CARTESIAN_POINT('',(0.058458222923898,0.0960002865777026,0.0260335658144576));
#5035=CARTESIAN_POINT('',(0.0586591710147481,0.0959464959368286,0.0264087573446197));
#5036=CARTESIAN_POINT('',(0.058762777011881,0.0959710175170396,0.026588487191435));
#5037=CARTESIAN_POINT('',(0.054,0.0968627560545588,0.0264668221565926));
#5038=CARTESIAN_POINT('',(0.064002,0.0942061556703092,0.0270315));
#5039=CARTESIAN_POINT('',(0.059237222988119,0.0950702849885162,0.0267799438006823));
#5040=CARTESIAN_POINT('',(0.0593406756519712,0.0950196588881005,0.0266060363487715));
#5041=CARTESIAN_POINT('',(0.0595401949341361,0.0948192476640752,0.0262873504874565));
#5042=CARTESIAN_POINT('',(0.0596981532550913,0.0942092581785863,0.0260541914300899));
#5043=CARTESIAN_POINT('',(0.0595417778609767,0.093594473153922,0.0262849014754414));
#5044=CARTESIAN_POINT('',(0.0593408288129271,0.0933927274041107,0.0266057788799873));
#5045=CARTESIAN_POINT('',(0.059237222988119,0.0933420263521022,0.0267799438006823));
#5046=CARTESIAN_POINT('',(0.064,0.0942061556703092,0.0270315));
#5047=CARTESIAN_POINT('',(0.064002,0.0942061556703092,0.0270315));
#5048=CARTESIAN_POINT('',(0.058762777011881,0.0933420263521022,0.0267799438006823));
#5049=CARTESIAN_POINT('',(0.0586593243480289,0.0933926524525179,0.0266060363487715));
#5050=CARTESIAN_POINT('',(0.058459805065864,0.0935930636765432,0.0262873504874564));
#5051=CARTESIAN_POINT('',(0.0583018467449087,0.0942030531620321,0.0260541914300899));
#5052=CARTESIAN_POINT('',(0.0584582221390234,0.0948178381866964,0.0262849014754413));
#5053=CARTESIAN_POINT('',(0.0586591711870729,0.0950195839365077,0.0266057788799873));
#5054=CARTESIAN_POINT('',(0.058762777011881,0.0950702849885162,0.0267799438006823));
#5055=CARTESIAN_POINT('',(0.054,0.0942061556703092,0.0270315));
#5056=CARTESIAN_POINT('',(0.064002,0.0915495552860596,0.0264668221565926));
#5057=CARTESIAN_POINT('',(0.0592372229881191,0.0924412938235788,0.026588487191435));
#5058=CARTESIAN_POINT('',(0.0593406758739575,0.0924657791652419,0.0264090229534672));
#5059=CARTESIAN_POINT('',(0.0595401953259324,0.09241231536263,0.0260363739788594));
#5060=CARTESIAN_POINT('',(0.059698153345165,0.0919498953562606,0.0255752674943507));
#5061=CARTESIAN_POINT('',(0.0595417771239871,0.0912944223160301,0.0255359769617403));
#5062=CARTESIAN_POINT('',(0.0593408272722259,0.0909796062253787,0.0257470575381973));
#5063=CARTESIAN_POINT('',(0.059237222988119,0.0908624509966512,0.0258855410752933));
#5064=CARTESIAN_POINT('',(0.064,0.0915495552860596,0.0264668221565926));
#5065=CARTESIAN_POINT('',(0.064002,0.0915495552860596,0.0264668221565926));
#5066=CARTESIAN_POINT('',(0.058762777011881,0.0908624509966512,0.0258855410752932));
#5067=CARTESIAN_POINT('',(0.0586593259180587,0.090979432998538,0.0257472623012786));
#5068=CARTESIAN_POINT('',(0.0584598052038901,0.0912921397090402,0.0255376404376237));
#5069=CARTESIAN_POINT('',(0.0583018465142569,0.091944228254268,0.0255727441000426));
#5070=CARTESIAN_POINT('',(0.058458222923898,0.0924120247629159,0.0260335658144576));
#5071=CARTESIAN_POINT('',(0.0586591710147481,0.0924658154037898,0.0264087573446197));
#5072=CARTESIAN_POINT('',(0.058762777011881,0.0924412938235788,0.026588487191435));
#5073=CARTESIAN_POINT('',(0.054,0.0915495552860596,0.0264668221565926));
#5074=CARTESIAN_POINT('',(0.064002,0.0893523052427036,0.0248704265554329));
#5075=CARTESIAN_POINT('',(0.059237222988119,0.0901174633052076,0.025344275834619));
#5076=CARTESIAN_POINT('',(0.0593406752531946,0.090212825887345,0.0251902871048926));
#5077=CARTESIAN_POINT('',(0.0595401949561727,0.090315554914354,0.0248281096116031));
#5078=CARTESIAN_POINT('',(0.0596981533325266,0.0900806629686935,0.0242187848560205));
#5079=CARTESIAN_POINT('',(0.0595417775314369,0.0894978397696134,0.0239162857800565));
#5080=CARTESIAN_POINT('',(0.0593408286237655,0.0891243876428954,0.0239810686613192));
#5081=CARTESIAN_POINT('',(0.0592372229881191,0.088961032555879,0.0240599293718812));
#5082=CARTESIAN_POINT('',(0.064,0.0893523052427036,0.0248704265554329));
#5083=CARTESIAN_POINT('',(0.064002,0.0893523052427036,0.0248704265554329));
#5084=CARTESIAN_POINT('',(0.058762777011881,0.088961032555879,0.0240599293718812));
#5085=CARTESIAN_POINT('',(0.0586593245280525,0.0891241461683038,0.0239811852347191));
#5086=CARTESIAN_POINT('',(0.0584598049791259,0.0894950775727525,0.0239168770757785));
#5087=CARTESIAN_POINT('',(0.0583018466846369,0.0900765114143233,0.0242141741274417));
#5088=CARTESIAN_POINT('',(0.058458222462731,0.0903164316976007,0.0248254241890865));
#5089=CARTESIAN_POINT('',(0.0586591715853155,0.0902129670720272,0.0251900591239656));
#5090=CARTESIAN_POINT('',(0.058762777011881,0.0901174633052076,0.0253442758346189));
#5091=CARTESIAN_POINT('',(0.054,0.0893523052427036,0.0248704265554329));
#5092=CARTESIAN_POINT('',(0.064002,0.0879943300341274,0.02251834449876));
#5093=CARTESIAN_POINT('',(0.059237222988119,0.0885006048413665,0.0232624451771329));
#5094=CARTESIAN_POINT('',(0.0593406733729048,0.0886503530323197,0.0231605587809599));
#5095=CARTESIAN_POINT('',(0.0595401947383396,0.0888915144492346,0.0228714763426146));
#5096=CARTESIAN_POINT('',(0.0596981535913045,0.0889247649506627,0.0222192901738406));
#5097=CARTESIAN_POINT('',(0.0595417767116737,0.0885153648308058,0.021705886921852));
#5098=CARTESIAN_POINT('',(0.0593408290457575,0.0881478521289283,0.0216131731721194));
#5099=CARTESIAN_POINT('',(0.059237222988119,0.0879665435520393,0.021618773539128));
#5100=CARTESIAN_POINT('',(0.064,0.0879943300341274,0.02251834449876));
#5101=CARTESIAN_POINT('',(0.064002,0.0879943300341274,0.02251834449876));
#5102=CARTESIAN_POINT('',(0.058762777011881,0.0879665435520393,0.021618773539128));
#5103=CARTESIAN_POINT('',(0.0586593240433462,0.0881475842259874,0.0216131814472646));
#5104=CARTESIAN_POINT('',(0.058459804498002,0.0885126034801033,0.0217053049148657));
#5105=CARTESIAN_POINT('',(0.0583018466113551,0.0889228478782895,0.0222133910458264));
#5106=CARTESIAN_POINT('',(0.0584582232191577,0.0888934071078351,0.0228693806267147));
#5107=CARTESIAN_POINT('',(0.0586591734243871,0.0886505747988065,0.0231604078944084));
#5108=CARTESIAN_POINT('',(0.058762777011881,0.0885006048413665,0.0232624451771329));
#5109=CARTESIAN_POINT('',(0.054,0.0879943300341274,0.02251834449876));
#5110=CARTESIAN_POINT('',(0.064002,0.0877104359107113,0.0198172723421673));
#5111=CARTESIAN_POINT('',(0.059237222988119,0.0878702879491515,0.020702962652494));
#5112=CARTESIAN_POINT('',(0.0593406761182691,0.0880485353897432,0.0206707920208487));
#5113=CARTESIAN_POINT('',(0.0595401961557785,0.0883864253574874,0.0205047893702415));
#5114=CARTESIAN_POINT('',(0.0596981535757165,0.0886820673360246,0.0199225094116493));
#5115=CARTESIAN_POINT('',(0.0595417754046501,0.0885168798697292,0.0192869749242885));
#5116=CARTESIAN_POINT('',(0.0593408239526995,0.088218843415691,0.0190527968761622));
#5117=CARTESIAN_POINT('',(0.059237222988119,0.0880509401685451,0.0189841715977209));
#5118=CARTESIAN_POINT('',(0.064,0.0877104359107113,0.0198172723421673));
#5119=CARTESIAN_POINT('',(0.064002,0.0877104359107113,0.0198172723421673));
#5120=CARTESIAN_POINT('',(0.058762777011881,0.0880509401685451,0.0189841715977209));
#5121=CARTESIAN_POINT('',(0.0586593292904371,0.0882185950587347,0.0190526953679093));
#5122=CARTESIAN_POINT('',(0.0584598054407731,0.0885145945240393,0.0192853203456954));
#5123=CARTESIAN_POINT('',(0.0583018460002767,0.0886827160654905,0.01991634343563));
#5124=CARTESIAN_POINT('',(0.0584582247412124,0.08838900177396,0.0205036488423985));
#5125=CARTESIAN_POINT('',(0.0586591708740275,0.0880487990186107,0.0206707444403215));
#5126=CARTESIAN_POINT('',(0.058762777011881,0.0878702879491516,0.020702962652494));
#5127=CARTESIAN_POINT('',(0.054,0.0877104359107113,0.0198172723421673));
#5128=CARTESIAN_POINT('',(0.064002,0.0885497107454911,0.01723425));
#5129=CARTESIAN_POINT('',(0.059237222988119,0.0883355001454762,0.018108386041381));
#5130=CARTESIAN_POINT('',(0.0593406757716774,0.0885114216705068,0.0181514963281652));
#5131=CARTESIAN_POINT('',(0.0595401951972868,0.0888876176386269,0.0181372779305916));
#5132=CARTESIAN_POINT('',(0.0596981533207632,0.0893945341594039,0.0177255902372419));
#5133=CARTESIAN_POINT('',(0.0595417773453816,0.0895021253103128,0.0170778151559583));
#5134=CARTESIAN_POINT('',(0.0593408277707769,0.0893251089212634,0.0167426596997113));
#5135=CARTESIAN_POINT('',(0.059237222988119,0.0891996294636831,0.0166116701579366));
#5136=CARTESIAN_POINT('',(0.064,0.0885497107454911,0.01723425));
#5137=CARTESIAN_POINT('',(0.064002,0.0885497107454911,0.01723425));
#5138=CARTESIAN_POINT('',(0.058762777011881,0.0891996294636832,0.0166116701579367));
#5139=CARTESIAN_POINT('',(0.0586593254091986,0.089324923399517,0.0167424660312891));
#5140=CARTESIAN_POINT('',(0.0584598051519206,0.0895007094284385,0.0170753708467564));
#5141=CARTESIAN_POINT('',(0.0583018465865925,0.0893976362666307,0.0177202175164127));
#5142=CARTESIAN_POINT('',(0.0584582226861352,0.0888904415714931,0.0181372822476374));
#5143=CARTESIAN_POINT('',(0.0586591711004832,0.0885116820644962,0.0181515601387737));
#5144=CARTESIAN_POINT('',(0.058762777011881,0.0883355001454762,0.018108386041381));
#5145=CARTESIAN_POINT('',(0.054,0.0885497107454911,0.01723425));
#5146=CARTESIAN_POINT('',(0.064002,0.0903670362949609,0.01521590550124));
#5147=CARTESIAN_POINT('',(0.059237222988119,0.0898158020152755,0.015927341210844));
#5148=CARTESIAN_POINT('',(0.0593406749678532,0.0899589786795542,0.0160382772860733));
#5149=CARTESIAN_POINT('',(0.0595401948999748,0.0903084341893377,0.016178301791157));
#5150=CARTESIAN_POINT('',(0.0596981533641994,0.0909389740243255,0.0160083884400262));
#5151=CARTESIAN_POINT('',(0.0595417774596311,0.0913007376705891,0.0154603775077754));
#5152=CARTESIAN_POINT('',(0.0593408287817174,0.0912753461634715,0.0150821999321034));
#5153=CARTESIAN_POINT('',(0.059237222988119,0.0912139926228097,0.0149114962722127));
#5154=CARTESIAN_POINT('',(0.064,0.0903670362949609,0.01521590550124));
#5155=CARTESIAN_POINT('',(0.064002,0.0903670362949609,0.01521590550124));
#5156=CARTESIAN_POINT('',(0.058762777011881,0.0912139926228097,0.0149114962722127));
#5157=CARTESIAN_POINT('',(0.0586593243591878,0.0912752554761033,0.0150819476130768));
#5158=CARTESIAN_POINT('',(0.0584598049009935,0.0913004382833825,0.0154575689649932));
#5159=CARTESIAN_POINT('',(0.0583018466885997,0.0909439933128908,0.0160047416125119));
#5160=CARTESIAN_POINT('',(0.0584582225224211,0.090311013260239,0.0161794544611048));
#5161=CARTESIAN_POINT('',(0.0586591718615012,0.0899591906664313,0.016038441537645));
#5162=CARTESIAN_POINT('',(0.058762777011881,0.0898158020152755,0.015927341210844));
#5163=CARTESIAN_POINT('',(0.054,0.0903670362949609,0.01521590550124));
#5164=CARTESIAN_POINT('',(0.064002,0.092848180461733,0.0141112289458071));
#5165=CARTESIAN_POINT('',(0.059237222988119,0.0920552359171409,0.014536950626253));
#5166=CARTESIAN_POINT('',(0.0593406723368824,0.092140910362687,0.0146965269112464));
#5167=CARTESIAN_POINT('',(0.0595401946654771,0.0924032011046382,0.0149665862575352));
#5168=CARTESIAN_POINT('',(0.0596981537492361,0.0930483396607171,0.0150678267537643));
#5169=CARTESIAN_POINT('',(0.0595417761533386,0.0936017251170744,0.0147143333533039));
#5170=CARTESIAN_POINT('',(0.0593408290885828,0.0937323457309578,0.0143585262730519));
#5171=CARTESIAN_POINT('',(0.059237222988119,0.0937457279557967,0.0141776254509858));
#5172=CARTESIAN_POINT('',(0.064,0.092848180461733,0.0141112289458071));
#5173=CARTESIAN_POINT('',(0.064002,0.092848180461733,0.0141112289458071));
#5174=CARTESIAN_POINT('',(0.058762777011881,0.0937457279557967,0.0141776254509858));
#5175=CARTESIAN_POINT('',(0.05865932396873,0.0937323655005212,0.0143582590282316));
#5176=CARTESIAN_POINT('',(0.0584598042431414,0.0936025916143737,0.0147116494588415));
#5177=CARTESIAN_POINT('',(0.058301846540477,0.0930544057808613,0.0150665369021346));
#5178=CARTESIAN_POINT('',(0.0584582237474802,0.0924050867437792,0.0149686870477091));
#5179=CARTESIAN_POINT('',(0.0586591744439918,0.092141037255353,0.0146967632601379));
#5180=CARTESIAN_POINT('',(0.058762777011881,0.0920552359171409,0.014536950626253));
#5181=CARTESIAN_POINT('',(0.054,0.092848180461733,0.0141112289458071));
#5182=CARTESIAN_POINT('',(0.064002,0.0955641308788854,0.0141112289458071));
#5183=CARTESIAN_POINT('',(0.059237222988119,0.0946665833848217,0.0141776254509857));
#5184=CARTESIAN_POINT('',(0.0593406760312701,0.0946799458400972,0.0143582590282316));
#5185=CARTESIAN_POINT('',(0.0595401957568587,0.0948097197262447,0.0147116494588415));
#5186=CARTESIAN_POINT('',(0.059698153459523,0.095357905559757,0.0150665369021346));
#5187=CARTESIAN_POINT('',(0.0595417762525198,0.0960072245968392,0.0149686870477091));
#5188=CARTESIAN_POINT('',(0.0593408255560083,0.0962712740852654,0.0146967632601378));
#5189=CARTESIAN_POINT('',(0.059237222988119,0.0963570754234775,0.014536950626253));
#5190=CARTESIAN_POINT('',(0.064,0.0955641308788854,0.0141112289458071));
#5191=CARTESIAN_POINT('',(0.064002,0.0955641308788854,0.0141112289458071));
#5192=CARTESIAN_POINT('',(0.058762777011881,0.0963570754234775,0.014536950626253));
#5193=CARTESIAN_POINT('',(0.0586593276631177,0.0962714009779314,0.0146965269112464));
#5194=CARTESIAN_POINT('',(0.0584598053345229,0.0960091102359802,0.0149665862575352));
#5195=CARTESIAN_POINT('',(0.0583018462507639,0.0953639716799012,0.0150678267537643));
#5196=CARTESIAN_POINT('',(0.0584582238466615,0.094810586223544,0.0147143333533038));
#5197=CARTESIAN_POINT('',(0.0586591709114173,0.0946799656096605,0.0143585262730519));
#5198=CARTESIAN_POINT('',(0.058762777011881,0.0946665833848217,0.0141776254509858));
#5199=CARTESIAN_POINT('',(0.054,0.0955641308788854,0.0141112289458071));
#5200=CARTESIAN_POINT('',(0.064002,0.0980452750456575,0.01521590550124));
#5201=CARTESIAN_POINT('',(0.059237222988119,0.0971983187178087,0.0149114962722127));
#5202=CARTESIAN_POINT('',(0.0593406756408123,0.0971370558645151,0.0150819476130768));
#5203=CARTESIAN_POINT('',(0.0595401950990066,0.0971118730572359,0.0154575689649932));
#5204=CARTESIAN_POINT('',(0.0596981533114003,0.0974683180277275,0.016004741612512));
#5205=CARTESIAN_POINT('',(0.0595417774775789,0.0981012980803794,0.0161794544611048));
#5206=CARTESIAN_POINT('',(0.0593408281384988,0.0984531206741871,0.016038441537645));
#5207=CARTESIAN_POINT('',(0.059237222988119,0.0985965093253429,0.015927341210844));
#5208=CARTESIAN_POINT('',(0.064,0.0980452750456575,0.01521590550124));
#5209=CARTESIAN_POINT('',(0.064002,0.0980452750456575,0.01521590550124));
#5210=CARTESIAN_POINT('',(0.058762777011881,0.0985965093253429,0.015927341210844));
#5211=CARTESIAN_POINT('',(0.0586593250321468,0.0984533326610642,0.0160382772860733));
#5212=CARTESIAN_POINT('',(0.0584598051000253,0.0981038771512808,0.016178301791157));
#5213=CARTESIAN_POINT('',(0.0583018466358006,0.0974733373162929,0.0160083884400262));
#5214=CARTESIAN_POINT('',(0.0584582225403689,0.0971115736700293,0.0154603775077755));
#5215=CARTESIAN_POINT('',(0.0586591712182826,0.0971369651771469,0.0150821999321034));
#5216=CARTESIAN_POINT('',(0.058762777011881,0.0971983187178087,0.0149114962722127));
#5217=CARTESIAN_POINT('',(0.054,0.0980452750456575,0.01521590550124));
#5218=CARTESIAN_POINT('',(0.064002,0.0998626005951273,0.01723425));
#5219=CARTESIAN_POINT('',(0.059237222988119,0.0992126818769353,0.0166116701579366));
#5220=CARTESIAN_POINT('',(0.0593406745908014,0.0990873879411015,0.0167424660312891));
#5221=CARTESIAN_POINT('',(0.0595401948480794,0.0989116019121799,0.0170753708467564));
#5222=CARTESIAN_POINT('',(0.0596981534134075,0.0990146750739877,0.0177202175164127));
#5223=CARTESIAN_POINT('',(0.0595417773138648,0.0995218697691254,0.0181372822476374));
#5224=CARTESIAN_POINT('',(0.0593408288995168,0.0999006292761222,0.0181515601387737));
#5225=CARTESIAN_POINT('',(0.059237222988119,0.100076811195142,0.018108386041381));
#5226=CARTESIAN_POINT('',(0.064,0.0998626005951273,0.01723425));
#5227=CARTESIAN_POINT('',(0.064002,0.0998626005951273,0.01723425));
#5228=CARTESIAN_POINT('',(0.058762777011881,0.100076811195142,0.018108386041381));
#5229=CARTESIAN_POINT('',(0.0586593242283226,0.0999008896701116,0.0181514963281652));
#5230=CARTESIAN_POINT('',(0.0584598048027133,0.0995246937019916,0.0181372779305917));
#5231=CARTESIAN_POINT('',(0.0583018466792368,0.0990177771812145,0.0177255902372419));
#5232=CARTESIAN_POINT('',(0.0584582226546184,0.0989101860303056,0.0170778151559583));
#5233=CARTESIAN_POINT('',(0.0586591722292232,0.0990872024193549,0.0167426596997113));
#5234=CARTESIAN_POINT('',(0.058762777011881,0.0992126818769352,0.0166116701579366));
#5235=CARTESIAN_POINT('',(0.054,0.0998626005951273,0.01723425));
#5236=CARTESIAN_POINT('',(0.064002,0.100701875429907,0.0198172723421672));
#5237=CARTESIAN_POINT('',(0.0592372229881191,0.100361371172073,0.0189841715977209));
#5238=CARTESIAN_POINT('',(0.059340670709563,0.100193716281884,0.0190526953679092));
#5239=CARTESIAN_POINT('',(0.059540194559227,0.0998977168165789,0.0192853203456954));
#5240=CARTESIAN_POINT('',(0.0596981539997234,0.0997295952751279,0.0199163434356301));
#5241=CARTESIAN_POINT('',(0.0595417752587876,0.100023309566658,0.0205036488423986));
#5242=CARTESIAN_POINT('',(0.0593408291259725,0.100363512322008,0.0206707444403215));
#5243=CARTESIAN_POINT('',(0.0592372229881189,0.100542023391467,0.0207029626524939));
#5244=CARTESIAN_POINT('',(0.064,0.100701875429907,0.0198172723421672));
#5245=CARTESIAN_POINT('',(0.064002,0.100701875429907,0.0198172723421672));
#5246=CARTESIAN_POINT('',(0.0587627770118811,0.100542023391467,0.0207029626524939));
#5247=CARTESIAN_POINT('',(0.058659323881731,0.100363775950875,0.0206707920208487));
#5248=CARTESIAN_POINT('',(0.0584598038442215,0.100025885983131,0.0205047893702416));
#5249=CARTESIAN_POINT('',(0.0583018464242834,0.0997302440045937,0.0199225094116494));
#5250=CARTESIAN_POINT('',(0.0584582245953499,0.0998954314708891,0.0192869749242885));
#5251=CARTESIAN_POINT('',(0.0586591760473005,0.100193467924927,0.0190527968761622));
#5252=CARTESIAN_POINT('',(0.058762777011881,0.100361371172073,0.0189841715977209));
#5253=CARTESIAN_POINT('',(0.054,0.100701875429907,0.0198172723421672));
#5254=CARTESIAN_POINT('',(0.064002,0.100417981306491,0.0225183444987599));
#5255=CARTESIAN_POINT('',(0.0592372229881191,0.100445767788579,0.0216187735391279));
#5256=CARTESIAN_POINT('',(0.0593406759566538,0.100264727114631,0.0216131814472646));
#5257=CARTESIAN_POINT('',(0.059540195501998,0.099899707860515,0.0217053049148657));
#5258=CARTESIAN_POINT('',(0.059698153388645,0.0994894634623289,0.0222133910458264));
#5259=CARTESIAN_POINT('',(0.0595417767808423,0.0995189042327833,0.0228693806267147));
#5260=CARTESIAN_POINT('',(0.0593408265756129,0.0997617365418119,0.0231604078944084));
#5261=CARTESIAN_POINT('',(0.059237222988119,0.0999117064992519,0.0232624451771328));
#5262=CARTESIAN_POINT('',(0.064,0.100417981306491,0.0225183444987599));
#5263=CARTESIAN_POINT('',(0.064002,0.100417981306491,0.0225183444987599));
#5264=CARTESIAN_POINT('',(0.058762777011881,0.0999117064992519,0.0232624451771328));
#5265=CARTESIAN_POINT('',(0.0586593266270953,0.0997619583082986,0.0231605587809599));
#5266=CARTESIAN_POINT('',(0.0584598052616604,0.0995207968913839,0.0228714763426145));
#5267=CARTESIAN_POINT('',(0.0583018464086955,0.0994875463899557,0.0222192901738406));
#5268=CARTESIAN_POINT('',(0.0584582232883264,0.0998969465098125,0.021705886921852));
#5269=CARTESIAN_POINT('',(0.0586591709542425,0.10026445921169,0.0216131731721194));
#5270=CARTESIAN_POINT('',(0.058762777011881,0.100445767788579,0.0216187735391279));
#5271=CARTESIAN_POINT('',(0.054,0.100417981306491,0.0225183444987599));
#5272=CARTESIAN_POINT('',(0.064002,0.0990600060979148,0.0248704265554329));
#5273=CARTESIAN_POINT('',(0.0592372229881191,0.0994512787847394,0.0240599293718812));
#5274=CARTESIAN_POINT('',(0.0593406754719475,0.0992881651723146,0.0239811852347191));
#5275=CARTESIAN_POINT('',(0.0595401950208741,0.0989172337678658,0.0239168770757785));
#5276=CARTESIAN_POINT('',(0.0596981533153632,0.0983357999262951,0.0242141741274417));
#5277=CARTESIAN_POINT('',(0.059541777537269,0.0980958796430177,0.0248254241890865));
#5278=CARTESIAN_POINT('',(0.0593408284146846,0.0981993442685912,0.0251900591239656));
#5279=CARTESIAN_POINT('',(0.0592372229881191,0.0982948480354108,0.0253442758346189));
#5280=CARTESIAN_POINT('',(0.064,0.0990600060979148,0.0248704265554329));
#5281=CARTESIAN_POINT('',(0.064002,0.0990600060979148,0.0248704265554329));
#5282=CARTESIAN_POINT('',(0.058762777011881,0.0982948480354108,0.0253442758346189));
#5283=CARTESIAN_POINT('',(0.0586593247468054,0.0981994854532734,0.0251902871048925));
#5284=CARTESIAN_POINT('',(0.0584598050438273,0.0980967564262644,0.024828109611603));
#5285=CARTESIAN_POINT('',(0.0583018466674735,0.098331648371925,0.0242187848560204));
#5286=CARTESIAN_POINT('',(0.0584582224685632,0.0989144715710049,0.0239162857800566));
#5287=CARTESIAN_POINT('',(0.0586591713762345,0.099287923697723,0.0239810686613192));
#5288=CARTESIAN_POINT('',(0.058762777011881,0.0994512787847394,0.0240599293718812));
#5289=CARTESIAN_POINT('',(0.054,0.0990600060979148,0.0248704265554329));
#5290=CARTESIAN_POINT('',(0.0502,0.0942061556703092,0.0205));
#5291=CARTESIAN_POINT('',(0.0475999999999998,0.0947449767876635,0.0171108670687367));
#5292=CARTESIAN_POINT('',(0.0477011503000325,0.0947840351149926,0.0170311356076691));
#5293=CARTESIAN_POINT('',(0.0479053211448579,0.0948241425151304,0.0168642191694142));
#5294=CARTESIAN_POINT('',(0.048207294852201,0.0947752713509424,0.0165994461039477));
#5295=CARTESIAN_POINT('',(0.0484782729604304,0.0945962599259251,0.0163458028223241));
#5296=CARTESIAN_POINT('',(0.0486290524230552,0.0942080566186624,0.0161976149796633));
#5297=CARTESIAN_POINT('',(0.0484788703928839,0.0938161359947714,0.0163452228654998));
#5298=CARTESIAN_POINT('',(0.0482089119863451,0.093638111149664,0.0165979444766257));
#5299=CARTESIAN_POINT('',(0.047908061548733,0.0935877934395013,0.0168619361836414));
#5300=CARTESIAN_POINT('',(0.0477011153606021,0.0936282897171894,0.0170311631485843));
#5301=CARTESIAN_POINT('',(0.0475999999999995,0.0936673345529551,0.0171108670687369));
#5302=CARTESIAN_POINT('',(0.0504,0.0942061556703092,0.0205));
#5303=CARTESIAN_POINT('',(0.0504,0.0942061556703092,0.0262811768302025));
#5304=CARTESIAN_POINT('',(0.054,0.0942061556703092,0.0205));
#5305=CARTESIAN_POINT('',(0.0527009618943233,0.0942061556703092,0.0205));
#5306=CARTESIAN_POINT('',(0.0527009618943233,0.0942061556703092,0.0295));
#5307=CARTESIAN_POINT('',(0.054,0.0942061556703092,0.0205));
#5308=CARTESIAN_POINT('',(0.054,0.0942061556703092,0.0205));
#5309=CARTESIAN_POINT('',(0.054,0.0942061556703092,0.0205));
#5310=CARTESIAN_POINT('',(0.054,0.0942061556703092,0.0205));
#5311=CARTESIAN_POINT('',(0.054,0.0942061556703092,0.0205));
#5312=CARTESIAN_POINT('',(0.054,0.0942061556703092,0.0205));
#5313=CARTESIAN_POINT('',(0.054,0.0942061556703092,0.0205));
#5314=CARTESIAN_POINT('',(0.054,0.0942061556703092,0.0205));
#5315=CARTESIAN_POINT('',(0.054,0.0942061556703092,0.0205));
#5316=CARTESIAN_POINT('',(0.054,0.0942061556703092,0.0205));
#5317=CARTESIAN_POINT('',(0.054,0.0942061556703092,0.0205));
#5318=CARTESIAN_POINT('',(0.054,0.0942061556703092,0.0205));
#5319=CARTESIAN_POINT('',(0.054,0.0942061556703092,0.0205));
#5320=CARTESIAN_POINT('',(0.054,0.0942061556703092,0.0205));
#5321=CARTESIAN_POINT('',(0.054,0.0942061556703092,0.0205));
#5322=CARTESIAN_POINT('',(0.05435,0.0942061556703092,0.0205));
#5323=CARTESIAN_POINT('',(0.0519009618943233,0.0942061556703092,0.0205));
#5324=CARTESIAN_POINT('',(0.0519009618943233,0.0942061556703092,0.0295));
#5325=CARTESIAN_POINT('',(0.05435,0.0942061556703092,0.0205));
#5326=CARTESIAN_POINT('',(0.0675384035822638,0.0942061556703092,0.0205));
#5327=CARTESIAN_POINT('',(0.0754164203018984,0.0942061556703092,0.0205));
#5328=CARTESIAN_POINT('',(0.0652990381056767,0.0942061556703092,0.0205));
#5329=CARTESIAN_POINT('',(0.0652990381056767,0.0942061556703092,0.0295));
#5330=CARTESIAN_POINT('',(0.064,0.0942061556703092,0.0205));
#5331=CARTESIAN_POINT('',(0.064,0.0942061556703092,0.0205));
#5332=CARTESIAN_POINT('',(0.064,0.0942061556703092,0.0205));
#5333=CARTESIAN_POINT('',(0.064,0.0942061556703092,0.0205));
#5334=CARTESIAN_POINT('',(0.064,0.0942061556703092,0.0205));
#5335=CARTESIAN_POINT('',(0.064,0.0942061556703092,0.0205));
#5336=CARTESIAN_POINT('',(0.064,0.0942061556703092,0.0205));
#5337=CARTESIAN_POINT('',(0.064,0.0942061556703092,0.0205));
#5338=CARTESIAN_POINT('',(0.064,0.0942061556703092,0.0205));
#5339=CARTESIAN_POINT('',(0.064,0.0942061556703092,0.0205));
#5340=CARTESIAN_POINT('',(0.064,0.0942061556703092,0.0205));
#5341=CARTESIAN_POINT('',(0.064,0.0942061556703092,0.0205));
#5342=CARTESIAN_POINT('',(0.064,0.0942061556703092,0.0205));
#5343=CARTESIAN_POINT('',(0.064,0.0942061556703092,0.0205));
#5344=CARTESIAN_POINT('',(0.064,0.0942061556703092,0.0205));
#5345=CARTESIAN_POINT('',(0.064,0.0942061556703092,0.0205));
#5346=CARTESIAN_POINT('',(0.0476990866653981,0.0942061556703092,0.0205));
#5347=CARTESIAN_POINT('',(0.054,0.0942061556703092,0.020732300758558));
#5348=CARTESIAN_POINT('',(0.054,0.0942061556703092,0.020732300758558));
#5349=CARTESIAN_POINT('',(0.054,0.0942061556703092,0.020732300758558));
#5350=CARTESIAN_POINT('',(0.054,0.0942061556703092,0.020732300758558));
#5351=CARTESIAN_POINT('',(0.054,0.0942061556703092,0.020732300758558));
#5352=CARTESIAN_POINT('',(0.054,0.0942061556703092,0.020732300758558));
#5353=CARTESIAN_POINT('',(0.054,0.0942061556703092,0.020732300758558));
#5354=CARTESIAN_POINT('',(0.054,0.0942061556703092,0.020732300758558));
#5355=CARTESIAN_POINT('',(0.054,0.0942061556703092,0.020732300758558));
#5356=CARTESIAN_POINT('',(0.054,0.0942061556703092,0.020732300758558));
#5357=CARTESIAN_POINT('',(0.054,0.0942061556703092,0.020732300758558));
#5358=CARTESIAN_POINT('',(0.054,0.0942061556703092,0.020732300758558));
#5359=CARTESIAN_POINT('',(0.054,0.0942061556703092,0.020732300758558));
#5360=CARTESIAN_POINT('',(0.054,0.0942061556703092,0.020732300758558));
#5361=CARTESIAN_POINT('',(0.054,0.0942061556703092,0.020732300758558));
#5362=CARTESIAN_POINT('',(0.064,0.100956155670309,0.0205));
#5363=CARTESIAN_POINT('',(0.064,0.100956155670309,0.0205));
#5364=CARTESIAN_POINT('',(0.064,0.100956155670309,0.0205));
#5365=CARTESIAN_POINT('',(0.064,0.100956155670309,0.0205));
#5366=CARTESIAN_POINT('',(0.064,0.100956155670309,0.0205));
#5367=CARTESIAN_POINT('',(0.064,0.100956155670309,0.0205));
#5368=CARTESIAN_POINT('',(0.064,0.100956155670309,0.0205));
#5369=CARTESIAN_POINT('',(0.064,0.100956155670309,0.0205));
#5370=CARTESIAN_POINT('',(0.064,0.100956155670309,0.0205));
#5371=CARTESIAN_POINT('',(0.064,0.100956155670309,0.0205));
#5372=CARTESIAN_POINT('',(0.064,0.100956155670309,0.0205));
#5373=CARTESIAN_POINT('',(0.064,0.100956155670309,0.0205));
#5374=CARTESIAN_POINT('',(0.064,0.100956155670309,0.0205));
#5375=CARTESIAN_POINT('',(0.064,0.100956155670309,0.0205));
#5376=CARTESIAN_POINT('',(0.064,0.100956155670309,0.0205));
#5377=CARTESIAN_POINT('',(0.059,0.0942061556703092,0.0205));
#5378=CARTESIAN_POINT('',(0.059,0.0942061556703092,0.0205));
#5379=CARTESIAN_POINT('',(0.0601547005383793,0.0942061556703092,0.0205));
#5380=CARTESIAN_POINT('',(0.059,0.0942061556703092,0.0205));
#5381=CARTESIAN_POINT('',(0.059,0.0942061556703092,0.0205));
#5382=CARTESIAN_POINT('',(0.0601547005383793,0.0942061556703092,0.0205));
#5383=CARTESIAN_POINT('',(0.059,0.0942061556703092,0.0205));
#5384=CARTESIAN_POINT('',(0.059,0.0942061556703092,0.0205));
#5385=CARTESIAN_POINT('',(0.0601547005383793,0.0942061556703092,0.0205));
#5386=CARTESIAN_POINT('',(0.059,0.0942061556703092,0.0205));
#5387=CARTESIAN_POINT('',(0.059,0.0942061556703092,0.0205));
#5388=CARTESIAN_POINT('',(0.0601547005383793,0.0942061556703092,0.0205));
#5389=CARTESIAN_POINT('',(0.059,0.0942061556703092,0.0205));
#5390=CARTESIAN_POINT('',(0.059,0.0942061556703092,0.0205));
#5391=CARTESIAN_POINT('',(0.0601547005383793,0.0942061556703092,0.0205));
#5392=CARTESIAN_POINT('',(0.059,0.0942061556703092,0.0205));
#5393=CARTESIAN_POINT('',(0.059,0.0942061556703092,0.0205));
#5394=CARTESIAN_POINT('',(0.0601547005383793,0.0942061556703092,0.0205));
#5395=CARTESIAN_POINT('',(0.059,0.0942061556703092,0.0205));
#5396=CARTESIAN_POINT('',(0.059,0.0942061556703092,0.0205));
#5397=CARTESIAN_POINT('',(0.0601547005383793,0.0942061556703092,0.0205));
#5398=CARTESIAN_POINT('',(0.059,0.0942061556703092,0.0205));
#5399=CARTESIAN_POINT('',(0.059,0.0942061556703092,0.0205));
#5400=CARTESIAN_POINT('',(0.0601547005383793,0.0942061556703092,0.0205));
#5401=CARTESIAN_POINT('',(0.059,0.0942061556703092,0.0205));
#5402=CARTESIAN_POINT('',(0.059,0.0942061556703092,0.0205));
#5403=CARTESIAN_POINT('',(0.0601547005383793,0.0942061556703092,0.0205));
#5404=CARTESIAN_POINT('',(0.059,0.0942061556703092,0.0205));
#5405=CARTESIAN_POINT('',(0.059,0.0942061556703092,0.0205));
#5406=CARTESIAN_POINT('',(0.0601547005383793,0.0942061556703092,0.0205));
#5407=CARTESIAN_POINT('',(0.059,0.0942061556703092,0.0205));
#5408=CARTESIAN_POINT('',(0.059,0.0942061556703092,0.0205));
#5409=CARTESIAN_POINT('',(0.0601547005383793,0.0942061556703092,0.0205));
#5410=CARTESIAN_POINT('',(0.059,0.0942061556703092,0.0205));
#5411=CARTESIAN_POINT('',(0.059,0.0942061556703092,0.0205));
#5412=CARTESIAN_POINT('',(0.0601547005383793,0.0942061556703092,0.0205));
#5413=CARTESIAN_POINT('',(0.059,0.0942061556703092,0.0205));
#5414=CARTESIAN_POINT('',(0.059,0.0942061556703092,0.0205));
#5415=CARTESIAN_POINT('',(0.0601547005383793,0.0942061556703092,0.0205));
#5416=CARTESIAN_POINT('',(0.059,0.0942061556703092,0.0205));
#5417=CARTESIAN_POINT('',(0.059,0.0942061556703092,0.0205));
#5418=CARTESIAN_POINT('',(0.0601547005383793,0.0942061556703092,0.0205));
#5419=CARTESIAN_POINT('',(0.0601547005383793,0.0942061556703092,0.0205));
#5420=CARTESIAN_POINT('',(0.059,0.0942061556703092,0.0205));
#5421=CARTESIAN_POINT('',(0.059,0.0942061556703092,0.0205));
#5422=CARTESIAN_POINT('',(-0.146805301884845,0.0919291715025553,0.0214700351023535));
#5423=CARTESIAN_POINT('',(0.0502,0.0919291715025553,0.0214700351023535));
#5424=CARTESIAN_POINT('',(0.0502,0.0923233476939738,0.0215380434115429));
#5425=CARTESIAN_POINT('',(0.0489,0.0923233476939738,0.0215380434115429));
#5426=CARTESIAN_POINT('',(-0.146805301884845,0.0922046895226093,0.0217600175511767));
#5427=CARTESIAN_POINT('',(-0.146805301884845,0.0924802075426633,0.02205));
#5428=CARTESIAN_POINT('',(-0.146805301884845,0.0928266177041771,0.02225));
#5429=CARTESIAN_POINT('',(-0.146805301884845,0.0931730278656908,0.02245));
#5430=CARTESIAN_POINT('',(0.0502,0.0931730278656908,0.02245));
#5431=CARTESIAN_POINT('',(0.0502,0.0928723181793546,0.0221862317597898));
#5432=CARTESIAN_POINT('',(0.0489,0.0928723181793546,0.0221862317597898));
#5433=CARTESIAN_POINT('',(-0.146805301884845,0.0952392834749276,0.02245));
#5434=CARTESIAN_POINT('',(0.0502,0.0952392834749276,0.02245));
#5435=CARTESIAN_POINT('',(0.0502,0.0955399931612638,0.0221862317597898));
#5436=CARTESIAN_POINT('',(0.0489,0.0955399931612638,0.0221862317597898));
#5437=CARTESIAN_POINT('',(-0.146805301884845,0.0955856936364413,0.02225));
#5438=CARTESIAN_POINT('',(-0.146805301884845,0.0959321037979551,0.02205));
#5439=CARTESIAN_POINT('',(-0.146805301884845,0.0962076218180091,0.0217600175511767));
#5440=CARTESIAN_POINT('',(-0.146805301884845,0.0964831398380631,0.0214700351023535));
#5441=CARTESIAN_POINT('',(0.0489,0.0960889636466446,0.021538043411543));
#5442=CARTESIAN_POINT('',(0.0502,0.0960889636466446,0.021538043411543));
#5443=CARTESIAN_POINT('',(0.0502,0.0964831398380631,0.0214700351023535));
#5444=CARTESIAN_POINT('',(-0.146805301884845,0.0933061556703092,0.0179809475987983));
#5445=CARTESIAN_POINT('',(0.0502,0.0933061556703092,0.0179809475987983));
#5446=CARTESIAN_POINT('',(0.0502,0.093732879479785,0.0184027375825893));
#5447=CARTESIAN_POINT('',(-0.146805301884845,0.0939061556703092,0.0179809475987983));
#5448=CARTESIAN_POINT('',(0.0489,0.093732879479785,0.0184027375825893));
#5449=CARTESIAN_POINT('',(-0.146805301884845,0.0939061556703092,0.0177309475987983));
#5450=CARTESIAN_POINT('',(-0.146805301884845,0.0939061556703092,0.0174809475987983));
#5451=CARTESIAN_POINT('',(-0.146805301884845,0.0936861556703091,0.0174809475987983));
#5452=CARTESIAN_POINT('',(-0.146805301884845,0.0938256678654311,0.0173108407282367));
#5453=CARTESIAN_POINT('',(-0.146805301884845,0.0942061556703092,0.0168469128994324));
#5454=CARTESIAN_POINT('',(-0.146805301884845,0.0945866434751872,0.0173108407282367));
#5455=CARTESIAN_POINT('',(-0.146805301884845,0.0947261556703092,0.0174809475987983));
#5456=CARTESIAN_POINT('',(-0.146805301884845,0.0945061556703092,0.0174809475987983));
#5457=CARTESIAN_POINT('',(-0.146805301884845,0.0945061556703092,0.0177309475987983));
#5458=CARTESIAN_POINT('',(-0.146805301884845,0.0945061556703092,0.0179809475987983));
#5459=CARTESIAN_POINT('',(-0.146805301884845,0.0951061556703092,0.0179809475987983));
#5460=CARTESIAN_POINT('',(0.0502,0.0951061556703092,0.0179809475987983));
#5461=CARTESIAN_POINT('',(0.0502,0.0946794318608334,0.0184027375825893));
#5462=CARTESIAN_POINT('',(0.0489,0.0946794318608334,0.0184027375825893));
#5463=CARTESIAN_POINT('',(0.050202,0.0942061556703092,0.0205));
#5464=CARTESIAN_POINT('',(0.0502,0.0942061556703092,0.0205));
#5465=CARTESIAN_POINT('',(0.0502,0.0961561556703092,0.0205));
#5466=CARTESIAN_POINT('',(0.050202,0.0942061556703092,0.0205));
#5467=CARTESIAN_POINT('',(0.0502,0.0942061556703092,0.0205));
#5468=CARTESIAN_POINT('',(0.0502,0.0961561556703092,0.0205));
#5469=CARTESIAN_POINT('',(0.0502,0.0961561556703092,0.0205));
#5470=CARTESIAN_POINT('',(0.0502,0.0942061556703092,0.0205));
#5471=CARTESIAN_POINT('',(0.050202,0.0942061556703092,0.0205));
#5472=CARTESIAN_POINT('',(0.0692307137882957,0.100181155670309,0.0205));
#5473=CARTESIAN_POINT('',(0.0718623894709146,0.0976391239445767,0.0205));
#5474=CARTESIAN_POINT('',(0.0675384035822638,0.0942061556703092,0.0205));
#5475=CARTESIAN_POINT('',(0.0718623894709146,0.0942061556703092,0.0205));
#5476=CARTESIAN_POINT('',(0.0718623894709146,0.0942061556703092,0.017424554732289));
#5477=CARTESIAN_POINT('',(0.0718623894709146,0.0942061556703092,0.0205));
#5478=CARTESIAN_POINT('',(0.0718623894709146,0.0942061556703092,0.0205));
#5479=CARTESIAN_POINT('',(0.0718623894709146,0.0942061556703092,0.0205));
#5480=CARTESIAN_POINT('',(0.0718623894709146,0.0942061556703092,0.0205));
#5481=CARTESIAN_POINT('',(0.0718623894709146,0.0942061556703092,0.004425));
#5482=CARTESIAN_POINT('',(0.0718603894709146,0.0942061556703092,0.0205));
#5483=CARTESIAN_POINT('',(0.0718603894709146,0.0942061556703092,0.0205));
#5484=CARTESIAN_POINT('',(0.0718603894709146,0.0942061556703092,0.0205));
#5485=CARTESIAN_POINT('',(0.0718603894709146,0.0942061556703092,0.0205));
#5486=MECHANICAL_DESIGN_GEOMETRIC_PRESENTATION_REPRESENTATION('',(#2825),
#5487);
#5487=(
GEOMETRIC_REPRESENTATION_CONTEXT(3)
GLOBAL_UNCERTAINTY_ASSIGNED_CONTEXT((#5488))
GLOBAL_UNIT_ASSIGNED_CONTEXT((#5491,#5490,#5489))
REPRESENTATION_CONTEXT('drive-pulley','TOP_LEVEL_ASSEMBLY_PART')
);
#5488=UNCERTAINTY_MEASURE_WITH_UNIT(LENGTH_MEASURE(2.E-5),#5491,
'DISTANCE_ACCURACY_VALUE','Maximum Tolerance applied to model');
#5489=(
NAMED_UNIT(*)
SI_UNIT($,.STERADIAN.)
SOLID_ANGLE_UNIT()
);
#5490=(
NAMED_UNIT(*)
PLANE_ANGLE_UNIT()
SI_UNIT($,.RADIAN.)
);
#5491=(
LENGTH_UNIT()
NAMED_UNIT(*)
SI_UNIT($,.METRE.)
);
#5492=PRODUCT_DEFINITION_SHAPE('','',#5493);
#5493=PRODUCT_DEFINITION('','',#5495,#5494);
#5494=PRODUCT_DEFINITION_CONTEXT('',#5501,'design');
#5495=PRODUCT_DEFINITION_FORMATION_WITH_SPECIFIED_SOURCE('','',#5497,
 .NOT_KNOWN.);
#5496=PRODUCT_RELATED_PRODUCT_CATEGORY('','',(#5497));
#5497=PRODUCT('drive-pulley','drive-pulley','drive-pulley',(#5499));
#5498=PRODUCT_CATEGORY('','');
#5499=PRODUCT_CONTEXT('',#5501,'mechanical');
#5500=APPLICATION_PROTOCOL_DEFINITION('international standard',
'ap242_managed_model_based_3d_engineering',2020,#5501);
#5501=APPLICATION_CONTEXT('managed model based 3d engineering');
ENDSEC;
END-ISO-10303-21;
