ISO-10303-21;
HEADER;
/* Generated by software containing ST-Developer
 * from STEP Tools, Inc. (www.steptools.com) 
 */
/* OPTION: using custom renumber hook */

FILE_DESCRIPTION(
/* description */ ('STEP AP242 Edition 2',
'CAx-IF Rec.Pracs.---Representation and Presentation of Product Manufa
cturing Information (PMI)---4.0---2014-10-13',
'CAx-IF Rec.Pracs.---3D Tessellated Geometry---0.4---2014-09-14','2;1',
'CAx-IF Rec.Pracs.---User Defined Attributes---1.5---2016-08-15'),
/* implementation_level */ '2;1');

FILE_NAME(
/* name */ '697b1834fb3a1f3449338795',
/* time_stamp */ '2026-01-29T08:20:04Z',
/* author */ (''),
/* organization */ (''),
/* preprocessor_version */ 'ST-DEVELOPER v20',
/* originating_system */ 'ONSHAPE BY PTC INC, 1.209',
/* authorisation */ '  ');

FILE_SCHEMA (('AP242_MANAGED_MODEL_BASED_3D_ENGINEERING_MIM_LF { 1 0 10303 442 3 1 4 }'));
ENDSEC;

DATA;
#10=SHAPE_REPRESENTATION_RELATIONSHIP('','',#2799,#11);
#11=ADVANCED_BREP_SHAPE_REPRESENTATION('',(#2797),#5413);
#12=TOROIDAL_SURFACE('',#3054,0.009,0.00420187522892532);
#13=(
BOUNDED_SURFACE()
B_SPLINE_SURFACE(3,2,((#4266,#4267,#4268),(#4269,#4270,#4271),(#4272,#4273,
#4274),(#4275,#4276,#4277),(#4278,#4279,#4280),(#4281,#4282,#4283),(#4284,
#4285,#4286),(#4287,#4288,#4289),(#4290,#4291,#4292),(#4293,#4294,#4295),
(#4296,#4297,#4298),(#4299,#4300,#4301),(#4302,#4303,#4304),(#4305,#4306,
#4307),(#4308,#4309,#4310),(#4311,#4312,#4313),(#4314,#4315,#4316),(#4317,
#4318,#4319),(#4320,#4321,#4322),(#4323,#4324,#4325),(#4326,#4327,#4328),
(#4329,#4330,#4331),(#4332,#4333,#4334),(#4335,#4336,#4337),(#4338,#4339,
#4340),(#4341,#4342,#4343)),.UNSPECIFIED.,.T.,.F.,.F.)
B_SPLINE_SURFACE_WITH_KNOTS((1,3,1,1,1,1,1,1,1,1,1,1,1,1,1,1,1,1,1,1,1,
1,1,1,3,1),(3,3),(-0.00056679657755164,0.,0.00056679657755164,0.00113359315510328,
0.00170038973265492,0.00226718631020656,0.0028339828877582,0.00340077946530984,
0.00396757604286148,0.00453437262041312,0.0056679657755164,0.00680155893061968,
0.00793515208572296,0.00906874524082624,0.0102023383959295,0.0113359315510328,
0.0124695247061361,0.0136031178612394,0.0147367110163426,0.0153035075938943,
0.0158703041714459,0.0164371007489976,0.0170038973265492,0.0175706939041008,
0.0181374904816525,0.0187042870592041),(0.,1.),.UNSPECIFIED.)
GEOMETRIC_REPRESENTATION_ITEM()
RATIONAL_B_SPLINE_SURFACE(((1.,0.447384359017623,1.),(1.,0.450811388570364,
1.),(1.,0.45527344738664,1.),(1.,0.449532001447056,1.),(1.,0.435837256733613,
1.),(1.,0.426378389252086,1.),(1.,0.433961097609759,1.),(1.,0.462360876987372,
1.),(1.,0.504758466418283,1.),(1.,0.571598465709671,1.),(1.,0.659421557343972,
1.),(1.,0.756360159600314,1.),(1.,0.83784000121528,1.),(1.,0.892785723010582,
1.),(1.,0.893957907089292,1.),(1.,0.840440614727947,1.),(1.,0.75989377201555,
1.),(1.,0.663372001757586,1.),(1.,0.575432875973308,1.),(1.,0.508814944976487,
1.),(1.,0.465138972636898,1.),(1.,0.435622743616339,1.),(1.,0.426204618586058,
1.),(1.,0.434711270070197,1.),(1.,0.443957329464882,1.),(1.,0.447384359017623,
1.)))
REPRESENTATION_ITEM('')
SURFACE()
);
#14=CONICAL_SURFACE('',#2837,0.009,0.768073065458023);
#15=CONICAL_SURFACE('',#2841,0.009,0.768073065458023);
#16=CONICAL_SURFACE('',#3013,0.00561335690396703,0.698131700797497);
#17=CONICAL_SURFACE('',#3015,0.00675,1.0471975511966);
#18=CONICAL_SURFACE('',#3038,0.00675,1.0471975511966);
#19=CONICAL_SURFACE('',#3085,0.00675,1.0471975511966);
#20=CONICAL_SURFACE('',#3087,0.00475,1.0471975511966);
#21=CONICAL_SURFACE('',#3088,0.00675,1.0471975511966);
#22=CONICAL_SURFACE('',#3090,0.00475,1.0471975511966);
#23=CONICAL_SURFACE('',#3091,0.00675,1.0471975511966);
#24=CONICAL_SURFACE('',#3093,0.00475,1.0471975511966);
#25=CONICAL_SURFACE('',#3094,0.00675,1.0471975511966);
#26=CONICAL_SURFACE('',#3096,0.00475,1.0471975511966);
#27=CONICAL_SURFACE('',#3097,0.00675,1.0471975511966);
#28=CONICAL_SURFACE('',#3099,0.00475,1.0471975511966);
#29=CONICAL_SURFACE('',#3100,0.00675,1.0471975511966);
#30=CONICAL_SURFACE('',#3102,0.00475,1.0471975511966);
#31=CONICAL_SURFACE('',#3103,0.00675,1.0471975511966);
#32=CONICAL_SURFACE('',#3105,0.00475,1.0471975511966);
#33=CONICAL_SURFACE('',#3106,0.00675,1.0471975511966);
#34=CONICAL_SURFACE('',#3108,0.00475,1.0471975511966);
#35=CONICAL_SURFACE('',#3109,0.00675,1.0471975511966);
#36=CONICAL_SURFACE('',#3111,0.00475,1.0471975511966);
#37=CONICAL_SURFACE('',#3112,0.00675,1.0471975511966);
#38=CONICAL_SURFACE('',#3114,0.00475,1.0471975511966);
#39=CONICAL_SURFACE('',#3115,0.00675,1.0471975511966);
#40=CONICAL_SURFACE('',#3117,0.00475,1.0471975511966);
#41=CONICAL_SURFACE('',#3118,0.00675,1.0471975511966);
#42=CONICAL_SURFACE('',#3120,0.00475,1.0471975511966);
#43=CONICAL_SURFACE('',#3121,0.00675,1.0471975511966);
#44=CONICAL_SURFACE('',#3123,0.00475,1.0471975511966);
#45=CONICAL_SURFACE('',#3124,0.00675,1.0471975511966);
#46=CONICAL_SURFACE('',#3126,0.00475,1.0471975511966);
#47=CONICAL_SURFACE('',#3127,0.00475,1.0471975511966);
#48=CONICAL_SURFACE('',#3129,0.00675,1.0471975511966);
#49=CONICAL_SURFACE('',#3149,0.009,0.768073065458023);
#50=ELLIPSE('',#2836,0.0129542892892844,0.009);
#51=ELLIPSE('',#3036,0.0129542892892844,0.009);
#52=CYLINDRICAL_SURFACE('',#2827,0.002225);
#53=CYLINDRICAL_SURFACE('',#2829,0.002225);
#54=CYLINDRICAL_SURFACE('',#2831,0.002225);
#55=CYLINDRICAL_SURFACE('',#2832,0.002225);
#56=CYLINDRICAL_SURFACE('',#2834,0.00135);
#57=CYLINDRICAL_SURFACE('',#2863,0.000461685811393746);
#58=CYLINDRICAL_SURFACE('',#2866,0.000461685811393746);
#59=CYLINDRICAL_SURFACE('',#2869,0.000461685811393746);
#60=CYLINDRICAL_SURFACE('',#2872,0.000461685811393746);
#61=CYLINDRICAL_SURFACE('',#2875,0.000461685811393746);
#62=CYLINDRICAL_SURFACE('',#2878,0.000461685811393746);
#63=CYLINDRICAL_SURFACE('',#2881,0.000461685811393746);
#64=CYLINDRICAL_SURFACE('',#2884,0.000461685811393746);
#65=CYLINDRICAL_SURFACE('',#2887,0.000461685811393746);
#66=CYLINDRICAL_SURFACE('',#2890,0.000461685811393746);
#67=CYLINDRICAL_SURFACE('',#2893,0.000461685811393746);
#68=CYLINDRICAL_SURFACE('',#2896,0.000461685811393746);
#69=CYLINDRICAL_SURFACE('',#2899,0.000461685811393746);
#70=CYLINDRICAL_SURFACE('',#2902,0.000461685811393746);
#71=CYLINDRICAL_SURFACE('',#2905,0.000461685811393746);
#72=CYLINDRICAL_SURFACE('',#2908,0.000461685811393746);
#73=CYLINDRICAL_SURFACE('',#2911,0.000461685811393746);
#74=CYLINDRICAL_SURFACE('',#2914,0.000461685811393746);
#75=CYLINDRICAL_SURFACE('',#2917,0.000461685811393746);
#76=CYLINDRICAL_SURFACE('',#2920,0.000461685811393746);
#77=CYLINDRICAL_SURFACE('',#2923,0.000461685811393746);
#78=CYLINDRICAL_SURFACE('',#2926,0.000461685811393746);
#79=CYLINDRICAL_SURFACE('',#2929,0.000461685811393746);
#80=CYLINDRICAL_SURFACE('',#2932,0.000461685811393746);
#81=CYLINDRICAL_SURFACE('',#2935,0.000461685811393746);
#82=CYLINDRICAL_SURFACE('',#2938,0.000461685811393746);
#83=CYLINDRICAL_SURFACE('',#2941,0.000461685811393746);
#84=CYLINDRICAL_SURFACE('',#2944,0.000461685811393746);
#85=CYLINDRICAL_SURFACE('',#2947,0.000461685811393746);
#86=CYLINDRICAL_SURFACE('',#2950,0.000461685811393746);
#87=CYLINDRICAL_SURFACE('',#2953,0.0009);
#88=CYLINDRICAL_SURFACE('',#2955,0.0009);
#89=CYLINDRICAL_SURFACE('',#2957,0.000900000000000026);
#90=CYLINDRICAL_SURFACE('',#2959,0.000900000000000026);
#91=CYLINDRICAL_SURFACE('',#2961,0.000900000000000026);
#92=CYLINDRICAL_SURFACE('',#2963,0.000900000000000026);
#93=CYLINDRICAL_SURFACE('',#2965,0.000900000000000026);
#94=CYLINDRICAL_SURFACE('',#2967,0.000900000000000026);
#95=CYLINDRICAL_SURFACE('',#2969,0.000900000000000026);
#96=CYLINDRICAL_SURFACE('',#2971,0.000900000000000026);
#97=CYLINDRICAL_SURFACE('',#2973,0.000900000000000026);
#98=CYLINDRICAL_SURFACE('',#2975,0.000900000000000026);
#99=CYLINDRICAL_SURFACE('',#2977,0.000900000000000026);
#100=CYLINDRICAL_SURFACE('',#2979,0.000900000000000026);
#101=CYLINDRICAL_SURFACE('',#2981,0.000900000000000026);
#102=CYLINDRICAL_SURFACE('',#2983,0.000900000000000026);
#103=CYLINDRICAL_SURFACE('',#2985,0.000900000000000026);
#104=CYLINDRICAL_SURFACE('',#2987,0.000900000000000026);
#105=CYLINDRICAL_SURFACE('',#2989,0.000900000000000026);
#106=CYLINDRICAL_SURFACE('',#2991,0.000900000000000026);
#107=CYLINDRICAL_SURFACE('',#2993,0.000900000000000026);
#108=CYLINDRICAL_SURFACE('',#2995,0.000900000000000026);
#109=CYLINDRICAL_SURFACE('',#2997,0.000900000000000026);
#110=CYLINDRICAL_SURFACE('',#2999,0.000900000000000026);
#111=CYLINDRICAL_SURFACE('',#3001,0.000900000000000026);
#112=CYLINDRICAL_SURFACE('',#3003,0.000900000000000026);
#113=CYLINDRICAL_SURFACE('',#3005,0.000900000000000026);
#114=CYLINDRICAL_SURFACE('',#3007,0.000900000000000026);
#115=CYLINDRICAL_SURFACE('',#3009,0.000900000000000026);
#116=CYLINDRICAL_SURFACE('',#3011,0.000900000000000026);
#117=CYLINDRICAL_SURFACE('',#3032,0.009);
#118=CYLINDRICAL_SURFACE('',#3034,0.009);
#119=CYLINDRICAL_SURFACE('',#3130,0.000400000000000027);
#120=CYLINDRICAL_SURFACE('',#3131,0.0004);
#121=CYLINDRICAL_SURFACE('',#3132,0.00040000000000001);
#122=CYLINDRICAL_SURFACE('',#3134,0.000400000000000039);
#123=CYLINDRICAL_SURFACE('',#3136,0.000400000000000005);
#124=CYLINDRICAL_SURFACE('',#3137,0.000399999999999991);
#125=CYLINDRICAL_SURFACE('',#3138,0.000599999999999993);
#126=CYLINDRICAL_SURFACE('',#3140,0.000220000000000063);
#127=CYLINDRICAL_SURFACE('',#3141,0.0006);
#128=CYLINDRICAL_SURFACE('',#3142,0.000220000000000011);
#129=CYLINDRICAL_SURFACE('',#3144,0.000599999999999993);
#130=CYLINDRICAL_SURFACE('',#3145,0.00215);
#131=CYLINDRICAL_SURFACE('',#3158,0.008225);
#132=CYLINDRICAL_SURFACE('',#3159,0.008225);
#133=CYLINDRICAL_SURFACE('',#3160,0.008225);
#134=CYLINDRICAL_SURFACE('',#3161,0.016225);
#135=CIRCLE('',#2808,0.008225);
#136=CIRCLE('',#2809,0.00295);
#137=CIRCLE('',#2810,0.000599999999999993);
#138=CIRCLE('',#2811,0.002225);
#139=CIRCLE('',#2812,0.000400000000000027);
#140=CIRCLE('',#2813,0.0004);
#141=CIRCLE('',#2814,0.00040000000000001);
#142=CIRCLE('',#2815,0.002225);
#143=CIRCLE('',#2816,0.000400000000000039);
#144=CIRCLE('',#2817,0.000400000000000005);
#145=CIRCLE('',#2818,0.000399999999999991);
#146=CIRCLE('',#2819,0.002225);
#147=CIRCLE('',#2820,0.000599999999999993);
#148=CIRCLE('',#2821,0.00295);
#149=CIRCLE('',#2822,0.008225);
#150=CIRCLE('',#2823,0.00434033572053506);
#151=CIRCLE('',#2824,0.008225);
#152=CIRCLE('',#2825,0.00434033572053506);
#153=CIRCLE('',#2826,0.016225);
#154=CIRCLE('',#2828,0.002225);
#155=CIRCLE('',#2830,0.002225);
#156=CIRCLE('',#2833,0.002225);
#157=CIRCLE('',#2838,0.00343296827426753);
#158=CIRCLE('',#2839,0.009);
#159=CIRCLE('',#2840,0.00343296827426753);
#160=CIRCLE('',#2842,0.009);
#161=CIRCLE('',#2843,0.00482330399480257);
#162=CIRCLE('',#2845,0.00040000000000001);
#163=CIRCLE('',#2846,0.000400000000000039);
#164=CIRCLE('',#2848,0.00215);
#165=CIRCLE('',#2849,0.00040000000000001);
#166=CIRCLE('',#2850,0.0004);
#167=CIRCLE('',#2851,0.000400000000000027);
#168=CIRCLE('',#2852,0.000599999999999993);
#169=CIRCLE('',#2853,0.000220000000000063);
#170=CIRCLE('',#2854,0.0006);
#171=CIRCLE('',#2855,0.00343169786290611);
#172=CIRCLE('',#2856,0.0006);
#173=CIRCLE('',#2857,0.000220000000000011);
#174=CIRCLE('',#2858,0.000599999999999993);
#175=CIRCLE('',#2859,0.000399999999999991);
#176=CIRCLE('',#2860,0.000400000000000005);
#177=CIRCLE('',#2861,0.000400000000000039);
#178=CIRCLE('',#2864,0.000461685811393746);
#179=CIRCLE('',#2865,0.000461685811393746);
#180=CIRCLE('',#2867,0.000461685811393746);
#181=CIRCLE('',#2868,0.000461685811393746);
#182=CIRCLE('',#2870,0.000461685811393746);
#183=CIRCLE('',#2871,0.000461685811393746);
#184=CIRCLE('',#2873,0.000461685811393746);
#185=CIRCLE('',#2874,0.000461685811393746);
#186=CIRCLE('',#2876,0.000461685811393746);
#187=CIRCLE('',#2877,0.000461685811393746);
#188=CIRCLE('',#2879,0.000461685811393746);
#189=CIRCLE('',#2880,0.000461685811393746);
#190=CIRCLE('',#2882,0.000461685811393746);
#191=CIRCLE('',#2883,0.000461685811393746);
#192=CIRCLE('',#2885,0.000461685811393746);
#193=CIRCLE('',#2886,0.000461685811393746);
#194=CIRCLE('',#2888,0.000461685811393746);
#195=CIRCLE('',#2889,0.000461685811393746);
#196=CIRCLE('',#2891,0.000461685811393746);
#197=CIRCLE('',#2892,0.000461685811393746);
#198=CIRCLE('',#2894,0.000461685811393746);
#199=CIRCLE('',#2895,0.000461685811393746);
#200=CIRCLE('',#2897,0.000461685811393746);
#201=CIRCLE('',#2898,0.000461685811393746);
#202=CIRCLE('',#2900,0.000461685811393746);
#203=CIRCLE('',#2901,0.000461685811393746);
#204=CIRCLE('',#2903,0.000461685811393746);
#205=CIRCLE('',#2904,0.000461685811393746);
#206=CIRCLE('',#2906,0.000461685811393746);
#207=CIRCLE('',#2907,0.000461685811393746);
#208=CIRCLE('',#2909,0.000461685811393746);
#209=CIRCLE('',#2910,0.000461685811393746);
#210=CIRCLE('',#2912,0.000461685811393746);
#211=CIRCLE('',#2913,0.000461685811393746);
#212=CIRCLE('',#2915,0.000461685811393746);
#213=CIRCLE('',#2916,0.000461685811393746);
#214=CIRCLE('',#2918,0.000461685811393746);
#215=CIRCLE('',#2919,0.000461685811393746);
#216=CIRCLE('',#2921,0.000461685811393746);
#217=CIRCLE('',#2922,0.000461685811393746);
#218=CIRCLE('',#2924,0.000461685811393746);
#219=CIRCLE('',#2925,0.000461685811393746);
#220=CIRCLE('',#2927,0.000461685811393746);
#221=CIRCLE('',#2928,0.000461685811393746);
#222=CIRCLE('',#2930,0.000461685811393746);
#223=CIRCLE('',#2931,0.000461685811393746);
#224=CIRCLE('',#2933,0.000461685811393746);
#225=CIRCLE('',#2934,0.000461685811393746);
#226=CIRCLE('',#2936,0.000461685811393746);
#227=CIRCLE('',#2937,0.000461685811393746);
#228=CIRCLE('',#2939,0.000461685811393746);
#229=CIRCLE('',#2940,0.000461685811393746);
#230=CIRCLE('',#2942,0.000461685811393746);
#231=CIRCLE('',#2943,0.000461685811393746);
#232=CIRCLE('',#2945,0.000461685811393746);
#233=CIRCLE('',#2946,0.000461685811393746);
#234=CIRCLE('',#2948,0.000461685811393746);
#235=CIRCLE('',#2949,0.000461685811393746);
#236=CIRCLE('',#2951,0.000461685811393746);
#237=CIRCLE('',#2952,0.000461685811393746);
#238=CIRCLE('',#2954,0.0009);
#239=CIRCLE('',#2956,0.0009);
#240=CIRCLE('',#2958,0.000900000000000026);
#241=CIRCLE('',#2960,0.000900000000000026);
#242=CIRCLE('',#2962,0.000900000000000026);
#243=CIRCLE('',#2964,0.000900000000000026);
#244=CIRCLE('',#2966,0.000900000000000026);
#245=CIRCLE('',#2968,0.000900000000000026);
#246=CIRCLE('',#2970,0.000900000000000026);
#247=CIRCLE('',#2972,0.000900000000000026);
#248=CIRCLE('',#2974,0.000900000000000026);
#249=CIRCLE('',#2976,0.000900000000000026);
#250=CIRCLE('',#2978,0.000900000000000026);
#251=CIRCLE('',#2980,0.000900000000000026);
#252=CIRCLE('',#2982,0.000900000000000026);
#253=CIRCLE('',#2984,0.000900000000000026);
#254=CIRCLE('',#2986,0.000900000000000026);
#255=CIRCLE('',#2988,0.000900000000000026);
#256=CIRCLE('',#2990,0.000900000000000026);
#257=CIRCLE('',#2992,0.000900000000000026);
#258=CIRCLE('',#2994,0.000900000000000026);
#259=CIRCLE('',#2996,0.000900000000000026);
#260=CIRCLE('',#2998,0.000900000000000026);
#261=CIRCLE('',#3000,0.000900000000000026);
#262=CIRCLE('',#3002,0.000900000000000026);
#263=CIRCLE('',#3004,0.000900000000000026);
#264=CIRCLE('',#3006,0.000900000000000026);
#265=CIRCLE('',#3008,0.000900000000000026);
#266=CIRCLE('',#3010,0.000900000000000026);
#267=CIRCLE('',#3012,0.000900000000000026);
#268=CIRCLE('',#3014,0.00578117683020245);
#269=CIRCLE('',#3016,0.009);
#270=CIRCLE('',#3017,0.00675);
#271=CIRCLE('',#3018,0.00675);
#272=CIRCLE('',#3019,0.00675);
#273=CIRCLE('',#3020,0.00675);
#274=CIRCLE('',#3021,0.00675);
#275=CIRCLE('',#3022,0.00675);
#276=CIRCLE('',#3023,0.00675);
#277=CIRCLE('',#3024,0.00675);
#278=CIRCLE('',#3025,0.00675);
#279=CIRCLE('',#3026,0.00675);
#280=CIRCLE('',#3027,0.00675);
#281=CIRCLE('',#3028,0.00675);
#282=CIRCLE('',#3029,0.00675);
#283=CIRCLE('',#3030,0.00675);
#284=CIRCLE('',#3031,0.00675);
#285=CIRCLE('',#3033,0.009);
#286=CIRCLE('',#3035,0.009);
#287=CIRCLE('',#3037,0.009);
#288=CIRCLE('',#3039,0.00675);
#289=CIRCLE('',#3040,0.00675);
#290=CIRCLE('',#3041,0.00675);
#291=CIRCLE('',#3042,0.00675);
#292=CIRCLE('',#3043,0.00675);
#293=CIRCLE('',#3044,0.00675);
#294=CIRCLE('',#3045,0.00675);
#295=CIRCLE('',#3046,0.00675);
#296=CIRCLE('',#3047,0.00675);
#297=CIRCLE('',#3048,0.00675);
#298=CIRCLE('',#3049,0.00675);
#299=CIRCLE('',#3050,0.00675);
#300=CIRCLE('',#3051,0.00675);
#301=CIRCLE('',#3052,0.00675);
#302=CIRCLE('',#3053,0.00675);
#303=CIRCLE('',#3086,0.00675);
#304=CIRCLE('',#3089,0.00675);
#305=CIRCLE('',#3092,0.00675);
#306=CIRCLE('',#3095,0.00675);
#307=CIRCLE('',#3098,0.00675);
#308=CIRCLE('',#3101,0.00675);
#309=CIRCLE('',#3104,0.00675);
#310=CIRCLE('',#3107,0.00675);
#311=CIRCLE('',#3110,0.00675);
#312=CIRCLE('',#3113,0.00675);
#313=CIRCLE('',#3116,0.00675);
#314=CIRCLE('',#3119,0.00675);
#315=CIRCLE('',#3122,0.00675);
#316=CIRCLE('',#3125,0.00675);
#317=CIRCLE('',#3128,0.00675);
#318=CIRCLE('',#3133,0.00040000000000001);
#319=CIRCLE('',#3135,0.000400000000000039);
#320=CIRCLE('',#3146,0.00215);
#321=CIRCLE('',#3150,0.00482330399480257);
#322=CIRCLE('',#3152,0.008225);
#323=CIRCLE('',#3153,0.008225);
#324=CIRCLE('',#3154,0.008225);
#325=CIRCLE('',#3155,0.016225);
#326=B_SPLINE_CURVE_WITH_KNOTS('',3,(#4011,#4012,#4013,#4014),
 .UNSPECIFIED.,.F.,.F.,(4,4),(0.00668937191127472,0.00742404804196936),
 .UNSPECIFIED.);
#327=B_SPLINE_CURVE_WITH_KNOTS('',3,(#4025,#4026,#4027,#4028),
 .UNSPECIFIED.,.F.,.F.,(4,4),(0.00668937191127472,0.00742404804196936),
 .UNSPECIFIED.);
#328=B_SPLINE_CURVE_WITH_KNOTS('',3,(#4037,#4038,#4039,#4040),
 .UNSPECIFIED.,.F.,.F.,(4,4),(0.00249406533915825,0.00322071878316578),
 .UNSPECIFIED.);
#329=B_SPLINE_CURVE_WITH_KNOTS('',3,(#4069,#4070,#4071,#4072),
 .UNSPECIFIED.,.F.,.F.,(4,4),(0.00249406533915821,0.0032207187831658),
 .UNSPECIFIED.);
#330=B_SPLINE_CURVE_WITH_KNOTS('',3,(#4137,#4138,#4139,#4140,#4141,#4142,
#4143),.UNSPECIFIED.,.F.,.F.,(4,1,1,1,4),(0.00236190867351785,0.00335876752878749,
0.00435562638405713,0.00535248523932676,0.0063493440945964),
 .UNSPECIFIED.);
#331=B_SPLINE_CURVE_WITH_KNOTS('',3,(#4148,#4149,#4150,#4151,#4152,#4153,
#4154),.UNSPECIFIED.,.F.,.F.,(4,1,1,1,4),(0.00679268398881942,0.00774989016296738,
0.00870709633711535,0.00966430251126331,0.0106215086854113),
 .UNSPECIFIED.);
#332=B_SPLINE_CURVE_WITH_KNOTS('',3,(#4160,#4161,#4162,#4163,#4164,#4165,
#4166,#4167,#4168,#4169,#4170,#4171,#4172,#4173,#4174,#4175,#4176,#4177,
#4178,#4179,#4180),.UNSPECIFIED.,.T.,.F.,(1,1,1,1,1,1,1,1,1,1,1,1,1,1,1,
1,1,1,1,1,1,1,1,1,1),(-0.00224972503112555,-0.00149981668741704,-0.000749908343708517,
0.,0.000749908343708518,0.00149981668741704,0.00224972503112555,0.00299963337483407,
0.00374954171854259,0.00449945006225111,0.00524935840595962,0.00599926674966814,
0.0063742209215224,0.00674917509337666,0.00712412926523092,0.00749908343708518,
0.00824899178079369,0.00899890012450221,0.00974880846821073,0.0104987168119192,
0.0112486251556278,0.0119985334993363,0.0127484418430448,0.0134983501867533,
0.0142482585304618),.UNSPECIFIED.);
#333=B_SPLINE_CURVE_WITH_KNOTS('',3,(#4182,#4183,#4184,#4185),
 .UNSPECIFIED.,.F.,.F.,(4,4),(0.000631449157502209,0.00107789128875847),
 .UNSPECIFIED.);
#334=B_SPLINE_CURVE_WITH_KNOTS('',3,(#4186,#4187,#4188,#4189),
 .UNSPECIFIED.,.F.,.F.,(4,4),(0.000631449157502391,0.00107789128875846),
 .UNSPECIFIED.);
#335=B_SPLINE_CURVE_WITH_KNOTS('',3,(#4191,#4192,#4193,#4194),
 .UNSPECIFIED.,.F.,.F.,(4,4),(3.00506469612769E-7,0.00690076406594089),
 .UNSPECIFIED.);
#336=B_SPLINE_CURVE_WITH_KNOTS('',3,(#4202,#4203,#4204,#4205),
 .UNSPECIFIED.,.F.,.F.,(4,4),(3.17495984402779E-7,0.000267687287840597),
 .UNSPECIFIED.);
#337=B_SPLINE_CURVE_WITH_KNOTS('',3,(#4208,#4209,#4210,#4211),
 .UNSPECIFIED.,.F.,.F.,(4,4),(1.00519884327407E-6,0.00035002561287216),
 .UNSPECIFIED.);
#338=B_SPLINE_CURVE_WITH_KNOTS('',3,(#4212,#4213,#4214,#4215),
 .UNSPECIFIED.,.F.,.F.,(4,4),(0.00342010181174524,0.0034953649772404),
 .UNSPECIFIED.);
#339=B_SPLINE_CURVE_WITH_KNOTS('',3,(#4222,#4223,#4224,#4225),
 .UNSPECIFIED.,.F.,.F.,(4,4),(0.00342010181174519,0.00349536497724035),
 .UNSPECIFIED.);
#340=B_SPLINE_CURVE_WITH_KNOTS('',3,(#4226,#4227,#4228,#4229),
 .UNSPECIFIED.,.F.,.F.,(4,4),(1.00519884327407E-6,0.00035002561287216),
 .UNSPECIFIED.);
#341=B_SPLINE_CURVE_WITH_KNOTS('',3,(#4231,#4232,#4233,#4234),
 .UNSPECIFIED.,.F.,.F.,(4,4),(3.17495984513355E-7,0.000267687287840681),
 .UNSPECIFIED.);
#342=B_SPLINE_CURVE_WITH_KNOTS('',3,(#4236,#4237,#4238,#4239,#4240,#4241,
#4242,#4243,#4244,#4245,#4246),.UNSPECIFIED.,.F.,.F.,(4,1,1,1,1,1,1,1,4),
(3.87309941530697E-7,0.000464753661184354,0.000929120012427178,0.00139348636367,
0.00185785271491283,0.00232221906615565,0.00278658541739847,0.0032509517686413,
0.00371531811988412),.UNSPECIFIED.);
#343=B_SPLINE_CURVE_WITH_KNOTS('',3,(#4248,#4249,#4250,#4251),
 .UNSPECIFIED.,.F.,.F.,(4,4),(2.83414358140946E-7,0.00690054224439364),
 .UNSPECIFIED.);
#344=B_SPLINE_CURVE_WITH_KNOTS('',3,(#4255,#4256,#4257,#4258,#4259,#4260,
#4261,#4262,#4263),.UNSPECIFIED.,.F.,.F.,(4,1,1,1,1,1,4),(0.00832537851813438,
0.0103323860128766,0.0123393935076189,0.01334289725499,0.0143464010023612,
0.0153499047497323,0.0163534084971034),.UNSPECIFIED.);
#345=B_SPLINE_CURVE_WITH_KNOTS('',3,(#4344,#4345,#4346,#4347,#4348,#4349,
#4350,#4351,#4352),.UNSPECIFIED.,.F.,.F.,(4,1,1,1,1,1,4),(0.0186758003474641,
0.0196791147438272,0.0206824291401903,0.0216857435365534,0.0226890579329165,
0.0246956867256427,0.0267023155183689),.UNSPECIFIED.);
#346=B_SPLINE_CURVE_WITH_KNOTS('',3,(#4355,#4356,#4357,#4358,#4359),
 .UNSPECIFIED.,.F.,.F.,(4,1,4),(0.,0.00114150596442085,0.00228301192884171),
 .UNSPECIFIED.);
#347=B_SPLINE_CURVE_WITH_KNOTS('',3,(#4360,#4361,#4362,#4363),
 .UNSPECIFIED.,.F.,.F.,(4,4),(1.11022302462516E-16,0.00113070548354351),
 .UNSPECIFIED.);
#348=B_SPLINE_CURVE_WITH_KNOTS('',3,(#4408,#4409,#4410,#4411),
 .UNSPECIFIED.,.F.,.F.,(4,4),(8.15190308178246E-7,0.00073690273179411),
 .UNSPECIFIED.);
#349=B_SPLINE_CURVE_WITH_KNOTS('',3,(#4422,#4423,#4424,#4425),
 .UNSPECIFIED.,.F.,.F.,(4,4),(0.00073690273179411,0.00147001145525648),
 .UNSPECIFIED.);
#350=B_SPLINE_CURVE_WITH_KNOTS('',3,(#4427,#4428,#4429,#4430),
 .UNSPECIFIED.,.F.,.F.,(4,4),(2.29332621116433E-7,0.000736314772274073),
 .UNSPECIFIED.);
#351=B_SPLINE_CURVE_WITH_KNOTS('',3,(#4440,#4441,#4442,#4443),
 .UNSPECIFIED.,.F.,.F.,(4,4),(0.000736314772274073,0.00146943046363057),
 .UNSPECIFIED.);
#352=B_SPLINE_CURVE_WITH_KNOTS('',3,(#4445,#4446,#4447,#4448),
 .UNSPECIFIED.,.F.,.F.,(4,4),(2.29332621187276E-7,0.00073631477227424),
 .UNSPECIFIED.);
#353=B_SPLINE_CURVE_WITH_KNOTS('',3,(#4459,#4460,#4461,#4462),
 .UNSPECIFIED.,.F.,.F.,(4,4),(0.00073631477227424,0.00146943046363081),
 .UNSPECIFIED.);
#354=B_SPLINE_CURVE_WITH_KNOTS('',3,(#4464,#4465,#4466,#4467),
 .UNSPECIFIED.,.F.,.F.,(4,4),(8.15190307810715E-7,0.000736902731793727),
 .UNSPECIFIED.);
#355=B_SPLINE_CURVE_WITH_KNOTS('',3,(#4477,#4478,#4479,#4480),
 .UNSPECIFIED.,.F.,.F.,(4,4),(0.000736902731793727,0.00147001145525607),
 .UNSPECIFIED.);
#356=B_SPLINE_CURVE_WITH_KNOTS('',3,(#4482,#4483,#4484,#4485),
 .UNSPECIFIED.,.F.,.F.,(4,4),(2.67307144264673E-7,0.000736352884493598),
 .UNSPECIFIED.);
#357=B_SPLINE_CURVE_WITH_KNOTS('',3,(#4496,#4497,#4498,#4499),
 .UNSPECIFIED.,.F.,.F.,(4,4),(0.000736352884493598,0.00146945973764194),
 .UNSPECIFIED.);
#358=B_SPLINE_CURVE_WITH_KNOTS('',3,(#4501,#4502,#4503,#4504),
 .UNSPECIFIED.,.F.,.F.,(4,4),(3.51953645145966E-7,0.000736437837195487),
 .UNSPECIFIED.);
#359=B_SPLINE_CURVE_WITH_KNOTS('',3,(#4514,#4515,#4516,#4517),
 .UNSPECIFIED.,.F.,.F.,(4,4),(0.000736437837195487,0.00146954368267464),
 .UNSPECIFIED.);
#360=B_SPLINE_CURVE_WITH_KNOTS('',3,(#4519,#4520,#4521,#4522),
 .UNSPECIFIED.,.F.,.F.,(4,4),(4.04168892964009E-7,0.000736490240825581),
 .UNSPECIFIED.);
#361=B_SPLINE_CURVE_WITH_KNOTS('',3,(#4533,#4534,#4535,#4536),
 .UNSPECIFIED.,.F.,.F.,(4,4),(0.000736490240825581,0.00146959619946021),
 .UNSPECIFIED.);
#362=B_SPLINE_CURVE_WITH_KNOTS('',3,(#4538,#4539,#4540,#4541),
 .UNSPECIFIED.,.F.,.F.,(4,4),(2.52342863236259E-7,0.00073633786597601),
 .UNSPECIFIED.);
#363=B_SPLINE_CURVE_WITH_KNOTS('',3,(#4551,#4552,#4553,#4554),
 .UNSPECIFIED.,.F.,.F.,(4,4),(0.00073633786597601,0.00146944563186927),
 .UNSPECIFIED.);
#364=B_SPLINE_CURVE_WITH_KNOTS('',3,(#4556,#4557,#4558,#4559),
 .UNSPECIFIED.,.F.,.F.,(4,4),(1.28829225968223E-6,0.000737377496101368),
 .UNSPECIFIED.);
#365=B_SPLINE_CURVE_WITH_KNOTS('',3,(#4570,#4571,#4572,#4573),
 .UNSPECIFIED.,.F.,.F.,(4,4),(0.000737377496101368,0.00147048989533297),
 .UNSPECIFIED.);
#366=B_SPLINE_CURVE_WITH_KNOTS('',3,(#4575,#4576,#4577,#4578),
 .UNSPECIFIED.,.F.,.F.,(4,4),(2.2733052263935E-7,0.000736312762910314),
 .UNSPECIFIED.);
#367=B_SPLINE_CURVE_WITH_KNOTS('',3,(#4588,#4589,#4590,#4591),
 .UNSPECIFIED.,.F.,.F.,(4,4),(0.000736312762910314,0.00146943776768008),
 .UNSPECIFIED.);
#368=B_SPLINE_CURVE_WITH_KNOTS('',3,(#4593,#4594,#4595,#4596),
 .UNSPECIFIED.,.F.,.F.,(4,4),(2.33956687656345E-7,0.000736319413118475),
 .UNSPECIFIED.);
#369=B_SPLINE_CURVE_WITH_KNOTS('',3,(#4607,#4608,#4609,#4610),
 .UNSPECIFIED.,.F.,.F.,(4,4),(0.000736319413118475,0.00146974080251312),
 .UNSPECIFIED.);
#370=B_SPLINE_CURVE_WITH_KNOTS('',3,(#4612,#4613,#4614,#4615),
 .UNSPECIFIED.,.F.,.F.,(4,4),(0.000967752491924368,0.00169741000806504),
 .UNSPECIFIED.);
#371=B_SPLINE_CURVE_WITH_KNOTS('',3,(#4625,#4626,#4627,#4628),
 .UNSPECIFIED.,.F.,.F.,(4,4),(0.000235444580574957,0.000967752491924368),
 .UNSPECIFIED.);
#372=B_SPLINE_CURVE_WITH_KNOTS('',3,(#4630,#4631,#4632,#4633),
 .UNSPECIFIED.,.F.,.F.,(4,4),(2.87508870248589E-7,0.000736373159388955),
 .UNSPECIFIED.);
#373=B_SPLINE_CURVE_WITH_KNOTS('',3,(#4644,#4645,#4646,#4647),
 .UNSPECIFIED.,.F.,.F.,(4,4),(0.000736373159388955,0.00146947943670212),
 .UNSPECIFIED.);
#374=B_SPLINE_CURVE_WITH_KNOTS('',3,(#4649,#4650,#4651,#4652),
 .UNSPECIFIED.,.F.,.F.,(4,4),(3.14747625441092E-7,0.000736400496710421),
 .UNSPECIFIED.);
#375=B_SPLINE_CURVE_WITH_KNOTS('',3,(#4662,#4663,#4664,#4665),
 .UNSPECIFIED.,.F.,.F.,(4,4),(0.000736400496710421,0.00146950644974988),
 .UNSPECIFIED.);
#376=B_SPLINE_CURVE_WITH_KNOTS('',3,(#4667,#4668,#4669,#4670),
 .UNSPECIFIED.,.F.,.F.,(4,4),(4.80788347338057E-7,0.000736567136015626),
 .UNSPECIFIED.);
#377=B_SPLINE_CURVE_WITH_KNOTS('',3,(#4681,#4682,#4683,#4684),
 .UNSPECIFIED.,.F.,.F.,(4,4),(0.000736567136015626,0.00146967347958827),
 .UNSPECIFIED.);
#378=B_SPLINE_CURVE_WITH_KNOTS('',3,(#4686,#4687,#4688,#4689),
 .UNSPECIFIED.,.F.,.F.,(4,4),(2.41471688794234E-7,0.000736326955380327),
 .UNSPECIFIED.);
#379=B_SPLINE_CURVE_WITH_KNOTS('',3,(#4699,#4700,#4701,#4702),
 .UNSPECIFIED.,.F.,.F.,(4,4),(0.000736326955380327,0.00146943614725129),
 .UNSPECIFIED.);
#380=B_SPLINE_CURVE_WITH_KNOTS('',3,(#4704,#4705,#4706,#4707),
 .UNSPECIFIED.,.F.,.F.,(4,4),(2.27837859194611E-7,0.000736313272087922),
 .UNSPECIFIED.);
#381=B_SPLINE_CURVE_WITH_KNOTS('',3,(#4718,#4719,#4720,#4721),
 .UNSPECIFIED.,.F.,.F.,(4,4),(0.000736313272087922,0.00146941736793422),
 .UNSPECIFIED.);
#382=B_SPLINE_CURVE_WITH_KNOTS('',3,(#4723,#4724,#4725,#4726),
 .UNSPECIFIED.,.F.,.F.,(4,4),(2.27837859194611E-7,0.000736313272088004),
 .UNSPECIFIED.);
#383=B_SPLINE_CURVE_WITH_KNOTS('',3,(#4736,#4737,#4738,#4739),
 .UNSPECIFIED.,.F.,.F.,(4,4),(0.000736313272088004,0.00146941736793435),
 .UNSPECIFIED.);
#384=B_SPLINE_CURVE_WITH_KNOTS('',3,(#4741,#4742,#4743,#4744),
 .UNSPECIFIED.,.F.,.F.,(4,4),(2.414716888639E-7,0.000736326955380386),
 .UNSPECIFIED.);
#385=B_SPLINE_CURVE_WITH_KNOTS('',3,(#4755,#4756,#4757,#4758),
 .UNSPECIFIED.,.F.,.F.,(4,4),(0.000736326955380386,0.00146943614725135),
 .UNSPECIFIED.);
#386=B_SPLINE_CURVE_WITH_KNOTS('',3,(#4760,#4761,#4762,#4763),
 .UNSPECIFIED.,.F.,.F.,(4,4),(4.80788347158341E-7,0.000736567136015384),
 .UNSPECIFIED.);
#387=B_SPLINE_CURVE_WITH_KNOTS('',3,(#4773,#4774,#4775,#4776),
 .UNSPECIFIED.,.F.,.F.,(4,4),(0.000736567136015384,0.00146967347958792),
 .UNSPECIFIED.);
#388=B_SPLINE_CURVE_WITH_KNOTS('',3,(#4778,#4779,#4780,#4781),
 .UNSPECIFIED.,.F.,.F.,(4,4),(3.14747625591786E-7,0.000736400496710521),
 .UNSPECIFIED.);
#389=B_SPLINE_CURVE_WITH_KNOTS('',3,(#4792,#4793,#4794,#4795),
 .UNSPECIFIED.,.F.,.F.,(4,4),(0.000736400496710521,0.00146950644974996),
 .UNSPECIFIED.);
#390=B_SPLINE_CURVE_WITH_KNOTS('',3,(#4797,#4798,#4799,#4800),
 .UNSPECIFIED.,.F.,.F.,(4,4),(2.87508870209992E-7,0.000736373159388952),
 .UNSPECIFIED.);
#391=B_SPLINE_CURVE_WITH_KNOTS('',3,(#4810,#4811,#4812,#4813),
 .UNSPECIFIED.,.F.,.F.,(4,4),(0.000736373159388952,0.0014694794367022),
 .UNSPECIFIED.);
#392=B_SPLINE_CURVE_WITH_KNOTS('',3,(#4815,#4816,#4817,#4818),
 .UNSPECIFIED.,.F.,.F.,(4,4),(0.000967752491924287,0.00169741000806487),
 .UNSPECIFIED.);
#393=B_SPLINE_CURVE_WITH_KNOTS('',3,(#4829,#4830,#4831,#4832),
 .UNSPECIFIED.,.F.,.F.,(4,4),(0.000235444580575033,0.000967752491924287),
 .UNSPECIFIED.);
#394=B_SPLINE_CURVE_WITH_KNOTS('',3,(#4834,#4835,#4836,#4837),
 .UNSPECIFIED.,.F.,.F.,(4,4),(2.33956687589148E-7,0.000736319413118274),
 .UNSPECIFIED.);
#395=B_SPLINE_CURVE_WITH_KNOTS('',3,(#4847,#4848,#4849,#4850),
 .UNSPECIFIED.,.F.,.F.,(4,4),(0.000736319413118274,0.00146974080251285),
 .UNSPECIFIED.);
#396=B_SPLINE_CURVE_WITH_KNOTS('',3,(#4852,#4853,#4854,#4855),
 .UNSPECIFIED.,.F.,.F.,(4,4),(2.27330522636023E-7,0.000736312762910311),
 .UNSPECIFIED.);
#397=B_SPLINE_CURVE_WITH_KNOTS('',3,(#4866,#4867,#4868,#4869),
 .UNSPECIFIED.,.F.,.F.,(4,4),(0.000736312762910311,0.00146943776767989),
 .UNSPECIFIED.);
#398=B_SPLINE_CURVE_WITH_KNOTS('',3,(#4871,#4872,#4873,#4874),
 .UNSPECIFIED.,.F.,.F.,(4,4),(1.28829225949645E-6,0.000737377496101067),
 .UNSPECIFIED.);
#399=B_SPLINE_CURVE_WITH_KNOTS('',3,(#4884,#4885,#4886,#4887),
 .UNSPECIFIED.,.F.,.F.,(4,4),(0.000737377496101067,0.00147048989533271),
 .UNSPECIFIED.);
#400=B_SPLINE_CURVE_WITH_KNOTS('',3,(#4889,#4890,#4891,#4892),
 .UNSPECIFIED.,.F.,.F.,(4,4),(2.52342863263897E-7,0.00073633786597606),
 .UNSPECIFIED.);
#401=B_SPLINE_CURVE_WITH_KNOTS('',3,(#4903,#4904,#4905,#4906),
 .UNSPECIFIED.,.F.,.F.,(4,4),(0.00073633786597606,0.00146944563186952),
 .UNSPECIFIED.);
#402=B_SPLINE_CURVE_WITH_KNOTS('',3,(#4908,#4909,#4910,#4911),
 .UNSPECIFIED.,.F.,.F.,(4,4),(4.04168892755973E-7,0.000736490240825483),
 .UNSPECIFIED.);
#403=B_SPLINE_CURVE_WITH_KNOTS('',3,(#4921,#4922,#4923,#4924),
 .UNSPECIFIED.,.F.,.F.,(4,4),(0.000736490240825483,0.00146959619946005),
 .UNSPECIFIED.);
#404=B_SPLINE_CURVE_WITH_KNOTS('',3,(#4926,#4927,#4928,#4929),
 .UNSPECIFIED.,.F.,.F.,(4,4),(3.51953645183044E-7,0.000736437837195533),
 .UNSPECIFIED.);
#405=B_SPLINE_CURVE_WITH_KNOTS('',3,(#4940,#4941,#4942,#4943),
 .UNSPECIFIED.,.F.,.F.,(4,4),(0.000736437837195533,0.00146954368267484),
 .UNSPECIFIED.);
#406=B_SPLINE_CURVE_WITH_KNOTS('',3,(#4945,#4946,#4947,#4948),
 .UNSPECIFIED.,.F.,.F.,(4,4),(2.67307144230427E-7,0.000736352884493664),
 .UNSPECIFIED.);
#407=B_SPLINE_CURVE_WITH_KNOTS('',3,(#4958,#4959,#4960,#4961),
 .UNSPECIFIED.,.F.,.F.,(4,4),(0.000736352884493664,0.00146945973764195),
 .UNSPECIFIED.);
#408=B_SPLINE_CURVE_WITH_KNOTS('',3,(#4963,#4964,#4965,#4966,#4967,#4968,
#4969),.UNSPECIFIED.,.F.,.F.,(4,1,1,1,4),(2.2936066666094E-7,0.000617657849291132,
0.0012350863379156,0.00185251482654007,0.00246994331516454),
 .UNSPECIFIED.);
#409=B_SPLINE_CURVE_WITH_KNOTS('',3,(#4972,#4973,#4974,#4975,#4976,#4977,
#4978),.UNSPECIFIED.,.F.,.F.,(4,1,1,1,4),(3.51930214847736E-7,0.000617780150043242,
0.00123520836987164,0.00185263658970003,0.00247006480952842),
 .UNSPECIFIED.);
#410=B_SPLINE_CURVE_WITH_KNOTS('',3,(#4981,#4982,#4983,#4984,#4985,#4986,
#4987),.UNSPECIFIED.,.F.,.F.,(4,1,1,1,4),(2.36677370551556E-7,0.000617664463726308,
0.00123509225008206,0.00185252003643782,0.00246994782279358),
 .UNSPECIFIED.);
#411=B_SPLINE_CURVE_WITH_KNOTS('',3,(#4990,#4991,#4992,#4993,#4994,#4995,
#4996),.UNSPECIFIED.,.F.,.F.,(4,1,1,1,4),(2.36677370551556E-7,0.000617664463726307,
0.00123509225008206,0.00185252003643782,0.00246994782279357),
 .UNSPECIFIED.);
#412=B_SPLINE_CURVE_WITH_KNOTS('',3,(#4999,#5000,#5001,#5002,#5003,#5004,
#5005),.UNSPECIFIED.,.F.,.F.,(4,1,1,1,4),(2.2936066666094E-7,0.000617657849291115,
0.00123508633791557,0.00185251482654002,0.00246994331516448),
 .UNSPECIFIED.);
#413=B_SPLINE_CURVE_WITH_KNOTS('',3,(#5008,#5009,#5010,#5011,#5012,#5013,
#5014),.UNSPECIFIED.,.F.,.F.,(4,1,1,1,4),(3.51930214788794E-7,0.000617780150043197,
0.0012352083698716,0.00185263658970001,0.00247006480952842),
 .UNSPECIFIED.);
#414=B_SPLINE_CURVE_WITH_KNOTS('',3,(#5017,#5018,#5019,#5020,#5021,#5022,
#5023),.UNSPECIFIED.,.F.,.F.,(4,1,1,1,4),(2.67322333188964E-7,0.000617695336070472,
0.00123512334980775,0.00185255136354504,0.00246997937728232),
 .UNSPECIFIED.);
#415=B_SPLINE_CURVE_WITH_KNOTS('',3,(#5026,#5027,#5028,#5029,#5030,#5031,
#5032),.UNSPECIFIED.,.F.,.F.,(4,1,1,1,4),(2.52362633321575E-7,0.000617680409174381,
0.00123510845571544,0.0018525365022565,0.00246996454879756),
 .UNSPECIFIED.);
#416=B_SPLINE_CURVE_WITH_KNOTS('',3,(#5035,#5036,#5037,#5038,#5039,#5040,
#5041),.UNSPECIFIED.,.F.,.F.,(4,1,1,1,4),(4.04106803709501E-7,0.000617832531176483,
0.00123526095554926,0.00185268937992203,0.0024701178042948),
 .UNSPECIFIED.);
#417=B_SPLINE_CURVE_WITH_KNOTS('',3,(#5044,#5045,#5046,#5047,#5048,#5049,
#5050),.UNSPECIFIED.,.F.,.F.,(4,1,1,1,4),(2.27360922578408E-7,0.000617656172929068,
0.00123508498493556,0.00185251379694205,0.00246994260894853),
 .UNSPECIFIED.);
#418=B_SPLINE_CURVE_WITH_KNOTS('',3,(#5053,#5054,#5055,#5056,#5057,#5058,
#5059),.UNSPECIFIED.,.F.,.F.,(4,1,1,1,4),(2.30918723371465E-7,0.000617660998031409,
0.00123509107733945,0.00185252115664748,0.00246995123595552),
 .UNSPECIFIED.);
#419=B_SPLINE_CURVE_WITH_KNOTS('',3,(#5062,#5063,#5064,#5065,#5066,#5067,
#5068),.UNSPECIFIED.,.F.,.F.,(4,1,1,1,4),(6.01109423238412E-7,0.000618030376601827,
0.00123545964378042,0.00185288891095901,0.00247031817813759),
 .UNSPECIFIED.);
#420=B_SPLINE_CURVE_WITH_KNOTS('',3,(#5071,#5072,#5073,#5074,#5075,#5076,
#5077),.UNSPECIFIED.,.F.,.F.,(4,1,1,1,4),(2.33982379790099E-7,0.000617662253849134,
0.00123509052531848,0.00185251879678782,0.00246994706825716),
 .UNSPECIFIED.);
#421=B_SPLINE_CURVE_WITH_KNOTS('',3,(#5080,#5081,#5082,#5083,#5084,#5085,
#5086),.UNSPECIFIED.,.F.,.F.,(4,1,1,1,4),(3.14744388581522E-7,0.000617742838754735,
0.00123517093312089,0.00185259902748704,0.00247002712185319),
 .UNSPECIFIED.);
#422=B_SPLINE_CURVE_WITH_KNOTS('',3,(#5089,#5090,#5091,#5092,#5093,#5094,
#5095),.UNSPECIFIED.,.F.,.F.,(4,1,1,1,4),(2.87517078140247E-7,0.000617715545822782,
0.00123514357456742,0.00185257160331207,0.00246999963205671),
 .UNSPECIFIED.);
#423=B_SPLINE_CURVE_WITH_KNOTS('',3,(#5098,#5099,#5100,#5101,#5102,#5103,
#5104),.UNSPECIFIED.,.F.,.F.,(4,1,1,1,4),(2.41494752960553E-7,0.000617669624417147,
0.00123509775408133,0.00185252588374552,0.00246995401340971),
 .UNSPECIFIED.);
#424=B_SPLINE_CURVE_WITH_KNOTS('',3,(#5107,#5108,#5109,#5110,#5111,#5112,
#5113),.UNSPECIFIED.,.F.,.F.,(4,1,1,1,4),(4.80644024936263E-7,0.000617909390311337,
0.00123533813659774,0.00185276688288414,0.00247019562917054),
 .UNSPECIFIED.);
#425=B_SPLINE_CURVE_WITH_KNOTS('',3,(#5116,#5117,#5118,#5119,#5120,#5121,
#5122),.UNSPECIFIED.,.F.,.F.,(4,1,1,1,4),(2.27870843228133E-7,0.000617657171566761,
0.00123508647229029,0.00185251577301383,0.00246994507373736),
 .UNSPECIFIED.);
#426=B_SPLINE_CURVE_WITH_KNOTS('',3,(#5125,#5126,#5127,#5128,#5129,#5130,
#5131),.UNSPECIFIED.,.F.,.F.,(4,1,1,1,4),(2.27870843203828E-7,0.000617657171566772,
0.00123508647229034,0.00185251577301391,0.00246994507373748),
 .UNSPECIFIED.);
#427=B_SPLINE_CURVE_WITH_KNOTS('',3,(#5134,#5135,#5136,#5137,#5138,#5139,
#5140),.UNSPECIFIED.,.F.,.F.,(4,1,1,1,4),(4.80644025011386E-7,0.000617909390311422,
0.00123533813659783,0.00185276688288424,0.00247019562917065),
 .UNSPECIFIED.);
#428=B_SPLINE_CURVE_WITH_KNOTS('',3,(#5143,#5144,#5145,#5146,#5147,#5148,
#5149),.UNSPECIFIED.,.F.,.F.,(4,1,1,1,4),(2.41494752959048E-7,0.000617669624417171,
0.00123509775408138,0.00185252588374559,0.00246995401340981),
 .UNSPECIFIED.);
#429=B_SPLINE_CURVE_WITH_KNOTS('',3,(#5152,#5153,#5154,#5155,#5156,#5157,
#5158),.UNSPECIFIED.,.F.,.F.,(4,1,1,1,4),(2.87517078140247E-7,0.000617715545822747,
0.00123514357456735,0.00185257160331196,0.00246999963205657),
 .UNSPECIFIED.);
#430=B_SPLINE_CURVE_WITH_KNOTS('',3,(#5161,#5162,#5163,#5164,#5165,#5166,
#5167),.UNSPECIFIED.,.F.,.F.,(4,1,1,1,4),(3.14744388558782E-7,0.000617742838754755,
0.00123517093312095,0.00185259902748715,0.00247002712185334),
 .UNSPECIFIED.);
#431=B_SPLINE_CURVE_WITH_KNOTS('',3,(#5170,#5171,#5172,#5173,#5174,#5175,
#5176),.UNSPECIFIED.,.F.,.F.,(4,1,1,1,4),(2.33982379790099E-7,0.000617662253849116,
0.00123509052531844,0.00185251879678777,0.00246994706825709),
 .UNSPECIFIED.);
#432=B_SPLINE_CURVE_WITH_KNOTS('',3,(#5179,#5180,#5181,#5182,#5183,#5184,
#5185),.UNSPECIFIED.,.F.,.F.,(4,1,1,1,4),(6.01109423196409E-7,0.000618030376601837,
0.00123545964378048,0.00185288891095912,0.00247031817813776),
 .UNSPECIFIED.);
#433=B_SPLINE_CURVE_WITH_KNOTS('',3,(#5188,#5189,#5190,#5191,#5192,#5193,
#5194),.UNSPECIFIED.,.F.,.F.,(4,1,1,1,4),(2.30918723287016E-7,0.000617660998031348,
0.00123509107733941,0.00185252115664747,0.00246995123595553),
 .UNSPECIFIED.);
#434=B_SPLINE_CURVE_WITH_KNOTS('',3,(#5197,#5198,#5199,#5200,#5201,#5202,
#5203),.UNSPECIFIED.,.F.,.F.,(4,1,1,1,4),(2.27360922594239E-7,0.000617656172929057,
0.00123508498493552,0.00185251379694198,0.00246994260894844),
 .UNSPECIFIED.);
#435=B_SPLINE_CURVE_WITH_KNOTS('',3,(#5206,#5207,#5208,#5209,#5210,#5211,
#5212),.UNSPECIFIED.,.F.,.F.,(4,1,1,1,4),(4.04106803861191E-7,0.000617832531176621,
0.00123526095554938,0.00185268937992214,0.0024701178042949),
 .UNSPECIFIED.);
#436=B_SPLINE_CURVE_WITH_KNOTS('',3,(#5215,#5216,#5217,#5218,#5219,#5220,
#5221),.UNSPECIFIED.,.F.,.F.,(4,1,1,1,4),(2.52362633258057E-7,0.000617680409174341,
0.00123510845571542,0.00185253650225651,0.00246996454879759),
 .UNSPECIFIED.);
#437=B_SPLINE_CURVE_WITH_KNOTS('',3,(#5224,#5225,#5226,#5227,#5228,#5229,
#5230),.UNSPECIFIED.,.F.,.F.,(4,1,1,1,4),(2.67322333225575E-7,0.00061769533607051,
0.00123512334980779,0.00185255136354508,0.00246997937728236),
 .UNSPECIFIED.);
#438=B_SPLINE_CURVE_WITH_KNOTS('',3,(#5233,#5234,#5235,#5236,#5237,#5238,
#5239,#5240,#5241,#5242,#5243),.UNSPECIFIED.,.F.,.F.,(4,1,1,1,1,1,1,1,4),
(2.83085184875965E-7,0.000463497763322193,0.000926712441459509,0.00138992711959683,
0.00185314179773414,0.00231635647587146,0.00277957115400878,0.00324278583214609,
0.00370600051028341),.UNSPECIFIED.);
#439=ORIENTED_EDGE('',*,*,#1287,.F.);
#440=ORIENTED_EDGE('',*,*,#1288,.T.);
#441=ORIENTED_EDGE('',*,*,#1289,.T.);
#442=ORIENTED_EDGE('',*,*,#1290,.F.);
#443=ORIENTED_EDGE('',*,*,#1291,.F.);
#444=ORIENTED_EDGE('',*,*,#1292,.T.);
#445=ORIENTED_EDGE('',*,*,#1293,.T.);
#446=ORIENTED_EDGE('',*,*,#1294,.F.);
#447=ORIENTED_EDGE('',*,*,#1295,.F.);
#448=ORIENTED_EDGE('',*,*,#1296,.T.);
#449=ORIENTED_EDGE('',*,*,#1297,.F.);
#450=ORIENTED_EDGE('',*,*,#1298,.T.);
#451=ORIENTED_EDGE('',*,*,#1299,.F.);
#452=ORIENTED_EDGE('',*,*,#1300,.F.);
#453=ORIENTED_EDGE('',*,*,#1301,.T.);
#454=ORIENTED_EDGE('',*,*,#1302,.T.);
#455=ORIENTED_EDGE('',*,*,#1303,.F.);
#456=ORIENTED_EDGE('',*,*,#1304,.F.);
#457=ORIENTED_EDGE('',*,*,#1305,.T.);
#458=ORIENTED_EDGE('',*,*,#1306,.T.);
#459=ORIENTED_EDGE('',*,*,#1307,.F.);
#460=ORIENTED_EDGE('',*,*,#1308,.F.);
#461=ORIENTED_EDGE('',*,*,#1309,.T.);
#462=ORIENTED_EDGE('',*,*,#1310,.T.);
#463=ORIENTED_EDGE('',*,*,#1311,.F.);
#464=ORIENTED_EDGE('',*,*,#1312,.T.);
#465=ORIENTED_EDGE('',*,*,#1296,.F.);
#466=ORIENTED_EDGE('',*,*,#1313,.F.);
#467=ORIENTED_EDGE('',*,*,#1308,.T.);
#468=ORIENTED_EDGE('',*,*,#1314,.T.);
#469=ORIENTED_EDGE('',*,*,#1315,.T.);
#470=ORIENTED_EDGE('',*,*,#1316,.F.);
#471=ORIENTED_EDGE('',*,*,#1317,.F.);
#472=ORIENTED_EDGE('',*,*,#1318,.T.);
#473=ORIENTED_EDGE('',*,*,#1319,.F.);
#474=ORIENTED_EDGE('',*,*,#1320,.T.);
#475=ORIENTED_EDGE('',*,*,#1321,.F.);
#476=ORIENTED_EDGE('',*,*,#1322,.T.);
#477=ORIENTED_EDGE('',*,*,#1323,.T.);
#478=ORIENTED_EDGE('',*,*,#1324,.F.);
#479=ORIENTED_EDGE('',*,*,#1325,.T.);
#480=ORIENTED_EDGE('',*,*,#1326,.T.);
#481=ORIENTED_EDGE('',*,*,#1327,.T.);
#482=ORIENTED_EDGE('',*,*,#1328,.T.);
#483=ORIENTED_EDGE('',*,*,#1329,.T.);
#484=ORIENTED_EDGE('',*,*,#1330,.F.);
#485=ORIENTED_EDGE('',*,*,#1331,.F.);
#486=ORIENTED_EDGE('',*,*,#1300,.T.);
#487=ORIENTED_EDGE('',*,*,#1332,.T.);
#488=ORIENTED_EDGE('',*,*,#1333,.T.);
#489=ORIENTED_EDGE('',*,*,#1288,.F.);
#490=ORIENTED_EDGE('',*,*,#1334,.F.);
#491=ORIENTED_EDGE('',*,*,#1291,.T.);
#492=ORIENTED_EDGE('',*,*,#1335,.T.);
#493=ORIENTED_EDGE('',*,*,#1336,.T.);
#494=ORIENTED_EDGE('',*,*,#1305,.F.);
#495=ORIENTED_EDGE('',*,*,#1337,.T.);
#496=ORIENTED_EDGE('',*,*,#1338,.T.);
#497=ORIENTED_EDGE('',*,*,#1326,.F.);
#498=ORIENTED_EDGE('',*,*,#1339,.F.);
#499=ORIENTED_EDGE('',*,*,#1340,.T.);
#500=ORIENTED_EDGE('',*,*,#1341,.T.);
#501=ORIENTED_EDGE('',*,*,#1318,.F.);
#502=ORIENTED_EDGE('',*,*,#1342,.F.);
#503=ORIENTED_EDGE('',*,*,#1343,.T.);
#504=ORIENTED_EDGE('',*,*,#1344,.F.);
#505=ORIENTED_EDGE('',*,*,#1322,.F.);
#506=ORIENTED_EDGE('',*,*,#1345,.T.);
#507=ORIENTED_EDGE('',*,*,#1346,.T.);
#508=ORIENTED_EDGE('',*,*,#1347,.F.);
#509=ORIENTED_EDGE('',*,*,#1348,.T.);
#510=ORIENTED_EDGE('',*,*,#1349,.T.);
#511=ORIENTED_EDGE('',*,*,#1350,.T.);
#512=ORIENTED_EDGE('',*,*,#1351,.T.);
#513=ORIENTED_EDGE('',*,*,#1352,.F.);
#514=ORIENTED_EDGE('',*,*,#1346,.F.);
#515=ORIENTED_EDGE('',*,*,#1353,.T.);
#516=ORIENTED_EDGE('',*,*,#1348,.F.);
#517=ORIENTED_EDGE('',*,*,#1306,.F.);
#518=ORIENTED_EDGE('',*,*,#1336,.F.);
#519=ORIENTED_EDGE('',*,*,#1354,.T.);
#520=ORIENTED_EDGE('',*,*,#1355,.T.);
#521=ORIENTED_EDGE('',*,*,#1356,.T.);
#522=ORIENTED_EDGE('',*,*,#1357,.F.);
#523=ORIENTED_EDGE('',*,*,#1358,.T.);
#524=ORIENTED_EDGE('',*,*,#1359,.T.);
#525=ORIENTED_EDGE('',*,*,#1315,.F.);
#526=ORIENTED_EDGE('',*,*,#1360,.T.);
#527=ORIENTED_EDGE('',*,*,#1311,.T.);
#528=ORIENTED_EDGE('',*,*,#1361,.F.);
#529=ORIENTED_EDGE('',*,*,#1356,.F.);
#530=ORIENTED_EDGE('',*,*,#1362,.T.);
#531=ORIENTED_EDGE('',*,*,#1363,.T.);
#532=ORIENTED_EDGE('',*,*,#1364,.F.);
#533=ORIENTED_EDGE('',*,*,#1298,.F.);
#534=ORIENTED_EDGE('',*,*,#1365,.F.);
#535=ORIENTED_EDGE('',*,*,#1329,.F.);
#536=ORIENTED_EDGE('',*,*,#1366,.F.);
#537=ORIENTED_EDGE('',*,*,#1367,.F.);
#538=ORIENTED_EDGE('',*,*,#1368,.F.);
#539=ORIENTED_EDGE('',*,*,#1289,.F.);
#540=ORIENTED_EDGE('',*,*,#1333,.F.);
#541=ORIENTED_EDGE('',*,*,#1369,.F.);
#542=ORIENTED_EDGE('',*,*,#1370,.T.);
#543=ORIENTED_EDGE('',*,*,#1371,.T.);
#544=ORIENTED_EDGE('',*,*,#1372,.F.);
#545=ORIENTED_EDGE('',*,*,#1351,.F.);
#546=ORIENTED_EDGE('',*,*,#1373,.F.);
#547=ORIENTED_EDGE('',*,*,#1374,.T.);
#548=ORIENTED_EDGE('',*,*,#1371,.F.);
#549=ORIENTED_EDGE('',*,*,#1375,.F.);
#550=ORIENTED_EDGE('',*,*,#1350,.F.);
#551=ORIENTED_EDGE('',*,*,#1376,.T.);
#552=ORIENTED_EDGE('',*,*,#1377,.F.);
#553=ORIENTED_EDGE('',*,*,#1378,.F.);
#554=ORIENTED_EDGE('',*,*,#1379,.F.);
#555=ORIENTED_EDGE('',*,*,#1380,.T.);
#556=ORIENTED_EDGE('',*,*,#1381,.F.);
#557=ORIENTED_EDGE('',*,*,#1382,.T.);
#558=ORIENTED_EDGE('',*,*,#1343,.F.);
#559=ORIENTED_EDGE('',*,*,#1383,.T.);
#560=ORIENTED_EDGE('',*,*,#1384,.T.);
#561=ORIENTED_EDGE('',*,*,#1385,.T.);
#562=ORIENTED_EDGE('',*,*,#1386,.F.);
#563=ORIENTED_EDGE('',*,*,#1387,.T.);
#564=ORIENTED_EDGE('',*,*,#1388,.F.);
#565=ORIENTED_EDGE('',*,*,#1389,.F.);
#566=ORIENTED_EDGE('',*,*,#1390,.F.);
#567=ORIENTED_EDGE('',*,*,#1391,.F.);
#568=ORIENTED_EDGE('',*,*,#1340,.F.);
#569=ORIENTED_EDGE('',*,*,#1392,.F.);
#570=ORIENTED_EDGE('',*,*,#1393,.T.);
#571=ORIENTED_EDGE('',*,*,#1394,.F.);
#572=ORIENTED_EDGE('',*,*,#1395,.F.);
#573=ORIENTED_EDGE('',*,*,#1396,.T.);
#574=ORIENTED_EDGE('',*,*,#1397,.T.);
#575=ORIENTED_EDGE('',*,*,#1377,.T.);
#576=ORIENTED_EDGE('',*,*,#1398,.F.);
#577=ORIENTED_EDGE('',*,*,#1399,.F.);
#578=ORIENTED_EDGE('',*,*,#1400,.F.);
#579=ORIENTED_EDGE('',*,*,#1401,.F.);
#580=ORIENTED_EDGE('',*,*,#1402,.T.);
#581=ORIENTED_EDGE('',*,*,#1403,.F.);
#582=ORIENTED_EDGE('',*,*,#1404,.F.);
#583=ORIENTED_EDGE('',*,*,#1405,.T.);
#584=ORIENTED_EDGE('',*,*,#1406,.T.);
#585=ORIENTED_EDGE('',*,*,#1407,.T.);
#586=ORIENTED_EDGE('',*,*,#1408,.F.);
#587=ORIENTED_EDGE('',*,*,#1409,.F.);
#588=ORIENTED_EDGE('',*,*,#1410,.F.);
#589=ORIENTED_EDGE('',*,*,#1411,.F.);
#590=ORIENTED_EDGE('',*,*,#1412,.F.);
#591=ORIENTED_EDGE('',*,*,#1413,.F.);
#592=ORIENTED_EDGE('',*,*,#1414,.T.);
#593=ORIENTED_EDGE('',*,*,#1415,.F.);
#594=ORIENTED_EDGE('',*,*,#1416,.F.);
#595=ORIENTED_EDGE('',*,*,#1417,.T.);
#596=ORIENTED_EDGE('',*,*,#1418,.T.);
#597=ORIENTED_EDGE('',*,*,#1419,.T.);
#598=ORIENTED_EDGE('',*,*,#1420,.F.);
#599=ORIENTED_EDGE('',*,*,#1421,.F.);
#600=ORIENTED_EDGE('',*,*,#1422,.F.);
#601=ORIENTED_EDGE('',*,*,#1423,.F.);
#602=ORIENTED_EDGE('',*,*,#1424,.F.);
#603=ORIENTED_EDGE('',*,*,#1425,.F.);
#604=ORIENTED_EDGE('',*,*,#1426,.T.);
#605=ORIENTED_EDGE('',*,*,#1427,.F.);
#606=ORIENTED_EDGE('',*,*,#1428,.F.);
#607=ORIENTED_EDGE('',*,*,#1429,.T.);
#608=ORIENTED_EDGE('',*,*,#1430,.T.);
#609=ORIENTED_EDGE('',*,*,#1431,.T.);
#610=ORIENTED_EDGE('',*,*,#1432,.F.);
#611=ORIENTED_EDGE('',*,*,#1433,.F.);
#612=ORIENTED_EDGE('',*,*,#1434,.F.);
#613=ORIENTED_EDGE('',*,*,#1435,.F.);
#614=ORIENTED_EDGE('',*,*,#1436,.F.);
#615=ORIENTED_EDGE('',*,*,#1437,.F.);
#616=ORIENTED_EDGE('',*,*,#1438,.T.);
#617=ORIENTED_EDGE('',*,*,#1439,.F.);
#618=ORIENTED_EDGE('',*,*,#1440,.F.);
#619=ORIENTED_EDGE('',*,*,#1441,.T.);
#620=ORIENTED_EDGE('',*,*,#1442,.T.);
#621=ORIENTED_EDGE('',*,*,#1443,.T.);
#622=ORIENTED_EDGE('',*,*,#1444,.F.);
#623=ORIENTED_EDGE('',*,*,#1445,.F.);
#624=ORIENTED_EDGE('',*,*,#1446,.F.);
#625=ORIENTED_EDGE('',*,*,#1447,.F.);
#626=ORIENTED_EDGE('',*,*,#1448,.F.);
#627=ORIENTED_EDGE('',*,*,#1449,.F.);
#628=ORIENTED_EDGE('',*,*,#1450,.T.);
#629=ORIENTED_EDGE('',*,*,#1451,.F.);
#630=ORIENTED_EDGE('',*,*,#1452,.F.);
#631=ORIENTED_EDGE('',*,*,#1453,.T.);
#632=ORIENTED_EDGE('',*,*,#1454,.T.);
#633=ORIENTED_EDGE('',*,*,#1455,.T.);
#634=ORIENTED_EDGE('',*,*,#1456,.F.);
#635=ORIENTED_EDGE('',*,*,#1457,.F.);
#636=ORIENTED_EDGE('',*,*,#1458,.F.);
#637=ORIENTED_EDGE('',*,*,#1459,.F.);
#638=ORIENTED_EDGE('',*,*,#1460,.F.);
#639=ORIENTED_EDGE('',*,*,#1461,.F.);
#640=ORIENTED_EDGE('',*,*,#1462,.T.);
#641=ORIENTED_EDGE('',*,*,#1463,.F.);
#642=ORIENTED_EDGE('',*,*,#1464,.F.);
#643=ORIENTED_EDGE('',*,*,#1465,.T.);
#644=ORIENTED_EDGE('',*,*,#1466,.T.);
#645=ORIENTED_EDGE('',*,*,#1467,.T.);
#646=ORIENTED_EDGE('',*,*,#1468,.F.);
#647=ORIENTED_EDGE('',*,*,#1469,.F.);
#648=ORIENTED_EDGE('',*,*,#1470,.F.);
#649=ORIENTED_EDGE('',*,*,#1471,.F.);
#650=ORIENTED_EDGE('',*,*,#1472,.F.);
#651=ORIENTED_EDGE('',*,*,#1473,.F.);
#652=ORIENTED_EDGE('',*,*,#1474,.T.);
#653=ORIENTED_EDGE('',*,*,#1475,.F.);
#654=ORIENTED_EDGE('',*,*,#1476,.F.);
#655=ORIENTED_EDGE('',*,*,#1477,.T.);
#656=ORIENTED_EDGE('',*,*,#1478,.T.);
#657=ORIENTED_EDGE('',*,*,#1479,.T.);
#658=ORIENTED_EDGE('',*,*,#1480,.F.);
#659=ORIENTED_EDGE('',*,*,#1481,.F.);
#660=ORIENTED_EDGE('',*,*,#1482,.F.);
#661=ORIENTED_EDGE('',*,*,#1483,.F.);
#662=ORIENTED_EDGE('',*,*,#1484,.F.);
#663=ORIENTED_EDGE('',*,*,#1485,.F.);
#664=ORIENTED_EDGE('',*,*,#1486,.T.);
#665=ORIENTED_EDGE('',*,*,#1487,.F.);
#666=ORIENTED_EDGE('',*,*,#1488,.F.);
#667=ORIENTED_EDGE('',*,*,#1489,.T.);
#668=ORIENTED_EDGE('',*,*,#1490,.T.);
#669=ORIENTED_EDGE('',*,*,#1491,.T.);
#670=ORIENTED_EDGE('',*,*,#1492,.F.);
#671=ORIENTED_EDGE('',*,*,#1493,.F.);
#672=ORIENTED_EDGE('',*,*,#1494,.F.);
#673=ORIENTED_EDGE('',*,*,#1495,.F.);
#674=ORIENTED_EDGE('',*,*,#1496,.F.);
#675=ORIENTED_EDGE('',*,*,#1497,.F.);
#676=ORIENTED_EDGE('',*,*,#1498,.T.);
#677=ORIENTED_EDGE('',*,*,#1499,.F.);
#678=ORIENTED_EDGE('',*,*,#1500,.F.);
#679=ORIENTED_EDGE('',*,*,#1501,.T.);
#680=ORIENTED_EDGE('',*,*,#1502,.T.);
#681=ORIENTED_EDGE('',*,*,#1503,.T.);
#682=ORIENTED_EDGE('',*,*,#1504,.F.);
#683=ORIENTED_EDGE('',*,*,#1505,.F.);
#684=ORIENTED_EDGE('',*,*,#1506,.F.);
#685=ORIENTED_EDGE('',*,*,#1507,.F.);
#686=ORIENTED_EDGE('',*,*,#1508,.F.);
#687=ORIENTED_EDGE('',*,*,#1509,.F.);
#688=ORIENTED_EDGE('',*,*,#1510,.T.);
#689=ORIENTED_EDGE('',*,*,#1511,.F.);
#690=ORIENTED_EDGE('',*,*,#1512,.F.);
#691=ORIENTED_EDGE('',*,*,#1513,.T.);
#692=ORIENTED_EDGE('',*,*,#1514,.T.);
#693=ORIENTED_EDGE('',*,*,#1515,.T.);
#694=ORIENTED_EDGE('',*,*,#1516,.F.);
#695=ORIENTED_EDGE('',*,*,#1517,.F.);
#696=ORIENTED_EDGE('',*,*,#1518,.F.);
#697=ORIENTED_EDGE('',*,*,#1519,.F.);
#698=ORIENTED_EDGE('',*,*,#1520,.F.);
#699=ORIENTED_EDGE('',*,*,#1521,.F.);
#700=ORIENTED_EDGE('',*,*,#1522,.T.);
#701=ORIENTED_EDGE('',*,*,#1523,.F.);
#702=ORIENTED_EDGE('',*,*,#1524,.F.);
#703=ORIENTED_EDGE('',*,*,#1525,.T.);
#704=ORIENTED_EDGE('',*,*,#1526,.T.);
#705=ORIENTED_EDGE('',*,*,#1527,.T.);
#706=ORIENTED_EDGE('',*,*,#1528,.F.);
#707=ORIENTED_EDGE('',*,*,#1529,.F.);
#708=ORIENTED_EDGE('',*,*,#1530,.F.);
#709=ORIENTED_EDGE('',*,*,#1531,.F.);
#710=ORIENTED_EDGE('',*,*,#1532,.F.);
#711=ORIENTED_EDGE('',*,*,#1533,.F.);
#712=ORIENTED_EDGE('',*,*,#1534,.T.);
#713=ORIENTED_EDGE('',*,*,#1535,.F.);
#714=ORIENTED_EDGE('',*,*,#1536,.F.);
#715=ORIENTED_EDGE('',*,*,#1537,.T.);
#716=ORIENTED_EDGE('',*,*,#1538,.T.);
#717=ORIENTED_EDGE('',*,*,#1539,.T.);
#718=ORIENTED_EDGE('',*,*,#1540,.F.);
#719=ORIENTED_EDGE('',*,*,#1541,.F.);
#720=ORIENTED_EDGE('',*,*,#1542,.F.);
#721=ORIENTED_EDGE('',*,*,#1543,.F.);
#722=ORIENTED_EDGE('',*,*,#1544,.F.);
#723=ORIENTED_EDGE('',*,*,#1545,.F.);
#724=ORIENTED_EDGE('',*,*,#1546,.T.);
#725=ORIENTED_EDGE('',*,*,#1547,.F.);
#726=ORIENTED_EDGE('',*,*,#1548,.F.);
#727=ORIENTED_EDGE('',*,*,#1549,.T.);
#728=ORIENTED_EDGE('',*,*,#1550,.T.);
#729=ORIENTED_EDGE('',*,*,#1551,.T.);
#730=ORIENTED_EDGE('',*,*,#1552,.F.);
#731=ORIENTED_EDGE('',*,*,#1553,.F.);
#732=ORIENTED_EDGE('',*,*,#1554,.F.);
#733=ORIENTED_EDGE('',*,*,#1555,.F.);
#734=ORIENTED_EDGE('',*,*,#1556,.F.);
#735=ORIENTED_EDGE('',*,*,#1557,.F.);
#736=ORIENTED_EDGE('',*,*,#1558,.T.);
#737=ORIENTED_EDGE('',*,*,#1559,.F.);
#738=ORIENTED_EDGE('',*,*,#1560,.F.);
#739=ORIENTED_EDGE('',*,*,#1561,.T.);
#740=ORIENTED_EDGE('',*,*,#1562,.T.);
#741=ORIENTED_EDGE('',*,*,#1563,.T.);
#742=ORIENTED_EDGE('',*,*,#1564,.F.);
#743=ORIENTED_EDGE('',*,*,#1565,.F.);
#744=ORIENTED_EDGE('',*,*,#1566,.F.);
#745=ORIENTED_EDGE('',*,*,#1567,.F.);
#746=ORIENTED_EDGE('',*,*,#1568,.F.);
#747=ORIENTED_EDGE('',*,*,#1569,.F.);
#748=ORIENTED_EDGE('',*,*,#1570,.T.);
#749=ORIENTED_EDGE('',*,*,#1571,.F.);
#750=ORIENTED_EDGE('',*,*,#1572,.F.);
#751=ORIENTED_EDGE('',*,*,#1573,.T.);
#752=ORIENTED_EDGE('',*,*,#1574,.T.);
#753=ORIENTED_EDGE('',*,*,#1575,.T.);
#754=ORIENTED_EDGE('',*,*,#1576,.F.);
#755=ORIENTED_EDGE('',*,*,#1577,.F.);
#756=ORIENTED_EDGE('',*,*,#1578,.F.);
#757=ORIENTED_EDGE('',*,*,#1402,.F.);
#758=ORIENTED_EDGE('',*,*,#1579,.F.);
#759=ORIENTED_EDGE('',*,*,#1567,.T.);
#760=ORIENTED_EDGE('',*,*,#1580,.F.);
#761=ORIENTED_EDGE('',*,*,#1576,.T.);
#762=ORIENTED_EDGE('',*,*,#1581,.T.);
#763=ORIENTED_EDGE('',*,*,#1405,.F.);
#764=ORIENTED_EDGE('',*,*,#1399,.T.);
#765=ORIENTED_EDGE('',*,*,#1582,.T.);
#766=ORIENTED_EDGE('',*,*,#1414,.F.);
#767=ORIENTED_EDGE('',*,*,#1583,.T.);
#768=ORIENTED_EDGE('',*,*,#1417,.F.);
#769=ORIENTED_EDGE('',*,*,#1584,.T.);
#770=ORIENTED_EDGE('',*,*,#1408,.T.);
#771=ORIENTED_EDGE('',*,*,#1585,.F.);
#772=ORIENTED_EDGE('',*,*,#1411,.T.);
#773=ORIENTED_EDGE('',*,*,#1586,.T.);
#774=ORIENTED_EDGE('',*,*,#1426,.F.);
#775=ORIENTED_EDGE('',*,*,#1587,.T.);
#776=ORIENTED_EDGE('',*,*,#1429,.F.);
#777=ORIENTED_EDGE('',*,*,#1588,.T.);
#778=ORIENTED_EDGE('',*,*,#1420,.T.);
#779=ORIENTED_EDGE('',*,*,#1589,.F.);
#780=ORIENTED_EDGE('',*,*,#1423,.T.);
#781=ORIENTED_EDGE('',*,*,#1590,.T.);
#782=ORIENTED_EDGE('',*,*,#1438,.F.);
#783=ORIENTED_EDGE('',*,*,#1591,.T.);
#784=ORIENTED_EDGE('',*,*,#1441,.F.);
#785=ORIENTED_EDGE('',*,*,#1592,.T.);
#786=ORIENTED_EDGE('',*,*,#1432,.T.);
#787=ORIENTED_EDGE('',*,*,#1593,.F.);
#788=ORIENTED_EDGE('',*,*,#1435,.T.);
#789=ORIENTED_EDGE('',*,*,#1594,.T.);
#790=ORIENTED_EDGE('',*,*,#1450,.F.);
#791=ORIENTED_EDGE('',*,*,#1595,.T.);
#792=ORIENTED_EDGE('',*,*,#1453,.F.);
#793=ORIENTED_EDGE('',*,*,#1596,.T.);
#794=ORIENTED_EDGE('',*,*,#1444,.T.);
#795=ORIENTED_EDGE('',*,*,#1597,.F.);
#796=ORIENTED_EDGE('',*,*,#1447,.T.);
#797=ORIENTED_EDGE('',*,*,#1598,.T.);
#798=ORIENTED_EDGE('',*,*,#1462,.F.);
#799=ORIENTED_EDGE('',*,*,#1599,.T.);
#800=ORIENTED_EDGE('',*,*,#1465,.F.);
#801=ORIENTED_EDGE('',*,*,#1600,.T.);
#802=ORIENTED_EDGE('',*,*,#1456,.T.);
#803=ORIENTED_EDGE('',*,*,#1601,.F.);
#804=ORIENTED_EDGE('',*,*,#1459,.T.);
#805=ORIENTED_EDGE('',*,*,#1602,.T.);
#806=ORIENTED_EDGE('',*,*,#1474,.F.);
#807=ORIENTED_EDGE('',*,*,#1603,.T.);
#808=ORIENTED_EDGE('',*,*,#1477,.F.);
#809=ORIENTED_EDGE('',*,*,#1604,.T.);
#810=ORIENTED_EDGE('',*,*,#1468,.T.);
#811=ORIENTED_EDGE('',*,*,#1605,.F.);
#812=ORIENTED_EDGE('',*,*,#1471,.T.);
#813=ORIENTED_EDGE('',*,*,#1606,.T.);
#814=ORIENTED_EDGE('',*,*,#1486,.F.);
#815=ORIENTED_EDGE('',*,*,#1607,.T.);
#816=ORIENTED_EDGE('',*,*,#1489,.F.);
#817=ORIENTED_EDGE('',*,*,#1608,.T.);
#818=ORIENTED_EDGE('',*,*,#1480,.T.);
#819=ORIENTED_EDGE('',*,*,#1609,.F.);
#820=ORIENTED_EDGE('',*,*,#1483,.T.);
#821=ORIENTED_EDGE('',*,*,#1610,.T.);
#822=ORIENTED_EDGE('',*,*,#1498,.F.);
#823=ORIENTED_EDGE('',*,*,#1611,.T.);
#824=ORIENTED_EDGE('',*,*,#1501,.F.);
#825=ORIENTED_EDGE('',*,*,#1612,.T.);
#826=ORIENTED_EDGE('',*,*,#1492,.T.);
#827=ORIENTED_EDGE('',*,*,#1613,.F.);
#828=ORIENTED_EDGE('',*,*,#1495,.T.);
#829=ORIENTED_EDGE('',*,*,#1614,.T.);
#830=ORIENTED_EDGE('',*,*,#1510,.F.);
#831=ORIENTED_EDGE('',*,*,#1615,.T.);
#832=ORIENTED_EDGE('',*,*,#1513,.F.);
#833=ORIENTED_EDGE('',*,*,#1616,.T.);
#834=ORIENTED_EDGE('',*,*,#1504,.T.);
#835=ORIENTED_EDGE('',*,*,#1617,.F.);
#836=ORIENTED_EDGE('',*,*,#1507,.T.);
#837=ORIENTED_EDGE('',*,*,#1618,.T.);
#838=ORIENTED_EDGE('',*,*,#1522,.F.);
#839=ORIENTED_EDGE('',*,*,#1619,.T.);
#840=ORIENTED_EDGE('',*,*,#1525,.F.);
#841=ORIENTED_EDGE('',*,*,#1620,.T.);
#842=ORIENTED_EDGE('',*,*,#1516,.T.);
#843=ORIENTED_EDGE('',*,*,#1621,.F.);
#844=ORIENTED_EDGE('',*,*,#1519,.T.);
#845=ORIENTED_EDGE('',*,*,#1622,.T.);
#846=ORIENTED_EDGE('',*,*,#1534,.F.);
#847=ORIENTED_EDGE('',*,*,#1623,.T.);
#848=ORIENTED_EDGE('',*,*,#1537,.F.);
#849=ORIENTED_EDGE('',*,*,#1624,.T.);
#850=ORIENTED_EDGE('',*,*,#1528,.T.);
#851=ORIENTED_EDGE('',*,*,#1625,.F.);
#852=ORIENTED_EDGE('',*,*,#1531,.T.);
#853=ORIENTED_EDGE('',*,*,#1626,.T.);
#854=ORIENTED_EDGE('',*,*,#1546,.F.);
#855=ORIENTED_EDGE('',*,*,#1627,.T.);
#856=ORIENTED_EDGE('',*,*,#1549,.F.);
#857=ORIENTED_EDGE('',*,*,#1628,.T.);
#858=ORIENTED_EDGE('',*,*,#1540,.T.);
#859=ORIENTED_EDGE('',*,*,#1629,.F.);
#860=ORIENTED_EDGE('',*,*,#1543,.T.);
#861=ORIENTED_EDGE('',*,*,#1630,.T.);
#862=ORIENTED_EDGE('',*,*,#1558,.F.);
#863=ORIENTED_EDGE('',*,*,#1631,.T.);
#864=ORIENTED_EDGE('',*,*,#1561,.F.);
#865=ORIENTED_EDGE('',*,*,#1632,.T.);
#866=ORIENTED_EDGE('',*,*,#1552,.T.);
#867=ORIENTED_EDGE('',*,*,#1633,.F.);
#868=ORIENTED_EDGE('',*,*,#1555,.T.);
#869=ORIENTED_EDGE('',*,*,#1634,.T.);
#870=ORIENTED_EDGE('',*,*,#1570,.F.);
#871=ORIENTED_EDGE('',*,*,#1635,.T.);
#872=ORIENTED_EDGE('',*,*,#1573,.F.);
#873=ORIENTED_EDGE('',*,*,#1636,.T.);
#874=ORIENTED_EDGE('',*,*,#1564,.T.);
#875=ORIENTED_EDGE('',*,*,#1637,.F.);
#876=ORIENTED_EDGE('',*,*,#1638,.F.);
#877=ORIENTED_EDGE('',*,*,#1387,.F.);
#878=ORIENTED_EDGE('',*,*,#1639,.T.);
#879=ORIENTED_EDGE('',*,*,#1640,.F.);
#880=ORIENTED_EDGE('',*,*,#1641,.T.);
#881=ORIENTED_EDGE('',*,*,#1642,.T.);
#882=ORIENTED_EDGE('',*,*,#1643,.T.);
#883=ORIENTED_EDGE('',*,*,#1644,.T.);
#884=ORIENTED_EDGE('',*,*,#1645,.T.);
#885=ORIENTED_EDGE('',*,*,#1646,.T.);
#886=ORIENTED_EDGE('',*,*,#1647,.T.);
#887=ORIENTED_EDGE('',*,*,#1648,.T.);
#888=ORIENTED_EDGE('',*,*,#1649,.T.);
#889=ORIENTED_EDGE('',*,*,#1650,.T.);
#890=ORIENTED_EDGE('',*,*,#1651,.T.);
#891=ORIENTED_EDGE('',*,*,#1652,.T.);
#892=ORIENTED_EDGE('',*,*,#1653,.T.);
#893=ORIENTED_EDGE('',*,*,#1654,.T.);
#894=ORIENTED_EDGE('',*,*,#1655,.T.);
#895=ORIENTED_EDGE('',*,*,#1656,.F.);
#896=ORIENTED_EDGE('',*,*,#1640,.T.);
#897=ORIENTED_EDGE('',*,*,#1657,.F.);
#898=ORIENTED_EDGE('',*,*,#1375,.T.);
#899=ORIENTED_EDGE('',*,*,#1370,.F.);
#900=ORIENTED_EDGE('',*,*,#1658,.F.);
#901=ORIENTED_EDGE('',*,*,#1362,.F.);
#902=ORIENTED_EDGE('',*,*,#1355,.F.);
#903=ORIENTED_EDGE('',*,*,#1659,.F.);
#904=ORIENTED_EDGE('',*,*,#1659,.T.);
#905=ORIENTED_EDGE('',*,*,#1660,.F.);
#906=ORIENTED_EDGE('',*,*,#1661,.F.);
#907=ORIENTED_EDGE('',*,*,#1662,.F.);
#908=ORIENTED_EDGE('',*,*,#1663,.F.);
#909=ORIENTED_EDGE('',*,*,#1664,.F.);
#910=ORIENTED_EDGE('',*,*,#1665,.F.);
#911=ORIENTED_EDGE('',*,*,#1666,.F.);
#912=ORIENTED_EDGE('',*,*,#1667,.F.);
#913=ORIENTED_EDGE('',*,*,#1668,.F.);
#914=ORIENTED_EDGE('',*,*,#1669,.F.);
#915=ORIENTED_EDGE('',*,*,#1670,.F.);
#916=ORIENTED_EDGE('',*,*,#1671,.F.);
#917=ORIENTED_EDGE('',*,*,#1672,.F.);
#918=ORIENTED_EDGE('',*,*,#1673,.F.);
#919=ORIENTED_EDGE('',*,*,#1674,.F.);
#920=ORIENTED_EDGE('',*,*,#1656,.T.);
#921=ORIENTED_EDGE('',*,*,#1639,.F.);
#922=ORIENTED_EDGE('',*,*,#1647,.F.);
#923=ORIENTED_EDGE('',*,*,#1514,.F.);
#924=ORIENTED_EDGE('',*,*,#1617,.T.);
#925=ORIENTED_EDGE('',*,*,#1503,.F.);
#926=ORIENTED_EDGE('',*,*,#1646,.F.);
#927=ORIENTED_EDGE('',*,*,#1526,.F.);
#928=ORIENTED_EDGE('',*,*,#1621,.T.);
#929=ORIENTED_EDGE('',*,*,#1515,.F.);
#930=ORIENTED_EDGE('',*,*,#1645,.F.);
#931=ORIENTED_EDGE('',*,*,#1538,.F.);
#932=ORIENTED_EDGE('',*,*,#1625,.T.);
#933=ORIENTED_EDGE('',*,*,#1527,.F.);
#934=ORIENTED_EDGE('',*,*,#1644,.F.);
#935=ORIENTED_EDGE('',*,*,#1550,.F.);
#936=ORIENTED_EDGE('',*,*,#1629,.T.);
#937=ORIENTED_EDGE('',*,*,#1539,.F.);
#938=ORIENTED_EDGE('',*,*,#1643,.F.);
#939=ORIENTED_EDGE('',*,*,#1562,.F.);
#940=ORIENTED_EDGE('',*,*,#1633,.T.);
#941=ORIENTED_EDGE('',*,*,#1551,.F.);
#942=ORIENTED_EDGE('',*,*,#1642,.F.);
#943=ORIENTED_EDGE('',*,*,#1574,.F.);
#944=ORIENTED_EDGE('',*,*,#1637,.T.);
#945=ORIENTED_EDGE('',*,*,#1563,.F.);
#946=ORIENTED_EDGE('',*,*,#1641,.F.);
#947=ORIENTED_EDGE('',*,*,#1406,.F.);
#948=ORIENTED_EDGE('',*,*,#1581,.F.);
#949=ORIENTED_EDGE('',*,*,#1575,.F.);
#950=ORIENTED_EDGE('',*,*,#1655,.F.);
#951=ORIENTED_EDGE('',*,*,#1418,.F.);
#952=ORIENTED_EDGE('',*,*,#1585,.T.);
#953=ORIENTED_EDGE('',*,*,#1407,.F.);
#954=ORIENTED_EDGE('',*,*,#1654,.F.);
#955=ORIENTED_EDGE('',*,*,#1430,.F.);
#956=ORIENTED_EDGE('',*,*,#1589,.T.);
#957=ORIENTED_EDGE('',*,*,#1419,.F.);
#958=ORIENTED_EDGE('',*,*,#1653,.F.);
#959=ORIENTED_EDGE('',*,*,#1442,.F.);
#960=ORIENTED_EDGE('',*,*,#1593,.T.);
#961=ORIENTED_EDGE('',*,*,#1431,.F.);
#962=ORIENTED_EDGE('',*,*,#1652,.F.);
#963=ORIENTED_EDGE('',*,*,#1454,.F.);
#964=ORIENTED_EDGE('',*,*,#1597,.T.);
#965=ORIENTED_EDGE('',*,*,#1443,.F.);
#966=ORIENTED_EDGE('',*,*,#1651,.F.);
#967=ORIENTED_EDGE('',*,*,#1466,.F.);
#968=ORIENTED_EDGE('',*,*,#1601,.T.);
#969=ORIENTED_EDGE('',*,*,#1455,.F.);
#970=ORIENTED_EDGE('',*,*,#1650,.F.);
#971=ORIENTED_EDGE('',*,*,#1478,.F.);
#972=ORIENTED_EDGE('',*,*,#1605,.T.);
#973=ORIENTED_EDGE('',*,*,#1467,.F.);
#974=ORIENTED_EDGE('',*,*,#1649,.F.);
#975=ORIENTED_EDGE('',*,*,#1490,.F.);
#976=ORIENTED_EDGE('',*,*,#1609,.T.);
#977=ORIENTED_EDGE('',*,*,#1479,.F.);
#978=ORIENTED_EDGE('',*,*,#1648,.F.);
#979=ORIENTED_EDGE('',*,*,#1502,.F.);
#980=ORIENTED_EDGE('',*,*,#1613,.T.);
#981=ORIENTED_EDGE('',*,*,#1491,.F.);
#982=ORIENTED_EDGE('',*,*,#1668,.T.);
#983=ORIENTED_EDGE('',*,*,#1484,.T.);
#984=ORIENTED_EDGE('',*,*,#1611,.F.);
#985=ORIENTED_EDGE('',*,*,#1497,.T.);
#986=ORIENTED_EDGE('',*,*,#1667,.T.);
#987=ORIENTED_EDGE('',*,*,#1472,.T.);
#988=ORIENTED_EDGE('',*,*,#1607,.F.);
#989=ORIENTED_EDGE('',*,*,#1485,.T.);
#990=ORIENTED_EDGE('',*,*,#1666,.T.);
#991=ORIENTED_EDGE('',*,*,#1460,.T.);
#992=ORIENTED_EDGE('',*,*,#1603,.F.);
#993=ORIENTED_EDGE('',*,*,#1473,.T.);
#994=ORIENTED_EDGE('',*,*,#1665,.T.);
#995=ORIENTED_EDGE('',*,*,#1448,.T.);
#996=ORIENTED_EDGE('',*,*,#1599,.F.);
#997=ORIENTED_EDGE('',*,*,#1461,.T.);
#998=ORIENTED_EDGE('',*,*,#1664,.T.);
#999=ORIENTED_EDGE('',*,*,#1436,.T.);
#1000=ORIENTED_EDGE('',*,*,#1595,.F.);
#1001=ORIENTED_EDGE('',*,*,#1449,.T.);
#1002=ORIENTED_EDGE('',*,*,#1663,.T.);
#1003=ORIENTED_EDGE('',*,*,#1424,.T.);
#1004=ORIENTED_EDGE('',*,*,#1591,.F.);
#1005=ORIENTED_EDGE('',*,*,#1437,.T.);
#1006=ORIENTED_EDGE('',*,*,#1662,.T.);
#1007=ORIENTED_EDGE('',*,*,#1412,.T.);
#1008=ORIENTED_EDGE('',*,*,#1587,.F.);
#1009=ORIENTED_EDGE('',*,*,#1425,.T.);
#1010=ORIENTED_EDGE('',*,*,#1661,.T.);
#1011=ORIENTED_EDGE('',*,*,#1400,.T.);
#1012=ORIENTED_EDGE('',*,*,#1583,.F.);
#1013=ORIENTED_EDGE('',*,*,#1413,.T.);
#1014=ORIENTED_EDGE('',*,*,#1660,.T.);
#1015=ORIENTED_EDGE('',*,*,#1568,.T.);
#1016=ORIENTED_EDGE('',*,*,#1579,.T.);
#1017=ORIENTED_EDGE('',*,*,#1401,.T.);
#1018=ORIENTED_EDGE('',*,*,#1674,.T.);
#1019=ORIENTED_EDGE('',*,*,#1556,.T.);
#1020=ORIENTED_EDGE('',*,*,#1635,.F.);
#1021=ORIENTED_EDGE('',*,*,#1569,.T.);
#1022=ORIENTED_EDGE('',*,*,#1673,.T.);
#1023=ORIENTED_EDGE('',*,*,#1544,.T.);
#1024=ORIENTED_EDGE('',*,*,#1631,.F.);
#1025=ORIENTED_EDGE('',*,*,#1557,.T.);
#1026=ORIENTED_EDGE('',*,*,#1672,.T.);
#1027=ORIENTED_EDGE('',*,*,#1532,.T.);
#1028=ORIENTED_EDGE('',*,*,#1627,.F.);
#1029=ORIENTED_EDGE('',*,*,#1545,.T.);
#1030=ORIENTED_EDGE('',*,*,#1671,.T.);
#1031=ORIENTED_EDGE('',*,*,#1520,.T.);
#1032=ORIENTED_EDGE('',*,*,#1623,.F.);
#1033=ORIENTED_EDGE('',*,*,#1533,.T.);
#1034=ORIENTED_EDGE('',*,*,#1670,.T.);
#1035=ORIENTED_EDGE('',*,*,#1508,.T.);
#1036=ORIENTED_EDGE('',*,*,#1619,.F.);
#1037=ORIENTED_EDGE('',*,*,#1521,.T.);
#1038=ORIENTED_EDGE('',*,*,#1669,.T.);
#1039=ORIENTED_EDGE('',*,*,#1496,.T.);
#1040=ORIENTED_EDGE('',*,*,#1615,.F.);
#1041=ORIENTED_EDGE('',*,*,#1509,.T.);
#1042=ORIENTED_EDGE('',*,*,#1675,.T.);
#1043=ORIENTED_EDGE('',*,*,#1565,.T.);
#1044=ORIENTED_EDGE('',*,*,#1636,.F.);
#1045=ORIENTED_EDGE('',*,*,#1572,.T.);
#1046=ORIENTED_EDGE('',*,*,#1634,.F.);
#1047=ORIENTED_EDGE('',*,*,#1554,.T.);
#1048=ORIENTED_EDGE('',*,*,#1675,.F.);
#1049=ORIENTED_EDGE('',*,*,#1571,.T.);
#1050=ORIENTED_EDGE('',*,*,#1676,.T.);
#1051=ORIENTED_EDGE('',*,*,#1553,.T.);
#1052=ORIENTED_EDGE('',*,*,#1632,.F.);
#1053=ORIENTED_EDGE('',*,*,#1560,.T.);
#1054=ORIENTED_EDGE('',*,*,#1630,.F.);
#1055=ORIENTED_EDGE('',*,*,#1542,.T.);
#1056=ORIENTED_EDGE('',*,*,#1676,.F.);
#1057=ORIENTED_EDGE('',*,*,#1559,.T.);
#1058=ORIENTED_EDGE('',*,*,#1677,.T.);
#1059=ORIENTED_EDGE('',*,*,#1541,.T.);
#1060=ORIENTED_EDGE('',*,*,#1628,.F.);
#1061=ORIENTED_EDGE('',*,*,#1548,.T.);
#1062=ORIENTED_EDGE('',*,*,#1626,.F.);
#1063=ORIENTED_EDGE('',*,*,#1530,.T.);
#1064=ORIENTED_EDGE('',*,*,#1677,.F.);
#1065=ORIENTED_EDGE('',*,*,#1547,.T.);
#1066=ORIENTED_EDGE('',*,*,#1678,.T.);
#1067=ORIENTED_EDGE('',*,*,#1529,.T.);
#1068=ORIENTED_EDGE('',*,*,#1624,.F.);
#1069=ORIENTED_EDGE('',*,*,#1536,.T.);
#1070=ORIENTED_EDGE('',*,*,#1622,.F.);
#1071=ORIENTED_EDGE('',*,*,#1518,.T.);
#1072=ORIENTED_EDGE('',*,*,#1678,.F.);
#1073=ORIENTED_EDGE('',*,*,#1535,.T.);
#1074=ORIENTED_EDGE('',*,*,#1679,.T.);
#1075=ORIENTED_EDGE('',*,*,#1517,.T.);
#1076=ORIENTED_EDGE('',*,*,#1620,.F.);
#1077=ORIENTED_EDGE('',*,*,#1524,.T.);
#1078=ORIENTED_EDGE('',*,*,#1618,.F.);
#1079=ORIENTED_EDGE('',*,*,#1506,.T.);
#1080=ORIENTED_EDGE('',*,*,#1679,.F.);
#1081=ORIENTED_EDGE('',*,*,#1523,.T.);
#1082=ORIENTED_EDGE('',*,*,#1680,.T.);
#1083=ORIENTED_EDGE('',*,*,#1505,.T.);
#1084=ORIENTED_EDGE('',*,*,#1616,.F.);
#1085=ORIENTED_EDGE('',*,*,#1512,.T.);
#1086=ORIENTED_EDGE('',*,*,#1614,.F.);
#1087=ORIENTED_EDGE('',*,*,#1494,.T.);
#1088=ORIENTED_EDGE('',*,*,#1680,.F.);
#1089=ORIENTED_EDGE('',*,*,#1511,.T.);
#1090=ORIENTED_EDGE('',*,*,#1681,.T.);
#1091=ORIENTED_EDGE('',*,*,#1493,.T.);
#1092=ORIENTED_EDGE('',*,*,#1612,.F.);
#1093=ORIENTED_EDGE('',*,*,#1500,.T.);
#1094=ORIENTED_EDGE('',*,*,#1681,.F.);
#1095=ORIENTED_EDGE('',*,*,#1499,.T.);
#1096=ORIENTED_EDGE('',*,*,#1610,.F.);
#1097=ORIENTED_EDGE('',*,*,#1482,.T.);
#1098=ORIENTED_EDGE('',*,*,#1682,.T.);
#1099=ORIENTED_EDGE('',*,*,#1481,.T.);
#1100=ORIENTED_EDGE('',*,*,#1608,.F.);
#1101=ORIENTED_EDGE('',*,*,#1488,.T.);
#1102=ORIENTED_EDGE('',*,*,#1682,.F.);
#1103=ORIENTED_EDGE('',*,*,#1487,.T.);
#1104=ORIENTED_EDGE('',*,*,#1606,.F.);
#1105=ORIENTED_EDGE('',*,*,#1470,.T.);
#1106=ORIENTED_EDGE('',*,*,#1683,.T.);
#1107=ORIENTED_EDGE('',*,*,#1469,.T.);
#1108=ORIENTED_EDGE('',*,*,#1604,.F.);
#1109=ORIENTED_EDGE('',*,*,#1476,.T.);
#1110=ORIENTED_EDGE('',*,*,#1683,.F.);
#1111=ORIENTED_EDGE('',*,*,#1475,.T.);
#1112=ORIENTED_EDGE('',*,*,#1602,.F.);
#1113=ORIENTED_EDGE('',*,*,#1458,.T.);
#1114=ORIENTED_EDGE('',*,*,#1684,.T.);
#1115=ORIENTED_EDGE('',*,*,#1457,.T.);
#1116=ORIENTED_EDGE('',*,*,#1600,.F.);
#1117=ORIENTED_EDGE('',*,*,#1464,.T.);
#1118=ORIENTED_EDGE('',*,*,#1684,.F.);
#1119=ORIENTED_EDGE('',*,*,#1463,.T.);
#1120=ORIENTED_EDGE('',*,*,#1598,.F.);
#1121=ORIENTED_EDGE('',*,*,#1446,.T.);
#1122=ORIENTED_EDGE('',*,*,#1596,.F.);
#1123=ORIENTED_EDGE('',*,*,#1452,.T.);
#1124=ORIENTED_EDGE('',*,*,#1685,.T.);
#1125=ORIENTED_EDGE('',*,*,#1445,.T.);
#1126=ORIENTED_EDGE('',*,*,#1685,.F.);
#1127=ORIENTED_EDGE('',*,*,#1451,.T.);
#1128=ORIENTED_EDGE('',*,*,#1594,.F.);
#1129=ORIENTED_EDGE('',*,*,#1434,.T.);
#1130=ORIENTED_EDGE('',*,*,#1592,.F.);
#1131=ORIENTED_EDGE('',*,*,#1440,.T.);
#1132=ORIENTED_EDGE('',*,*,#1686,.T.);
#1133=ORIENTED_EDGE('',*,*,#1433,.T.);
#1134=ORIENTED_EDGE('',*,*,#1686,.F.);
#1135=ORIENTED_EDGE('',*,*,#1439,.T.);
#1136=ORIENTED_EDGE('',*,*,#1590,.F.);
#1137=ORIENTED_EDGE('',*,*,#1422,.T.);
#1138=ORIENTED_EDGE('',*,*,#1588,.F.);
#1139=ORIENTED_EDGE('',*,*,#1428,.T.);
#1140=ORIENTED_EDGE('',*,*,#1687,.T.);
#1141=ORIENTED_EDGE('',*,*,#1421,.T.);
#1142=ORIENTED_EDGE('',*,*,#1687,.F.);
#1143=ORIENTED_EDGE('',*,*,#1427,.T.);
#1144=ORIENTED_EDGE('',*,*,#1586,.F.);
#1145=ORIENTED_EDGE('',*,*,#1410,.T.);
#1146=ORIENTED_EDGE('',*,*,#1584,.F.);
#1147=ORIENTED_EDGE('',*,*,#1416,.T.);
#1148=ORIENTED_EDGE('',*,*,#1688,.T.);
#1149=ORIENTED_EDGE('',*,*,#1409,.T.);
#1150=ORIENTED_EDGE('',*,*,#1688,.F.);
#1151=ORIENTED_EDGE('',*,*,#1415,.T.);
#1152=ORIENTED_EDGE('',*,*,#1582,.F.);
#1153=ORIENTED_EDGE('',*,*,#1398,.T.);
#1154=ORIENTED_EDGE('',*,*,#1689,.F.);
#1155=ORIENTED_EDGE('',*,*,#1403,.T.);
#1156=ORIENTED_EDGE('',*,*,#1578,.T.);
#1157=ORIENTED_EDGE('',*,*,#1566,.T.);
#1158=ORIENTED_EDGE('',*,*,#1580,.T.);
#1159=ORIENTED_EDGE('',*,*,#1404,.T.);
#1160=ORIENTED_EDGE('',*,*,#1689,.T.);
#1161=ORIENTED_EDGE('',*,*,#1577,.T.);
#1162=ORIENTED_EDGE('',*,*,#1690,.T.);
#1163=ORIENTED_EDGE('',*,*,#1319,.T.);
#1164=ORIENTED_EDGE('',*,*,#1341,.F.);
#1165=ORIENTED_EDGE('',*,*,#1382,.F.);
#1166=ORIENTED_EDGE('',*,*,#1381,.T.);
#1167=ORIENTED_EDGE('',*,*,#1691,.T.);
#1168=ORIENTED_EDGE('',*,*,#1320,.F.);
#1169=ORIENTED_EDGE('',*,*,#1690,.F.);
#1170=ORIENTED_EDGE('',*,*,#1692,.F.);
#1171=ORIENTED_EDGE('',*,*,#1395,.T.);
#1172=ORIENTED_EDGE('',*,*,#1376,.F.);
#1173=ORIENTED_EDGE('',*,*,#1349,.F.);
#1174=ORIENTED_EDGE('',*,*,#1353,.F.);
#1175=ORIENTED_EDGE('',*,*,#1345,.F.);
#1176=ORIENTED_EDGE('',*,*,#1321,.T.);
#1177=ORIENTED_EDGE('',*,*,#1691,.F.);
#1178=ORIENTED_EDGE('',*,*,#1380,.F.);
#1179=ORIENTED_EDGE('',*,*,#1693,.F.);
#1180=ORIENTED_EDGE('',*,*,#1397,.F.);
#1181=ORIENTED_EDGE('',*,*,#1694,.T.);
#1182=ORIENTED_EDGE('',*,*,#1695,.T.);
#1183=ORIENTED_EDGE('',*,*,#1394,.T.);
#1184=ORIENTED_EDGE('',*,*,#1696,.T.);
#1185=ORIENTED_EDGE('',*,*,#1323,.F.);
#1186=ORIENTED_EDGE('',*,*,#1344,.T.);
#1187=ORIENTED_EDGE('',*,*,#1352,.T.);
#1188=ORIENTED_EDGE('',*,*,#1347,.T.);
#1189=ORIENTED_EDGE('',*,*,#1378,.T.);
#1190=ORIENTED_EDGE('',*,*,#1697,.T.);
#1191=ORIENTED_EDGE('',*,*,#1324,.T.);
#1192=ORIENTED_EDGE('',*,*,#1696,.F.);
#1193=ORIENTED_EDGE('',*,*,#1393,.F.);
#1194=ORIENTED_EDGE('',*,*,#1392,.T.);
#1195=ORIENTED_EDGE('',*,*,#1339,.T.);
#1196=ORIENTED_EDGE('',*,*,#1325,.F.);
#1197=ORIENTED_EDGE('',*,*,#1697,.F.);
#1198=ORIENTED_EDGE('',*,*,#1342,.T.);
#1199=ORIENTED_EDGE('',*,*,#1317,.T.);
#1200=ORIENTED_EDGE('',*,*,#1698,.F.);
#1201=ORIENTED_EDGE('',*,*,#1383,.F.);
#1202=ORIENTED_EDGE('',*,*,#1698,.T.);
#1203=ORIENTED_EDGE('',*,*,#1316,.T.);
#1204=ORIENTED_EDGE('',*,*,#1359,.F.);
#1205=ORIENTED_EDGE('',*,*,#1699,.F.);
#1206=ORIENTED_EDGE('',*,*,#1384,.F.);
#1207=ORIENTED_EDGE('',*,*,#1699,.T.);
#1208=ORIENTED_EDGE('',*,*,#1358,.F.);
#1209=ORIENTED_EDGE('',*,*,#1700,.F.);
#1210=ORIENTED_EDGE('',*,*,#1385,.F.);
#1211=ORIENTED_EDGE('',*,*,#1388,.T.);
#1212=ORIENTED_EDGE('',*,*,#1638,.T.);
#1213=ORIENTED_EDGE('',*,*,#1386,.T.);
#1214=ORIENTED_EDGE('',*,*,#1700,.T.);
#1215=ORIENTED_EDGE('',*,*,#1368,.T.);
#1216=ORIENTED_EDGE('',*,*,#1701,.F.);
#1217=ORIENTED_EDGE('',*,*,#1389,.T.);
#1218=ORIENTED_EDGE('',*,*,#1701,.T.);
#1219=ORIENTED_EDGE('',*,*,#1367,.T.);
#1220=ORIENTED_EDGE('',*,*,#1702,.F.);
#1221=ORIENTED_EDGE('',*,*,#1390,.T.);
#1222=ORIENTED_EDGE('',*,*,#1702,.T.);
#1223=ORIENTED_EDGE('',*,*,#1366,.T.);
#1224=ORIENTED_EDGE('',*,*,#1328,.F.);
#1225=ORIENTED_EDGE('',*,*,#1703,.F.);
#1226=ORIENTED_EDGE('',*,*,#1391,.T.);
#1227=ORIENTED_EDGE('',*,*,#1703,.T.);
#1228=ORIENTED_EDGE('',*,*,#1327,.F.);
#1229=ORIENTED_EDGE('',*,*,#1338,.F.);
#1230=ORIENTED_EDGE('',*,*,#1693,.T.);
#1231=ORIENTED_EDGE('',*,*,#1379,.T.);
#1232=ORIENTED_EDGE('',*,*,#1695,.F.);
#1233=ORIENTED_EDGE('',*,*,#1704,.F.);
#1234=ORIENTED_EDGE('',*,*,#1692,.T.);
#1235=ORIENTED_EDGE('',*,*,#1704,.T.);
#1236=ORIENTED_EDGE('',*,*,#1694,.F.);
#1237=ORIENTED_EDGE('',*,*,#1396,.F.);
#1238=ORIENTED_EDGE('',*,*,#1332,.F.);
#1239=ORIENTED_EDGE('',*,*,#1303,.T.);
#1240=ORIENTED_EDGE('',*,*,#1705,.F.);
#1241=ORIENTED_EDGE('',*,*,#1363,.F.);
#1242=ORIENTED_EDGE('',*,*,#1658,.T.);
#1243=ORIENTED_EDGE('',*,*,#1369,.T.);
#1244=ORIENTED_EDGE('',*,*,#1335,.F.);
#1245=ORIENTED_EDGE('',*,*,#1294,.T.);
#1246=ORIENTED_EDGE('',*,*,#1706,.F.);
#1247=ORIENTED_EDGE('',*,*,#1373,.T.);
#1248=ORIENTED_EDGE('',*,*,#1657,.T.);
#1249=ORIENTED_EDGE('',*,*,#1354,.F.);
#1250=ORIENTED_EDGE('',*,*,#1707,.F.);
#1251=ORIENTED_EDGE('',*,*,#1290,.T.);
#1252=ORIENTED_EDGE('',*,*,#1372,.T.);
#1253=ORIENTED_EDGE('',*,*,#1374,.F.);
#1254=ORIENTED_EDGE('',*,*,#1706,.T.);
#1255=ORIENTED_EDGE('',*,*,#1293,.F.);
#1256=ORIENTED_EDGE('',*,*,#1708,.F.);
#1257=ORIENTED_EDGE('',*,*,#1307,.T.);
#1258=ORIENTED_EDGE('',*,*,#1357,.T.);
#1259=ORIENTED_EDGE('',*,*,#1361,.T.);
#1260=ORIENTED_EDGE('',*,*,#1310,.F.);
#1261=ORIENTED_EDGE('',*,*,#1709,.F.);
#1262=ORIENTED_EDGE('',*,*,#1299,.T.);
#1263=ORIENTED_EDGE('',*,*,#1364,.T.);
#1264=ORIENTED_EDGE('',*,*,#1705,.T.);
#1265=ORIENTED_EDGE('',*,*,#1302,.F.);
#1266=ORIENTED_EDGE('',*,*,#1710,.T.);
#1267=ORIENTED_EDGE('',*,*,#1330,.T.);
#1268=ORIENTED_EDGE('',*,*,#1365,.T.);
#1269=ORIENTED_EDGE('',*,*,#1297,.T.);
#1270=ORIENTED_EDGE('',*,*,#1360,.F.);
#1271=ORIENTED_EDGE('',*,*,#1314,.F.);
#1272=ORIENTED_EDGE('',*,*,#1312,.F.);
#1273=ORIENTED_EDGE('',*,*,#1331,.T.);
#1274=ORIENTED_EDGE('',*,*,#1287,.T.);
#1275=ORIENTED_EDGE('',*,*,#1707,.T.);
#1276=ORIENTED_EDGE('',*,*,#1301,.F.);
#1277=ORIENTED_EDGE('',*,*,#1292,.F.);
#1278=ORIENTED_EDGE('',*,*,#1334,.T.);
#1279=ORIENTED_EDGE('',*,*,#1304,.T.);
#1280=ORIENTED_EDGE('',*,*,#1708,.T.);
#1281=ORIENTED_EDGE('',*,*,#1313,.T.);
#1282=ORIENTED_EDGE('',*,*,#1295,.T.);
#1283=ORIENTED_EDGE('',*,*,#1709,.T.);
#1284=ORIENTED_EDGE('',*,*,#1309,.F.);
#1285=ORIENTED_EDGE('',*,*,#1710,.F.);
#1286=ORIENTED_EDGE('',*,*,#1337,.F.);
#1287=EDGE_CURVE('',#1711,#1712,#1971,.F.);
#1288=EDGE_CURVE('',#1711,#1713,#1972,.T.);
#1289=EDGE_CURVE('',#1713,#1714,#326,.T.);
#1290=EDGE_CURVE('',#1712,#1714,#1973,.T.);
#1291=EDGE_CURVE('',#1715,#1716,#1974,.T.);
#1292=EDGE_CURVE('',#1715,#1717,#1975,.F.);
#1293=EDGE_CURVE('',#1717,#1718,#1976,.T.);
#1294=EDGE_CURVE('',#1716,#1718,#327,.T.);
#1295=EDGE_CURVE('',#1719,#1720,#1977,.F.);
#1296=EDGE_CURVE('',#1719,#1721,#1978,.T.);
#1297=EDGE_CURVE('',#1722,#1721,#1979,.T.);
#1298=EDGE_CURVE('',#1722,#1723,#328,.T.);
#1299=EDGE_CURVE('',#1720,#1723,#1980,.T.);
#1300=EDGE_CURVE('',#1724,#1725,#1981,.T.);
#1301=EDGE_CURVE('',#1724,#1726,#1982,.F.);
#1302=EDGE_CURVE('',#1726,#1727,#1983,.T.);
#1303=EDGE_CURVE('',#1725,#1727,#1984,.T.);
#1304=EDGE_CURVE('',#1728,#1729,#1985,.F.);
#1305=EDGE_CURVE('',#1728,#1730,#1986,.T.);
#1306=EDGE_CURVE('',#1730,#1731,#1987,.T.);
#1307=EDGE_CURVE('',#1729,#1731,#1988,.T.);
#1308=EDGE_CURVE('',#1732,#1733,#1989,.T.);
#1309=EDGE_CURVE('',#1732,#1734,#1990,.F.);
#1310=EDGE_CURVE('',#1734,#1735,#1991,.T.);
#1311=EDGE_CURVE('',#1736,#1735,#329,.T.);
#1312=EDGE_CURVE('',#1736,#1733,#1992,.T.);
#1313=EDGE_CURVE('',#1732,#1719,#135,.T.);
#1314=EDGE_CURVE('',#1733,#1737,#1993,.T.);
#1315=EDGE_CURVE('',#1737,#1738,#136,.T.);
#1316=EDGE_CURVE('',#1739,#1738,#1994,.T.);
#1317=EDGE_CURVE('',#1740,#1739,#137,.F.);
#1318=EDGE_CURVE('',#1740,#1741,#138,.T.);
#1319=EDGE_CURVE('',#1742,#1741,#139,.F.);
#1320=EDGE_CURVE('',#1742,#1743,#140,.F.);
#1321=EDGE_CURVE('',#1744,#1743,#141,.F.);
#1322=EDGE_CURVE('',#1744,#1745,#142,.T.);
#1323=EDGE_CURVE('',#1745,#1746,#143,.T.);
#1324=EDGE_CURVE('',#1747,#1746,#144,.T.);
#1325=EDGE_CURVE('',#1747,#1748,#145,.T.);
#1326=EDGE_CURVE('',#1748,#1749,#146,.T.);
#1327=EDGE_CURVE('',#1749,#1750,#147,.T.);
#1328=EDGE_CURVE('',#1750,#1751,#1995,.T.);
#1329=EDGE_CURVE('',#1751,#1752,#148,.T.);
#1330=EDGE_CURVE('',#1721,#1752,#1996,.T.);
#1331=EDGE_CURVE('',#1724,#1711,#149,.T.);
#1332=EDGE_CURVE('',#1725,#1753,#1997,.T.);
#1333=EDGE_CURVE('',#1753,#1713,#150,.T.);
#1334=EDGE_CURVE('',#1715,#1728,#151,.T.);
#1335=EDGE_CURVE('',#1716,#1754,#152,.T.);
#1336=EDGE_CURVE('',#1754,#1730,#1998,.T.);
#1337=EDGE_CURVE('',#1755,#1755,#153,.T.);
#1338=EDGE_CURVE('',#1756,#1749,#1999,.T.);
#1339=EDGE_CURVE('',#1757,#1748,#2000,.T.);
#1340=EDGE_CURVE('',#1757,#1756,#154,.T.);
#1341=EDGE_CURVE('',#1758,#1741,#2001,.T.);
#1342=EDGE_CURVE('',#1759,#1740,#2002,.T.);
#1343=EDGE_CURVE('',#1759,#1758,#155,.T.);
#1344=EDGE_CURVE('',#1745,#1760,#2003,.T.);
#1345=EDGE_CURVE('',#1744,#1761,#2004,.T.);
#1346=EDGE_CURVE('',#1761,#1760,#330,.T.);
#1347=EDGE_CURVE('',#1762,#1763,#2005,.T.);
#1348=EDGE_CURVE('',#1762,#1764,#331,.T.);
#1349=EDGE_CURVE('',#1764,#1765,#2006,.T.);
#1350=EDGE_CURVE('',#1765,#1763,#156,.T.);
#1351=EDGE_CURVE('',#1766,#1766,#332,.T.);
#1352=EDGE_CURVE('',#1760,#1762,#333,.T.);
#1353=EDGE_CURVE('',#1761,#1764,#334,.T.);
#1354=EDGE_CURVE('',#1754,#1767,#335,.T.);
#1355=EDGE_CURVE('',#1767,#1768,#50,.F.);
#1356=EDGE_CURVE('',#1768,#1769,#2007,.T.);
#1357=EDGE_CURVE('',#1731,#1769,#2008,.T.);
#1358=EDGE_CURVE('',#1770,#1771,#336,.T.);
#1359=EDGE_CURVE('',#1771,#1738,#337,.T.);
#1360=EDGE_CURVE('',#1737,#1736,#338,.T.);
#1361=EDGE_CURVE('',#1769,#1735,#157,.T.);
#1362=EDGE_CURVE('',#1768,#1772,#158,.T.);
#1363=EDGE_CURVE('',#1772,#1773,#2009,.T.);
#1364=EDGE_CURVE('',#1723,#1773,#159,.T.);
#1365=EDGE_CURVE('',#1752,#1722,#339,.T.);
#1366=EDGE_CURVE('',#1774,#1751,#340,.T.);
#1367=EDGE_CURVE('',#1775,#1774,#341,.T.);
#1368=EDGE_CURVE('',#1770,#1775,#342,.T.);
#1369=EDGE_CURVE('',#1776,#1753,#343,.T.);
#1370=EDGE_CURVE('',#1776,#1777,#160,.T.);
#1371=EDGE_CURVE('',#1777,#1778,#344,.T.);
#1372=EDGE_CURVE('',#1714,#1778,#161,.T.);
#1373=EDGE_CURVE('',#1779,#1780,#345,.T.);
#1374=EDGE_CURVE('',#1779,#1778,#346,.T.);
#1375=EDGE_CURVE('',#1780,#1777,#347,.T.);
#1376=EDGE_CURVE('',#1765,#1781,#162,.T.);
#1377=EDGE_CURVE('',#1782,#1781,#2010,.T.);
#1378=EDGE_CURVE('',#1763,#1782,#163,.T.);
#1379=EDGE_CURVE('',#1783,#1784,#164,.T.);
#1380=EDGE_CURVE('',#1783,#1785,#165,.T.);
#1381=EDGE_CURVE('',#1786,#1785,#166,.T.);
#1382=EDGE_CURVE('',#1786,#1758,#167,.T.);
#1383=EDGE_CURVE('',#1759,#1787,#168,.T.);
#1384=EDGE_CURVE('',#1787,#1788,#2011,.T.);
#1385=EDGE_CURVE('',#1788,#1789,#169,.T.);
#1386=EDGE_CURVE('',#1790,#1789,#170,.T.);
#1387=EDGE_CURVE('',#1790,#1791,#171,.T.);
#1388=EDGE_CURVE('',#1792,#1791,#172,.T.);
#1389=EDGE_CURVE('',#1793,#1792,#173,.F.);
#1390=EDGE_CURVE('',#1794,#1793,#2012,.T.);
#1391=EDGE_CURVE('',#1756,#1794,#174,.F.);
#1392=EDGE_CURVE('',#1795,#1757,#175,.F.);
#1393=EDGE_CURVE('',#1795,#1796,#176,.F.);
#1394=EDGE_CURVE('',#1784,#1796,#177,.F.);
#1395=EDGE_CURVE('',#1797,#1781,#2013,.T.);
#1396=EDGE_CURVE('',#1797,#1798,#2014,.T.);
#1397=EDGE_CURVE('',#1798,#1782,#2015,.T.);
#1398=EDGE_CURVE('',#1799,#1800,#348,.T.);
#1399=EDGE_CURVE('',#1801,#1799,#2016,.T.);
#1400=EDGE_CURVE('',#1802,#1801,#178,.T.);
#1401=EDGE_CURVE('',#1803,#1802,#179,.T.);
#1402=EDGE_CURVE('',#1803,#1804,#2017,.T.);
#1403=EDGE_CURVE('',#1800,#1804,#349,.T.);
#1404=EDGE_CURVE('',#1805,#1800,#350,.T.);
#1405=EDGE_CURVE('',#1805,#1806,#2018,.T.);
#1406=EDGE_CURVE('',#1806,#1807,#180,.T.);
#1407=EDGE_CURVE('',#1807,#1808,#181,.T.);
#1408=EDGE_CURVE('',#1809,#1808,#2019,.T.);
#1409=EDGE_CURVE('',#1800,#1809,#351,.T.);
#1410=EDGE_CURVE('',#1810,#1811,#352,.T.);
#1411=EDGE_CURVE('',#1812,#1810,#2020,.T.);
#1412=EDGE_CURVE('',#1813,#1812,#182,.T.);
#1413=EDGE_CURVE('',#1814,#1813,#183,.T.);
#1414=EDGE_CURVE('',#1814,#1815,#2021,.T.);
#1415=EDGE_CURVE('',#1811,#1815,#353,.T.);
#1416=EDGE_CURVE('',#1816,#1811,#354,.T.);
#1417=EDGE_CURVE('',#1816,#1817,#2022,.T.);
#1418=EDGE_CURVE('',#1817,#1818,#184,.T.);
#1419=EDGE_CURVE('',#1818,#1819,#185,.T.);
#1420=EDGE_CURVE('',#1820,#1819,#2023,.T.);
#1421=EDGE_CURVE('',#1811,#1820,#355,.T.);
#1422=EDGE_CURVE('',#1821,#1822,#356,.T.);
#1423=EDGE_CURVE('',#1823,#1821,#2024,.T.);
#1424=EDGE_CURVE('',#1824,#1823,#186,.T.);
#1425=EDGE_CURVE('',#1825,#1824,#187,.T.);
#1426=EDGE_CURVE('',#1825,#1826,#2025,.T.);
#1427=EDGE_CURVE('',#1822,#1826,#357,.T.);
#1428=EDGE_CURVE('',#1827,#1822,#358,.T.);
#1429=EDGE_CURVE('',#1827,#1828,#2026,.T.);
#1430=EDGE_CURVE('',#1828,#1829,#188,.T.);
#1431=EDGE_CURVE('',#1829,#1830,#189,.T.);
#1432=EDGE_CURVE('',#1831,#1830,#2027,.T.);
#1433=EDGE_CURVE('',#1822,#1831,#359,.T.);
#1434=EDGE_CURVE('',#1832,#1833,#360,.T.);
#1435=EDGE_CURVE('',#1834,#1832,#2028,.T.);
#1436=EDGE_CURVE('',#1835,#1834,#190,.T.);
#1437=EDGE_CURVE('',#1836,#1835,#191,.T.);
#1438=EDGE_CURVE('',#1836,#1837,#2029,.T.);
#1439=EDGE_CURVE('',#1833,#1837,#361,.T.);
#1440=EDGE_CURVE('',#1838,#1833,#362,.T.);
#1441=EDGE_CURVE('',#1838,#1839,#2030,.T.);
#1442=EDGE_CURVE('',#1839,#1840,#192,.T.);
#1443=EDGE_CURVE('',#1840,#1841,#193,.T.);
#1444=EDGE_CURVE('',#1842,#1841,#2031,.T.);
#1445=EDGE_CURVE('',#1833,#1842,#363,.T.);
#1446=EDGE_CURVE('',#1843,#1844,#364,.T.);
#1447=EDGE_CURVE('',#1845,#1843,#2032,.T.);
#1448=EDGE_CURVE('',#1846,#1845,#194,.T.);
#1449=EDGE_CURVE('',#1847,#1846,#195,.T.);
#1450=EDGE_CURVE('',#1847,#1848,#2033,.T.);
#1451=EDGE_CURVE('',#1844,#1848,#365,.T.);
#1452=EDGE_CURVE('',#1849,#1844,#366,.T.);
#1453=EDGE_CURVE('',#1849,#1850,#2034,.T.);
#1454=EDGE_CURVE('',#1850,#1851,#196,.T.);
#1455=EDGE_CURVE('',#1851,#1852,#197,.T.);
#1456=EDGE_CURVE('',#1853,#1852,#2035,.T.);
#1457=EDGE_CURVE('',#1844,#1853,#367,.T.);
#1458=EDGE_CURVE('',#1854,#1855,#368,.T.);
#1459=EDGE_CURVE('',#1856,#1854,#2036,.T.);
#1460=EDGE_CURVE('',#1857,#1856,#198,.T.);
#1461=EDGE_CURVE('',#1858,#1857,#199,.T.);
#1462=EDGE_CURVE('',#1858,#1859,#2037,.T.);
#1463=EDGE_CURVE('',#1855,#1859,#369,.T.);
#1464=EDGE_CURVE('',#1860,#1855,#370,.F.);
#1465=EDGE_CURVE('',#1860,#1861,#2038,.T.);
#1466=EDGE_CURVE('',#1861,#1862,#200,.T.);
#1467=EDGE_CURVE('',#1862,#1863,#201,.T.);
#1468=EDGE_CURVE('',#1864,#1863,#2039,.T.);
#1469=EDGE_CURVE('',#1855,#1864,#371,.F.);
#1470=EDGE_CURVE('',#1865,#1866,#372,.T.);
#1471=EDGE_CURVE('',#1867,#1865,#2040,.T.);
#1472=EDGE_CURVE('',#1868,#1867,#202,.T.);
#1473=EDGE_CURVE('',#1869,#1868,#203,.T.);
#1474=EDGE_CURVE('',#1869,#1870,#2041,.T.);
#1475=EDGE_CURVE('',#1866,#1870,#373,.T.);
#1476=EDGE_CURVE('',#1871,#1866,#374,.T.);
#1477=EDGE_CURVE('',#1871,#1872,#2042,.T.);
#1478=EDGE_CURVE('',#1872,#1873,#204,.T.);
#1479=EDGE_CURVE('',#1873,#1874,#205,.T.);
#1480=EDGE_CURVE('',#1875,#1874,#2043,.T.);
#1481=EDGE_CURVE('',#1866,#1875,#375,.T.);
#1482=EDGE_CURVE('',#1876,#1877,#376,.T.);
#1483=EDGE_CURVE('',#1878,#1876,#2044,.T.);
#1484=EDGE_CURVE('',#1879,#1878,#206,.T.);
#1485=EDGE_CURVE('',#1880,#1879,#207,.T.);
#1486=EDGE_CURVE('',#1880,#1881,#2045,.T.);
#1487=EDGE_CURVE('',#1877,#1881,#377,.T.);
#1488=EDGE_CURVE('',#1882,#1877,#378,.T.);
#1489=EDGE_CURVE('',#1882,#1883,#2046,.T.);
#1490=EDGE_CURVE('',#1883,#1884,#208,.T.);
#1491=EDGE_CURVE('',#1884,#1885,#209,.T.);
#1492=EDGE_CURVE('',#1886,#1885,#2047,.T.);
#1493=EDGE_CURVE('',#1877,#1886,#379,.T.);
#1494=EDGE_CURVE('',#1887,#1888,#380,.T.);
#1495=EDGE_CURVE('',#1889,#1887,#2048,.T.);
#1496=EDGE_CURVE('',#1890,#1889,#210,.T.);
#1497=EDGE_CURVE('',#1891,#1890,#211,.T.);
#1498=EDGE_CURVE('',#1891,#1892,#2049,.T.);
#1499=EDGE_CURVE('',#1888,#1892,#381,.T.);
#1500=EDGE_CURVE('',#1893,#1888,#382,.T.);
#1501=EDGE_CURVE('',#1893,#1894,#2050,.T.);
#1502=EDGE_CURVE('',#1894,#1895,#212,.T.);
#1503=EDGE_CURVE('',#1895,#1896,#213,.T.);
#1504=EDGE_CURVE('',#1897,#1896,#2051,.T.);
#1505=EDGE_CURVE('',#1888,#1897,#383,.T.);
#1506=EDGE_CURVE('',#1898,#1899,#384,.T.);
#1507=EDGE_CURVE('',#1900,#1898,#2052,.T.);
#1508=EDGE_CURVE('',#1901,#1900,#214,.T.);
#1509=EDGE_CURVE('',#1902,#1901,#215,.T.);
#1510=EDGE_CURVE('',#1902,#1903,#2053,.T.);
#1511=EDGE_CURVE('',#1899,#1903,#385,.T.);
#1512=EDGE_CURVE('',#1904,#1899,#386,.T.);
#1513=EDGE_CURVE('',#1904,#1905,#2054,.T.);
#1514=EDGE_CURVE('',#1905,#1906,#216,.T.);
#1515=EDGE_CURVE('',#1906,#1907,#217,.T.);
#1516=EDGE_CURVE('',#1908,#1907,#2055,.T.);
#1517=EDGE_CURVE('',#1899,#1908,#387,.T.);
#1518=EDGE_CURVE('',#1909,#1910,#388,.T.);
#1519=EDGE_CURVE('',#1911,#1909,#2056,.T.);
#1520=EDGE_CURVE('',#1912,#1911,#218,.T.);
#1521=EDGE_CURVE('',#1913,#1912,#219,.T.);
#1522=EDGE_CURVE('',#1913,#1914,#2057,.T.);
#1523=EDGE_CURVE('',#1910,#1914,#389,.T.);
#1524=EDGE_CURVE('',#1915,#1910,#390,.T.);
#1525=EDGE_CURVE('',#1915,#1916,#2058,.T.);
#1526=EDGE_CURVE('',#1916,#1917,#220,.T.);
#1527=EDGE_CURVE('',#1917,#1918,#221,.T.);
#1528=EDGE_CURVE('',#1919,#1918,#2059,.T.);
#1529=EDGE_CURVE('',#1910,#1919,#391,.T.);
#1530=EDGE_CURVE('',#1920,#1921,#392,.F.);
#1531=EDGE_CURVE('',#1922,#1920,#2060,.T.);
#1532=EDGE_CURVE('',#1923,#1922,#222,.T.);
#1533=EDGE_CURVE('',#1924,#1923,#223,.T.);
#1534=EDGE_CURVE('',#1924,#1925,#2061,.T.);
#1535=EDGE_CURVE('',#1921,#1925,#393,.F.);
#1536=EDGE_CURVE('',#1926,#1921,#394,.T.);
#1537=EDGE_CURVE('',#1926,#1927,#2062,.T.);
#1538=EDGE_CURVE('',#1927,#1928,#224,.T.);
#1539=EDGE_CURVE('',#1928,#1929,#225,.T.);
#1540=EDGE_CURVE('',#1930,#1929,#2063,.T.);
#1541=EDGE_CURVE('',#1921,#1930,#395,.T.);
#1542=EDGE_CURVE('',#1931,#1932,#396,.T.);
#1543=EDGE_CURVE('',#1933,#1931,#2064,.T.);
#1544=EDGE_CURVE('',#1934,#1933,#226,.T.);
#1545=EDGE_CURVE('',#1935,#1934,#227,.T.);
#1546=EDGE_CURVE('',#1935,#1936,#2065,.T.);
#1547=EDGE_CURVE('',#1932,#1936,#397,.T.);
#1548=EDGE_CURVE('',#1937,#1932,#398,.T.);
#1549=EDGE_CURVE('',#1937,#1938,#2066,.T.);
#1550=EDGE_CURVE('',#1938,#1939,#228,.T.);
#1551=EDGE_CURVE('',#1939,#1940,#229,.T.);
#1552=EDGE_CURVE('',#1941,#1940,#2067,.T.);
#1553=EDGE_CURVE('',#1932,#1941,#399,.T.);
#1554=EDGE_CURVE('',#1942,#1943,#400,.T.);
#1555=EDGE_CURVE('',#1944,#1942,#2068,.T.);
#1556=EDGE_CURVE('',#1945,#1944,#230,.T.);
#1557=EDGE_CURVE('',#1946,#1945,#231,.T.);
#1558=EDGE_CURVE('',#1946,#1947,#2069,.T.);
#1559=EDGE_CURVE('',#1943,#1947,#401,.T.);
#1560=EDGE_CURVE('',#1948,#1943,#402,.T.);
#1561=EDGE_CURVE('',#1948,#1949,#2070,.T.);
#1562=EDGE_CURVE('',#1949,#1950,#232,.T.);
#1563=EDGE_CURVE('',#1950,#1951,#233,.T.);
#1564=EDGE_CURVE('',#1952,#1951,#2071,.T.);
#1565=EDGE_CURVE('',#1943,#1952,#403,.T.);
#1566=EDGE_CURVE('',#1953,#1954,#404,.T.);
#1567=EDGE_CURVE('',#1955,#1953,#2072,.T.);
#1568=EDGE_CURVE('',#1956,#1955,#234,.T.);
#1569=EDGE_CURVE('',#1957,#1956,#235,.T.);
#1570=EDGE_CURVE('',#1957,#1958,#2073,.T.);
#1571=EDGE_CURVE('',#1954,#1958,#405,.T.);
#1572=EDGE_CURVE('',#1959,#1954,#406,.T.);
#1573=EDGE_CURVE('',#1959,#1960,#2074,.T.);
#1574=EDGE_CURVE('',#1960,#1961,#236,.T.);
#1575=EDGE_CURVE('',#1961,#1962,#237,.T.);
#1576=EDGE_CURVE('',#1963,#1962,#2075,.T.);
#1577=EDGE_CURVE('',#1954,#1963,#407,.T.);
#1578=EDGE_CURVE('',#1804,#1953,#408,.T.);
#1579=EDGE_CURVE('',#1955,#1803,#238,.F.);
#1580=EDGE_CURVE('',#1963,#1805,#409,.T.);
#1581=EDGE_CURVE('',#1962,#1806,#239,.T.);
#1582=EDGE_CURVE('',#1799,#1815,#410,.T.);
#1583=EDGE_CURVE('',#1814,#1801,#240,.T.);
#1584=EDGE_CURVE('',#1816,#1809,#411,.T.);
#1585=EDGE_CURVE('',#1817,#1808,#241,.T.);
#1586=EDGE_CURVE('',#1810,#1826,#412,.T.);
#1587=EDGE_CURVE('',#1825,#1812,#242,.T.);
#1588=EDGE_CURVE('',#1827,#1820,#413,.T.);
#1589=EDGE_CURVE('',#1828,#1819,#243,.T.);
#1590=EDGE_CURVE('',#1821,#1837,#414,.T.);
#1591=EDGE_CURVE('',#1836,#1823,#244,.T.);
#1592=EDGE_CURVE('',#1838,#1831,#415,.T.);
#1593=EDGE_CURVE('',#1839,#1830,#245,.T.);
#1594=EDGE_CURVE('',#1832,#1848,#416,.T.);
#1595=EDGE_CURVE('',#1847,#1834,#246,.T.);
#1596=EDGE_CURVE('',#1849,#1842,#417,.T.);
#1597=EDGE_CURVE('',#1850,#1841,#247,.T.);
#1598=EDGE_CURVE('',#1843,#1859,#418,.T.);
#1599=EDGE_CURVE('',#1858,#1845,#248,.T.);
#1600=EDGE_CURVE('',#1860,#1853,#419,.T.);
#1601=EDGE_CURVE('',#1861,#1852,#249,.T.);
#1602=EDGE_CURVE('',#1854,#1870,#420,.T.);
#1603=EDGE_CURVE('',#1869,#1856,#250,.T.);
#1604=EDGE_CURVE('',#1871,#1864,#421,.T.);
#1605=EDGE_CURVE('',#1872,#1863,#251,.T.);
#1606=EDGE_CURVE('',#1865,#1881,#422,.T.);
#1607=EDGE_CURVE('',#1880,#1867,#252,.T.);
#1608=EDGE_CURVE('',#1882,#1875,#423,.T.);
#1609=EDGE_CURVE('',#1883,#1874,#253,.T.);
#1610=EDGE_CURVE('',#1876,#1892,#424,.T.);
#1611=EDGE_CURVE('',#1891,#1878,#254,.T.);
#1612=EDGE_CURVE('',#1893,#1886,#425,.T.);
#1613=EDGE_CURVE('',#1894,#1885,#255,.T.);
#1614=EDGE_CURVE('',#1887,#1903,#426,.T.);
#1615=EDGE_CURVE('',#1902,#1889,#256,.T.);
#1616=EDGE_CURVE('',#1904,#1897,#427,.T.);
#1617=EDGE_CURVE('',#1905,#1896,#257,.T.);
#1618=EDGE_CURVE('',#1898,#1914,#428,.T.);
#1619=EDGE_CURVE('',#1913,#1900,#258,.T.);
#1620=EDGE_CURVE('',#1915,#1908,#429,.T.);
#1621=EDGE_CURVE('',#1916,#1907,#259,.T.);
#1622=EDGE_CURVE('',#1909,#1925,#430,.T.);
#1623=EDGE_CURVE('',#1924,#1911,#260,.T.);
#1624=EDGE_CURVE('',#1926,#1919,#431,.T.);
#1625=EDGE_CURVE('',#1927,#1918,#261,.T.);
#1626=EDGE_CURVE('',#1920,#1936,#432,.T.);
#1627=EDGE_CURVE('',#1935,#1922,#262,.T.);
#1628=EDGE_CURVE('',#1937,#1930,#433,.T.);
#1629=EDGE_CURVE('',#1938,#1929,#263,.T.);
#1630=EDGE_CURVE('',#1931,#1947,#434,.T.);
#1631=EDGE_CURVE('',#1946,#1933,#264,.T.);
#1632=EDGE_CURVE('',#1948,#1941,#435,.T.);
#1633=EDGE_CURVE('',#1949,#1940,#265,.T.);
#1634=EDGE_CURVE('',#1942,#1958,#436,.T.);
#1635=EDGE_CURVE('',#1957,#1944,#266,.T.);
#1636=EDGE_CURVE('',#1959,#1952,#437,.T.);
#1637=EDGE_CURVE('',#1960,#1951,#267,.T.);
#1638=EDGE_CURVE('',#1791,#1790,#438,.T.);
#1639=EDGE_CURVE('',#1964,#1964,#268,.T.);
#1640=EDGE_CURVE('',#1965,#1965,#269,.T.);
#1641=EDGE_CURVE('',#1807,#1961,#270,.T.);
#1642=EDGE_CURVE('',#1961,#1950,#271,.T.);
#1643=EDGE_CURVE('',#1950,#1939,#272,.T.);
#1644=EDGE_CURVE('',#1939,#1928,#273,.T.);
#1645=EDGE_CURVE('',#1928,#1917,#274,.T.);
#1646=EDGE_CURVE('',#1917,#1906,#275,.T.);
#1647=EDGE_CURVE('',#1906,#1895,#276,.T.);
#1648=EDGE_CURVE('',#1895,#1884,#277,.T.);
#1649=EDGE_CURVE('',#1884,#1873,#278,.T.);
#1650=EDGE_CURVE('',#1873,#1862,#279,.T.);
#1651=EDGE_CURVE('',#1862,#1851,#280,.T.);
#1652=EDGE_CURVE('',#1851,#1840,#281,.T.);
#1653=EDGE_CURVE('',#1840,#1829,#282,.T.);
#1654=EDGE_CURVE('',#1829,#1818,#283,.T.);
#1655=EDGE_CURVE('',#1818,#1807,#284,.T.);
#1656=EDGE_CURVE('',#1966,#1966,#285,.T.);
#1657=EDGE_CURVE('',#1780,#1767,#286,.T.);
#1658=EDGE_CURVE('',#1772,#1776,#51,.F.);
#1659=EDGE_CURVE('',#1967,#1967,#287,.T.);
#1660=EDGE_CURVE('',#1802,#1956,#288,.T.);
#1661=EDGE_CURVE('',#1813,#1802,#289,.T.);
#1662=EDGE_CURVE('',#1824,#1813,#290,.T.);
#1663=EDGE_CURVE('',#1835,#1824,#291,.T.);
#1664=EDGE_CURVE('',#1846,#1835,#292,.T.);
#1665=EDGE_CURVE('',#1857,#1846,#293,.T.);
#1666=EDGE_CURVE('',#1868,#1857,#294,.T.);
#1667=EDGE_CURVE('',#1879,#1868,#295,.T.);
#1668=EDGE_CURVE('',#1890,#1879,#296,.T.);
#1669=EDGE_CURVE('',#1901,#1890,#297,.T.);
#1670=EDGE_CURVE('',#1912,#1901,#298,.T.);
#1671=EDGE_CURVE('',#1923,#1912,#299,.T.);
#1672=EDGE_CURVE('',#1934,#1923,#300,.T.);
#1673=EDGE_CURVE('',#1945,#1934,#301,.T.);
#1674=EDGE_CURVE('',#1956,#1945,#302,.T.);
#1675=EDGE_CURVE('',#1954,#1943,#303,.T.);
#1676=EDGE_CURVE('',#1943,#1932,#304,.T.);
#1677=EDGE_CURVE('',#1932,#1921,#305,.T.);
#1678=EDGE_CURVE('',#1921,#1910,#306,.T.);
#1679=EDGE_CURVE('',#1910,#1899,#307,.T.);
#1680=EDGE_CURVE('',#1899,#1888,#308,.T.);
#1681=EDGE_CURVE('',#1888,#1877,#309,.T.);
#1682=EDGE_CURVE('',#1877,#1866,#310,.T.);
#1683=EDGE_CURVE('',#1866,#1855,#311,.T.);
#1684=EDGE_CURVE('',#1855,#1844,#312,.T.);
#1685=EDGE_CURVE('',#1844,#1833,#313,.T.);
#1686=EDGE_CURVE('',#1833,#1822,#314,.T.);
#1687=EDGE_CURVE('',#1822,#1811,#315,.T.);
#1688=EDGE_CURVE('',#1811,#1800,#316,.T.);
#1689=EDGE_CURVE('',#1800,#1954,#317,.T.);
#1690=EDGE_CURVE('',#1786,#1742,#2076,.T.);
#1691=EDGE_CURVE('',#1785,#1743,#2077,.T.);
#1692=EDGE_CURVE('',#1797,#1968,#318,.F.);
#1693=EDGE_CURVE('',#1968,#1783,#2078,.T.);
#1694=EDGE_CURVE('',#1798,#1969,#319,.T.);
#1695=EDGE_CURVE('',#1969,#1784,#2079,.T.);
#1696=EDGE_CURVE('',#1796,#1746,#2080,.T.);
#1697=EDGE_CURVE('',#1795,#1747,#2081,.T.);
#1698=EDGE_CURVE('',#1787,#1739,#2082,.T.);
#1699=EDGE_CURVE('',#1788,#1771,#2083,.T.);
#1700=EDGE_CURVE('',#1789,#1770,#2084,.T.);
#1701=EDGE_CURVE('',#1792,#1775,#2085,.T.);
#1702=EDGE_CURVE('',#1793,#1774,#2086,.T.);
#1703=EDGE_CURVE('',#1794,#1750,#2087,.T.);
#1704=EDGE_CURVE('',#1968,#1969,#320,.F.);
#1705=EDGE_CURVE('',#1773,#1727,#2088,.T.);
#1706=EDGE_CURVE('',#1779,#1718,#321,.T.);
#1707=EDGE_CURVE('',#1712,#1726,#322,.F.);
#1708=EDGE_CURVE('',#1729,#1717,#323,.F.);
#1709=EDGE_CURVE('',#1720,#1734,#324,.F.);
#1710=EDGE_CURVE('',#1970,#1970,#325,.F.);
#1711=VERTEX_POINT('',#4007);
#1712=VERTEX_POINT('',#4008);
#1713=VERTEX_POINT('',#4010);
#1714=VERTEX_POINT('',#4015);
#1715=VERTEX_POINT('',#4019);
#1716=VERTEX_POINT('',#4020);
#1717=VERTEX_POINT('',#4022);
#1718=VERTEX_POINT('',#4024);
#1719=VERTEX_POINT('',#4031);
#1720=VERTEX_POINT('',#4032);
#1721=VERTEX_POINT('',#4034);
#1722=VERTEX_POINT('',#4036);
#1723=VERTEX_POINT('',#4041);
#1724=VERTEX_POINT('',#4045);
#1725=VERTEX_POINT('',#4046);
#1726=VERTEX_POINT('',#4048);
#1727=VERTEX_POINT('',#4050);
#1728=VERTEX_POINT('',#4054);
#1729=VERTEX_POINT('',#4055);
#1730=VERTEX_POINT('',#4057);
#1731=VERTEX_POINT('',#4059);
#1732=VERTEX_POINT('',#4063);
#1733=VERTEX_POINT('',#4064);
#1734=VERTEX_POINT('',#4066);
#1735=VERTEX_POINT('',#4068);
#1736=VERTEX_POINT('',#4073);
#1737=VERTEX_POINT('',#4078);
#1738=VERTEX_POINT('',#4080);
#1739=VERTEX_POINT('',#4082);
#1740=VERTEX_POINT('',#4084);
#1741=VERTEX_POINT('',#4086);
#1742=VERTEX_POINT('',#4088);
#1743=VERTEX_POINT('',#4090);
#1744=VERTEX_POINT('',#4092);
#1745=VERTEX_POINT('',#4094);
#1746=VERTEX_POINT('',#4096);
#1747=VERTEX_POINT('',#4098);
#1748=VERTEX_POINT('',#4100);
#1749=VERTEX_POINT('',#4102);
#1750=VERTEX_POINT('',#4104);
#1751=VERTEX_POINT('',#4106);
#1752=VERTEX_POINT('',#4108);
#1753=VERTEX_POINT('',#4112);
#1754=VERTEX_POINT('',#4116);
#1755=VERTEX_POINT('',#4119);
#1756=VERTEX_POINT('',#4122);
#1757=VERTEX_POINT('',#4124);
#1758=VERTEX_POINT('',#4128);
#1759=VERTEX_POINT('',#4130);
#1760=VERTEX_POINT('',#4134);
#1761=VERTEX_POINT('',#4136);
#1762=VERTEX_POINT('',#4146);
#1763=VERTEX_POINT('',#4147);
#1764=VERTEX_POINT('',#4155);
#1765=VERTEX_POINT('',#4157);
#1766=VERTEX_POINT('',#4181);
#1767=VERTEX_POINT('',#4195);
#1768=VERTEX_POINT('',#4197);
#1769=VERTEX_POINT('',#4199);
#1770=VERTEX_POINT('',#4206);
#1771=VERTEX_POINT('',#4207);
#1772=VERTEX_POINT('',#4218);
#1773=VERTEX_POINT('',#4220);
#1774=VERTEX_POINT('',#4230);
#1775=VERTEX_POINT('',#4235);
#1776=VERTEX_POINT('',#4252);
#1777=VERTEX_POINT('',#4254);
#1778=VERTEX_POINT('',#4264);
#1779=VERTEX_POINT('',#4353);
#1780=VERTEX_POINT('',#4354);
#1781=VERTEX_POINT('',#4366);
#1782=VERTEX_POINT('',#4368);
#1783=VERTEX_POINT('',#4372);
#1784=VERTEX_POINT('',#4373);
#1785=VERTEX_POINT('',#4375);
#1786=VERTEX_POINT('',#4377);
#1787=VERTEX_POINT('',#4380);
#1788=VERTEX_POINT('',#4382);
#1789=VERTEX_POINT('',#4384);
#1790=VERTEX_POINT('',#4386);
#1791=VERTEX_POINT('',#4388);
#1792=VERTEX_POINT('',#4390);
#1793=VERTEX_POINT('',#4392);
#1794=VERTEX_POINT('',#4394);
#1795=VERTEX_POINT('',#4397);
#1796=VERTEX_POINT('',#4399);
#1797=VERTEX_POINT('',#4403);
#1798=VERTEX_POINT('',#4405);
#1799=VERTEX_POINT('',#4412);
#1800=VERTEX_POINT('',#4413);
#1801=VERTEX_POINT('',#4415);
#1802=VERTEX_POINT('',#4417);
#1803=VERTEX_POINT('',#4419);
#1804=VERTEX_POINT('',#4421);
#1805=VERTEX_POINT('',#4431);
#1806=VERTEX_POINT('',#4433);
#1807=VERTEX_POINT('',#4435);
#1808=VERTEX_POINT('',#4437);
#1809=VERTEX_POINT('',#4439);
#1810=VERTEX_POINT('',#4449);
#1811=VERTEX_POINT('',#4450);
#1812=VERTEX_POINT('',#4452);
#1813=VERTEX_POINT('',#4454);
#1814=VERTEX_POINT('',#4456);
#1815=VERTEX_POINT('',#4458);
#1816=VERTEX_POINT('',#4468);
#1817=VERTEX_POINT('',#4470);
#1818=VERTEX_POINT('',#4472);
#1819=VERTEX_POINT('',#4474);
#1820=VERTEX_POINT('',#4476);
#1821=VERTEX_POINT('',#4486);
#1822=VERTEX_POINT('',#4487);
#1823=VERTEX_POINT('',#4489);
#1824=VERTEX_POINT('',#4491);
#1825=VERTEX_POINT('',#4493);
#1826=VERTEX_POINT('',#4495);
#1827=VERTEX_POINT('',#4505);
#1828=VERTEX_POINT('',#4507);
#1829=VERTEX_POINT('',#4509);
#1830=VERTEX_POINT('',#4511);
#1831=VERTEX_POINT('',#4513);
#1832=VERTEX_POINT('',#4523);
#1833=VERTEX_POINT('',#4524);
#1834=VERTEX_POINT('',#4526);
#1835=VERTEX_POINT('',#4528);
#1836=VERTEX_POINT('',#4530);
#1837=VERTEX_POINT('',#4532);
#1838=VERTEX_POINT('',#4542);
#1839=VERTEX_POINT('',#4544);
#1840=VERTEX_POINT('',#4546);
#1841=VERTEX_POINT('',#4548);
#1842=VERTEX_POINT('',#4550);
#1843=VERTEX_POINT('',#4560);
#1844=VERTEX_POINT('',#4561);
#1845=VERTEX_POINT('',#4563);
#1846=VERTEX_POINT('',#4565);
#1847=VERTEX_POINT('',#4567);
#1848=VERTEX_POINT('',#4569);
#1849=VERTEX_POINT('',#4579);
#1850=VERTEX_POINT('',#4581);
#1851=VERTEX_POINT('',#4583);
#1852=VERTEX_POINT('',#4585);
#1853=VERTEX_POINT('',#4587);
#1854=VERTEX_POINT('',#4597);
#1855=VERTEX_POINT('',#4598);
#1856=VERTEX_POINT('',#4600);
#1857=VERTEX_POINT('',#4602);
#1858=VERTEX_POINT('',#4604);
#1859=VERTEX_POINT('',#4606);
#1860=VERTEX_POINT('',#4616);
#1861=VERTEX_POINT('',#4618);
#1862=VERTEX_POINT('',#4620);
#1863=VERTEX_POINT('',#4622);
#1864=VERTEX_POINT('',#4624);
#1865=VERTEX_POINT('',#4634);
#1866=VERTEX_POINT('',#4635);
#1867=VERTEX_POINT('',#4637);
#1868=VERTEX_POINT('',#4639);
#1869=VERTEX_POINT('',#4641);
#1870=VERTEX_POINT('',#4643);
#1871=VERTEX_POINT('',#4653);
#1872=VERTEX_POINT('',#4655);
#1873=VERTEX_POINT('',#4657);
#1874=VERTEX_POINT('',#4659);
#1875=VERTEX_POINT('',#4661);
#1876=VERTEX_POINT('',#4671);
#1877=VERTEX_POINT('',#4672);
#1878=VERTEX_POINT('',#4674);
#1879=VERTEX_POINT('',#4676);
#1880=VERTEX_POINT('',#4678);
#1881=VERTEX_POINT('',#4680);
#1882=VERTEX_POINT('',#4690);
#1883=VERTEX_POINT('',#4692);
#1884=VERTEX_POINT('',#4694);
#1885=VERTEX_POINT('',#4696);
#1886=VERTEX_POINT('',#4698);
#1887=VERTEX_POINT('',#4708);
#1888=VERTEX_POINT('',#4709);
#1889=VERTEX_POINT('',#4711);
#1890=VERTEX_POINT('',#4713);
#1891=VERTEX_POINT('',#4715);
#1892=VERTEX_POINT('',#4717);
#1893=VERTEX_POINT('',#4727);
#1894=VERTEX_POINT('',#4729);
#1895=VERTEX_POINT('',#4731);
#1896=VERTEX_POINT('',#4733);
#1897=VERTEX_POINT('',#4735);
#1898=VERTEX_POINT('',#4745);
#1899=VERTEX_POINT('',#4746);
#1900=VERTEX_POINT('',#4748);
#1901=VERTEX_POINT('',#4750);
#1902=VERTEX_POINT('',#4752);
#1903=VERTEX_POINT('',#4754);
#1904=VERTEX_POINT('',#4764);
#1905=VERTEX_POINT('',#4766);
#1906=VERTEX_POINT('',#4768);
#1907=VERTEX_POINT('',#4770);
#1908=VERTEX_POINT('',#4772);
#1909=VERTEX_POINT('',#4782);
#1910=VERTEX_POINT('',#4783);
#1911=VERTEX_POINT('',#4785);
#1912=VERTEX_POINT('',#4787);
#1913=VERTEX_POINT('',#4789);
#1914=VERTEX_POINT('',#4791);
#1915=VERTEX_POINT('',#4801);
#1916=VERTEX_POINT('',#4803);
#1917=VERTEX_POINT('',#4805);
#1918=VERTEX_POINT('',#4807);
#1919=VERTEX_POINT('',#4809);
#1920=VERTEX_POINT('',#4819);
#1921=VERTEX_POINT('',#4820);
#1922=VERTEX_POINT('',#4822);
#1923=VERTEX_POINT('',#4824);
#1924=VERTEX_POINT('',#4826);
#1925=VERTEX_POINT('',#4828);
#1926=VERTEX_POINT('',#4838);
#1927=VERTEX_POINT('',#4840);
#1928=VERTEX_POINT('',#4842);
#1929=VERTEX_POINT('',#4844);
#1930=VERTEX_POINT('',#4846);
#1931=VERTEX_POINT('',#4856);
#1932=VERTEX_POINT('',#4857);
#1933=VERTEX_POINT('',#4859);
#1934=VERTEX_POINT('',#4861);
#1935=VERTEX_POINT('',#4863);
#1936=VERTEX_POINT('',#4865);
#1937=VERTEX_POINT('',#4875);
#1938=VERTEX_POINT('',#4877);
#1939=VERTEX_POINT('',#4879);
#1940=VERTEX_POINT('',#4881);
#1941=VERTEX_POINT('',#4883);
#1942=VERTEX_POINT('',#4893);
#1943=VERTEX_POINT('',#4894);
#1944=VERTEX_POINT('',#4896);
#1945=VERTEX_POINT('',#4898);
#1946=VERTEX_POINT('',#4900);
#1947=VERTEX_POINT('',#4902);
#1948=VERTEX_POINT('',#4912);
#1949=VERTEX_POINT('',#4914);
#1950=VERTEX_POINT('',#4916);
#1951=VERTEX_POINT('',#4918);
#1952=VERTEX_POINT('',#4920);
#1953=VERTEX_POINT('',#4930);
#1954=VERTEX_POINT('',#4931);
#1955=VERTEX_POINT('',#4933);
#1956=VERTEX_POINT('',#4935);
#1957=VERTEX_POINT('',#4937);
#1958=VERTEX_POINT('',#4939);
#1959=VERTEX_POINT('',#4949);
#1960=VERTEX_POINT('',#4951);
#1961=VERTEX_POINT('',#4953);
#1962=VERTEX_POINT('',#4955);
#1963=VERTEX_POINT('',#4957);
#1964=VERTEX_POINT('',#5245);
#1965=VERTEX_POINT('',#5248);
#1966=VERTEX_POINT('',#5266);
#1967=VERTEX_POINT('',#5271);
#1968=VERTEX_POINT('',#5370);
#1969=VERTEX_POINT('',#5374);
#1970=VERTEX_POINT('',#5405);
#1971=LINE('',#4006,#2089);
#1972=LINE('',#4009,#2090);
#1973=LINE('',#4016,#2091);
#1974=LINE('',#4018,#2092);
#1975=LINE('',#4021,#2093);
#1976=LINE('',#4023,#2094);
#1977=LINE('',#4030,#2095);
#1978=LINE('',#4033,#2096);
#1979=LINE('',#4035,#2097);
#1980=LINE('',#4042,#2098);
#1981=LINE('',#4044,#2099);
#1982=LINE('',#4047,#2100);
#1983=LINE('',#4049,#2101);
#1984=LINE('',#4051,#2102);
#1985=LINE('',#4053,#2103);
#1986=LINE('',#4056,#2104);
#1987=LINE('',#4058,#2105);
#1988=LINE('',#4060,#2106);
#1989=LINE('',#4062,#2107);
#1990=LINE('',#4065,#2108);
#1991=LINE('',#4067,#2109);
#1992=LINE('',#4074,#2110);
#1993=LINE('',#4077,#2111);
#1994=LINE('',#4081,#2112);
#1995=LINE('',#4105,#2113);
#1996=LINE('',#4109,#2114);
#1997=LINE('',#4111,#2115);
#1998=LINE('',#4117,#2116);
#1999=LINE('',#4121,#2117);
#2000=LINE('',#4123,#2118);
#2001=LINE('',#4127,#2119);
#2002=LINE('',#4129,#2120);
#2003=LINE('',#4133,#2121);
#2004=LINE('',#4135,#2122);
#2005=LINE('',#4145,#2123);
#2006=LINE('',#4156,#2124);
#2007=LINE('',#4198,#2125);
#2008=LINE('',#4200,#2126);
#2009=LINE('',#4219,#2127);
#2010=LINE('',#4367,#2128);
#2011=LINE('',#4381,#2129);
#2012=LINE('',#4393,#2130);
#2013=LINE('',#4402,#2131);
#2014=LINE('',#4404,#2132);
#2015=LINE('',#4406,#2133);
#2016=LINE('',#4414,#2134);
#2017=LINE('',#4420,#2135);
#2018=LINE('',#4432,#2136);
#2019=LINE('',#4438,#2137);
#2020=LINE('',#4451,#2138);
#2021=LINE('',#4457,#2139);
#2022=LINE('',#4469,#2140);
#2023=LINE('',#4475,#2141);
#2024=LINE('',#4488,#2142);
#2025=LINE('',#4494,#2143);
#2026=LINE('',#4506,#2144);
#2027=LINE('',#4512,#2145);
#2028=LINE('',#4525,#2146);
#2029=LINE('',#4531,#2147);
#2030=LINE('',#4543,#2148);
#2031=LINE('',#4549,#2149);
#2032=LINE('',#4562,#2150);
#2033=LINE('',#4568,#2151);
#2034=LINE('',#4580,#2152);
#2035=LINE('',#4586,#2153);
#2036=LINE('',#4599,#2154);
#2037=LINE('',#4605,#2155);
#2038=LINE('',#4617,#2156);
#2039=LINE('',#4623,#2157);
#2040=LINE('',#4636,#2158);
#2041=LINE('',#4642,#2159);
#2042=LINE('',#4654,#2160);
#2043=LINE('',#4660,#2161);
#2044=LINE('',#4673,#2162);
#2045=LINE('',#4679,#2163);
#2046=LINE('',#4691,#2164);
#2047=LINE('',#4697,#2165);
#2048=LINE('',#4710,#2166);
#2049=LINE('',#4716,#2167);
#2050=LINE('',#4728,#2168);
#2051=LINE('',#4734,#2169);
#2052=LINE('',#4747,#2170);
#2053=LINE('',#4753,#2171);
#2054=LINE('',#4765,#2172);
#2055=LINE('',#4771,#2173);
#2056=LINE('',#4784,#2174);
#2057=LINE('',#4790,#2175);
#2058=LINE('',#4802,#2176);
#2059=LINE('',#4808,#2177);
#2060=LINE('',#4821,#2178);
#2061=LINE('',#4827,#2179);
#2062=LINE('',#4839,#2180);
#2063=LINE('',#4845,#2181);
#2064=LINE('',#4858,#2182);
#2065=LINE('',#4864,#2183);
#2066=LINE('',#4876,#2184);
#2067=LINE('',#4882,#2185);
#2068=LINE('',#4895,#2186);
#2069=LINE('',#4901,#2187);
#2070=LINE('',#4913,#2188);
#2071=LINE('',#4919,#2189);
#2072=LINE('',#4932,#2190);
#2073=LINE('',#4938,#2191);
#2074=LINE('',#4950,#2192);
#2075=LINE('',#4956,#2193);
#2076=LINE('',#5365,#2194);
#2077=LINE('',#5367,#2195);
#2078=LINE('',#5371,#2196);
#2079=LINE('',#5375,#2197);
#2080=LINE('',#5376,#2198);
#2081=LINE('',#5378,#2199);
#2082=LINE('',#5381,#2200);
#2083=LINE('',#5383,#2201);
#2084=LINE('',#5385,#2202);
#2085=LINE('',#5387,#2203);
#2086=LINE('',#5389,#2204);
#2087=LINE('',#5391,#2205);
#2088=LINE('',#5397,#2206);
#2089=VECTOR('',#3166,1.);
#2090=VECTOR('',#3167,1.);
#2091=VECTOR('',#3168,1.);
#2092=VECTOR('',#3171,1.);
#2093=VECTOR('',#3172,1.);
#2094=VECTOR('',#3173,1.);
#2095=VECTOR('',#3176,1.);
#2096=VECTOR('',#3177,1.);
#2097=VECTOR('',#3178,1.);
#2098=VECTOR('',#3179,1.);
#2099=VECTOR('',#3182,1.);
#2100=VECTOR('',#3183,1.);
#2101=VECTOR('',#3184,1.);
#2102=VECTOR('',#3185,1.);
#2103=VECTOR('',#3188,1.);
#2104=VECTOR('',#3189,1.);
#2105=VECTOR('',#3190,1.);
#2106=VECTOR('',#3191,1.);
#2107=VECTOR('',#3194,1.);
#2108=VECTOR('',#3195,1.);
#2109=VECTOR('',#3196,1.);
#2110=VECTOR('',#3197,1.);
#2111=VECTOR('',#3202,1.);
#2112=VECTOR('',#3205,1.);
#2113=VECTOR('',#3228,1.);
#2114=VECTOR('',#3231,1.);
#2115=VECTOR('',#3234,1.);
#2116=VECTOR('',#3241,1.);
#2117=VECTOR('',#3246,1.);
#2118=VECTOR('',#3247,1.);
#2119=VECTOR('',#3252,1.);
#2120=VECTOR('',#3253,1.);
#2121=VECTOR('',#3258,1.);
#2122=VECTOR('',#3259,1.);
#2123=VECTOR('',#3262,1.);
#2124=VECTOR('',#3263,1.);
#2125=VECTOR('',#3272,1.);
#2126=VECTOR('',#3273,1.);
#2127=VECTOR('',#3280,1.);
#2128=VECTOR('',#3293,1.);
#2129=VECTOR('',#3308,1.);
#2130=VECTOR('',#3319,1.);
#2131=VECTOR('',#3330,1.);
#2132=VECTOR('',#3331,1.);
#2133=VECTOR('',#3332,1.);
#2134=VECTOR('',#3335,1.);
#2135=VECTOR('',#3340,1.);
#2136=VECTOR('',#3343,1.);
#2137=VECTOR('',#3348,1.);
#2138=VECTOR('',#3351,1.);
#2139=VECTOR('',#3356,1.);
#2140=VECTOR('',#3359,1.);
#2141=VECTOR('',#3364,1.);
#2142=VECTOR('',#3367,1.);
#2143=VECTOR('',#3372,1.);
#2144=VECTOR('',#3375,1.);
#2145=VECTOR('',#3380,1.);
#2146=VECTOR('',#3383,1.);
#2147=VECTOR('',#3388,1.);
#2148=VECTOR('',#3391,1.);
#2149=VECTOR('',#3396,1.);
#2150=VECTOR('',#3399,1.);
#2151=VECTOR('',#3404,1.);
#2152=VECTOR('',#3407,1.);
#2153=VECTOR('',#3412,1.);
#2154=VECTOR('',#3415,1.);
#2155=VECTOR('',#3420,1.);
#2156=VECTOR('',#3423,1.);
#2157=VECTOR('',#3428,1.);
#2158=VECTOR('',#3431,1.);
#2159=VECTOR('',#3436,1.);
#2160=VECTOR('',#3439,1.);
#2161=VECTOR('',#3444,1.);
#2162=VECTOR('',#3447,1.);
#2163=VECTOR('',#3452,1.);
#2164=VECTOR('',#3455,1.);
#2165=VECTOR('',#3460,1.);
#2166=VECTOR('',#3463,1.);
#2167=VECTOR('',#3468,1.);
#2168=VECTOR('',#3471,1.);
#2169=VECTOR('',#3476,1.);
#2170=VECTOR('',#3479,1.);
#2171=VECTOR('',#3484,1.);
#2172=VECTOR('',#3487,1.);
#2173=VECTOR('',#3492,1.);
#2174=VECTOR('',#3495,1.);
#2175=VECTOR('',#3500,1.);
#2176=VECTOR('',#3503,1.);
#2177=VECTOR('',#3508,1.);
#2178=VECTOR('',#3511,1.);
#2179=VECTOR('',#3516,1.);
#2180=VECTOR('',#3519,1.);
#2181=VECTOR('',#3524,1.);
#2182=VECTOR('',#3527,1.);
#2183=VECTOR('',#3532,1.);
#2184=VECTOR('',#3535,1.);
#2185=VECTOR('',#3540,1.);
#2186=VECTOR('',#3543,1.);
#2187=VECTOR('',#3548,1.);
#2188=VECTOR('',#3551,1.);
#2189=VECTOR('',#3556,1.);
#2190=VECTOR('',#3559,1.);
#2191=VECTOR('',#3564,1.);
#2192=VECTOR('',#3567,1.);
#2193=VECTOR('',#3572,1.);
#2194=VECTOR('',#3929,1.);
#2195=VECTOR('',#3932,1.);
#2196=VECTOR('',#3937,1.);
#2197=VECTOR('',#3942,1.);
#2198=VECTOR('',#3943,1.);
#2199=VECTOR('',#3946,1.);
#2200=VECTOR('',#3951,1.);
#2201=VECTOR('',#3954,1.);
#2202=VECTOR('',#3957,1.);
#2203=VECTOR('',#3960,1.);
#2204=VECTOR('',#3963,1.);
#2205=VECTOR('',#3966,1.);
#2206=VECTOR('',#3977,1.);
#2207=EDGE_LOOP('',(#439,#440,#441,#442));
#2208=EDGE_LOOP('',(#443,#444,#445,#446));
#2209=EDGE_LOOP('',(#447,#448,#449,#450,#451));
#2210=EDGE_LOOP('',(#452,#453,#454,#455));
#2211=EDGE_LOOP('',(#456,#457,#458,#459));
#2212=EDGE_LOOP('',(#460,#461,#462,#463,#464));
#2213=EDGE_LOOP('',(#465,#466,#467,#468,#469,#470,#471,#472,#473,#474,#475,
#476,#477,#478,#479,#480,#481,#482,#483,#484));
#2214=EDGE_LOOP('',(#485,#486,#487,#488,#489));
#2215=EDGE_LOOP('',(#490,#491,#492,#493,#494));
#2216=EDGE_LOOP('',(#495));
#2217=EDGE_LOOP('',(#496,#497,#498,#499));
#2218=EDGE_LOOP('',(#500,#501,#502,#503));
#2219=EDGE_LOOP('',(#504,#505,#506,#507));
#2220=EDGE_LOOP('',(#508,#509,#510,#511));
#2221=EDGE_LOOP('',(#512));
#2222=EDGE_LOOP('',(#513,#514,#515,#516));
#2223=EDGE_LOOP('',(#517,#518,#519,#520,#521,#522));
#2224=EDGE_LOOP('',(#523,#524,#525,#526,#527,#528,#529,#530,#531,#532,#533,
#534,#535,#536,#537,#538));
#2225=EDGE_LOOP('',(#539,#540,#541,#542,#543,#544));
#2226=EDGE_LOOP('',(#545));
#2227=EDGE_LOOP('',(#546,#547,#548,#549));
#2228=EDGE_LOOP('',(#550,#551,#552,#553));
#2229=EDGE_LOOP('',(#554,#555,#556,#557,#558,#559,#560,#561,#562,#563,#564,
#565,#566,#567,#568,#569,#570,#571));
#2230=EDGE_LOOP('',(#572,#573,#574,#575));
#2231=EDGE_LOOP('',(#576,#577,#578,#579,#580,#581));
#2232=EDGE_LOOP('',(#582,#583,#584,#585,#586,#587));
#2233=EDGE_LOOP('',(#588,#589,#590,#591,#592,#593));
#2234=EDGE_LOOP('',(#594,#595,#596,#597,#598,#599));
#2235=EDGE_LOOP('',(#600,#601,#602,#603,#604,#605));
#2236=EDGE_LOOP('',(#606,#607,#608,#609,#610,#611));
#2237=EDGE_LOOP('',(#612,#613,#614,#615,#616,#617));
#2238=EDGE_LOOP('',(#618,#619,#620,#621,#622,#623));
#2239=EDGE_LOOP('',(#624,#625,#626,#627,#628,#629));
#2240=EDGE_LOOP('',(#630,#631,#632,#633,#634,#635));
#2241=EDGE_LOOP('',(#636,#637,#638,#639,#640,#641));
#2242=EDGE_LOOP('',(#642,#643,#644,#645,#646,#647));
#2243=EDGE_LOOP('',(#648,#649,#650,#651,#652,#653));
#2244=EDGE_LOOP('',(#654,#655,#656,#657,#658,#659));
#2245=EDGE_LOOP('',(#660,#661,#662,#663,#664,#665));
#2246=EDGE_LOOP('',(#666,#667,#668,#669,#670,#671));
#2247=EDGE_LOOP('',(#672,#673,#674,#675,#676,#677));
#2248=EDGE_LOOP('',(#678,#679,#680,#681,#682,#683));
#2249=EDGE_LOOP('',(#684,#685,#686,#687,#688,#689));
#2250=EDGE_LOOP('',(#690,#691,#692,#693,#694,#695));
#2251=EDGE_LOOP('',(#696,#697,#698,#699,#700,#701));
#2252=EDGE_LOOP('',(#702,#703,#704,#705,#706,#707));
#2253=EDGE_LOOP('',(#708,#709,#710,#711,#712,#713));
#2254=EDGE_LOOP('',(#714,#715,#716,#717,#718,#719));
#2255=EDGE_LOOP('',(#720,#721,#722,#723,#724,#725));
#2256=EDGE_LOOP('',(#726,#727,#728,#729,#730,#731));
#2257=EDGE_LOOP('',(#732,#733,#734,#735,#736,#737));
#2258=EDGE_LOOP('',(#738,#739,#740,#741,#742,#743));
#2259=EDGE_LOOP('',(#744,#745,#746,#747,#748,#749));
#2260=EDGE_LOOP('',(#750,#751,#752,#753,#754,#755));
#2261=EDGE_LOOP('',(#756,#757,#758,#759));
#2262=EDGE_LOOP('',(#760,#761,#762,#763));
#2263=EDGE_LOOP('',(#764,#765,#766,#767));
#2264=EDGE_LOOP('',(#768,#769,#770,#771));
#2265=EDGE_LOOP('',(#772,#773,#774,#775));
#2266=EDGE_LOOP('',(#776,#777,#778,#779));
#2267=EDGE_LOOP('',(#780,#781,#782,#783));
#2268=EDGE_LOOP('',(#784,#785,#786,#787));
#2269=EDGE_LOOP('',(#788,#789,#790,#791));
#2270=EDGE_LOOP('',(#792,#793,#794,#795));
#2271=EDGE_LOOP('',(#796,#797,#798,#799));
#2272=EDGE_LOOP('',(#800,#801,#802,#803));
#2273=EDGE_LOOP('',(#804,#805,#806,#807));
#2274=EDGE_LOOP('',(#808,#809,#810,#811));
#2275=EDGE_LOOP('',(#812,#813,#814,#815));
#2276=EDGE_LOOP('',(#816,#817,#818,#819));
#2277=EDGE_LOOP('',(#820,#821,#822,#823));
#2278=EDGE_LOOP('',(#824,#825,#826,#827));
#2279=EDGE_LOOP('',(#828,#829,#830,#831));
#2280=EDGE_LOOP('',(#832,#833,#834,#835));
#2281=EDGE_LOOP('',(#836,#837,#838,#839));
#2282=EDGE_LOOP('',(#840,#841,#842,#843));
#2283=EDGE_LOOP('',(#844,#845,#846,#847));
#2284=EDGE_LOOP('',(#848,#849,#850,#851));
#2285=EDGE_LOOP('',(#852,#853,#854,#855));
#2286=EDGE_LOOP('',(#856,#857,#858,#859));
#2287=EDGE_LOOP('',(#860,#861,#862,#863));
#2288=EDGE_LOOP('',(#864,#865,#866,#867));
#2289=EDGE_LOOP('',(#868,#869,#870,#871));
#2290=EDGE_LOOP('',(#872,#873,#874,#875));
#2291=EDGE_LOOP('',(#876,#877));
#2292=EDGE_LOOP('',(#878));
#2293=EDGE_LOOP('',(#879));
#2294=EDGE_LOOP('',(#880,#881,#882,#883,#884,#885,#886,#887,#888,#889,#890,
#891,#892,#893,#894));
#2295=EDGE_LOOP('',(#895));
#2296=EDGE_LOOP('',(#896));
#2297=EDGE_LOOP('',(#897,#898,#899,#900,#901,#902));
#2298=EDGE_LOOP('',(#903));
#2299=EDGE_LOOP('',(#904));
#2300=EDGE_LOOP('',(#905,#906,#907,#908,#909,#910,#911,#912,#913,#914,#915,
#916,#917,#918,#919));
#2301=EDGE_LOOP('',(#920));
#2302=EDGE_LOOP('',(#921));
#2303=EDGE_LOOP('',(#922,#923,#924,#925));
#2304=EDGE_LOOP('',(#926,#927,#928,#929));
#2305=EDGE_LOOP('',(#930,#931,#932,#933));
#2306=EDGE_LOOP('',(#934,#935,#936,#937));
#2307=EDGE_LOOP('',(#938,#939,#940,#941));
#2308=EDGE_LOOP('',(#942,#943,#944,#945));
#2309=EDGE_LOOP('',(#946,#947,#948,#949));
#2310=EDGE_LOOP('',(#950,#951,#952,#953));
#2311=EDGE_LOOP('',(#954,#955,#956,#957));
#2312=EDGE_LOOP('',(#958,#959,#960,#961));
#2313=EDGE_LOOP('',(#962,#963,#964,#965));
#2314=EDGE_LOOP('',(#966,#967,#968,#969));
#2315=EDGE_LOOP('',(#970,#971,#972,#973));
#2316=EDGE_LOOP('',(#974,#975,#976,#977));
#2317=EDGE_LOOP('',(#978,#979,#980,#981));
#2318=EDGE_LOOP('',(#982,#983,#984,#985));
#2319=EDGE_LOOP('',(#986,#987,#988,#989));
#2320=EDGE_LOOP('',(#990,#991,#992,#993));
#2321=EDGE_LOOP('',(#994,#995,#996,#997));
#2322=EDGE_LOOP('',(#998,#999,#1000,#1001));
#2323=EDGE_LOOP('',(#1002,#1003,#1004,#1005));
#2324=EDGE_LOOP('',(#1006,#1007,#1008,#1009));
#2325=EDGE_LOOP('',(#1010,#1011,#1012,#1013));
#2326=EDGE_LOOP('',(#1014,#1015,#1016,#1017));
#2327=EDGE_LOOP('',(#1018,#1019,#1020,#1021));
#2328=EDGE_LOOP('',(#1022,#1023,#1024,#1025));
#2329=EDGE_LOOP('',(#1026,#1027,#1028,#1029));
#2330=EDGE_LOOP('',(#1030,#1031,#1032,#1033));
#2331=EDGE_LOOP('',(#1034,#1035,#1036,#1037));
#2332=EDGE_LOOP('',(#1038,#1039,#1040,#1041));
#2333=EDGE_LOOP('',(#1042,#1043,#1044,#1045));
#2334=EDGE_LOOP('',(#1046,#1047,#1048,#1049));
#2335=EDGE_LOOP('',(#1050,#1051,#1052,#1053));
#2336=EDGE_LOOP('',(#1054,#1055,#1056,#1057));
#2337=EDGE_LOOP('',(#1058,#1059,#1060,#1061));
#2338=EDGE_LOOP('',(#1062,#1063,#1064,#1065));
#2339=EDGE_LOOP('',(#1066,#1067,#1068,#1069));
#2340=EDGE_LOOP('',(#1070,#1071,#1072,#1073));
#2341=EDGE_LOOP('',(#1074,#1075,#1076,#1077));
#2342=EDGE_LOOP('',(#1078,#1079,#1080,#1081));
#2343=EDGE_LOOP('',(#1082,#1083,#1084,#1085));
#2344=EDGE_LOOP('',(#1086,#1087,#1088,#1089));
#2345=EDGE_LOOP('',(#1090,#1091,#1092,#1093));
#2346=EDGE_LOOP('',(#1094,#1095,#1096,#1097));
#2347=EDGE_LOOP('',(#1098,#1099,#1100,#1101));
#2348=EDGE_LOOP('',(#1102,#1103,#1104,#1105));
#2349=EDGE_LOOP('',(#1106,#1107,#1108,#1109));
#2350=EDGE_LOOP('',(#1110,#1111,#1112,#1113));
#2351=EDGE_LOOP('',(#1114,#1115,#1116,#1117));
#2352=EDGE_LOOP('',(#1118,#1119,#1120,#1121));
#2353=EDGE_LOOP('',(#1122,#1123,#1124,#1125));
#2354=EDGE_LOOP('',(#1126,#1127,#1128,#1129));
#2355=EDGE_LOOP('',(#1130,#1131,#1132,#1133));
#2356=EDGE_LOOP('',(#1134,#1135,#1136,#1137));
#2357=EDGE_LOOP('',(#1138,#1139,#1140,#1141));
#2358=EDGE_LOOP('',(#1142,#1143,#1144,#1145));
#2359=EDGE_LOOP('',(#1146,#1147,#1148,#1149));
#2360=EDGE_LOOP('',(#1150,#1151,#1152,#1153));
#2361=EDGE_LOOP('',(#1154,#1155,#1156,#1157));
#2362=EDGE_LOOP('',(#1158,#1159,#1160,#1161));
#2363=EDGE_LOOP('',(#1162,#1163,#1164,#1165));
#2364=EDGE_LOOP('',(#1166,#1167,#1168,#1169));
#2365=EDGE_LOOP('',(#1170,#1171,#1172,#1173,#1174,#1175,#1176,#1177,#1178,
#1179));
#2366=EDGE_LOOP('',(#1180,#1181,#1182,#1183,#1184,#1185,#1186,#1187,#1188,
#1189));
#2367=EDGE_LOOP('',(#1190,#1191,#1192,#1193));
#2368=EDGE_LOOP('',(#1194,#1195,#1196,#1197));
#2369=EDGE_LOOP('',(#1198,#1199,#1200,#1201));
#2370=EDGE_LOOP('',(#1202,#1203,#1204,#1205,#1206));
#2371=EDGE_LOOP('',(#1207,#1208,#1209,#1210));
#2372=EDGE_LOOP('',(#1211,#1212,#1213,#1214,#1215,#1216));
#2373=EDGE_LOOP('',(#1217,#1218,#1219,#1220));
#2374=EDGE_LOOP('',(#1221,#1222,#1223,#1224,#1225));
#2375=EDGE_LOOP('',(#1226,#1227,#1228,#1229));
#2376=EDGE_LOOP('',(#1230,#1231,#1232,#1233));
#2377=EDGE_LOOP('',(#1234,#1235,#1236,#1237));
#2378=EDGE_LOOP('',(#1238,#1239,#1240,#1241,#1242,#1243));
#2379=EDGE_LOOP('',(#1244,#1245,#1246,#1247,#1248,#1249));
#2380=EDGE_LOOP('',(#1250,#1251,#1252,#1253,#1254,#1255,#1256,#1257,#1258,
#1259,#1260,#1261,#1262,#1263,#1264,#1265));
#2381=EDGE_LOOP('',(#1266));
#2382=EDGE_LOOP('',(#1267,#1268,#1269));
#2383=EDGE_LOOP('',(#1270,#1271,#1272));
#2384=EDGE_LOOP('',(#1273,#1274,#1275,#1276));
#2385=EDGE_LOOP('',(#1277,#1278,#1279,#1280));
#2386=EDGE_LOOP('',(#1281,#1282,#1283,#1284));
#2387=EDGE_LOOP('',(#1285));
#2388=EDGE_LOOP('',(#1286));
#2389=FACE_BOUND('',#2207,.T.);
#2390=FACE_BOUND('',#2208,.T.);
#2391=FACE_BOUND('',#2209,.T.);
#2392=FACE_BOUND('',#2210,.T.);
#2393=FACE_BOUND('',#2211,.T.);
#2394=FACE_BOUND('',#2212,.T.);
#2395=FACE_BOUND('',#2213,.T.);
#2396=FACE_BOUND('',#2214,.T.);
#2397=FACE_BOUND('',#2215,.T.);
#2398=FACE_BOUND('',#2216,.T.);
#2399=FACE_BOUND('',#2217,.T.);
#2400=FACE_BOUND('',#2218,.T.);
#2401=FACE_BOUND('',#2219,.T.);
#2402=FACE_BOUND('',#2220,.T.);
#2403=FACE_BOUND('',#2221,.T.);
#2404=FACE_BOUND('',#2222,.T.);
#2405=FACE_BOUND('',#2223,.T.);
#2406=FACE_BOUND('',#2224,.T.);
#2407=FACE_BOUND('',#2225,.T.);
#2408=FACE_BOUND('',#2226,.T.);
#2409=FACE_BOUND('',#2227,.T.);
#2410=FACE_BOUND('',#2228,.T.);
#2411=FACE_BOUND('',#2229,.T.);
#2412=FACE_BOUND('',#2230,.T.);
#2413=FACE_BOUND('',#2231,.T.);
#2414=FACE_BOUND('',#2232,.T.);
#2415=FACE_BOUND('',#2233,.T.);
#2416=FACE_BOUND('',#2234,.T.);
#2417=FACE_BOUND('',#2235,.T.);
#2418=FACE_BOUND('',#2236,.T.);
#2419=FACE_BOUND('',#2237,.T.);
#2420=FACE_BOUND('',#2238,.T.);
#2421=FACE_BOUND('',#2239,.T.);
#2422=FACE_BOUND('',#2240,.T.);
#2423=FACE_BOUND('',#2241,.T.);
#2424=FACE_BOUND('',#2242,.T.);
#2425=FACE_BOUND('',#2243,.T.);
#2426=FACE_BOUND('',#2244,.T.);
#2427=FACE_BOUND('',#2245,.T.);
#2428=FACE_BOUND('',#2246,.T.);
#2429=FACE_BOUND('',#2247,.T.);
#2430=FACE_BOUND('',#2248,.T.);
#2431=FACE_BOUND('',#2249,.T.);
#2432=FACE_BOUND('',#2250,.T.);
#2433=FACE_BOUND('',#2251,.T.);
#2434=FACE_BOUND('',#2252,.T.);
#2435=FACE_BOUND('',#2253,.T.);
#2436=FACE_BOUND('',#2254,.T.);
#2437=FACE_BOUND('',#2255,.T.);
#2438=FACE_BOUND('',#2256,.T.);
#2439=FACE_BOUND('',#2257,.T.);
#2440=FACE_BOUND('',#2258,.T.);
#2441=FACE_BOUND('',#2259,.T.);
#2442=FACE_BOUND('',#2260,.T.);
#2443=FACE_BOUND('',#2261,.T.);
#2444=FACE_BOUND('',#2262,.T.);
#2445=FACE_BOUND('',#2263,.T.);
#2446=FACE_BOUND('',#2264,.T.);
#2447=FACE_BOUND('',#2265,.T.);
#2448=FACE_BOUND('',#2266,.T.);
#2449=FACE_BOUND('',#2267,.T.);
#2450=FACE_BOUND('',#2268,.T.);
#2451=FACE_BOUND('',#2269,.T.);
#2452=FACE_BOUND('',#2270,.T.);
#2453=FACE_BOUND('',#2271,.T.);
#2454=FACE_BOUND('',#2272,.T.);
#2455=FACE_BOUND('',#2273,.T.);
#2456=FACE_BOUND('',#2274,.T.);
#2457=FACE_BOUND('',#2275,.T.);
#2458=FACE_BOUND('',#2276,.T.);
#2459=FACE_BOUND('',#2277,.T.);
#2460=FACE_BOUND('',#2278,.T.);
#2461=FACE_BOUND('',#2279,.T.);
#2462=FACE_BOUND('',#2280,.T.);
#2463=FACE_BOUND('',#2281,.T.);
#2464=FACE_BOUND('',#2282,.T.);
#2465=FACE_BOUND('',#2283,.T.);
#2466=FACE_BOUND('',#2284,.T.);
#2467=FACE_BOUND('',#2285,.T.);
#2468=FACE_BOUND('',#2286,.T.);
#2469=FACE_BOUND('',#2287,.T.);
#2470=FACE_BOUND('',#2288,.T.);
#2471=FACE_BOUND('',#2289,.T.);
#2472=FACE_BOUND('',#2290,.T.);
#2473=FACE_BOUND('',#2291,.T.);
#2474=FACE_BOUND('',#2292,.T.);
#2475=FACE_BOUND('',#2293,.T.);
#2476=FACE_BOUND('',#2294,.T.);
#2477=FACE_BOUND('',#2295,.T.);
#2478=FACE_BOUND('',#2296,.T.);
#2479=FACE_BOUND('',#2297,.T.);
#2480=FACE_BOUND('',#2298,.T.);
#2481=FACE_BOUND('',#2299,.T.);
#2482=FACE_BOUND('',#2300,.T.);
#2483=FACE_BOUND('',#2301,.T.);
#2484=FACE_BOUND('',#2302,.T.);
#2485=FACE_BOUND('',#2303,.T.);
#2486=FACE_BOUND('',#2304,.T.);
#2487=FACE_BOUND('',#2305,.T.);
#2488=FACE_BOUND('',#2306,.T.);
#2489=FACE_BOUND('',#2307,.T.);
#2490=FACE_BOUND('',#2308,.T.);
#2491=FACE_BOUND('',#2309,.T.);
#2492=FACE_BOUND('',#2310,.T.);
#2493=FACE_BOUND('',#2311,.T.);
#2494=FACE_BOUND('',#2312,.T.);
#2495=FACE_BOUND('',#2313,.T.);
#2496=FACE_BOUND('',#2314,.T.);
#2497=FACE_BOUND('',#2315,.T.);
#2498=FACE_BOUND('',#2316,.T.);
#2499=FACE_BOUND('',#2317,.T.);
#2500=FACE_BOUND('',#2318,.T.);
#2501=FACE_BOUND('',#2319,.T.);
#2502=FACE_BOUND('',#2320,.T.);
#2503=FACE_BOUND('',#2321,.T.);
#2504=FACE_BOUND('',#2322,.T.);
#2505=FACE_BOUND('',#2323,.T.);
#2506=FACE_BOUND('',#2324,.T.);
#2507=FACE_BOUND('',#2325,.T.);
#2508=FACE_BOUND('',#2326,.T.);
#2509=FACE_BOUND('',#2327,.T.);
#2510=FACE_BOUND('',#2328,.T.);
#2511=FACE_BOUND('',#2329,.T.);
#2512=FACE_BOUND('',#2330,.T.);
#2513=FACE_BOUND('',#2331,.T.);
#2514=FACE_BOUND('',#2332,.T.);
#2515=FACE_BOUND('',#2333,.T.);
#2516=FACE_BOUND('',#2334,.T.);
#2517=FACE_BOUND('',#2335,.T.);
#2518=FACE_BOUND('',#2336,.T.);
#2519=FACE_BOUND('',#2337,.T.);
#2520=FACE_BOUND('',#2338,.T.);
#2521=FACE_BOUND('',#2339,.T.);
#2522=FACE_BOUND('',#2340,.T.);
#2523=FACE_BOUND('',#2341,.T.);
#2524=FACE_BOUND('',#2342,.T.);
#2525=FACE_BOUND('',#2343,.T.);
#2526=FACE_BOUND('',#2344,.T.);
#2527=FACE_BOUND('',#2345,.T.);
#2528=FACE_BOUND('',#2346,.T.);
#2529=FACE_BOUND('',#2347,.T.);
#2530=FACE_BOUND('',#2348,.T.);
#2531=FACE_BOUND('',#2349,.T.);
#2532=FACE_BOUND('',#2350,.T.);
#2533=FACE_BOUND('',#2351,.T.);
#2534=FACE_BOUND('',#2352,.T.);
#2535=FACE_BOUND('',#2353,.T.);
#2536=FACE_BOUND('',#2354,.T.);
#2537=FACE_BOUND('',#2355,.T.);
#2538=FACE_BOUND('',#2356,.T.);
#2539=FACE_BOUND('',#2357,.T.);
#2540=FACE_BOUND('',#2358,.T.);
#2541=FACE_BOUND('',#2359,.T.);
#2542=FACE_BOUND('',#2360,.T.);
#2543=FACE_BOUND('',#2361,.T.);
#2544=FACE_BOUND('',#2362,.T.);
#2545=FACE_BOUND('',#2363,.T.);
#2546=FACE_BOUND('',#2364,.T.);
#2547=FACE_BOUND('',#2365,.T.);
#2548=FACE_BOUND('',#2366,.T.);
#2549=FACE_BOUND('',#2367,.T.);
#2550=FACE_BOUND('',#2368,.T.);
#2551=FACE_BOUND('',#2369,.T.);
#2552=FACE_BOUND('',#2370,.T.);
#2553=FACE_BOUND('',#2371,.T.);
#2554=FACE_BOUND('',#2372,.T.);
#2555=FACE_BOUND('',#2373,.T.);
#2556=FACE_BOUND('',#2374,.T.);
#2557=FACE_BOUND('',#2375,.T.);
#2558=FACE_BOUND('',#2376,.T.);
#2559=FACE_BOUND('',#2377,.T.);
#2560=FACE_BOUND('',#2378,.T.);
#2561=FACE_BOUND('',#2379,.T.);
#2562=FACE_BOUND('',#2380,.T.);
#2563=FACE_BOUND('',#2381,.T.);
#2564=FACE_BOUND('',#2382,.T.);
#2565=FACE_BOUND('',#2383,.T.);
#2566=FACE_BOUND('',#2384,.T.);
#2567=FACE_BOUND('',#2385,.T.);
#2568=FACE_BOUND('',#2386,.T.);
#2569=FACE_BOUND('',#2387,.T.);
#2570=FACE_BOUND('',#2388,.T.);
#2571=PLANE('',#2801);
#2572=PLANE('',#2802);
#2573=PLANE('',#2803);
#2574=PLANE('',#2804);
#2575=PLANE('',#2805);
#2576=PLANE('',#2806);
#2577=PLANE('',#2807);
#2578=PLANE('',#2835);
#2579=PLANE('',#2844);
#2580=PLANE('',#2847);
#2581=PLANE('',#2862);
#2582=PLANE('',#3055);
#2583=PLANE('',#3056);
#2584=PLANE('',#3057);
#2585=PLANE('',#3058);
#2586=PLANE('',#3059);
#2587=PLANE('',#3060);
#2588=PLANE('',#3061);
#2589=PLANE('',#3062);
#2590=PLANE('',#3063);
#2591=PLANE('',#3064);
#2592=PLANE('',#3065);
#2593=PLANE('',#3066);
#2594=PLANE('',#3067);
#2595=PLANE('',#3068);
#2596=PLANE('',#3069);
#2597=PLANE('',#3070);
#2598=PLANE('',#3071);
#2599=PLANE('',#3072);
#2600=PLANE('',#3073);
#2601=PLANE('',#3074);
#2602=PLANE('',#3075);
#2603=PLANE('',#3076);
#2604=PLANE('',#3077);
#2605=PLANE('',#3078);
#2606=PLANE('',#3079);
#2607=PLANE('',#3080);
#2608=PLANE('',#3081);
#2609=PLANE('',#3082);
#2610=PLANE('',#3083);
#2611=PLANE('',#3084);
#2612=PLANE('',#3139);
#2613=PLANE('',#3143);
#2614=PLANE('',#3147);
#2615=PLANE('',#3148);
#2616=PLANE('',#3151);
#2617=PLANE('',#3156);
#2618=PLANE('',#3157);
#2619=ADVANCED_FACE('',(#2389),#2571,.F.);
#2620=ADVANCED_FACE('',(#2390),#2572,.T.);
#2621=ADVANCED_FACE('',(#2391),#2573,.F.);
#2622=ADVANCED_FACE('',(#2392),#2574,.T.);
#2623=ADVANCED_FACE('',(#2393),#2575,.F.);
#2624=ADVANCED_FACE('',(#2394),#2576,.T.);
#2625=ADVANCED_FACE('',(#2395,#2396,#2397,#2398),#2577,.T.);
#2626=ADVANCED_FACE('',(#2399),#52,.F.);
#2627=ADVANCED_FACE('',(#2400),#53,.F.);
#2628=ADVANCED_FACE('',(#2401),#54,.F.);
#2629=ADVANCED_FACE('',(#2402),#55,.F.);
#2630=ADVANCED_FACE('',(#2403,#2404),#56,.F.);
#2631=ADVANCED_FACE('',(#2405),#2578,.F.);
#2632=ADVANCED_FACE('',(#2406),#14,.T.);
#2633=ADVANCED_FACE('',(#2407),#15,.T.);
#2634=ADVANCED_FACE('',(#2408,#2409),#13,.T.);
#2635=ADVANCED_FACE('',(#2410),#2579,.T.);
#2636=ADVANCED_FACE('',(#2411),#2580,.T.);
#2637=ADVANCED_FACE('',(#2412),#2581,.F.);
#2638=ADVANCED_FACE('',(#2413),#57,.T.);
#2639=ADVANCED_FACE('',(#2414),#58,.T.);
#2640=ADVANCED_FACE('',(#2415),#59,.T.);
#2641=ADVANCED_FACE('',(#2416),#60,.T.);
#2642=ADVANCED_FACE('',(#2417),#61,.T.);
#2643=ADVANCED_FACE('',(#2418),#62,.T.);
#2644=ADVANCED_FACE('',(#2419),#63,.T.);
#2645=ADVANCED_FACE('',(#2420),#64,.T.);
#2646=ADVANCED_FACE('',(#2421),#65,.T.);
#2647=ADVANCED_FACE('',(#2422),#66,.T.);
#2648=ADVANCED_FACE('',(#2423),#67,.T.);
#2649=ADVANCED_FACE('',(#2424),#68,.T.);
#2650=ADVANCED_FACE('',(#2425),#69,.T.);
#2651=ADVANCED_FACE('',(#2426),#70,.T.);
#2652=ADVANCED_FACE('',(#2427),#71,.T.);
#2653=ADVANCED_FACE('',(#2428),#72,.T.);
#2654=ADVANCED_FACE('',(#2429),#73,.T.);
#2655=ADVANCED_FACE('',(#2430),#74,.T.);
#2656=ADVANCED_FACE('',(#2431),#75,.T.);
#2657=ADVANCED_FACE('',(#2432),#76,.T.);
#2658=ADVANCED_FACE('',(#2433),#77,.T.);
#2659=ADVANCED_FACE('',(#2434),#78,.T.);
#2660=ADVANCED_FACE('',(#2435),#79,.T.);
#2661=ADVANCED_FACE('',(#2436),#80,.T.);
#2662=ADVANCED_FACE('',(#2437),#81,.T.);
#2663=ADVANCED_FACE('',(#2438),#82,.T.);
#2664=ADVANCED_FACE('',(#2439),#83,.T.);
#2665=ADVANCED_FACE('',(#2440),#84,.T.);
#2666=ADVANCED_FACE('',(#2441),#85,.T.);
#2667=ADVANCED_FACE('',(#2442),#86,.T.);
#2668=ADVANCED_FACE('',(#2443),#87,.F.);
#2669=ADVANCED_FACE('',(#2444),#88,.F.);
#2670=ADVANCED_FACE('',(#2445),#89,.F.);
#2671=ADVANCED_FACE('',(#2446),#90,.F.);
#2672=ADVANCED_FACE('',(#2447),#91,.F.);
#2673=ADVANCED_FACE('',(#2448),#92,.F.);
#2674=ADVANCED_FACE('',(#2449),#93,.F.);
#2675=ADVANCED_FACE('',(#2450),#94,.F.);
#2676=ADVANCED_FACE('',(#2451),#95,.F.);
#2677=ADVANCED_FACE('',(#2452),#96,.F.);
#2678=ADVANCED_FACE('',(#2453),#97,.F.);
#2679=ADVANCED_FACE('',(#2454),#98,.F.);
#2680=ADVANCED_FACE('',(#2455),#99,.F.);
#2681=ADVANCED_FACE('',(#2456),#100,.F.);
#2682=ADVANCED_FACE('',(#2457),#101,.F.);
#2683=ADVANCED_FACE('',(#2458),#102,.F.);
#2684=ADVANCED_FACE('',(#2459),#103,.F.);
#2685=ADVANCED_FACE('',(#2460),#104,.F.);
#2686=ADVANCED_FACE('',(#2461),#105,.F.);
#2687=ADVANCED_FACE('',(#2462),#106,.F.);
#2688=ADVANCED_FACE('',(#2463),#107,.F.);
#2689=ADVANCED_FACE('',(#2464),#108,.F.);
#2690=ADVANCED_FACE('',(#2465),#109,.F.);
#2691=ADVANCED_FACE('',(#2466),#110,.F.);
#2692=ADVANCED_FACE('',(#2467),#111,.F.);
#2693=ADVANCED_FACE('',(#2468),#112,.F.);
#2694=ADVANCED_FACE('',(#2469),#113,.F.);
#2695=ADVANCED_FACE('',(#2470),#114,.F.);
#2696=ADVANCED_FACE('',(#2471),#115,.F.);
#2697=ADVANCED_FACE('',(#2472),#116,.F.);
#2698=ADVANCED_FACE('',(#2473,#2474),#16,.T.);
#2699=ADVANCED_FACE('',(#2475,#2476),#17,.T.);
#2700=ADVANCED_FACE('',(#2477,#2478),#117,.T.);
#2701=ADVANCED_FACE('',(#2479,#2480),#118,.T.);
#2702=ADVANCED_FACE('',(#2481,#2482),#18,.T.);
#2703=ADVANCED_FACE('',(#2483,#2484),#12,.F.);
#2704=ADVANCED_FACE('',(#2485),#2582,.T.);
#2705=ADVANCED_FACE('',(#2486),#2583,.T.);
#2706=ADVANCED_FACE('',(#2487),#2584,.T.);
#2707=ADVANCED_FACE('',(#2488),#2585,.T.);
#2708=ADVANCED_FACE('',(#2489),#2586,.T.);
#2709=ADVANCED_FACE('',(#2490),#2587,.T.);
#2710=ADVANCED_FACE('',(#2491),#2588,.T.);
#2711=ADVANCED_FACE('',(#2492),#2589,.T.);
#2712=ADVANCED_FACE('',(#2493),#2590,.T.);
#2713=ADVANCED_FACE('',(#2494),#2591,.T.);
#2714=ADVANCED_FACE('',(#2495),#2592,.T.);
#2715=ADVANCED_FACE('',(#2496),#2593,.T.);
#2716=ADVANCED_FACE('',(#2497),#2594,.T.);
#2717=ADVANCED_FACE('',(#2498),#2595,.T.);
#2718=ADVANCED_FACE('',(#2499),#2596,.T.);
#2719=ADVANCED_FACE('',(#2500),#2597,.F.);
#2720=ADVANCED_FACE('',(#2501),#2598,.F.);
#2721=ADVANCED_FACE('',(#2502),#2599,.F.);
#2722=ADVANCED_FACE('',(#2503),#2600,.F.);
#2723=ADVANCED_FACE('',(#2504),#2601,.F.);
#2724=ADVANCED_FACE('',(#2505),#2602,.F.);
#2725=ADVANCED_FACE('',(#2506),#2603,.F.);
#2726=ADVANCED_FACE('',(#2507),#2604,.F.);
#2727=ADVANCED_FACE('',(#2508),#2605,.F.);
#2728=ADVANCED_FACE('',(#2509),#2606,.F.);
#2729=ADVANCED_FACE('',(#2510),#2607,.F.);
#2730=ADVANCED_FACE('',(#2511),#2608,.F.);
#2731=ADVANCED_FACE('',(#2512),#2609,.F.);
#2732=ADVANCED_FACE('',(#2513),#2610,.F.);
#2733=ADVANCED_FACE('',(#2514),#2611,.F.);
#2734=ADVANCED_FACE('',(#2515),#19,.T.);
#2735=ADVANCED_FACE('',(#2516),#20,.T.);
#2736=ADVANCED_FACE('',(#2517),#21,.T.);
#2737=ADVANCED_FACE('',(#2518),#22,.T.);
#2738=ADVANCED_FACE('',(#2519),#23,.T.);
#2739=ADVANCED_FACE('',(#2520),#24,.T.);
#2740=ADVANCED_FACE('',(#2521),#25,.T.);
#2741=ADVANCED_FACE('',(#2522),#26,.T.);
#2742=ADVANCED_FACE('',(#2523),#27,.T.);
#2743=ADVANCED_FACE('',(#2524),#28,.T.);
#2744=ADVANCED_FACE('',(#2525),#29,.T.);
#2745=ADVANCED_FACE('',(#2526),#30,.T.);
#2746=ADVANCED_FACE('',(#2527),#31,.T.);
#2747=ADVANCED_FACE('',(#2528),#32,.T.);
#2748=ADVANCED_FACE('',(#2529),#33,.T.);
#2749=ADVANCED_FACE('',(#2530),#34,.T.);
#2750=ADVANCED_FACE('',(#2531),#35,.T.);
#2751=ADVANCED_FACE('',(#2532),#36,.T.);
#2752=ADVANCED_FACE('',(#2533),#37,.T.);
#2753=ADVANCED_FACE('',(#2534),#38,.T.);
#2754=ADVANCED_FACE('',(#2535),#39,.T.);
#2755=ADVANCED_FACE('',(#2536),#40,.T.);
#2756=ADVANCED_FACE('',(#2537),#41,.T.);
#2757=ADVANCED_FACE('',(#2538),#42,.T.);
#2758=ADVANCED_FACE('',(#2539),#43,.T.);
#2759=ADVANCED_FACE('',(#2540),#44,.T.);
#2760=ADVANCED_FACE('',(#2541),#45,.T.);
#2761=ADVANCED_FACE('',(#2542),#46,.T.);
#2762=ADVANCED_FACE('',(#2543),#47,.T.);
#2763=ADVANCED_FACE('',(#2544),#48,.T.);
#2764=ADVANCED_FACE('',(#2545),#119,.T.);
#2765=ADVANCED_FACE('',(#2546),#120,.F.);
#2766=ADVANCED_FACE('',(#2547),#121,.T.);
#2767=ADVANCED_FACE('',(#2548),#122,.T.);
#2768=ADVANCED_FACE('',(#2549),#123,.F.);
#2769=ADVANCED_FACE('',(#2550),#124,.T.);
#2770=ADVANCED_FACE('',(#2551),#125,.T.);
#2771=ADVANCED_FACE('',(#2552),#2612,.T.);
#2772=ADVANCED_FACE('',(#2553),#126,.T.);
#2773=ADVANCED_FACE('',(#2554),#127,.F.);
#2774=ADVANCED_FACE('',(#2555),#128,.T.);
#2775=ADVANCED_FACE('',(#2556),#2613,.F.);
#2776=ADVANCED_FACE('',(#2557),#129,.T.);
#2777=ADVANCED_FACE('',(#2558),#130,.F.);
#2778=ADVANCED_FACE('',(#2559),#2614,.F.);
#2779=ADVANCED_FACE('',(#2560),#2615,.F.);
#2780=ADVANCED_FACE('',(#2561),#49,.T.);
#2781=ADVANCED_FACE('',(#2562,#2563),#2616,.F.);
#2782=ADVANCED_FACE('',(#2564),#2617,.F.);
#2783=ADVANCED_FACE('',(#2565),#2618,.T.);
#2784=ADVANCED_FACE('',(#2566),#131,.F.);
#2785=ADVANCED_FACE('',(#2567),#132,.F.);
#2786=ADVANCED_FACE('',(#2568),#133,.F.);
#2787=ADVANCED_FACE('',(#2569,#2570),#134,.T.);
#2788=CLOSED_SHELL('',(#2619,#2620,#2621,#2622,#2623,#2624,#2625,#2626,
#2627,#2628,#2629,#2630,#2631,#2632,#2633,#2634,#2635,#2636,#2637,#2638,
#2639,#2640,#2641,#2642,#2643,#2644,#2645,#2646,#2647,#2648,#2649,#2650,
#2651,#2652,#2653,#2654,#2655,#2656,#2657,#2658,#2659,#2660,#2661,#2662,
#2663,#2664,#2665,#2666,#2667,#2668,#2669,#2670,#2671,#2672,#2673,#2674,
#2675,#2676,#2677,#2678,#2679,#2680,#2681,#2682,#2683,#2684,#2685,#2686,
#2687,#2688,#2689,#2690,#2691,#2692,#2693,#2694,#2695,#2696,#2697,#2698,
#2699,#2700,#2701,#2702,#2703,#2704,#2705,#2706,#2707,#2708,#2709,#2710,
#2711,#2712,#2713,#2714,#2715,#2716,#2717,#2718,#2719,#2720,#2721,#2722,
#2723,#2724,#2725,#2726,#2727,#2728,#2729,#2730,#2731,#2732,#2733,#2734,
#2735,#2736,#2737,#2738,#2739,#2740,#2741,#2742,#2743,#2744,#2745,#2746,
#2747,#2748,#2749,#2750,#2751,#2752,#2753,#2754,#2755,#2756,#2757,#2758,
#2759,#2760,#2761,#2762,#2763,#2764,#2765,#2766,#2767,#2768,#2769,#2770,
#2771,#2772,#2773,#2774,#2775,#2776,#2777,#2778,#2779,#2780,#2781,#2782,
#2783,#2784,#2785,#2786,#2787));
#2789=STYLED_ITEM('',(#2790),#2797);
#2790=PRESENTATION_STYLE_ASSIGNMENT((#2791));
#2791=SURFACE_STYLE_USAGE(.BOTH.,#2792);
#2792=SURFACE_SIDE_STYLE('',(#2793));
#2793=SURFACE_STYLE_FILL_AREA(#2794);
#2794=FILL_AREA_STYLE('',(#2795));
#2795=FILL_AREA_STYLE_COLOUR('',#2796);
#2796=COLOUR_RGB('',0.529411764705882,0.568627450980392,0.6);
#2797=MANIFOLD_SOLID_BREP('drive-pulley',#2788);
#2798=SHAPE_DEFINITION_REPRESENTATION(#5418,#2799);
#2799=SHAPE_REPRESENTATION('drive-pulley',(#2800),#5413);
#2800=AXIS2_PLACEMENT_3D('',#4004,#3162,#3163);
#2801=AXIS2_PLACEMENT_3D('',#4005,#3164,#3165);
#2802=AXIS2_PLACEMENT_3D('',#4017,#3169,#3170);
#2803=AXIS2_PLACEMENT_3D('',#4029,#3174,#3175);
#2804=AXIS2_PLACEMENT_3D('',#4043,#3180,#3181);
#2805=AXIS2_PLACEMENT_3D('',#4052,#3186,#3187);
#2806=AXIS2_PLACEMENT_3D('',#4061,#3192,#3193);
#2807=AXIS2_PLACEMENT_3D('',#4075,#3198,#3199);
#2808=AXIS2_PLACEMENT_3D('',#4076,#3200,#3201);
#2809=AXIS2_PLACEMENT_3D('',#4079,#3203,#3204);
#2810=AXIS2_PLACEMENT_3D('',#4083,#3206,#3207);
#2811=AXIS2_PLACEMENT_3D('',#4085,#3208,#3209);
#2812=AXIS2_PLACEMENT_3D('',#4087,#3210,#3211);
#2813=AXIS2_PLACEMENT_3D('',#4089,#3212,#3213);
#2814=AXIS2_PLACEMENT_3D('',#4091,#3214,#3215);
#2815=AXIS2_PLACEMENT_3D('',#4093,#3216,#3217);
#2816=AXIS2_PLACEMENT_3D('',#4095,#3218,#3219);
#2817=AXIS2_PLACEMENT_3D('',#4097,#3220,#3221);
#2818=AXIS2_PLACEMENT_3D('',#4099,#3222,#3223);
#2819=AXIS2_PLACEMENT_3D('',#4101,#3224,#3225);
#2820=AXIS2_PLACEMENT_3D('',#4103,#3226,#3227);
#2821=AXIS2_PLACEMENT_3D('',#4107,#3229,#3230);
#2822=AXIS2_PLACEMENT_3D('',#4110,#3232,#3233);
#2823=AXIS2_PLACEMENT_3D('',#4113,#3235,#3236);
#2824=AXIS2_PLACEMENT_3D('',#4114,#3237,#3238);
#2825=AXIS2_PLACEMENT_3D('',#4115,#3239,#3240);
#2826=AXIS2_PLACEMENT_3D('',#4118,#3242,#3243);
#2827=AXIS2_PLACEMENT_3D('',#4120,#3244,#3245);
#2828=AXIS2_PLACEMENT_3D('',#4125,#3248,#3249);
#2829=AXIS2_PLACEMENT_3D('',#4126,#3250,#3251);
#2830=AXIS2_PLACEMENT_3D('',#4131,#3254,#3255);
#2831=AXIS2_PLACEMENT_3D('',#4132,#3256,#3257);
#2832=AXIS2_PLACEMENT_3D('',#4144,#3260,#3261);
#2833=AXIS2_PLACEMENT_3D('',#4158,#3264,#3265);
#2834=AXIS2_PLACEMENT_3D('',#4159,#3266,#3267);
#2835=AXIS2_PLACEMENT_3D('',#4190,#3268,#3269);
#2836=AXIS2_PLACEMENT_3D('',#4196,#3270,#3271);
#2837=AXIS2_PLACEMENT_3D('',#4201,#3274,#3275);
#2838=AXIS2_PLACEMENT_3D('',#4216,#3276,#3277);
#2839=AXIS2_PLACEMENT_3D('',#4217,#3278,#3279);
#2840=AXIS2_PLACEMENT_3D('',#4221,#3281,#3282);
#2841=AXIS2_PLACEMENT_3D('',#4247,#3283,#3284);
#2842=AXIS2_PLACEMENT_3D('',#4253,#3285,#3286);
#2843=AXIS2_PLACEMENT_3D('',#4265,#3287,#3288);
#2844=AXIS2_PLACEMENT_3D('',#4364,#3289,#3290);
#2845=AXIS2_PLACEMENT_3D('',#4365,#3291,#3292);
#2846=AXIS2_PLACEMENT_3D('',#4369,#3294,#3295);
#2847=AXIS2_PLACEMENT_3D('',#4370,#3296,#3297);
#2848=AXIS2_PLACEMENT_3D('',#4371,#3298,#3299);
#2849=AXIS2_PLACEMENT_3D('',#4374,#3300,#3301);
#2850=AXIS2_PLACEMENT_3D('',#4376,#3302,#3303);
#2851=AXIS2_PLACEMENT_3D('',#4378,#3304,#3305);
#2852=AXIS2_PLACEMENT_3D('',#4379,#3306,#3307);
#2853=AXIS2_PLACEMENT_3D('',#4383,#3309,#3310);
#2854=AXIS2_PLACEMENT_3D('',#4385,#3311,#3312);
#2855=AXIS2_PLACEMENT_3D('',#4387,#3313,#3314);
#2856=AXIS2_PLACEMENT_3D('',#4389,#3315,#3316);
#2857=AXIS2_PLACEMENT_3D('',#4391,#3317,#3318);
#2858=AXIS2_PLACEMENT_3D('',#4395,#3320,#3321);
#2859=AXIS2_PLACEMENT_3D('',#4396,#3322,#3323);
#2860=AXIS2_PLACEMENT_3D('',#4398,#3324,#3325);
#2861=AXIS2_PLACEMENT_3D('',#4400,#3326,#3327);
#2862=AXIS2_PLACEMENT_3D('',#4401,#3328,#3329);
#2863=AXIS2_PLACEMENT_3D('',#4407,#3333,#3334);
#2864=AXIS2_PLACEMENT_3D('',#4416,#3336,#3337);
#2865=AXIS2_PLACEMENT_3D('',#4418,#3338,#3339);
#2866=AXIS2_PLACEMENT_3D('',#4426,#3341,#3342);
#2867=AXIS2_PLACEMENT_3D('',#4434,#3344,#3345);
#2868=AXIS2_PLACEMENT_3D('',#4436,#3346,#3347);
#2869=AXIS2_PLACEMENT_3D('',#4444,#3349,#3350);
#2870=AXIS2_PLACEMENT_3D('',#4453,#3352,#3353);
#2871=AXIS2_PLACEMENT_3D('',#4455,#3354,#3355);
#2872=AXIS2_PLACEMENT_3D('',#4463,#3357,#3358);
#2873=AXIS2_PLACEMENT_3D('',#4471,#3360,#3361);
#2874=AXIS2_PLACEMENT_3D('',#4473,#3362,#3363);
#2875=AXIS2_PLACEMENT_3D('',#4481,#3365,#3366);
#2876=AXIS2_PLACEMENT_3D('',#4490,#3368,#3369);
#2877=AXIS2_PLACEMENT_3D('',#4492,#3370,#3371);
#2878=AXIS2_PLACEMENT_3D('',#4500,#3373,#3374);
#2879=AXIS2_PLACEMENT_3D('',#4508,#3376,#3377);
#2880=AXIS2_PLACEMENT_3D('',#4510,#3378,#3379);
#2881=AXIS2_PLACEMENT_3D('',#4518,#3381,#3382);
#2882=AXIS2_PLACEMENT_3D('',#4527,#3384,#3385);
#2883=AXIS2_PLACEMENT_3D('',#4529,#3386,#3387);
#2884=AXIS2_PLACEMENT_3D('',#4537,#3389,#3390);
#2885=AXIS2_PLACEMENT_3D('',#4545,#3392,#3393);
#2886=AXIS2_PLACEMENT_3D('',#4547,#3394,#3395);
#2887=AXIS2_PLACEMENT_3D('',#4555,#3397,#3398);
#2888=AXIS2_PLACEMENT_3D('',#4564,#3400,#3401);
#2889=AXIS2_PLACEMENT_3D('',#4566,#3402,#3403);
#2890=AXIS2_PLACEMENT_3D('',#4574,#3405,#3406);
#2891=AXIS2_PLACEMENT_3D('',#4582,#3408,#3409);
#2892=AXIS2_PLACEMENT_3D('',#4584,#3410,#3411);
#2893=AXIS2_PLACEMENT_3D('',#4592,#3413,#3414);
#2894=AXIS2_PLACEMENT_3D('',#4601,#3416,#3417);
#2895=AXIS2_PLACEMENT_3D('',#4603,#3418,#3419);
#2896=AXIS2_PLACEMENT_3D('',#4611,#3421,#3422);
#2897=AXIS2_PLACEMENT_3D('',#4619,#3424,#3425);
#2898=AXIS2_PLACEMENT_3D('',#4621,#3426,#3427);
#2899=AXIS2_PLACEMENT_3D('',#4629,#3429,#3430);
#2900=AXIS2_PLACEMENT_3D('',#4638,#3432,#3433);
#2901=AXIS2_PLACEMENT_3D('',#4640,#3434,#3435);
#2902=AXIS2_PLACEMENT_3D('',#4648,#3437,#3438);
#2903=AXIS2_PLACEMENT_3D('',#4656,#3440,#3441);
#2904=AXIS2_PLACEMENT_3D('',#4658,#3442,#3443);
#2905=AXIS2_PLACEMENT_3D('',#4666,#3445,#3446);
#2906=AXIS2_PLACEMENT_3D('',#4675,#3448,#3449);
#2907=AXIS2_PLACEMENT_3D('',#4677,#3450,#3451);
#2908=AXIS2_PLACEMENT_3D('',#4685,#3453,#3454);
#2909=AXIS2_PLACEMENT_3D('',#4693,#3456,#3457);
#2910=AXIS2_PLACEMENT_3D('',#4695,#3458,#3459);
#2911=AXIS2_PLACEMENT_3D('',#4703,#3461,#3462);
#2912=AXIS2_PLACEMENT_3D('',#4712,#3464,#3465);
#2913=AXIS2_PLACEMENT_3D('',#4714,#3466,#3467);
#2914=AXIS2_PLACEMENT_3D('',#4722,#3469,#3470);
#2915=AXIS2_PLACEMENT_3D('',#4730,#3472,#3473);
#2916=AXIS2_PLACEMENT_3D('',#4732,#3474,#3475);
#2917=AXIS2_PLACEMENT_3D('',#4740,#3477,#3478);
#2918=AXIS2_PLACEMENT_3D('',#4749,#3480,#3481);
#2919=AXIS2_PLACEMENT_3D('',#4751,#3482,#3483);
#2920=AXIS2_PLACEMENT_3D('',#4759,#3485,#3486);
#2921=AXIS2_PLACEMENT_3D('',#4767,#3488,#3489);
#2922=AXIS2_PLACEMENT_3D('',#4769,#3490,#3491);
#2923=AXIS2_PLACEMENT_3D('',#4777,#3493,#3494);
#2924=AXIS2_PLACEMENT_3D('',#4786,#3496,#3497);
#2925=AXIS2_PLACEMENT_3D('',#4788,#3498,#3499);
#2926=AXIS2_PLACEMENT_3D('',#4796,#3501,#3502);
#2927=AXIS2_PLACEMENT_3D('',#4804,#3504,#3505);
#2928=AXIS2_PLACEMENT_3D('',#4806,#3506,#3507);
#2929=AXIS2_PLACEMENT_3D('',#4814,#3509,#3510);
#2930=AXIS2_PLACEMENT_3D('',#4823,#3512,#3513);
#2931=AXIS2_PLACEMENT_3D('',#4825,#3514,#3515);
#2932=AXIS2_PLACEMENT_3D('',#4833,#3517,#3518);
#2933=AXIS2_PLACEMENT_3D('',#4841,#3520,#3521);
#2934=AXIS2_PLACEMENT_3D('',#4843,#3522,#3523);
#2935=AXIS2_PLACEMENT_3D('',#4851,#3525,#3526);
#2936=AXIS2_PLACEMENT_3D('',#4860,#3528,#3529);
#2937=AXIS2_PLACEMENT_3D('',#4862,#3530,#3531);
#2938=AXIS2_PLACEMENT_3D('',#4870,#3533,#3534);
#2939=AXIS2_PLACEMENT_3D('',#4878,#3536,#3537);
#2940=AXIS2_PLACEMENT_3D('',#4880,#3538,#3539);
#2941=AXIS2_PLACEMENT_3D('',#4888,#3541,#3542);
#2942=AXIS2_PLACEMENT_3D('',#4897,#3544,#3545);
#2943=AXIS2_PLACEMENT_3D('',#4899,#3546,#3547);
#2944=AXIS2_PLACEMENT_3D('',#4907,#3549,#3550);
#2945=AXIS2_PLACEMENT_3D('',#4915,#3552,#3553);
#2946=AXIS2_PLACEMENT_3D('',#4917,#3554,#3555);
#2947=AXIS2_PLACEMENT_3D('',#4925,#3557,#3558);
#2948=AXIS2_PLACEMENT_3D('',#4934,#3560,#3561);
#2949=AXIS2_PLACEMENT_3D('',#4936,#3562,#3563);
#2950=AXIS2_PLACEMENT_3D('',#4944,#3565,#3566);
#2951=AXIS2_PLACEMENT_3D('',#4952,#3568,#3569);
#2952=AXIS2_PLACEMENT_3D('',#4954,#3570,#3571);
#2953=AXIS2_PLACEMENT_3D('',#4962,#3573,#3574);
#2954=AXIS2_PLACEMENT_3D('',#4970,#3575,#3576);
#2955=AXIS2_PLACEMENT_3D('',#4971,#3577,#3578);
#2956=AXIS2_PLACEMENT_3D('',#4979,#3579,#3580);
#2957=AXIS2_PLACEMENT_3D('',#4980,#3581,#3582);
#2958=AXIS2_PLACEMENT_3D('',#4988,#3583,#3584);
#2959=AXIS2_PLACEMENT_3D('',#4989,#3585,#3586);
#2960=AXIS2_PLACEMENT_3D('',#4997,#3587,#3588);
#2961=AXIS2_PLACEMENT_3D('',#4998,#3589,#3590);
#2962=AXIS2_PLACEMENT_3D('',#5006,#3591,#3592);
#2963=AXIS2_PLACEMENT_3D('',#5007,#3593,#3594);
#2964=AXIS2_PLACEMENT_3D('',#5015,#3595,#3596);
#2965=AXIS2_PLACEMENT_3D('',#5016,#3597,#3598);
#2966=AXIS2_PLACEMENT_3D('',#5024,#3599,#3600);
#2967=AXIS2_PLACEMENT_3D('',#5025,#3601,#3602);
#2968=AXIS2_PLACEMENT_3D('',#5033,#3603,#3604);
#2969=AXIS2_PLACEMENT_3D('',#5034,#3605,#3606);
#2970=AXIS2_PLACEMENT_3D('',#5042,#3607,#3608);
#2971=AXIS2_PLACEMENT_3D('',#5043,#3609,#3610);
#2972=AXIS2_PLACEMENT_3D('',#5051,#3611,#3612);
#2973=AXIS2_PLACEMENT_3D('',#5052,#3613,#3614);
#2974=AXIS2_PLACEMENT_3D('',#5060,#3615,#3616);
#2975=AXIS2_PLACEMENT_3D('',#5061,#3617,#3618);
#2976=AXIS2_PLACEMENT_3D('',#5069,#3619,#3620);
#2977=AXIS2_PLACEMENT_3D('',#5070,#3621,#3622);
#2978=AXIS2_PLACEMENT_3D('',#5078,#3623,#3624);
#2979=AXIS2_PLACEMENT_3D('',#5079,#3625,#3626);
#2980=AXIS2_PLACEMENT_3D('',#5087,#3627,#3628);
#2981=AXIS2_PLACEMENT_3D('',#5088,#3629,#3630);
#2982=AXIS2_PLACEMENT_3D('',#5096,#3631,#3632);
#2983=AXIS2_PLACEMENT_3D('',#5097,#3633,#3634);
#2984=AXIS2_PLACEMENT_3D('',#5105,#3635,#3636);
#2985=AXIS2_PLACEMENT_3D('',#5106,#3637,#3638);
#2986=AXIS2_PLACEMENT_3D('',#5114,#3639,#3640);
#2987=AXIS2_PLACEMENT_3D('',#5115,#3641,#3642);
#2988=AXIS2_PLACEMENT_3D('',#5123,#3643,#3644);
#2989=AXIS2_PLACEMENT_3D('',#5124,#3645,#3646);
#2990=AXIS2_PLACEMENT_3D('',#5132,#3647,#3648);
#2991=AXIS2_PLACEMENT_3D('',#5133,#3649,#3650);
#2992=AXIS2_PLACEMENT_3D('',#5141,#3651,#3652);
#2993=AXIS2_PLACEMENT_3D('',#5142,#3653,#3654);
#2994=AXIS2_PLACEMENT_3D('',#5150,#3655,#3656);
#2995=AXIS2_PLACEMENT_3D('',#5151,#3657,#3658);
#2996=AXIS2_PLACEMENT_3D('',#5159,#3659,#3660);
#2997=AXIS2_PLACEMENT_3D('',#5160,#3661,#3662);
#2998=AXIS2_PLACEMENT_3D('',#5168,#3663,#3664);
#2999=AXIS2_PLACEMENT_3D('',#5169,#3665,#3666);
#3000=AXIS2_PLACEMENT_3D('',#5177,#3667,#3668);
#3001=AXIS2_PLACEMENT_3D('',#5178,#3669,#3670);
#3002=AXIS2_PLACEMENT_3D('',#5186,#3671,#3672);
#3003=AXIS2_PLACEMENT_3D('',#5187,#3673,#3674);
#3004=AXIS2_PLACEMENT_3D('',#5195,#3675,#3676);
#3005=AXIS2_PLACEMENT_3D('',#5196,#3677,#3678);
#3006=AXIS2_PLACEMENT_3D('',#5204,#3679,#3680);
#3007=AXIS2_PLACEMENT_3D('',#5205,#3681,#3682);
#3008=AXIS2_PLACEMENT_3D('',#5213,#3683,#3684);
#3009=AXIS2_PLACEMENT_3D('',#5214,#3685,#3686);
#3010=AXIS2_PLACEMENT_3D('',#5222,#3687,#3688);
#3011=AXIS2_PLACEMENT_3D('',#5223,#3689,#3690);
#3012=AXIS2_PLACEMENT_3D('',#5231,#3691,#3692);
#3013=AXIS2_PLACEMENT_3D('',#5232,#3693,#3694);
#3014=AXIS2_PLACEMENT_3D('',#5244,#3695,#3696);
#3015=AXIS2_PLACEMENT_3D('',#5246,#3697,#3698);
#3016=AXIS2_PLACEMENT_3D('',#5247,#3699,#3700);
#3017=AXIS2_PLACEMENT_3D('',#5249,#3701,#3702);
#3018=AXIS2_PLACEMENT_3D('',#5250,#3703,#3704);
#3019=AXIS2_PLACEMENT_3D('',#5251,#3705,#3706);
#3020=AXIS2_PLACEMENT_3D('',#5252,#3707,#3708);
#3021=AXIS2_PLACEMENT_3D('',#5253,#3709,#3710);
#3022=AXIS2_PLACEMENT_3D('',#5254,#3711,#3712);
#3023=AXIS2_PLACEMENT_3D('',#5255,#3713,#3714);
#3024=AXIS2_PLACEMENT_3D('',#5256,#3715,#3716);
#3025=AXIS2_PLACEMENT_3D('',#5257,#3717,#3718);
#3026=AXIS2_PLACEMENT_3D('',#5258,#3719,#3720);
#3027=AXIS2_PLACEMENT_3D('',#5259,#3721,#3722);
#3028=AXIS2_PLACEMENT_3D('',#5260,#3723,#3724);
#3029=AXIS2_PLACEMENT_3D('',#5261,#3725,#3726);
#3030=AXIS2_PLACEMENT_3D('',#5262,#3727,#3728);
#3031=AXIS2_PLACEMENT_3D('',#5263,#3729,#3730);
#3032=AXIS2_PLACEMENT_3D('',#5264,#3731,#3732);
#3033=AXIS2_PLACEMENT_3D('',#5265,#3733,#3734);
#3034=AXIS2_PLACEMENT_3D('',#5267,#3735,#3736);
#3035=AXIS2_PLACEMENT_3D('',#5268,#3737,#3738);
#3036=AXIS2_PLACEMENT_3D('',#5269,#3739,#3740);
#3037=AXIS2_PLACEMENT_3D('',#5270,#3741,#3742);
#3038=AXIS2_PLACEMENT_3D('',#5272,#3743,#3744);
#3039=AXIS2_PLACEMENT_3D('',#5273,#3745,#3746);
#3040=AXIS2_PLACEMENT_3D('',#5274,#3747,#3748);
#3041=AXIS2_PLACEMENT_3D('',#5275,#3749,#3750);
#3042=AXIS2_PLACEMENT_3D('',#5276,#3751,#3752);
#3043=AXIS2_PLACEMENT_3D('',#5277,#3753,#3754);
#3044=AXIS2_PLACEMENT_3D('',#5278,#3755,#3756);
#3045=AXIS2_PLACEMENT_3D('',#5279,#3757,#3758);
#3046=AXIS2_PLACEMENT_3D('',#5280,#3759,#3760);
#3047=AXIS2_PLACEMENT_3D('',#5281,#3761,#3762);
#3048=AXIS2_PLACEMENT_3D('',#5282,#3763,#3764);
#3049=AXIS2_PLACEMENT_3D('',#5283,#3765,#3766);
#3050=AXIS2_PLACEMENT_3D('',#5284,#3767,#3768);
#3051=AXIS2_PLACEMENT_3D('',#5285,#3769,#3770);
#3052=AXIS2_PLACEMENT_3D('',#5286,#3771,#3772);
#3053=AXIS2_PLACEMENT_3D('',#5287,#3773,#3774);
#3054=AXIS2_PLACEMENT_3D('',#5288,#3775,#3776);
#3055=AXIS2_PLACEMENT_3D('',#5289,#3777,#3778);
#3056=AXIS2_PLACEMENT_3D('',#5290,#3779,#3780);
#3057=AXIS2_PLACEMENT_3D('',#5291,#3781,#3782);
#3058=AXIS2_PLACEMENT_3D('',#5292,#3783,#3784);
#3059=AXIS2_PLACEMENT_3D('',#5293,#3785,#3786);
#3060=AXIS2_PLACEMENT_3D('',#5294,#3787,#3788);
#3061=AXIS2_PLACEMENT_3D('',#5295,#3789,#3790);
#3062=AXIS2_PLACEMENT_3D('',#5296,#3791,#3792);
#3063=AXIS2_PLACEMENT_3D('',#5297,#3793,#3794);
#3064=AXIS2_PLACEMENT_3D('',#5298,#3795,#3796);
#3065=AXIS2_PLACEMENT_3D('',#5299,#3797,#3798);
#3066=AXIS2_PLACEMENT_3D('',#5300,#3799,#3800);
#3067=AXIS2_PLACEMENT_3D('',#5301,#3801,#3802);
#3068=AXIS2_PLACEMENT_3D('',#5302,#3803,#3804);
#3069=AXIS2_PLACEMENT_3D('',#5303,#3805,#3806);
#3070=AXIS2_PLACEMENT_3D('',#5304,#3807,#3808);
#3071=AXIS2_PLACEMENT_3D('',#5305,#3809,#3810);
#3072=AXIS2_PLACEMENT_3D('',#5306,#3811,#3812);
#3073=AXIS2_PLACEMENT_3D('',#5307,#3813,#3814);
#3074=AXIS2_PLACEMENT_3D('',#5308,#3815,#3816);
#3075=AXIS2_PLACEMENT_3D('',#5309,#3817,#3818);
#3076=AXIS2_PLACEMENT_3D('',#5310,#3819,#3820);
#3077=AXIS2_PLACEMENT_3D('',#5311,#3821,#3822);
#3078=AXIS2_PLACEMENT_3D('',#5312,#3823,#3824);
#3079=AXIS2_PLACEMENT_3D('',#5313,#3825,#3826);
#3080=AXIS2_PLACEMENT_3D('',#5314,#3827,#3828);
#3081=AXIS2_PLACEMENT_3D('',#5315,#3829,#3830);
#3082=AXIS2_PLACEMENT_3D('',#5316,#3831,#3832);
#3083=AXIS2_PLACEMENT_3D('',#5317,#3833,#3834);
#3084=AXIS2_PLACEMENT_3D('',#5318,#3835,#3836);
#3085=AXIS2_PLACEMENT_3D('',#5319,#3837,#3838);
#3086=AXIS2_PLACEMENT_3D('',#5320,#3839,#3840);
#3087=AXIS2_PLACEMENT_3D('',#5321,#3841,#3842);
#3088=AXIS2_PLACEMENT_3D('',#5322,#3843,#3844);
#3089=AXIS2_PLACEMENT_3D('',#5323,#3845,#3846);
#3090=AXIS2_PLACEMENT_3D('',#5324,#3847,#3848);
#3091=AXIS2_PLACEMENT_3D('',#5325,#3849,#3850);
#3092=AXIS2_PLACEMENT_3D('',#5326,#3851,#3852);
#3093=AXIS2_PLACEMENT_3D('',#5327,#3853,#3854);
#3094=AXIS2_PLACEMENT_3D('',#5328,#3855,#3856);
#3095=AXIS2_PLACEMENT_3D('',#5329,#3857,#3858);
#3096=AXIS2_PLACEMENT_3D('',#5330,#3859,#3860);
#3097=AXIS2_PLACEMENT_3D('',#5331,#3861,#3862);
#3098=AXIS2_PLACEMENT_3D('',#5332,#3863,#3864);
#3099=AXIS2_PLACEMENT_3D('',#5333,#3865,#3866);
#3100=AXIS2_PLACEMENT_3D('',#5334,#3867,#3868);
#3101=AXIS2_PLACEMENT_3D('',#5335,#3869,#3870);
#3102=AXIS2_PLACEMENT_3D('',#5336,#3871,#3872);
#3103=AXIS2_PLACEMENT_3D('',#5337,#3873,#3874);
#3104=AXIS2_PLACEMENT_3D('',#5338,#3875,#3876);
#3105=AXIS2_PLACEMENT_3D('',#5339,#3877,#3878);
#3106=AXIS2_PLACEMENT_3D('',#5340,#3879,#3880);
#3107=AXIS2_PLACEMENT_3D('',#5341,#3881,#3882);
#3108=AXIS2_PLACEMENT_3D('',#5342,#3883,#3884);
#3109=AXIS2_PLACEMENT_3D('',#5343,#3885,#3886);
#3110=AXIS2_PLACEMENT_3D('',#5344,#3887,#3888);
#3111=AXIS2_PLACEMENT_3D('',#5345,#3889,#3890);
#3112=AXIS2_PLACEMENT_3D('',#5346,#3891,#3892);
#3113=AXIS2_PLACEMENT_3D('',#5347,#3893,#3894);
#3114=AXIS2_PLACEMENT_3D('',#5348,#3895,#3896);
#3115=AXIS2_PLACEMENT_3D('',#5349,#3897,#3898);
#3116=AXIS2_PLACEMENT_3D('',#5350,#3899,#3900);
#3117=AXIS2_PLACEMENT_3D('',#5351,#3901,#3902);
#3118=AXIS2_PLACEMENT_3D('',#5352,#3903,#3904);
#3119=AXIS2_PLACEMENT_3D('',#5353,#3905,#3906);
#3120=AXIS2_PLACEMENT_3D('',#5354,#3907,#3908);
#3121=AXIS2_PLACEMENT_3D('',#5355,#3909,#3910);
#3122=AXIS2_PLACEMENT_3D('',#5356,#3911,#3912);
#3123=AXIS2_PLACEMENT_3D('',#5357,#3913,#3914);
#3124=AXIS2_PLACEMENT_3D('',#5358,#3915,#3916);
#3125=AXIS2_PLACEMENT_3D('',#5359,#3917,#3918);
#3126=AXIS2_PLACEMENT_3D('',#5360,#3919,#3920);
#3127=AXIS2_PLACEMENT_3D('',#5361,#3921,#3922);
#3128=AXIS2_PLACEMENT_3D('',#5362,#3923,#3924);
#3129=AXIS2_PLACEMENT_3D('',#5363,#3925,#3926);
#3130=AXIS2_PLACEMENT_3D('',#5364,#3927,#3928);
#3131=AXIS2_PLACEMENT_3D('',#5366,#3930,#3931);
#3132=AXIS2_PLACEMENT_3D('',#5368,#3933,#3934);
#3133=AXIS2_PLACEMENT_3D('',#5369,#3935,#3936);
#3134=AXIS2_PLACEMENT_3D('',#5372,#3938,#3939);
#3135=AXIS2_PLACEMENT_3D('',#5373,#3940,#3941);
#3136=AXIS2_PLACEMENT_3D('',#5377,#3944,#3945);
#3137=AXIS2_PLACEMENT_3D('',#5379,#3947,#3948);
#3138=AXIS2_PLACEMENT_3D('',#5380,#3949,#3950);
#3139=AXIS2_PLACEMENT_3D('',#5382,#3952,#3953);
#3140=AXIS2_PLACEMENT_3D('',#5384,#3955,#3956);
#3141=AXIS2_PLACEMENT_3D('',#5386,#3958,#3959);
#3142=AXIS2_PLACEMENT_3D('',#5388,#3961,#3962);
#3143=AXIS2_PLACEMENT_3D('',#5390,#3964,#3965);
#3144=AXIS2_PLACEMENT_3D('',#5392,#3967,#3968);
#3145=AXIS2_PLACEMENT_3D('',#5393,#3969,#3970);
#3146=AXIS2_PLACEMENT_3D('',#5394,#3971,#3972);
#3147=AXIS2_PLACEMENT_3D('',#5395,#3973,#3974);
#3148=AXIS2_PLACEMENT_3D('',#5396,#3975,#3976);
#3149=AXIS2_PLACEMENT_3D('',#5398,#3978,#3979);
#3150=AXIS2_PLACEMENT_3D('',#5399,#3980,#3981);
#3151=AXIS2_PLACEMENT_3D('',#5400,#3982,#3983);
#3152=AXIS2_PLACEMENT_3D('',#5401,#3984,#3985);
#3153=AXIS2_PLACEMENT_3D('',#5402,#3986,#3987);
#3154=AXIS2_PLACEMENT_3D('',#5403,#3988,#3989);
#3155=AXIS2_PLACEMENT_3D('',#5404,#3990,#3991);
#3156=AXIS2_PLACEMENT_3D('',#5406,#3992,#3993);
#3157=AXIS2_PLACEMENT_3D('',#5407,#3994,#3995);
#3158=AXIS2_PLACEMENT_3D('',#5408,#3996,#3997);
#3159=AXIS2_PLACEMENT_3D('',#5409,#3998,#3999);
#3160=AXIS2_PLACEMENT_3D('',#5410,#4000,#4001);
#3161=AXIS2_PLACEMENT_3D('',#5411,#4002,#4003);
#3162=DIRECTION('',(0.,0.,1.));
#3163=DIRECTION('',(1.,0.,0.));
#3164=DIRECTION('',(0.,-1.,0.));
#3165=DIRECTION('',(0.,0.,-1.));
#3166=DIRECTION('',(1.,0.,0.));
#3167=DIRECTION('',(0.,0.,-1.));
#3168=DIRECTION('',(0.,0.,-1.));
#3169=DIRECTION('',(0.,-1.,0.));
#3170=DIRECTION('',(0.,0.,-1.));
#3171=DIRECTION('',(0.,0.,-1.));
#3172=DIRECTION('',(1.,0.,0.));
#3173=DIRECTION('',(0.,0.,-1.));
#3174=DIRECTION('',(0.,0.5,0.866025403784438));
#3175=DIRECTION('',(0.,-0.866025403784438,0.5));
#3176=DIRECTION('',(1.,0.,0.));
#3177=DIRECTION('',(0.,-0.866025403784438,0.5));
#3178=DIRECTION('',(1.,0.,0.));
#3179=DIRECTION('',(0.,-0.866025403784438,0.5));
#3180=DIRECTION('',(0.,0.5,0.866025403784439));
#3181=DIRECTION('',(0.,-0.866025403784439,0.5));
#3182=DIRECTION('',(0.,-0.866025403784439,0.5));
#3183=DIRECTION('',(1.,0.,0.));
#3184=DIRECTION('',(0.,-0.866025403784439,0.5));
#3185=DIRECTION('',(-0.667550710249979,0.644811629030961,-0.372282167597627));
#3186=DIRECTION('',(0.,0.5,-0.866025403784438));
#3187=DIRECTION('',(0.,0.866025403784438,0.5));
#3188=DIRECTION('',(1.,0.,0.));
#3189=DIRECTION('',(0.,0.866025403784438,0.5));
#3190=DIRECTION('',(-0.667550710249978,-0.644811629030961,-0.372282167597627));
#3191=DIRECTION('',(0.,0.866025403784438,0.5));
#3192=DIRECTION('',(0.,0.5,-0.866025403784439));
#3193=DIRECTION('',(0.,0.866025403784439,0.5));
#3194=DIRECTION('',(0.,0.866025403784439,0.5));
#3195=DIRECTION('',(1.,0.,0.));
#3196=DIRECTION('',(0.,0.866025403784439,0.5));
#3197=DIRECTION('',(1.,0.,0.));
#3198=DIRECTION('',(1.,0.,0.));
#3199=DIRECTION('',(0.,0.,-1.));
#3200=DIRECTION('',(1.,0.,0.));
#3201=DIRECTION('',(0.,0.,-1.));
#3202=DIRECTION('',(0.,-0.5,0.866025403784438));
#3203=DIRECTION('',(1.,0.,0.));
#3204=DIRECTION('',(0.,-1.,0.));
#3205=DIRECTION('',(0.,0.,-1.));
#3206=DIRECTION('',(1.,0.,0.));
#3207=DIRECTION('',(0.,0.,-1.));
#3208=DIRECTION('',(-1.,0.,0.));
#3209=DIRECTION('',(0.,0.,1.));
#3210=DIRECTION('',(1.,0.,0.));
#3211=DIRECTION('',(0.,0.,-1.));
#3212=DIRECTION('',(1.,0.,0.));
#3213=DIRECTION('',(0.,0.,-1.));
#3214=DIRECTION('',(1.,0.,0.));
#3215=DIRECTION('',(0.,0.,-1.));
#3216=DIRECTION('',(-1.,0.,0.));
#3217=DIRECTION('',(0.,0.,1.));
#3218=DIRECTION('',(1.,0.,0.));
#3219=DIRECTION('',(0.,0.,-1.));
#3220=DIRECTION('',(1.,0.,0.));
#3221=DIRECTION('',(0.,0.,-1.));
#3222=DIRECTION('',(1.,0.,0.));
#3223=DIRECTION('',(0.,0.,-1.));
#3224=DIRECTION('',(-1.,0.,0.));
#3225=DIRECTION('',(0.,0.,1.));
#3226=DIRECTION('',(1.,0.,0.));
#3227=DIRECTION('',(0.,0.,-1.));
#3228=DIRECTION('',(0.,0.,-1.));
#3229=DIRECTION('',(1.,0.,0.));
#3230=DIRECTION('',(0.,-1.,0.));
#3231=DIRECTION('',(0.,0.5,0.866025403784438));
#3232=DIRECTION('',(1.,0.,0.));
#3233=DIRECTION('',(0.,0.,-1.));
#3234=DIRECTION('',(0.,-1.22464679914735E-16,1.));
#3235=DIRECTION('',(1.,0.,0.));
#3236=DIRECTION('',(0.,0.,-1.));
#3237=DIRECTION('',(1.,0.,0.));
#3238=DIRECTION('',(0.,0.,-1.));
#3239=DIRECTION('',(1.,0.,0.));
#3240=DIRECTION('',(0.,0.,-1.));
#3241=DIRECTION('',(0.,0.,-1.));
#3242=DIRECTION('',(1.,0.,0.));
#3243=DIRECTION('',(0.,0.,-1.));
#3244=DIRECTION('',(1.,0.,0.));
#3245=DIRECTION('',(0.,0.,-1.));
#3246=DIRECTION('',(1.,0.,0.));
#3247=DIRECTION('',(1.,0.,0.));
#3248=DIRECTION('',(-1.,0.,0.));
#3249=DIRECTION('',(0.,0.,1.));
#3250=DIRECTION('',(1.,0.,0.));
#3251=DIRECTION('',(0.,0.,-1.));
#3252=DIRECTION('',(1.,0.,0.));
#3253=DIRECTION('',(1.,0.,0.));
#3254=DIRECTION('',(-1.,0.,0.));
#3255=DIRECTION('',(0.,0.,1.));
#3256=DIRECTION('',(1.,0.,0.));
#3257=DIRECTION('',(0.,0.,-1.));
#3258=DIRECTION('',(-1.,0.,0.));
#3259=DIRECTION('',(-1.,0.,0.));
#3260=DIRECTION('',(1.,0.,0.));
#3261=DIRECTION('',(0.,0.,-1.));
#3262=DIRECTION('',(-1.,0.,0.));
#3263=DIRECTION('',(-1.,0.,0.));
#3264=DIRECTION('',(-1.,0.,0.));
#3265=DIRECTION('',(0.,0.,1.));
#3266=DIRECTION('',(-0.137568371274686,0.,-0.990492273177752));
#3267=DIRECTION('',(-0.990492273177752,0.,0.137568371274686));
#3268=DIRECTION('',(-0.694750580214743,0.719250742989729,0.));
#3269=DIRECTION('',(-0.719250742989729,-0.694750580214743,0.));
#3270=DIRECTION('',(-0.694750580214743,0.719250742989729,0.));
#3271=DIRECTION('',(-0.719250742989729,-0.694750580214743,0.));
#3272=DIRECTION('',(0.719250742989729,0.694750580214743,0.));
#3273=DIRECTION('',(0.,0.,-1.));
#3274=DIRECTION('',(-1.,0.,0.));
#3275=DIRECTION('',(0.,0.,1.));
#3276=DIRECTION('',(1.,0.,0.));
#3277=DIRECTION('',(0.,0.,-1.));
#3278=DIRECTION('',(1.,0.,0.));
#3279=DIRECTION('',(0.,-1.,0.));
#3280=DIRECTION('',(0.719250742989729,-0.694750580214743,0.));
#3281=DIRECTION('',(1.,0.,0.));
#3282=DIRECTION('',(0.,0.,-1.));
#3283=DIRECTION('',(-1.,0.,0.));
#3284=DIRECTION('',(0.,0.,1.));
#3285=DIRECTION('',(1.,0.,0.));
#3286=DIRECTION('',(0.,0.,-1.));
#3287=DIRECTION('',(1.,0.,0.));
#3288=DIRECTION('',(0.,0.,-1.));
#3289=DIRECTION('',(1.,0.,0.));
#3290=DIRECTION('',(0.,0.,-1.));
#3291=DIRECTION('',(1.,0.,0.));
#3292=DIRECTION('',(0.,0.,-1.));
#3293=DIRECTION('',(0.,-1.,0.));
#3294=DIRECTION('',(-1.,0.,0.));
#3295=DIRECTION('',(0.,0.,-1.));
#3296=DIRECTION('',(-1.,0.,0.));
#3297=DIRECTION('',(0.,0.,1.));
#3298=DIRECTION('',(-1.,0.,0.));
#3299=DIRECTION('',(0.,0.,1.));
#3300=DIRECTION('',(-1.,0.,0.));
#3301=DIRECTION('',(0.,0.,1.));
#3302=DIRECTION('',(-1.,0.,0.));
#3303=DIRECTION('',(0.,0.,1.));
#3304=DIRECTION('',(-1.,0.,0.));
#3305=DIRECTION('',(0.,0.,1.));
#3306=DIRECTION('',(-1.,0.,0.));
#3307=DIRECTION('',(0.,0.,1.));
#3308=DIRECTION('',(0.,0.,-1.));
#3309=DIRECTION('',(-1.,0.,0.));
#3310=DIRECTION('',(0.,0.,1.));
#3311=DIRECTION('',(-1.,0.,0.));
#3312=DIRECTION('',(0.,0.,1.));
#3313=DIRECTION('',(-1.,0.,0.));
#3314=DIRECTION('',(0.,0.,1.));
#3315=DIRECTION('',(-1.,0.,0.));
#3316=DIRECTION('',(0.,0.,1.));
#3317=DIRECTION('',(-1.,0.,0.));
#3318=DIRECTION('',(0.,0.,1.));
#3319=DIRECTION('',(0.,0.,-1.));
#3320=DIRECTION('',(-1.,0.,0.));
#3321=DIRECTION('',(0.,0.,1.));
#3322=DIRECTION('',(-1.,0.,0.));
#3323=DIRECTION('',(0.,0.,1.));
#3324=DIRECTION('',(-1.,0.,0.));
#3325=DIRECTION('',(0.,0.,1.));
#3326=DIRECTION('',(-1.,0.,0.));
#3327=DIRECTION('',(0.,0.,1.));
#3328=DIRECTION('',(0.,0.,1.));
#3329=DIRECTION('',(1.,0.,0.));
#3330=DIRECTION('',(1.,0.,0.));
#3331=DIRECTION('',(0.,1.,0.));
#3332=DIRECTION('',(1.,0.,0.));
#3333=DIRECTION('',(-1.,0.,0.));
#3334=DIRECTION('',(0.,0.,1.));
#3335=DIRECTION('',(-1.,0.,0.));
#3336=DIRECTION('',(1.,0.,0.));
#3337=DIRECTION('',(0.,0.,-1.));
#3338=DIRECTION('',(1.,0.,0.));
#3339=DIRECTION('',(0.,0.,-1.));
#3340=DIRECTION('',(-1.,0.,0.));
#3341=DIRECTION('',(-1.,0.,0.));
#3342=DIRECTION('',(0.,0.,1.));
#3343=DIRECTION('',(-1.,0.,0.));
#3344=DIRECTION('',(1.,0.,0.));
#3345=DIRECTION('',(0.,0.,-1.));
#3346=DIRECTION('',(1.,0.,0.));
#3347=DIRECTION('',(0.,0.,-1.));
#3348=DIRECTION('',(-1.,0.,0.));
#3349=DIRECTION('',(-1.,0.,0.));
#3350=DIRECTION('',(0.,-0.4067366430758,0.913545457642601));
#3351=DIRECTION('',(-1.,0.,0.));
#3352=DIRECTION('',(1.,0.,0.));
#3353=DIRECTION('',(0.,0.4067366430758,-0.913545457642601));
#3354=DIRECTION('',(1.,0.,0.));
#3355=DIRECTION('',(0.,0.4067366430758,-0.913545457642601));
#3356=DIRECTION('',(-1.,0.,0.));
#3357=DIRECTION('',(-1.,0.,0.));
#3358=DIRECTION('',(0.,-0.4067366430758,0.913545457642601));
#3359=DIRECTION('',(-1.,0.,0.));
#3360=DIRECTION('',(1.,0.,0.));
#3361=DIRECTION('',(0.,0.4067366430758,-0.913545457642601));
#3362=DIRECTION('',(1.,0.,0.));
#3363=DIRECTION('',(0.,0.4067366430758,-0.913545457642601));
#3364=DIRECTION('',(-1.,0.,0.));
#3365=DIRECTION('',(-1.,0.,0.));
#3366=DIRECTION('',(0.,-0.743144825477394,0.669130606358858));
#3367=DIRECTION('',(-1.,0.,0.));
#3368=DIRECTION('',(1.,0.,0.));
#3369=DIRECTION('',(0.,0.743144825477394,-0.669130606358858));
#3370=DIRECTION('',(1.,0.,0.));
#3371=DIRECTION('',(0.,0.743144825477394,-0.669130606358858));
#3372=DIRECTION('',(-1.,0.,0.));
#3373=DIRECTION('',(-1.,0.,0.));
#3374=DIRECTION('',(0.,-0.743144825477394,0.669130606358858));
#3375=DIRECTION('',(-1.,0.,0.));
#3376=DIRECTION('',(1.,0.,0.));
#3377=DIRECTION('',(0.,0.743144825477394,-0.669130606358858));
#3378=DIRECTION('',(1.,0.,0.));
#3379=DIRECTION('',(0.,0.743144825477394,-0.669130606358858));
#3380=DIRECTION('',(-1.,0.,0.));
#3381=DIRECTION('',(-1.,0.,0.));
#3382=DIRECTION('',(0.,-0.951056516295154,0.309016994374948));
#3383=DIRECTION('',(-1.,0.,0.));
#3384=DIRECTION('',(1.,0.,0.));
#3385=DIRECTION('',(0.,0.951056516295154,-0.309016994374948));
#3386=DIRECTION('',(1.,0.,0.));
#3387=DIRECTION('',(0.,0.951056516295154,-0.309016994374948));
#3388=DIRECTION('',(-1.,0.,0.));
#3389=DIRECTION('',(-1.,0.,0.));
#3390=DIRECTION('',(0.,-0.951056516295154,0.309016994374948));
#3391=DIRECTION('',(-1.,0.,0.));
#3392=DIRECTION('',(1.,0.,0.));
#3393=DIRECTION('',(0.,0.951056516295154,-0.309016994374948));
#3394=DIRECTION('',(1.,0.,0.));
#3395=DIRECTION('',(0.,0.951056516295154,-0.309016994374948));
#3396=DIRECTION('',(-1.,0.,0.));
#3397=DIRECTION('',(-1.,0.,0.));
#3398=DIRECTION('',(0.,-0.994521895368273,-0.104528463267653));
#3399=DIRECTION('',(-1.,0.,0.));
#3400=DIRECTION('',(1.,0.,0.));
#3401=DIRECTION('',(0.,0.994521895368273,0.104528463267653));
#3402=DIRECTION('',(1.,0.,0.));
#3403=DIRECTION('',(0.,0.994521895368273,0.104528463267653));
#3404=DIRECTION('',(-1.,0.,0.));
#3405=DIRECTION('',(-1.,0.,0.));
#3406=DIRECTION('',(0.,-0.994521895368273,-0.104528463267653));
#3407=DIRECTION('',(-1.,0.,0.));
#3408=DIRECTION('',(1.,0.,0.));
#3409=DIRECTION('',(0.,0.994521895368273,0.104528463267653));
#3410=DIRECTION('',(1.,0.,0.));
#3411=DIRECTION('',(0.,0.994521895368273,0.104528463267653));
#3412=DIRECTION('',(-1.,0.,0.));
#3413=DIRECTION('',(-1.,0.,0.));
#3414=DIRECTION('',(0.,-0.866025403784439,-0.5));
#3415=DIRECTION('',(-1.,0.,0.));
#3416=DIRECTION('',(1.,0.,0.));
#3417=DIRECTION('',(0.,0.866025403784439,0.5));
#3418=DIRECTION('',(1.,0.,0.));
#3419=DIRECTION('',(0.,0.866025403784439,0.5));
#3420=DIRECTION('',(-1.,0.,0.));
#3421=DIRECTION('',(-1.,0.,0.));
#3422=DIRECTION('',(0.,-0.866025403784439,-0.5));
#3423=DIRECTION('',(-1.,0.,0.));
#3424=DIRECTION('',(1.,0.,0.));
#3425=DIRECTION('',(0.,0.866025403784439,0.5));
#3426=DIRECTION('',(1.,0.,0.));
#3427=DIRECTION('',(0.,0.866025403784439,0.5));
#3428=DIRECTION('',(-1.,0.,0.));
#3429=DIRECTION('',(-1.,0.,0.));
#3430=DIRECTION('',(0.,-0.587785252292473,-0.809016994374947));
#3431=DIRECTION('',(-1.,0.,0.));
#3432=DIRECTION('',(1.,0.,0.));
#3433=DIRECTION('',(0.,0.587785252292473,0.809016994374947));
#3434=DIRECTION('',(1.,0.,0.));
#3435=DIRECTION('',(0.,0.587785252292473,0.809016994374947));
#3436=DIRECTION('',(-1.,0.,0.));
#3437=DIRECTION('',(-1.,0.,0.));
#3438=DIRECTION('',(0.,-0.587785252292473,-0.809016994374947));
#3439=DIRECTION('',(-1.,0.,0.));
#3440=DIRECTION('',(1.,0.,0.));
#3441=DIRECTION('',(0.,0.587785252292473,0.809016994374947));
#3442=DIRECTION('',(1.,0.,0.));
#3443=DIRECTION('',(0.,0.587785252292473,0.809016994374947));
#3444=DIRECTION('',(-1.,0.,0.));
#3445=DIRECTION('',(-1.,0.,0.));
#3446=DIRECTION('',(0.,-0.207911690817759,-0.978147600733806));
#3447=DIRECTION('',(-1.,0.,0.));
#3448=DIRECTION('',(1.,0.,0.));
#3449=DIRECTION('',(0.,0.207911690817759,0.978147600733806));
#3450=DIRECTION('',(1.,0.,0.));
#3451=DIRECTION('',(0.,0.207911690817759,0.978147600733806));
#3452=DIRECTION('',(-1.,0.,0.));
#3453=DIRECTION('',(-1.,0.,0.));
#3454=DIRECTION('',(0.,-0.207911690817759,-0.978147600733806));
#3455=DIRECTION('',(-1.,0.,0.));
#3456=DIRECTION('',(1.,0.,0.));
#3457=DIRECTION('',(0.,0.207911690817759,0.978147600733806));
#3458=DIRECTION('',(1.,0.,0.));
#3459=DIRECTION('',(0.,0.207911690817759,0.978147600733806));
#3460=DIRECTION('',(-1.,0.,0.));
#3461=DIRECTION('',(-1.,0.,0.));
#3462=DIRECTION('',(0.,0.207911690817759,-0.978147600733806));
#3463=DIRECTION('',(-1.,0.,0.));
#3464=DIRECTION('',(1.,0.,0.));
#3465=DIRECTION('',(0.,-0.207911690817759,0.978147600733806));
#3466=DIRECTION('',(1.,0.,0.));
#3467=DIRECTION('',(0.,-0.207911690817759,0.978147600733806));
#3468=DIRECTION('',(-1.,0.,0.));
#3469=DIRECTION('',(-1.,0.,0.));
#3470=DIRECTION('',(0.,0.207911690817759,-0.978147600733806));
#3471=DIRECTION('',(-1.,0.,0.));
#3472=DIRECTION('',(1.,0.,0.));
#3473=DIRECTION('',(0.,-0.207911690817759,0.978147600733806));
#3474=DIRECTION('',(1.,0.,0.));
#3475=DIRECTION('',(0.,-0.207911690817759,0.978147600733806));
#3476=DIRECTION('',(-1.,0.,0.));
#3477=DIRECTION('',(-1.,0.,0.));
#3478=DIRECTION('',(0.,0.587785252292473,-0.809016994374948));
#3479=DIRECTION('',(-1.,0.,0.));
#3480=DIRECTION('',(1.,0.,0.));
#3481=DIRECTION('',(0.,-0.587785252292473,0.809016994374948));
#3482=DIRECTION('',(1.,0.,0.));
#3483=DIRECTION('',(0.,-0.587785252292473,0.809016994374948));
#3484=DIRECTION('',(-1.,0.,0.));
#3485=DIRECTION('',(-1.,0.,0.));
#3486=DIRECTION('',(0.,0.587785252292473,-0.809016994374948));
#3487=DIRECTION('',(-1.,0.,0.));
#3488=DIRECTION('',(1.,0.,0.));
#3489=DIRECTION('',(0.,-0.587785252292473,0.809016994374948));
#3490=DIRECTION('',(1.,0.,0.));
#3491=DIRECTION('',(0.,-0.587785252292473,0.809016994374948));
#3492=DIRECTION('',(-1.,0.,0.));
#3493=DIRECTION('',(-1.,0.,0.));
#3494=DIRECTION('',(0.,0.866025403784438,-0.5));
#3495=DIRECTION('',(-1.,0.,0.));
#3496=DIRECTION('',(1.,0.,0.));
#3497=DIRECTION('',(0.,-0.866025403784438,0.5));
#3498=DIRECTION('',(1.,0.,0.));
#3499=DIRECTION('',(0.,-0.866025403784438,0.5));
#3500=DIRECTION('',(-1.,0.,0.));
#3501=DIRECTION('',(-1.,0.,0.));
#3502=DIRECTION('',(0.,0.866025403784438,-0.5));
#3503=DIRECTION('',(-1.,0.,0.));
#3504=DIRECTION('',(1.,0.,0.));
#3505=DIRECTION('',(0.,-0.866025403784438,0.5));
#3506=DIRECTION('',(1.,0.,0.));
#3507=DIRECTION('',(0.,-0.866025403784438,0.5));
#3508=DIRECTION('',(-1.,0.,0.));
#3509=DIRECTION('',(-1.,0.,0.));
#3510=DIRECTION('',(0.,0.994521895368273,-0.104528463267654));
#3511=DIRECTION('',(-1.,0.,0.));
#3512=DIRECTION('',(1.,0.,0.));
#3513=DIRECTION('',(0.,-0.994521895368273,0.104528463267654));
#3514=DIRECTION('',(1.,0.,0.));
#3515=DIRECTION('',(0.,-0.994521895368273,0.104528463267654));
#3516=DIRECTION('',(-1.,0.,0.));
#3517=DIRECTION('',(-1.,0.,0.));
#3518=DIRECTION('',(0.,0.994521895368273,-0.104528463267654));
#3519=DIRECTION('',(-1.,0.,0.));
#3520=DIRECTION('',(1.,0.,0.));
#3521=DIRECTION('',(0.,-0.994521895368273,0.104528463267654));
#3522=DIRECTION('',(1.,0.,0.));
#3523=DIRECTION('',(0.,-0.994521895368273,0.104528463267654));
#3524=DIRECTION('',(-1.,0.,0.));
#3525=DIRECTION('',(-1.,0.,0.));
#3526=DIRECTION('',(0.,0.951056516295154,0.309016994374948));
#3527=DIRECTION('',(-1.,0.,0.));
#3528=DIRECTION('',(1.,0.,0.));
#3529=DIRECTION('',(0.,-0.951056516295154,-0.309016994374948));
#3530=DIRECTION('',(1.,0.,0.));
#3531=DIRECTION('',(0.,-0.951056516295154,-0.309016994374948));
#3532=DIRECTION('',(-1.,0.,0.));
#3533=DIRECTION('',(-1.,0.,0.));
#3534=DIRECTION('',(0.,0.951056516295154,0.309016994374948));
#3535=DIRECTION('',(-1.,0.,0.));
#3536=DIRECTION('',(1.,0.,0.));
#3537=DIRECTION('',(0.,-0.951056516295154,-0.309016994374948));
#3538=DIRECTION('',(1.,0.,0.));
#3539=DIRECTION('',(0.,-0.951056516295154,-0.309016994374948));
#3540=DIRECTION('',(-1.,0.,0.));
#3541=DIRECTION('',(-1.,0.,0.));
#3542=DIRECTION('',(0.,0.743144825477395,0.669130606358858));
#3543=DIRECTION('',(-1.,0.,0.));
#3544=DIRECTION('',(1.,0.,0.));
#3545=DIRECTION('',(0.,-0.743144825477395,-0.669130606358858));
#3546=DIRECTION('',(1.,0.,0.));
#3547=DIRECTION('',(0.,-0.743144825477395,-0.669130606358858));
#3548=DIRECTION('',(-1.,0.,0.));
#3549=DIRECTION('',(-1.,0.,0.));
#3550=DIRECTION('',(0.,0.743144825477395,0.669130606358858));
#3551=DIRECTION('',(-1.,0.,0.));
#3552=DIRECTION('',(1.,0.,0.));
#3553=DIRECTION('',(0.,-0.743144825477395,-0.669130606358858));
#3554=DIRECTION('',(1.,0.,0.));
#3555=DIRECTION('',(0.,-0.743144825477395,-0.669130606358858));
#3556=DIRECTION('',(-1.,0.,0.));
#3557=DIRECTION('',(-1.,0.,0.));
#3558=DIRECTION('',(0.,0.406736643075801,0.913545457642601));
#3559=DIRECTION('',(-1.,0.,0.));
#3560=DIRECTION('',(1.,0.,0.));
#3561=DIRECTION('',(0.,-0.406736643075801,-0.913545457642601));
#3562=DIRECTION('',(1.,0.,0.));
#3563=DIRECTION('',(0.,-0.406736643075801,-0.913545457642601));
#3564=DIRECTION('',(-1.,0.,0.));
#3565=DIRECTION('',(-1.,0.,0.));
#3566=DIRECTION('',(0.,0.406736643075801,0.913545457642601));
#3567=DIRECTION('',(-1.,0.,0.));
#3568=DIRECTION('',(1.,0.,0.));
#3569=DIRECTION('',(0.,-0.406736643075801,-0.913545457642601));
#3570=DIRECTION('',(1.,0.,0.));
#3571=DIRECTION('',(0.,-0.406736643075801,-0.913545457642601));
#3572=DIRECTION('',(-1.,0.,0.));
#3573=DIRECTION('',(-1.,0.,0.));
#3574=DIRECTION('',(0.,0.,1.));
#3575=DIRECTION('',(1.,0.,0.));
#3576=DIRECTION('',(0.,0.,-1.));
#3577=DIRECTION('',(-1.,0.,0.));
#3578=DIRECTION('',(0.,0.,1.));
#3579=DIRECTION('',(-1.,0.,0.));
#3580=DIRECTION('',(0.,0.,-1.));
#3581=DIRECTION('',(-1.,0.,0.));
#3582=DIRECTION('',(0.,0.,1.));
#3583=DIRECTION('',(1.,0.,0.));
#3584=DIRECTION('',(0.,0.,-1.));
#3585=DIRECTION('',(-1.,0.,0.));
#3586=DIRECTION('',(0.,0.,1.));
#3587=DIRECTION('',(1.,0.,0.));
#3588=DIRECTION('',(0.,0.,-1.));
#3589=DIRECTION('',(-1.,0.,0.));
#3590=DIRECTION('',(0.,-0.4067366430758,0.913545457642601));
#3591=DIRECTION('',(1.,0.,0.));
#3592=DIRECTION('',(0.,0.4067366430758,-0.913545457642601));
#3593=DIRECTION('',(-1.,0.,0.));
#3594=DIRECTION('',(0.,-0.4067366430758,0.913545457642601));
#3595=DIRECTION('',(1.,0.,0.));
#3596=DIRECTION('',(0.,0.4067366430758,-0.913545457642601));
#3597=DIRECTION('',(-1.,0.,0.));
#3598=DIRECTION('',(0.,-0.743144825477394,0.669130606358858));
#3599=DIRECTION('',(1.,0.,0.));
#3600=DIRECTION('',(0.,0.743144825477394,-0.669130606358858));
#3601=DIRECTION('',(-1.,0.,0.));
#3602=DIRECTION('',(0.,-0.743144825477394,0.669130606358858));
#3603=DIRECTION('',(1.,0.,0.));
#3604=DIRECTION('',(0.,0.743144825477394,-0.669130606358858));
#3605=DIRECTION('',(-1.,0.,0.));
#3606=DIRECTION('',(0.,-0.951056516295154,0.309016994374948));
#3607=DIRECTION('',(1.,0.,0.));
#3608=DIRECTION('',(0.,0.951056516295154,-0.309016994374948));
#3609=DIRECTION('',(-1.,0.,0.));
#3610=DIRECTION('',(0.,-0.951056516295154,0.309016994374948));
#3611=DIRECTION('',(1.,0.,0.));
#3612=DIRECTION('',(0.,0.951056516295154,-0.309016994374948));
#3613=DIRECTION('',(-1.,0.,0.));
#3614=DIRECTION('',(0.,-0.994521895368273,-0.104528463267653));
#3615=DIRECTION('',(1.,0.,0.));
#3616=DIRECTION('',(0.,0.994521895368273,0.104528463267653));
#3617=DIRECTION('',(-1.,0.,0.));
#3618=DIRECTION('',(0.,-0.994521895368273,-0.104528463267653));
#3619=DIRECTION('',(1.,0.,0.));
#3620=DIRECTION('',(0.,0.994521895368273,0.104528463267653));
#3621=DIRECTION('',(-1.,0.,0.));
#3622=DIRECTION('',(0.,-0.866025403784439,-0.5));
#3623=DIRECTION('',(1.,0.,0.));
#3624=DIRECTION('',(0.,0.866025403784439,0.5));
#3625=DIRECTION('',(-1.,0.,0.));
#3626=DIRECTION('',(0.,-0.866025403784439,-0.5));
#3627=DIRECTION('',(1.,0.,0.));
#3628=DIRECTION('',(0.,0.866025403784439,0.5));
#3629=DIRECTION('',(-1.,0.,0.));
#3630=DIRECTION('',(0.,-0.587785252292473,-0.809016994374947));
#3631=DIRECTION('',(1.,0.,0.));
#3632=DIRECTION('',(0.,0.587785252292473,0.809016994374947));
#3633=DIRECTION('',(-1.,0.,0.));
#3634=DIRECTION('',(0.,-0.587785252292473,-0.809016994374947));
#3635=DIRECTION('',(1.,0.,0.));
#3636=DIRECTION('',(0.,0.587785252292473,0.809016994374947));
#3637=DIRECTION('',(-1.,0.,0.));
#3638=DIRECTION('',(0.,-0.207911690817759,-0.978147600733806));
#3639=DIRECTION('',(1.,0.,0.));
#3640=DIRECTION('',(0.,0.207911690817759,0.978147600733806));
#3641=DIRECTION('',(-1.,0.,0.));
#3642=DIRECTION('',(0.,-0.207911690817759,-0.978147600733806));
#3643=DIRECTION('',(1.,0.,0.));
#3644=DIRECTION('',(0.,0.207911690817759,0.978147600733806));
#3645=DIRECTION('',(-1.,0.,0.));
#3646=DIRECTION('',(0.,0.207911690817759,-0.978147600733806));
#3647=DIRECTION('',(1.,0.,0.));
#3648=DIRECTION('',(0.,-0.207911690817759,0.978147600733806));
#3649=DIRECTION('',(-1.,0.,0.));
#3650=DIRECTION('',(0.,0.207911690817759,-0.978147600733806));
#3651=DIRECTION('',(1.,0.,0.));
#3652=DIRECTION('',(0.,-0.207911690817759,0.978147600733806));
#3653=DIRECTION('',(-1.,0.,0.));
#3654=DIRECTION('',(0.,0.587785252292473,-0.809016994374948));
#3655=DIRECTION('',(1.,0.,0.));
#3656=DIRECTION('',(0.,-0.587785252292473,0.809016994374948));
#3657=DIRECTION('',(-1.,0.,0.));
#3658=DIRECTION('',(0.,0.587785252292473,-0.809016994374948));
#3659=DIRECTION('',(1.,0.,0.));
#3660=DIRECTION('',(0.,-0.587785252292473,0.809016994374948));
#3661=DIRECTION('',(-1.,0.,0.));
#3662=DIRECTION('',(0.,0.866025403784438,-0.5));
#3663=DIRECTION('',(1.,0.,0.));
#3664=DIRECTION('',(0.,-0.866025403784438,0.5));
#3665=DIRECTION('',(-1.,0.,0.));
#3666=DIRECTION('',(0.,0.866025403784438,-0.5));
#3667=DIRECTION('',(1.,0.,0.));
#3668=DIRECTION('',(0.,-0.866025403784438,0.5));
#3669=DIRECTION('',(-1.,0.,0.));
#3670=DIRECTION('',(0.,0.994521895368273,-0.104528463267654));
#3671=DIRECTION('',(1.,0.,0.));
#3672=DIRECTION('',(0.,-0.994521895368273,0.104528463267654));
#3673=DIRECTION('',(-1.,0.,0.));
#3674=DIRECTION('',(0.,0.994521895368273,-0.104528463267654));
#3675=DIRECTION('',(1.,0.,0.));
#3676=DIRECTION('',(0.,-0.994521895368273,0.104528463267654));
#3677=DIRECTION('',(-1.,0.,0.));
#3678=DIRECTION('',(0.,0.951056516295154,0.309016994374948));
#3679=DIRECTION('',(1.,0.,0.));
#3680=DIRECTION('',(0.,-0.951056516295154,-0.309016994374948));
#3681=DIRECTION('',(-1.,0.,0.));
#3682=DIRECTION('',(0.,0.951056516295154,0.309016994374948));
#3683=DIRECTION('',(1.,0.,0.));
#3684=DIRECTION('',(0.,-0.951056516295154,-0.309016994374948));
#3685=DIRECTION('',(-1.,0.,0.));
#3686=DIRECTION('',(0.,0.743144825477395,0.669130606358858));
#3687=DIRECTION('',(1.,0.,0.));
#3688=DIRECTION('',(0.,-0.743144825477395,-0.669130606358858));
#3689=DIRECTION('',(-1.,0.,0.));
#3690=DIRECTION('',(0.,0.743144825477395,0.669130606358858));
#3691=DIRECTION('',(1.,0.,0.));
#3692=DIRECTION('',(0.,-0.743144825477395,-0.669130606358858));
#3693=DIRECTION('',(1.,0.,0.));
#3694=DIRECTION('',(0.,0.,-1.));
#3695=DIRECTION('',(-1.,0.,0.));
#3696=DIRECTION('',(0.,0.,1.));
#3697=DIRECTION('',(-1.,0.,0.));
#3698=DIRECTION('',(0.,0.,1.));
#3699=DIRECTION('',(-1.,0.,0.));
#3700=DIRECTION('',(0.,0.,1.));
#3701=DIRECTION('',(-1.,0.,0.));
#3702=DIRECTION('',(0.,0.,1.));
#3703=DIRECTION('',(-1.,0.,0.));
#3704=DIRECTION('',(0.,0.,1.));
#3705=DIRECTION('',(-1.,0.,0.));
#3706=DIRECTION('',(0.,0.,1.));
#3707=DIRECTION('',(-1.,0.,0.));
#3708=DIRECTION('',(0.,0.,1.));
#3709=DIRECTION('',(-1.,0.,0.));
#3710=DIRECTION('',(0.,0.,1.));
#3711=DIRECTION('',(-1.,0.,0.));
#3712=DIRECTION('',(0.,0.,1.));
#3713=DIRECTION('',(-1.,0.,0.));
#3714=DIRECTION('',(0.,0.,1.));
#3715=DIRECTION('',(-1.,0.,0.));
#3716=DIRECTION('',(0.,0.,1.));
#3717=DIRECTION('',(-1.,0.,0.));
#3718=DIRECTION('',(0.,0.,1.));
#3719=DIRECTION('',(-1.,0.,0.));
#3720=DIRECTION('',(0.,0.,1.));
#3721=DIRECTION('',(-1.,0.,0.));
#3722=DIRECTION('',(0.,0.,1.));
#3723=DIRECTION('',(-1.,0.,0.));
#3724=DIRECTION('',(0.,0.,1.));
#3725=DIRECTION('',(-1.,0.,0.));
#3726=DIRECTION('',(0.,0.,1.));
#3727=DIRECTION('',(-1.,0.,0.));
#3728=DIRECTION('',(0.,0.,1.));
#3729=DIRECTION('',(-1.,0.,0.));
#3730=DIRECTION('',(0.,0.,1.));
#3731=DIRECTION('',(-1.,0.,0.));
#3732=DIRECTION('',(0.,0.,1.));
#3733=DIRECTION('',(-1.,0.,0.));
#3734=DIRECTION('',(0.,0.,1.));
#3735=DIRECTION('',(-1.,0.,0.));
#3736=DIRECTION('',(0.,0.,1.));
#3737=DIRECTION('',(1.,0.,0.));
#3738=DIRECTION('',(0.,0.,-1.));
#3739=DIRECTION('',(-0.694750580214743,-0.719250742989729,-8.80828120186727E-17));
#3740=DIRECTION('',(-0.719250742989729,0.694750580214743,8.50824074265752E-17));
#3741=DIRECTION('',(-1.,0.,0.));
#3742=DIRECTION('',(0.,0.,1.));
#3743=DIRECTION('',(1.,0.,0.));
#3744=DIRECTION('',(0.,0.,-1.));
#3745=DIRECTION('',(-1.,0.,0.));
#3746=DIRECTION('',(0.,0.,1.));
#3747=DIRECTION('',(-1.,0.,0.));
#3748=DIRECTION('',(0.,0.,1.));
#3749=DIRECTION('',(-1.,0.,0.));
#3750=DIRECTION('',(0.,0.,1.));
#3751=DIRECTION('',(-1.,0.,0.));
#3752=DIRECTION('',(0.,0.,1.));
#3753=DIRECTION('',(-1.,0.,0.));
#3754=DIRECTION('',(0.,0.,1.));
#3755=DIRECTION('',(-1.,0.,0.));
#3756=DIRECTION('',(0.,0.,1.));
#3757=DIRECTION('',(-1.,0.,0.));
#3758=DIRECTION('',(0.,0.,1.));
#3759=DIRECTION('',(-1.,0.,0.));
#3760=DIRECTION('',(0.,0.,1.));
#3761=DIRECTION('',(-1.,0.,0.));
#3762=DIRECTION('',(0.,0.,1.));
#3763=DIRECTION('',(-1.,0.,0.));
#3764=DIRECTION('',(0.,0.,1.));
#3765=DIRECTION('',(-1.,0.,0.));
#3766=DIRECTION('',(0.,0.,1.));
#3767=DIRECTION('',(-1.,0.,0.));
#3768=DIRECTION('',(0.,0.,1.));
#3769=DIRECTION('',(-1.,0.,0.));
#3770=DIRECTION('',(0.,0.,1.));
#3771=DIRECTION('',(-1.,0.,0.));
#3772=DIRECTION('',(0.,0.,1.));
#3773=DIRECTION('',(-1.,0.,0.));
#3774=DIRECTION('',(0.,0.,1.));
#3775=DIRECTION('',(-1.,0.,0.));
#3776=DIRECTION('',(0.,0.,1.));
#3777=DIRECTION('',(1.,0.,0.));
#3778=DIRECTION('',(0.,1.,0.));
#3779=DIRECTION('',(1.,0.,0.));
#3780=DIRECTION('',(0.,1.,0.));
#3781=DIRECTION('',(1.,0.,0.));
#3782=DIRECTION('',(0.,1.,0.));
#3783=DIRECTION('',(1.,0.,0.));
#3784=DIRECTION('',(0.,1.,0.));
#3785=DIRECTION('',(1.,0.,0.));
#3786=DIRECTION('',(0.,1.,0.));
#3787=DIRECTION('',(1.,0.,0.));
#3788=DIRECTION('',(0.,1.,0.));
#3789=DIRECTION('',(1.,0.,0.));
#3790=DIRECTION('',(0.,1.,0.));
#3791=DIRECTION('',(1.,0.,0.));
#3792=DIRECTION('',(0.,1.,0.));
#3793=DIRECTION('',(1.,0.,0.));
#3794=DIRECTION('',(0.,1.,0.));
#3795=DIRECTION('',(1.,0.,0.));
#3796=DIRECTION('',(0.,1.,0.));
#3797=DIRECTION('',(1.,0.,0.));
#3798=DIRECTION('',(0.,1.,0.));
#3799=DIRECTION('',(1.,0.,0.));
#3800=DIRECTION('',(0.,1.,0.));
#3801=DIRECTION('',(1.,0.,0.));
#3802=DIRECTION('',(0.,1.,0.));
#3803=DIRECTION('',(1.,0.,0.));
#3804=DIRECTION('',(0.,1.,0.));
#3805=DIRECTION('',(1.,0.,0.));
#3806=DIRECTION('',(0.,1.,0.));
#3807=DIRECTION('',(1.,0.,0.));
#3808=DIRECTION('',(0.,1.,0.));
#3809=DIRECTION('',(1.,0.,0.));
#3810=DIRECTION('',(0.,1.,0.));
#3811=DIRECTION('',(1.,0.,0.));
#3812=DIRECTION('',(0.,1.,0.));
#3813=DIRECTION('',(1.,0.,0.));
#3814=DIRECTION('',(0.,1.,0.));
#3815=DIRECTION('',(1.,0.,0.));
#3816=DIRECTION('',(0.,1.,0.));
#3817=DIRECTION('',(1.,0.,0.));
#3818=DIRECTION('',(0.,1.,0.));
#3819=DIRECTION('',(1.,0.,0.));
#3820=DIRECTION('',(0.,1.,0.));
#3821=DIRECTION('',(1.,0.,0.));
#3822=DIRECTION('',(0.,1.,0.));
#3823=DIRECTION('',(1.,0.,0.));
#3824=DIRECTION('',(0.,1.,0.));
#3825=DIRECTION('',(1.,0.,0.));
#3826=DIRECTION('',(0.,1.,0.));
#3827=DIRECTION('',(1.,0.,0.));
#3828=DIRECTION('',(0.,1.,0.));
#3829=DIRECTION('',(1.,0.,0.));
#3830=DIRECTION('',(0.,1.,0.));
#3831=DIRECTION('',(1.,0.,0.));
#3832=DIRECTION('',(0.,1.,0.));
#3833=DIRECTION('',(1.,0.,0.));
#3834=DIRECTION('',(0.,1.,0.));
#3835=DIRECTION('',(1.,0.,0.));
#3836=DIRECTION('',(0.,1.,0.));
#3837=DIRECTION('',(1.,0.,0.));
#3838=DIRECTION('',(0.,0.,-1.));
#3839=DIRECTION('',(-1.,0.,0.));
#3840=DIRECTION('',(0.,0.,1.));
#3841=DIRECTION('',(-1.,0.,0.));
#3842=DIRECTION('',(0.,0.,1.));
#3843=DIRECTION('',(1.,0.,0.));
#3844=DIRECTION('',(0.,0.,-1.));
#3845=DIRECTION('',(-1.,0.,0.));
#3846=DIRECTION('',(0.,0.,1.));
#3847=DIRECTION('',(-1.,0.,0.));
#3848=DIRECTION('',(0.,0.,1.));
#3849=DIRECTION('',(1.,0.,0.));
#3850=DIRECTION('',(0.,0.,-1.));
#3851=DIRECTION('',(-1.,0.,0.));
#3852=DIRECTION('',(0.,0.,1.));
#3853=DIRECTION('',(-1.,0.,0.));
#3854=DIRECTION('',(0.,0.,1.));
#3855=DIRECTION('',(1.,0.,0.));
#3856=DIRECTION('',(0.,0.,-1.));
#3857=DIRECTION('',(-1.,0.,0.));
#3858=DIRECTION('',(0.,0.,1.));
#3859=DIRECTION('',(-1.,0.,0.));
#3860=DIRECTION('',(0.,0.,1.));
#3861=DIRECTION('',(1.,0.,0.));
#3862=DIRECTION('',(0.,0.,-1.));
#3863=DIRECTION('',(-1.,0.,0.));
#3864=DIRECTION('',(0.,0.,1.));
#3865=DIRECTION('',(-1.,0.,0.));
#3866=DIRECTION('',(0.,0.,1.));
#3867=DIRECTION('',(1.,0.,0.));
#3868=DIRECTION('',(0.,0.,-1.));
#3869=DIRECTION('',(-1.,0.,0.));
#3870=DIRECTION('',(0.,0.,1.));
#3871=DIRECTION('',(-1.,0.,0.));
#3872=DIRECTION('',(0.,0.,1.));
#3873=DIRECTION('',(1.,0.,0.));
#3874=DIRECTION('',(0.,0.,-1.));
#3875=DIRECTION('',(-1.,0.,0.));
#3876=DIRECTION('',(0.,0.,1.));
#3877=DIRECTION('',(-1.,0.,0.));
#3878=DIRECTION('',(0.,0.,1.));
#3879=DIRECTION('',(1.,0.,0.));
#3880=DIRECTION('',(0.,0.,-1.));
#3881=DIRECTION('',(-1.,0.,0.));
#3882=DIRECTION('',(0.,0.,1.));
#3883=DIRECTION('',(-1.,0.,0.));
#3884=DIRECTION('',(0.,0.,1.));
#3885=DIRECTION('',(1.,0.,0.));
#3886=DIRECTION('',(0.,0.,-1.));
#3887=DIRECTION('',(-1.,0.,0.));
#3888=DIRECTION('',(0.,0.,1.));
#3889=DIRECTION('',(-1.,0.,0.));
#3890=DIRECTION('',(0.,0.,1.));
#3891=DIRECTION('',(1.,0.,0.));
#3892=DIRECTION('',(0.,0.,-1.));
#3893=DIRECTION('',(-1.,0.,0.));
#3894=DIRECTION('',(0.,0.,1.));
#3895=DIRECTION('',(-1.,0.,0.));
#3896=DIRECTION('',(0.,0.,1.));
#3897=DIRECTION('',(1.,0.,0.));
#3898=DIRECTION('',(0.,0.,-1.));
#3899=DIRECTION('',(-1.,0.,0.));
#3900=DIRECTION('',(0.,0.,1.));
#3901=DIRECTION('',(-1.,0.,0.));
#3902=DIRECTION('',(0.,0.,1.));
#3903=DIRECTION('',(1.,0.,0.));
#3904=DIRECTION('',(0.,0.,-1.));
#3905=DIRECTION('',(-1.,0.,0.));
#3906=DIRECTION('',(0.,0.,1.));
#3907=DIRECTION('',(-1.,0.,0.));
#3908=DIRECTION('',(0.,0.,1.));
#3909=DIRECTION('',(1.,0.,0.));
#3910=DIRECTION('',(0.,0.,-1.));
#3911=DIRECTION('',(-1.,0.,0.));
#3912=DIRECTION('',(0.,0.,1.));
#3913=DIRECTION('',(-1.,0.,0.));
#3914=DIRECTION('',(0.,0.,1.));
#3915=DIRECTION('',(1.,0.,0.));
#3916=DIRECTION('',(0.,0.,-1.));
#3917=DIRECTION('',(-1.,0.,0.));
#3918=DIRECTION('',(0.,0.,1.));
#3919=DIRECTION('',(-1.,0.,0.));
#3920=DIRECTION('',(0.,0.,1.));
#3921=DIRECTION('',(-1.,0.,0.));
#3922=DIRECTION('',(0.,0.,1.));
#3923=DIRECTION('',(-1.,0.,0.));
#3924=DIRECTION('',(0.,0.,1.));
#3925=DIRECTION('',(1.,0.,0.));
#3926=DIRECTION('',(0.,0.,-1.));
#3927=DIRECTION('',(1.,0.,0.));
#3928=DIRECTION('',(0.,0.,-1.));
#3929=DIRECTION('',(1.,0.,0.));
#3930=DIRECTION('',(1.,0.,0.));
#3931=DIRECTION('',(0.,0.,-1.));
#3932=DIRECTION('',(1.,0.,0.));
#3933=DIRECTION('',(1.,0.,0.));
#3934=DIRECTION('',(0.,0.,-1.));
#3935=DIRECTION('',(1.,0.,0.));
#3936=DIRECTION('',(0.,0.,-1.));
#3937=DIRECTION('',(-1.,0.,0.));
#3938=DIRECTION('',(1.,0.,0.));
#3939=DIRECTION('',(0.,0.,-1.));
#3940=DIRECTION('',(1.,0.,0.));
#3941=DIRECTION('',(0.,0.,-1.));
#3942=DIRECTION('',(-1.,0.,0.));
#3943=DIRECTION('',(1.,0.,0.));
#3944=DIRECTION('',(1.,0.,0.));
#3945=DIRECTION('',(0.,0.,-1.));
#3946=DIRECTION('',(1.,0.,0.));
#3947=DIRECTION('',(1.,0.,0.));
#3948=DIRECTION('',(0.,0.,-1.));
#3949=DIRECTION('',(1.,0.,0.));
#3950=DIRECTION('',(0.,0.,-1.));
#3951=DIRECTION('',(1.,0.,0.));
#3952=DIRECTION('',(0.,1.,0.));
#3953=DIRECTION('',(0.,0.,1.));
#3954=DIRECTION('',(1.,0.,0.));
#3955=DIRECTION('',(1.,0.,0.));
#3956=DIRECTION('',(0.,0.,-1.));
#3957=DIRECTION('',(1.,0.,0.));
#3958=DIRECTION('',(1.,0.,0.));
#3959=DIRECTION('',(0.,0.,-1.));
#3960=DIRECTION('',(1.,0.,0.));
#3961=DIRECTION('',(1.,0.,0.));
#3962=DIRECTION('',(0.,0.,-1.));
#3963=DIRECTION('',(1.,0.,0.));
#3964=DIRECTION('',(0.,1.,0.));
#3965=DIRECTION('',(0.,0.,1.));
#3966=DIRECTION('',(1.,0.,0.));
#3967=DIRECTION('',(1.,0.,0.));
#3968=DIRECTION('',(0.,0.,-1.));
#3969=DIRECTION('',(-1.,0.,0.));
#3970=DIRECTION('',(0.,0.,1.));
#3971=DIRECTION('',(1.,0.,0.));
#3972=DIRECTION('',(0.,0.,-1.));
#3973=DIRECTION('',(1.,0.,0.));
#3974=DIRECTION('',(0.,1.,0.));
#3975=DIRECTION('',(-0.694750580214743,-0.719250742989729,-8.80828120186727E-17));
#3976=DIRECTION('',(0.719250742989729,-0.694750580214743,0.));
#3977=DIRECTION('',(0.,-1.22464679914735E-16,1.));
#3978=DIRECTION('',(-1.,0.,0.));
#3979=DIRECTION('',(0.,0.,1.));
#3980=DIRECTION('',(1.,0.,0.));
#3981=DIRECTION('',(0.,0.,-1.));
#3982=DIRECTION('',(1.,0.,0.));
#3983=DIRECTION('',(0.,1.,0.));
#3984=DIRECTION('',(1.,0.,0.));
#3985=DIRECTION('',(0.,0.,-1.));
#3986=DIRECTION('',(1.,0.,0.));
#3987=DIRECTION('',(0.,0.,-1.));
#3988=DIRECTION('',(1.,0.,0.));
#3989=DIRECTION('',(0.,0.,-1.));
#3990=DIRECTION('',(1.,0.,0.));
#3991=DIRECTION('',(0.,0.,-1.));
#3992=DIRECTION('',(0.,0.866025403784438,-0.5));
#3993=DIRECTION('',(0.,0.5,0.866025403784438));
#3994=DIRECTION('',(0.,0.866025403784438,0.5));
#3995=DIRECTION('',(0.,-0.5,0.866025403784438));
#3996=DIRECTION('',(1.,0.,0.));
#3997=DIRECTION('',(0.,0.,-1.));
#3998=DIRECTION('',(1.,0.,0.));
#3999=DIRECTION('',(0.,0.,-1.));
#4000=DIRECTION('',(1.,0.,0.));
#4001=DIRECTION('',(0.,0.,-1.));
#4002=DIRECTION('',(1.,0.,0.));
#4003=DIRECTION('',(0.,0.,-1.));
#4004=CARTESIAN_POINT('',(0.,0.,0.));
#4005=CARTESIAN_POINT('',(0.0718623894709146,0.0962061556703092,0.025725));
#4006=CARTESIAN_POINT('',(0.0718603894709146,0.0962061556703092,0.0284781341803707));
#4007=CARTESIAN_POINT('',(0.0723623894709146,0.0962061556703092,0.0284781341803707));
#4008=CARTESIAN_POINT('',(0.0718623894709146,0.0962061556703092,0.0284781341803707));
#4009=CARTESIAN_POINT('',(0.0723623894709146,0.0962061556703092,0.025725));
#4010=CARTESIAN_POINT('',(0.0723623894709146,0.0962061556703092,0.0243520792005035));
#4011=CARTESIAN_POINT('',(0.0723623894709146,0.0962061556703092,0.0243520792005036));
#4012=CARTESIAN_POINT('',(0.0721969050272756,0.0962061556703092,0.0245321875674028));
#4013=CARTESIAN_POINT('',(0.072030107715784,0.0962061556703092,0.0247110754240609));
#4014=CARTESIAN_POINT('',(0.0718623894709146,0.0962061556703092,0.0248891071331511));
#4015=CARTESIAN_POINT('',(0.0718623894709146,0.0962061556703092,0.0248891071331511));
#4016=CARTESIAN_POINT('',(0.0718623894709146,0.0962061556703092,0.025725));
#4017=CARTESIAN_POINT('',(0.0718623894709146,0.0922061556703092,0.025725));
#4018=CARTESIAN_POINT('',(0.0723623894709146,0.0922061556703092,0.025725));
#4019=CARTESIAN_POINT('',(0.0723623894709146,0.0922061556703092,0.0284781341803707));
#4020=CARTESIAN_POINT('',(0.0723623894709146,0.0922061556703092,0.0243520792005035));
#4021=CARTESIAN_POINT('',(0.0718603894709146,0.0922061556703092,0.0284781341803707));
#4022=CARTESIAN_POINT('',(0.0718623894709146,0.0922061556703092,0.0284781341803707));
#4023=CARTESIAN_POINT('',(0.0718623894709146,0.0922061556703092,0.025725));
#4024=CARTESIAN_POINT('',(0.0718623894709146,0.0922061556703092,0.0248891071331511));
#4025=CARTESIAN_POINT('',(0.0723623894709146,0.0922061556703092,0.0243520792005036));
#4026=CARTESIAN_POINT('',(0.0721969050272756,0.0922061556703092,0.0245321875674028));
#4027=CARTESIAN_POINT('',(0.072030107715784,0.0922061556703092,0.0247110754240609));
#4028=CARTESIAN_POINT('',(0.0718623894709146,0.0922061556703092,0.0248891071331511));
#4029=CARTESIAN_POINT('',(0.0718623894709146,0.0977311384050829,0.016155449192431));
#4030=CARTESIAN_POINT('',(0.0718603894709146,0.100115422545311,0.0147788821022457));
#4031=CARTESIAN_POINT('',(0.0723623894709146,0.100115422545311,0.0147788821022457));
#4032=CARTESIAN_POINT('',(0.0718623894709146,0.100115422545311,0.0147788821022457));
#4033=CARTESIAN_POINT('',(0.0723623894709146,0.0977311384050829,0.016155449192431));
#4034=CARTESIAN_POINT('',(0.0723623894709146,0.0951330621937296,0.017655449192431));
#4035=CARTESIAN_POINT('',(0.0718623894709146,0.0951330621937296,0.017655449192431));
#4036=CARTESIAN_POINT('',(0.0723191573188651,0.0951330621937296,0.0176554491924311));
#4037=CARTESIAN_POINT('',(0.072319157318865,0.0951330621937295,0.0176554491924311));
#4038=CARTESIAN_POINT('',(0.072171449487952,0.0952992041871514,0.0175595270678053));
#4039=CARTESIAN_POINT('',(0.0720184780105879,0.0954618974068045,0.0174655960936432));
#4040=CARTESIAN_POINT('',(0.0718623894709148,0.0956225483079192,0.0173728442526391));
#4041=CARTESIAN_POINT('',(0.0718623894709146,0.0956225483079191,0.0173728442526391));
#4042=CARTESIAN_POINT('',(0.0718623894709146,0.0977311384050829,0.016155449192431));
#4043=CARTESIAN_POINT('',(0.0718623894709146,0.0997311384050829,0.0196195508075688));
#4044=CARTESIAN_POINT('',(0.0723623894709146,0.0997311384050829,0.0196195508075688));
#4045=CARTESIAN_POINT('',(0.0723623894709146,0.102115422545311,0.0182429837173835));
#4046=CARTESIAN_POINT('',(0.0723623894709146,0.0971561556703092,0.021106217782649));
#4047=CARTESIAN_POINT('',(0.0718603894709146,0.102115422545311,0.0182429837173835));
#4048=CARTESIAN_POINT('',(0.0718623894709146,0.102115422545311,0.0182429837173835));
#4049=CARTESIAN_POINT('',(0.0718623894709146,0.0997311384050829,0.0196195508075688));
#4050=CARTESIAN_POINT('',(0.0718623894709146,0.0976391239445767,0.0208273759194907));
#4051=CARTESIAN_POINT('',(0.0695140897250792,0.0999074324959946,0.0195177673667244));
#4052=CARTESIAN_POINT('',(0.0718623894709146,0.0886811729355355,0.0196195508075688));
#4053=CARTESIAN_POINT('',(0.0718603894709146,0.0862968887953072,0.0182429837173835));
#4054=CARTESIAN_POINT('',(0.0723623894709146,0.0862968887953072,0.0182429837173835));
#4055=CARTESIAN_POINT('',(0.0718623894709146,0.0862968887953072,0.0182429837173835));
#4056=CARTESIAN_POINT('',(0.0723623894709146,0.0886811729355355,0.0196195508075688));
#4057=CARTESIAN_POINT('',(0.0723623894709146,0.0912561556703092,0.021106217782649));
#4058=CARTESIAN_POINT('',(0.0724962964297976,0.0913855012959974,0.0211808955144586));
#4059=CARTESIAN_POINT('',(0.0718623894709146,0.0907731873960416,0.0208273759194907));
#4060=CARTESIAN_POINT('',(0.0718623894709146,0.0886811729355355,0.0196195508075688));
#4061=CARTESIAN_POINT('',(0.0718623894709146,0.0906811729355355,0.0161554491924311));
#4062=CARTESIAN_POINT('',(0.0723623894709146,0.0906811729355355,0.0161554491924311));
#4063=CARTESIAN_POINT('',(0.0723623894709146,0.0882968887953072,0.0147788821022457));
#4064=CARTESIAN_POINT('',(0.0723623894709146,0.0932792491468888,0.017655449192431));
#4065=CARTESIAN_POINT('',(0.0718603894709146,0.0882968887953072,0.0147788821022457));
#4066=CARTESIAN_POINT('',(0.0718623894709146,0.0882968887953072,0.0147788821022457));
#4067=CARTESIAN_POINT('',(0.0718623894709146,0.0906811729355355,0.0161554491924311));
#4068=CARTESIAN_POINT('',(0.0718623894709146,0.0927897630326992,0.0173728442526391));
#4069=CARTESIAN_POINT('',(0.0723191573188651,0.0932792491468889,0.0176554491924311));
#4070=CARTESIAN_POINT('',(0.072171449487952,0.093113107153467,0.0175595270678053));
#4071=CARTESIAN_POINT('',(0.0720184780105879,0.0929504139338138,0.0174655960936432));
#4072=CARTESIAN_POINT('',(0.0718623894709147,0.0927897630326991,0.0173728442526391));
#4073=CARTESIAN_POINT('',(0.0723191573188651,0.0932792491468888,0.0176554491924311));
#4074=CARTESIAN_POINT('',(0.0718623894709146,0.0932792491468888,0.017655449192431));
#4075=CARTESIAN_POINT('',(0.0723623894709146,0.0998186556703092,0.0205));
#4076=CARTESIAN_POINT('',(0.0723623894709146,0.0942061556703092,0.0205));
#4077=CARTESIAN_POINT('',(0.0723623894709146,0.0922792491468888,0.0193875));
#4078=CARTESIAN_POINT('',(0.0723623894709146,0.0932477370146497,0.017710029806524));
#4079=CARTESIAN_POINT('',(0.0723623894709146,0.0942061556703092,0.0205));
#4080=CARTESIAN_POINT('',(0.0723623894709146,0.0939061556703092,0.0175652938818341));
#4081=CARTESIAN_POINT('',(0.0723623894709146,0.0939061556703092,0.0205));
#4082=CARTESIAN_POINT('',(0.0723623894709146,0.0939061556703092,0.0178221977294803));
#4083=CARTESIAN_POINT('',(0.0723623894709146,0.0933061556703092,0.0178221977294803));
#4084=CARTESIAN_POINT('',(0.0723623894709146,0.0934973061127871,0.0183909344949005));
#4085=CARTESIAN_POINT('',(0.0723623894709146,0.0942061556703092,0.0205));
#4086=CARTESIAN_POINT('',(0.0723623894709146,0.0922051329632952,0.0214728993401244));
#4087=CARTESIAN_POINT('',(0.0723623894709146,0.0918453985440568,0.0216478025922816));
#4088=CARTESIAN_POINT('',(0.0723623894709146,0.0921348281654283,0.0219239012961407));
#4089=CARTESIAN_POINT('',(0.0723623894709146,0.0924242577867998,0.0222));
#4090=CARTESIAN_POINT('',(0.0723623894709146,0.0927706679483136,0.0224));
#4091=CARTESIAN_POINT('',(0.0723623894709146,0.0931170781098274,0.0226));
#4092=CARTESIAN_POINT('',(0.0723623894709146,0.0928741336910115,0.0222822296279289));
#4093=CARTESIAN_POINT('',(0.0723623894709146,0.0942061556703092,0.0205));
#4094=CARTESIAN_POINT('',(0.0723623894709146,0.0955381776496069,0.0222822296279289));
#4095=CARTESIAN_POINT('',(0.0723623894709146,0.095295233230791,0.0226));
#4096=CARTESIAN_POINT('',(0.0723623894709146,0.0956416433923048,0.0224));
#4097=CARTESIAN_POINT('',(0.0723623894709146,0.0959880535538185,0.0222));
#4098=CARTESIAN_POINT('',(0.0723623894709146,0.0962774831751901,0.0219239012961407));
#4099=CARTESIAN_POINT('',(0.0723623894709146,0.0965669127965616,0.0216478025922816));
#4100=CARTESIAN_POINT('',(0.0723623894709146,0.0962071783773231,0.0214728993401244));
#4101=CARTESIAN_POINT('',(0.0723623894709146,0.0942061556703092,0.0205));
#4102=CARTESIAN_POINT('',(0.0723623894709146,0.0949150052278313,0.0183909344949005));
#4103=CARTESIAN_POINT('',(0.0723623894709146,0.0951061556703092,0.0178221977294803));
#4104=CARTESIAN_POINT('',(0.0723623894709146,0.0945061556703092,0.0178221977294803));
#4105=CARTESIAN_POINT('',(0.0723623894709146,0.0945061556703092,0.0205));
#4106=CARTESIAN_POINT('',(0.0723623894709146,0.0945061556703092,0.0175652938818341));
#4107=CARTESIAN_POINT('',(0.0723623894709146,0.0942061556703092,0.0205));
#4108=CARTESIAN_POINT('',(0.0723623894709146,0.0951645743259687,0.017710029806524));
#4109=CARTESIAN_POINT('',(0.0723623894709146,0.0961330621937296,0.0193875));
#4110=CARTESIAN_POINT('',(0.0723623894709146,0.0942061556703092,0.0205));
#4111=CARTESIAN_POINT('',(0.0723623894709146,0.0971561556703092,0.0205));
#4112=CARTESIAN_POINT('',(0.0723623894709146,0.0971561556703092,0.0236837107542853));
#4113=CARTESIAN_POINT('',(0.0723623894709146,0.0942061556703092,0.0205));
#4114=CARTESIAN_POINT('',(0.0723623894709146,0.0942061556703092,0.0205));
#4115=CARTESIAN_POINT('',(0.0723623894709146,0.0942061556703092,0.0205));
#4116=CARTESIAN_POINT('',(0.0723623894709146,0.0912561556703092,0.0236837107542853));
#4117=CARTESIAN_POINT('',(0.0723623894709146,0.0912561556703092,0.0325));
#4118=CARTESIAN_POINT('',(0.0723623894709146,0.0942061556703092,0.0205));
#4119=CARTESIAN_POINT('',(0.0723623894709146,0.0942061556703092,0.004275));
#4120=CARTESIAN_POINT('',(-0.146805301884845,0.0942061556703092,0.0205));
#4121=CARTESIAN_POINT('',(-0.146805301884845,0.0949150052278313,0.0183909344949005));
#4122=CARTESIAN_POINT('',(0.0476,0.0949150052278313,0.0183909344949005));
#4123=CARTESIAN_POINT('',(-0.146805301884845,0.0962071783773231,0.0214728993401244));
#4124=CARTESIAN_POINT('',(0.0476,0.0962071783773231,0.0214728993401244));
#4125=CARTESIAN_POINT('',(0.0476,0.0942061556703092,0.0205));
#4126=CARTESIAN_POINT('',(-0.146805301884845,0.0942061556703092,0.0205));
#4127=CARTESIAN_POINT('',(-0.146805301884845,0.0922051329632952,0.0214728993401244));
#4128=CARTESIAN_POINT('',(0.0476,0.0922051329632952,0.0214728993401244));
#4129=CARTESIAN_POINT('',(-0.146805301884845,0.0934973061127871,0.0183909344949005));
#4130=CARTESIAN_POINT('',(0.0476,0.0934973061127871,0.0183909344949005));
#4131=CARTESIAN_POINT('',(0.0476,0.0942061556703092,0.0205));
#4132=CARTESIAN_POINT('',(-0.146805301884845,0.0942061556703092,0.0205));
#4133=CARTESIAN_POINT('',(0.172560987974147,0.0955381776496069,0.0222822296279289));
#4134=CARTESIAN_POINT('',(0.0685682625043295,0.0955381776496074,0.0222822296279286));
#4135=CARTESIAN_POINT('',(0.172560987974147,0.0928741336910115,0.0222822296279289));
#4136=CARTESIAN_POINT('',(0.0685682625043294,0.092874133691011,0.0222822296279293));
#4137=CARTESIAN_POINT('',(0.0685682625043295,0.092874133691011,0.0222822296279286));
#4138=CARTESIAN_POINT('',(0.0688956902663478,0.0929267061045421,0.0223215217647166));
#4139=CARTESIAN_POINT('',(0.0694836803450762,0.0932323009806503,0.0225565407219413));
#4140=CARTESIAN_POINT('',(0.0699143516163378,0.0942024904905288,0.0228090817637205));
#4141=CARTESIAN_POINT('',(0.0694850472887904,0.0951807786179789,0.0225571249946925));
#4142=CARTESIAN_POINT('',(0.0688953682410859,0.0954856569410543,0.0223214831208931));
#4143=CARTESIAN_POINT('',(0.0685682625043295,0.0955381776496074,0.0222822296279286));
#4144=CARTESIAN_POINT('',(-0.146805301884845,0.0942061556703092,0.0205));
#4145=CARTESIAN_POINT('',(0.172560987974147,0.0955381776496069,0.0222822296279289));
#4146=CARTESIAN_POINT('',(0.068124877492557,0.0955381776496069,0.0222822296279289));
#4147=CARTESIAN_POINT('',(0.0660990381056767,0.0955381776496069,0.0222822296279289));
#4148=CARTESIAN_POINT('',(0.068124877492557,0.0955381776496069,0.0222822296279289));
#4149=CARTESIAN_POINT('',(0.067811405671062,0.0954861104180134,0.0223211441963981));
#4150=CARTESIAN_POINT('',(0.0672585800726197,0.0951542908589544,0.0225703343570779));
#4151=CARTESIAN_POINT('',(0.0669370833312455,0.0942023277736768,0.022803062099711));
#4152=CARTESIAN_POINT('',(0.067263752999127,0.0932532976301353,0.0225674022111593));
#4153=CARTESIAN_POINT('',(0.0678123434888918,0.0929260451523737,0.0223210277751645));
#4154=CARTESIAN_POINT('',(0.068124877492557,0.0928741336910115,0.0222822296279289));
#4155=CARTESIAN_POINT('',(0.068124877492557,0.0928741336910115,0.0222822296279289));
#4156=CARTESIAN_POINT('',(0.172560987974147,0.0928741336910115,0.0222822296279289));
#4157=CARTESIAN_POINT('',(0.0660990381056767,0.0928741336910115,0.0222822296279289));
#4158=CARTESIAN_POINT('',(0.0660990381056767,0.0942061556703092,0.0205));
#4159=CARTESIAN_POINT('',(0.0973879413954849,0.0942061556703092,0.231380103686621));
#4160=CARTESIAN_POINT('',(0.0693240614880606,0.0929517751959328,0.0250972010946755));
#4161=CARTESIAN_POINT('',(0.0697643010443804,0.0933098198664893,0.0245611991878735));
#4162=CARTESIAN_POINT('',(0.0700731302941054,0.0940262573807376,0.0244403445215187));
#4163=CARTESIAN_POINT('',(0.0699523719745995,0.094796898850943,0.0244588630458084));
#4164=CARTESIAN_POINT('',(0.0695166107206556,0.0953434036077944,0.0248145661931452));
#4165=CARTESIAN_POINT('',(0.0691293201667195,0.0955358429337493,0.0254408203600983));
#4166=CARTESIAN_POINT('',(0.0688009013023982,0.0955737727967816,0.0261045537914987));
#4167=CARTESIAN_POINT('',(0.0685073702900081,0.0954949621023814,0.0267854318768529));
#4168=CARTESIAN_POINT('',(0.0682419224658813,0.0953087497741087,0.0274536035237035));
#4169=CARTESIAN_POINT('',(0.0680429094337937,0.0950408870267085,0.0279831726096236));
#4170=CARTESIAN_POINT('',(0.0679136524052029,0.0947177664347081,0.0283359993749852));
#4171=CARTESIAN_POINT('',(0.0678453818135407,0.0943884484169341,0.0285249386750705));
#4172=CARTESIAN_POINT('',(0.0678482009482687,0.0939984571246468,0.0285170984605492));
#4173=CARTESIAN_POINT('',(0.0679436080372589,0.0935693619907541,0.0282532296436109));
#4174=CARTESIAN_POINT('',(0.0681273956203357,0.0932338949953768,0.0277546425603343));
#4175=CARTESIAN_POINT('',(0.0683805616501445,0.0929896086744496,0.0270992687889283));
#4176=CARTESIAN_POINT('',(0.0686605883445294,0.0928619457183833,0.0264208785734931));
#4177=CARTESIAN_POINT('',(0.0689722646694878,0.0928432309236458,0.0257452378960769));
#4178=CARTESIAN_POINT('',(0.0693240614880606,0.0929517751959328,0.0250972010946755));
#4179=CARTESIAN_POINT('',(0.0697643010443804,0.0933098198664893,0.0245611991878735));
#4180=CARTESIAN_POINT('',(0.0700731302941054,0.0940262573807376,0.0244403445215187));
#4181=CARTESIAN_POINT('',(0.0697423993266146,0.0933695520071046,0.0246303903946147));
#4182=CARTESIAN_POINT('',(0.0685682625043296,0.0955381776496074,0.0222822296279292));
#4183=CARTESIAN_POINT('',(0.0684224129480617,0.0955624126383933,0.0223007579609115));
#4184=CARTESIAN_POINT('',(0.0682706772382518,0.095561578586192,0.0223001203044616));
#4185=CARTESIAN_POINT('',(0.068124877492557,0.0955381776496069,0.0222822296279289));
#4186=CARTESIAN_POINT('',(0.0685682625043294,0.092874133691011,0.0222822296279293));
#4187=CARTESIAN_POINT('',(0.0684224129480615,0.0928498987022251,0.0223007579609115));
#4188=CARTESIAN_POINT('',(0.0682706772382517,0.0928507327544264,0.0223001203044616));
#4189=CARTESIAN_POINT('',(0.068124877492557,0.0928741336910115,0.0222822296279289));
#4190=CARTESIAN_POINT('',(0.0692307137882957,0.0882311556703092,0.0325));
#4191=CARTESIAN_POINT('',(0.0723623894709146,0.0912561556703092,0.0236837107542853));
#4192=CARTESIAN_POINT('',(0.0707775509905619,0.0897253022586118,0.0243522388793108));
#4193=CARTESIAN_POINT('',(0.0691612807288056,0.0881640877404711,0.0248519806810348));
#4194=CARTESIAN_POINT('',(0.0675384035822638,0.0865964913908442,0.0253055186560697));
#4195=CARTESIAN_POINT('',(0.0675384035822638,0.0865964913908442,0.0253055186560697));
#4196=CARTESIAN_POINT('',(0.0754164203018985,0.0942061556703092,0.0205));
#4197=CARTESIAN_POINT('',(0.0660990381056767,0.0852061556703092,0.0205));
#4198=CARTESIAN_POINT('',(0.0692307137882957,0.0882311556703092,0.0205));
#4199=CARTESIAN_POINT('',(0.0718623894709146,0.0907731873960416,0.0205));
#4200=CARTESIAN_POINT('',(0.0718623894709146,0.0907731873960416,0.0325));
#4201=CARTESIAN_POINT('',(0.0660990381056767,0.0942061556703092,0.0205));
#4202=CARTESIAN_POINT('',(0.0719281364390724,0.0938256678654311,0.0171520908589188));
#4203=CARTESIAN_POINT('',(0.0719820211772015,0.0938817662245711,0.0171980996133008));
#4204=CARTESIAN_POINT('',(0.072047308087554,0.0939061556703092,0.0172595031727471));
#4205=CARTESIAN_POINT('',(0.072111926239528,0.0939061556703092,0.0173221977294804));
#4206=CARTESIAN_POINT('',(0.0719281364390725,0.0938256678654311,0.0171520908589188));
#4207=CARTESIAN_POINT('',(0.072111926239528,0.0939061556703092,0.0173221977294804));
#4208=CARTESIAN_POINT('',(0.0721119262395279,0.0939061556703092,0.0173221977294804));
#4209=CARTESIAN_POINT('',(0.07219542894508,0.0939061556703092,0.0174032146720994));
#4210=CARTESIAN_POINT('',(0.0722789179221864,0.0939061556703092,0.0174842454775044));
#4211=CARTESIAN_POINT('',(0.0723623894709146,0.0939061556703092,0.0175652938818341));
#4212=CARTESIAN_POINT('',(0.0723623894709146,0.0932477370146497,0.0177100298065241));
#4213=CARTESIAN_POINT('',(0.0723480687752063,0.0932582707051956,0.0176917849193073));
#4214=CARTESIAN_POINT('',(0.0723336563065299,0.093268774172518,0.0176735923802493));
#4215=CARTESIAN_POINT('',(0.0723191573188651,0.0932792491468888,0.0176554491924311));
#4216=CARTESIAN_POINT('',(0.0718623894709146,0.0942061556703092,0.0205));
#4217=CARTESIAN_POINT('',(0.0660990381056767,0.0942061556703092,0.0205));
#4218=CARTESIAN_POINT('',(0.0660990381056767,0.103206155670309,0.0205));
#4219=CARTESIAN_POINT('',(0.0692307137882957,0.100181155670309,0.0205));
#4220=CARTESIAN_POINT('',(0.0718623894709146,0.0976391239445767,0.0205));
#4221=CARTESIAN_POINT('',(0.0718623894709146,0.0942061556703092,0.0205));
#4222=CARTESIAN_POINT('',(0.0723623894709146,0.0951645743259687,0.0177100298065241));
#4223=CARTESIAN_POINT('',(0.0723480687752063,0.0951540406354228,0.0176917849193073));
#4224=CARTESIAN_POINT('',(0.0723336563065299,0.0951435371681004,0.0176735923802494));
#4225=CARTESIAN_POINT('',(0.0723191573188651,0.0951330621937296,0.0176554491924311));
#4226=CARTESIAN_POINT('',(0.0721119262395279,0.0945061556703092,0.0173221977294804));
#4227=CARTESIAN_POINT('',(0.07219542894508,0.0945061556703092,0.0174032146720994));
#4228=CARTESIAN_POINT('',(0.0722789179221864,0.0945061556703092,0.0174842454775044));
#4229=CARTESIAN_POINT('',(0.0723623894709146,0.0945061556703092,0.0175652938818341));
#4230=CARTESIAN_POINT('',(0.072111926239528,0.0945061556703092,0.0173221977294804));
#4231=CARTESIAN_POINT('',(0.0719281364390724,0.0945866434751872,0.0171520908589188));
#4232=CARTESIAN_POINT('',(0.0719820211772015,0.0945305451160472,0.0171980996133008));
#4233=CARTESIAN_POINT('',(0.072047308087554,0.0945061556703092,0.0172595031727471));
#4234=CARTESIAN_POINT('',(0.072111926239528,0.0945061556703092,0.0173221977294804));
#4235=CARTESIAN_POINT('',(0.0719281364390725,0.0945866434751872,0.0171520908589188));
#4236=CARTESIAN_POINT('',(0.0719281364390724,0.0938256678654312,0.0171520908589188));
#4237=CARTESIAN_POINT('',(0.0718345070086776,0.0937281920755372,0.0170721466369455));
#4238=CARTESIAN_POINT('',(0.0716153705823926,0.0936071141192766,0.0168777879780101));
#4239=CARTESIAN_POINT('',(0.0712786431511379,0.0935925497903446,0.0165504634479228));
#4240=CARTESIAN_POINT('',(0.0709679671178497,0.0937559440311331,0.016222142654158));
#4241=CARTESIAN_POINT('',(0.0707898355369644,0.09420409596065,0.0160215234134223));
#4242=CARTESIAN_POINT('',(0.0709667084565465,0.0946556037887121,0.0162207531287566));
#4243=CARTESIAN_POINT('',(0.0712775394389887,0.0948195699163393,0.0165493701626876));
#4244=CARTESIAN_POINT('',(0.0716153379443616,0.0948053590825551,0.0168777767743169));
#4245=CARTESIAN_POINT('',(0.0718345165273603,0.0946841093553646,0.017072154764344));
#4246=CARTESIAN_POINT('',(0.0719281364390724,0.0945866434751872,0.0171520908589188));
#4247=CARTESIAN_POINT('',(0.0675384035822638,0.0942061556703092,0.0205));
#4248=CARTESIAN_POINT('',(0.0675384035822638,0.101815819949774,0.0253055186560697));
#4249=CARTESIAN_POINT('',(0.0691615292931073,0.100247983502804,0.0248519112159182));
#4250=CARTESIAN_POINT('',(0.0707767053279131,0.0986878259384668,0.0243525956028961));
#4251=CARTESIAN_POINT('',(0.0723623894709146,0.0971561556703092,0.0236837107542853));
#4252=CARTESIAN_POINT('',(0.0675384035822638,0.101815819949774,0.0253055186560698));
#4253=CARTESIAN_POINT('',(0.0675384035822638,0.0942061556703092,0.0205));
#4254=CARTESIAN_POINT('',(0.0675384035822638,0.0947715084120814,0.0294822255748434));
#4255=CARTESIAN_POINT('',(0.0675384035822637,0.0947715084120814,0.0294822255748435));
#4256=CARTESIAN_POINT('',(0.0676404884683444,0.0954196818080945,0.0293426260625848));
#4257=CARTESIAN_POINT('',(0.0681735103179374,0.0964914976752376,0.0286145659822225));
#4258=CARTESIAN_POINT('',(0.0691556616388447,0.097098030287828,0.0273622488738882));
#4259=CARTESIAN_POINT('',(0.070049301807349,0.0971509841948285,0.0263796587130474));
#4260=CARTESIAN_POINT('',(0.0707765516204308,0.0969067232204522,0.0257137064962897));
#4261=CARTESIAN_POINT('',(0.0714687359574619,0.0962682165095972,0.0252903864359548));
#4262=CARTESIAN_POINT('',(0.0717619097532201,0.095662596441241,0.025209643311532));
#4263=CARTESIAN_POINT('',(0.0718623894709147,0.09534492983823,0.0251869451480419));
#4264=CARTESIAN_POINT('',(0.0718623894709146,0.09534492983823,0.025186945148042));
#4265=CARTESIAN_POINT('',(0.0718623894709146,0.0942061556703092,0.0205));
#4266=CARTESIAN_POINT('',(0.0719676688675465,0.0934875018348023,0.0251665988687304));
#4267=CARTESIAN_POINT('',(0.0703272391586767,0.0939810964224119,0.0268458425740433));
#4268=CARTESIAN_POINT('',(0.0699773293905654,0.0938952398865919,0.0244741983178509));
#4269=CARTESIAN_POINT('',(0.0720099125897868,0.0937115486572369,0.0251598032205917));
#4270=CARTESIAN_POINT('',(0.0703308907885521,0.0940420190356851,0.0268166901927031));
#4271=CARTESIAN_POINT('',(0.0699992415715985,0.0939927749117372,0.0244641037341984));
#4272=CARTESIAN_POINT('',(0.0720548405757608,0.0941757741667695,0.0251553386229147));
#4273=CARTESIAN_POINT('',(0.0703415897250118,0.094195371099594,0.026780501547441));
#4274=CARTESIAN_POINT('',(0.0700226727993217,0.0941930915232156,0.0244553259634946));
#4275=CARTESIAN_POINT('',(0.0719977009233364,0.0948774894105337,0.025160790274727));
#4276=CARTESIAN_POINT('',(0.0703273563063724,0.094431982638367,0.0268271152260238));
#4277=CARTESIAN_POINT('',(0.0699928625507864,0.0944956485694318,0.0244663305649023));
#4278=CARTESIAN_POINT('',(0.0718203628555863,0.095531183643839,0.0251916696228564));
#4279=CARTESIAN_POINT('',(0.0703178246478473,0.0945791456702895,0.0269480861091194));
#4280=CARTESIAN_POINT('',(0.069900982808729,0.0947823434278453,0.0245103617235883));
#4281=CARTESIAN_POINT('',(0.0715396751496156,0.0960956053245331,0.0252809253634909));
#4282=CARTESIAN_POINT('',(0.0703883083337118,0.0946225510194932,0.0270497186081192));
#4283=CARTESIAN_POINT('',(0.069757471295233,0.095037593167208,0.0246096397655357));
#4284=CARTESIAN_POINT('',(0.0711785194240293,0.0965450926141976,0.0254619320212252));
#4285=CARTESIAN_POINT('',(0.070530028992869,0.0946847704566961,0.0270309792894802));
#4286=CARTESIAN_POINT('',(0.0695761014306976,0.0952491055263382,0.0247881337561827));
#4287=CARTESIAN_POINT('',(0.070776506463756,0.0968590533868751,0.0257388383030057));
#4288=CARTESIAN_POINT('',(0.0705945929006335,0.0948812000738418,0.0269383964418715));
#4289=CARTESIAN_POINT('',(0.0693781308214972,0.0954040838142034,0.0250473700309861));
#4290=CARTESIAN_POINT('',(0.0703683202242688,0.0970471303310061,0.0260855121977203));
#4291=CARTESIAN_POINT('',(0.0704991688407968,0.0951566651386218,0.0269046158746434));
#4292=CARTESIAN_POINT('',(0.0691806596321795,0.0955031176774499,0.0253652936008604));
#4293=CARTESIAN_POINT('',(0.069825559428495,0.0971578075272192,0.0266168917381277));
#4294=CARTESIAN_POINT('',(0.0702056987989212,0.0954994311366397,0.027005090166835));
#4295=CARTESIAN_POINT('',(0.068922013552226,0.0955705785158605,0.0258487639476873));
#4296=CARTESIAN_POINT('',(0.0691871268760522,0.0970700066530097,0.0273394124837829));
#4297=CARTESIAN_POINT('',(0.0696733315459117,0.0957699965467506,0.0273628357540895));
#4298=CARTESIAN_POINT('',(0.0686233851031976,0.0955467197630827,0.0265041467434972));
#4299=CARTESIAN_POINT('',(0.068491235375438,0.0966683867197336,0.0282081651094052));
#4300=CARTESIAN_POINT('',(0.0689819546239577,0.0957569300253155,0.0279898985816772));
#4301=CARTESIAN_POINT('',(0.0683027941467219,0.0953715245382536,0.0272944669744155));
#4302=CARTESIAN_POINT('',(0.0678961061589186,0.0959621782855029,0.0289941365960494));
#4303=CARTESIAN_POINT('',(0.068363669609947,0.095411906094765,0.0286335775892806));
#4304=CARTESIAN_POINT('',(0.0680313215046525,0.095044152147946,0.0280120535443201));
#4305=CARTESIAN_POINT('',(0.0674841587618024,0.0948893778162135,0.0295561764580694));
#4306=CARTESIAN_POINT('',(0.0679243023655168,0.0946992507351078,0.0291280750793493));
#4307=CARTESIAN_POINT('',(0.0678445768494197,0.0945339137324605,0.0285268221643172));
#4308=CARTESIAN_POINT('',(0.0674752670792777,0.0935694150089484,0.0295684465497157));
#4309=CARTESIAN_POINT('',(0.0679147461341844,0.0937461479185181,0.0291391087415899));
#4310=CARTESIAN_POINT('',(0.0678405551965806,0.0939006623709803,0.028538074446468));
#4311=CARTESIAN_POINT('',(0.067876810821495,0.0924828642046579,0.0290201615259014));
#4312=CARTESIAN_POINT('',(0.0683432589325666,0.0930200020335337,0.0286559541805108));
#4313=CARTESIAN_POINT('',(0.0680225548464212,0.0933835728468115,0.0280358610126353));
#4314=CARTESIAN_POINT('',(0.0684657387181007,0.0917659829182858,0.0282411870412849));
#4315=CARTESIAN_POINT('',(0.0689556738462247,0.0926628968602222,0.0280158950675092));
#4316=CARTESIAN_POINT('',(0.0682911218944018,0.0930508012845178,0.0273245645016332));
#4317=CARTESIAN_POINT('',(0.0691587029366103,0.0913518535103047,0.0273733878714821));
#4318=CARTESIAN_POINT('',(0.0696467784743005,0.0926361798051854,0.0273844096247301));
#4319=CARTESIAN_POINT('',(0.0686101983954391,0.0928693979575003,0.0265350048417223));
#4320=CARTESIAN_POINT('',(0.0697972994050844,0.0912552907211982,0.0266476701297887));
#4321=CARTESIAN_POINT('',(0.070183077138336,0.0928972830160346,0.0270180222878633));
#4322=CARTESIAN_POINT('',(0.068908723575544,0.0928412923936944,0.0258766725638793));
#4323=CARTESIAN_POINT('',(0.0703333291510801,0.0913541230026289,0.0261178347504726));
#4324=CARTESIAN_POINT('',(0.0704841961190092,0.0932316281401988,0.0269067999763962));
#4325=CARTESIAN_POINT('',(0.0691638760104903,0.0929030197948143,0.0253947767961401));
#4326=CARTESIAN_POINT('',(0.070745929810237,0.0915349188139455,0.025762618521003));
#4327=CARTESIAN_POINT('',(0.0705932546892428,0.093511939541656,0.0269324184809909));
#4328=CARTESIAN_POINT('',(0.0693632186174755,0.0929988866731724,0.0250693317731918));
#4329=CARTESIAN_POINT('',(0.0711463277390984,0.0918367332747892,0.0254816142868837));
#4330=CARTESIAN_POINT('',(0.0705400980724779,0.0937163231170317,0.0270240996014628));
#4331=CARTESIAN_POINT('',(0.0695601171633878,0.0931484583586309,0.0248068595232873));
#4332=CARTESIAN_POINT('',(0.0715109495672996,0.0922724154335171,0.0252926612196007));
#4333=CARTESIAN_POINT('',(0.0703993278976382,0.0937876109741858,0.0270536306574553));
#4334=CARTESIAN_POINT('',(0.0697429112462521,0.093354267617549,0.0246217615974718));
#4335=CARTESIAN_POINT('',(0.0718013782423192,0.0928314932321618,0.0251961125117468));
#4336=CARTESIAN_POINT('',(0.0703195472803407,0.0938264326697768,0.0269588033413767));
#4337=CARTESIAN_POINT('',(0.0698911997131227,0.0936078813723436,0.0245158934654097));
#4338=CARTESIAN_POINT('',(0.0719254251453062,0.0932634550123677,0.0251733945168691));
#4339=CARTESIAN_POINT('',(0.0703235311529171,0.0939192332520975,0.0268754450259905));
#4340=CARTESIAN_POINT('',(0.0699554172095322,0.0937977048614465,0.0244842929015034));
#4341=CARTESIAN_POINT('',(0.0719676688675465,0.0934875018348023,0.0251665988687304));
#4342=CARTESIAN_POINT('',(0.0703272391586767,0.0939810964224119,0.0268458425740433));
#4343=CARTESIAN_POINT('',(0.0699773293905654,0.0938952398865919,0.0244741983178509));
#4344=CARTESIAN_POINT('',(0.0718623894709147,0.0930673815023884,0.0251869451480419));
#4345=CARTESIAN_POINT('',(0.0717625936044024,0.0927518768947236,0.0252094888309433));
#4346=CARTESIAN_POINT('',(0.0714648266876539,0.0921375163872072,0.025291914289105));
#4347=CARTESIAN_POINT('',(0.0707748021751538,0.0915055953728724,0.0257154219653901));
#4348=CARTESIAN_POINT('',(0.0700484241990346,0.0912606377976815,0.0263803731691321));
#4349=CARTESIAN_POINT('',(0.0691500929237025,0.0913162853851439,0.0273688406585609));
#4350=CARTESIAN_POINT('',(0.0681749895917075,0.0919186144863152,0.0286128607212348));
#4351=CARTESIAN_POINT('',(0.0676395928998871,0.0929983158164641,0.0293438507386818));
#4352=CARTESIAN_POINT('',(0.0675384035822635,0.0936408029285379,0.0294822255748437));
#4353=CARTESIAN_POINT('',(0.0718623894709146,0.0930673815023884,0.025186945148042));
#4354=CARTESIAN_POINT('',(0.0675384035822638,0.093640802928538,0.0294822255748434));
#4355=CARTESIAN_POINT('',(0.0718623894709146,0.0930673815023884,0.025186945148042));
#4356=CARTESIAN_POINT('',(0.0718623894709146,0.0934434266280171,0.0252783117976426));
#4357=CARTESIAN_POINT('',(0.0718623894709146,0.0942018839056618,0.0253123897509728));
#4358=CARTESIAN_POINT('',(0.0718623894709146,0.0949714235167711,0.0252776949513783));
#4359=CARTESIAN_POINT('',(0.0718623894709146,0.09534492983823,0.025186945148042));
#4360=CARTESIAN_POINT('',(0.0675384035822635,0.0936408029285379,0.0294822255748437));
#4361=CARTESIAN_POINT('',(0.0675384035822635,0.0940177047563857,0.0295059482569315));
#4362=CARTESIAN_POINT('',(0.0675384035822646,0.0943946065842337,0.0295059482569311));
#4363=CARTESIAN_POINT('',(0.0675384035822644,0.0947715084120815,0.0294822255748434));
#4364=CARTESIAN_POINT('',(0.0660990381056767,0.102456155670309,0.0205));
#4365=CARTESIAN_POINT('',(0.0660990381056767,0.0931170781098274,0.0226));
#4366=CARTESIAN_POINT('',(0.0660990381056767,0.0931170781098274,0.0222));
#4367=CARTESIAN_POINT('',(0.0660990381056767,0.0942061556703092,0.0222));
#4368=CARTESIAN_POINT('',(0.0660990381056767,0.095295233230791,0.0222));
#4369=CARTESIAN_POINT('',(0.0660990381056767,0.095295233230791,0.0226));
#4370=CARTESIAN_POINT('',(0.0476,0.0969970046017622,0.0205));
#4371=CARTESIAN_POINT('',(0.0476,0.0942061556703092,0.0205));
#4372=CARTESIAN_POINT('',(0.0476,0.0929430462050517,0.0222398432339659));
#4373=CARTESIAN_POINT('',(0.0476,0.0954692651355667,0.0222398432339659));
#4374=CARTESIAN_POINT('',(0.0476,0.0931170781098274,0.0226));
#4375=CARTESIAN_POINT('',(0.0476,0.0927706679483136,0.0224));
#4376=CARTESIAN_POINT('',(0.0476,0.0924242577867998,0.0222));
#4377=CARTESIAN_POINT('',(0.0476,0.0921348281654283,0.0219239012961407));
#4378=CARTESIAN_POINT('',(0.0476,0.0918453985440568,0.0216478025922816));
#4379=CARTESIAN_POINT('',(0.0476,0.0933061556703092,0.0178221977294803));
#4380=CARTESIAN_POINT('',(0.0476,0.0939061556703092,0.0178221977294803));
#4381=CARTESIAN_POINT('',(0.0476,0.0939061556703092,0.0205));
#4382=CARTESIAN_POINT('',(0.0476,0.0939061556703092,0.0173221977294804));
#4383=CARTESIAN_POINT('',(0.0476,0.0936861556703091,0.0173221977294804));
#4384=CARTESIAN_POINT('',(0.0476,0.0938256678654311,0.0171520908589188));
#4385=CARTESIAN_POINT('',(0.0476,0.0942061556703092,0.0166881630301145));
#4386=CARTESIAN_POINT('',(0.0476,0.0937666048831629,0.0170965685951096));
#4387=CARTESIAN_POINT('',(0.0476,0.0942061556703092,0.0205));
#4388=CARTESIAN_POINT('',(0.0475999999999994,0.0946457064574559,0.0170965685951092));
#4389=CARTESIAN_POINT('',(0.0476,0.0942061556703092,0.0166881630301145));
#4390=CARTESIAN_POINT('',(0.0476,0.0945866434751872,0.0171520908589188));
#4391=CARTESIAN_POINT('',(0.0476,0.0947261556703092,0.0173221977294804));
#4392=CARTESIAN_POINT('',(0.0476,0.0945061556703092,0.0173221977294804));
#4393=CARTESIAN_POINT('',(0.0476,0.0945061556703092,0.0205));
#4394=CARTESIAN_POINT('',(0.0476,0.0945061556703092,0.0178221977294803));
#4395=CARTESIAN_POINT('',(0.0476,0.0951061556703092,0.0178221977294803));
#4396=CARTESIAN_POINT('',(0.0476,0.0965669127965616,0.0216478025922816));
#4397=CARTESIAN_POINT('',(0.0476,0.0962774831751901,0.0219239012961407));
#4398=CARTESIAN_POINT('',(0.0476,0.0959880535538185,0.0222));
#4399=CARTESIAN_POINT('',(0.0476,0.0956416433923048,0.0224));
#4400=CARTESIAN_POINT('',(0.0476,0.095295233230791,0.0226));
#4401=CARTESIAN_POINT('',(-0.146805301884845,0.0942061556703092,0.0222));
#4402=CARTESIAN_POINT('',(-0.146805301884845,0.0931170781098274,0.0222));
#4403=CARTESIAN_POINT('',(0.0502,0.0931170781098274,0.0222));
#4404=CARTESIAN_POINT('',(0.0502,0.0942061556703092,0.0222));
#4405=CARTESIAN_POINT('',(0.0502,0.095295233230791,0.0222));
#4406=CARTESIAN_POINT('',(-0.146805301884845,0.095295233230791,0.0222));
#4407=CARTESIAN_POINT('',(0.064002,0.0955135697056557,0.0266508994362455));
#4408=CARTESIAN_POINT('',(0.0592372229881191,0.0950702849885162,0.0267799438006823));
#4409=CARTESIAN_POINT('',(0.059113892382484,0.0951306386555241,0.0269872667498454));
#4410=CARTESIAN_POINT('',(0.0590000000000001,0.0953663669742218,0.0271541884897685));
#4411=CARTESIAN_POINT('',(0.0590000000000001,0.0956095595833291,0.0271024963049531));
#4412=CARTESIAN_POINT('',(0.059237222988119,0.0950702849885162,0.0267799438006823));
#4413=CARTESIAN_POINT('',(0.059,0.0956095595833291,0.0271024963049531));
#4414=CARTESIAN_POINT('',(0.064002,0.0950702849885162,0.0267799438006823));
#4415=CARTESIAN_POINT('',(0.064,0.0950702849885162,0.0267799438006823));
#4416=CARTESIAN_POINT('',(0.064,0.0955135697056557,0.0266508994362455));
#4417=CARTESIAN_POINT('',(0.064,0.0956095595833291,0.0271024963049531));
#4418=CARTESIAN_POINT('',(0.064,0.0955135697056557,0.0266508994362455));
#4419=CARTESIAN_POINT('',(0.064,0.0959710175170396,0.026588487191435));
#4420=CARTESIAN_POINT('',(0.064002,0.0959710175170396,0.026588487191435));
#4421=CARTESIAN_POINT('',(0.059237222988119,0.0959710175170396,0.026588487191435));
#4422=CARTESIAN_POINT('',(0.0590000000000001,0.0956095595833291,0.0271024963049531));
#4423=CARTESIAN_POINT('',(0.0590000000000001,0.0958517680343215,0.0270510133094028));
#4424=CARTESIAN_POINT('',(0.0591141695896186,0.0960001419293813,0.0268019532945045));
#4425=CARTESIAN_POINT('',(0.059237222988119,0.0959710175170397,0.026588487191435));
#4426=CARTESIAN_POINT('',(0.064002,0.0955135697056557,0.0266508994362455));
#4427=CARTESIAN_POINT('',(0.058762777011881,0.0959710175170397,0.026588487191435));
#4428=CARTESIAN_POINT('',(0.0588861268240911,0.0960002120849009,0.0268024674963085));
#4429=CARTESIAN_POINT('',(0.059,0.0958527813778864,0.0270507979165789));
#4430=CARTESIAN_POINT('',(0.059,0.0956095595833291,0.0271024963049531));
#4431=CARTESIAN_POINT('',(0.058762777011881,0.0959710175170396,0.026588487191435));
#4432=CARTESIAN_POINT('',(0.064002,0.0959710175170396,0.026588487191435));
#4433=CARTESIAN_POINT('',(0.054,0.0959710175170396,0.026588487191435));
#4434=CARTESIAN_POINT('',(0.054,0.0955135697056557,0.0266508994362455));
#4435=CARTESIAN_POINT('',(0.054,0.0956095595833291,0.0271024963049531));
#4436=CARTESIAN_POINT('',(0.054,0.0955135697056557,0.0266508994362455));
#4437=CARTESIAN_POINT('',(0.054,0.0950702849885162,0.0267799438006823));
#4438=CARTESIAN_POINT('',(0.064002,0.0950702849885162,0.0267799438006823));
#4439=CARTESIAN_POINT('',(0.058762777011881,0.0950702849885162,0.0267799438006823));
#4440=CARTESIAN_POINT('',(0.059,0.0956095595833291,0.0271024963049531));
#4441=CARTESIAN_POINT('',(0.059,0.0953673190709316,0.0271539861153655));
#4442=CARTESIAN_POINT('',(0.0588858142493143,0.0951304950914293,0.0269867735879051));
#4443=CARTESIAN_POINT('',(0.058762777011881,0.0950702849885162,0.0267799438006823));
#4444=CARTESIAN_POINT('',(0.064002,0.0928987416349628,0.0266508994362456));
#4445=CARTESIAN_POINT('',(0.0592372229881191,0.0924412938235788,0.026588487191435));
#4446=CARTESIAN_POINT('',(0.0591138731759089,0.0924120992557176,0.0268024674963086));
#4447=CARTESIAN_POINT('',(0.059,0.0925595299627321,0.0270507979165789));
#4448=CARTESIAN_POINT('',(0.0590000000000001,0.0928027517572894,0.0271024963049532));
#4449=CARTESIAN_POINT('',(0.059237222988119,0.0924412938235788,0.026588487191435));
#4450=CARTESIAN_POINT('',(0.059,0.0928027517572894,0.0271024963049531));
#4451=CARTESIAN_POINT('',(0.064002,0.0924412938235788,0.026588487191435));
#4452=CARTESIAN_POINT('',(0.064,0.0924412938235788,0.026588487191435));
#4453=CARTESIAN_POINT('',(0.064,0.0928987416349628,0.0266508994362456));
#4454=CARTESIAN_POINT('',(0.064,0.0928027517572894,0.0271024963049532));
#4455=CARTESIAN_POINT('',(0.064,0.0928987416349628,0.0266508994362456));
#4456=CARTESIAN_POINT('',(0.064,0.0933420263521022,0.0267799438006823));
#4457=CARTESIAN_POINT('',(0.064002,0.0933420263521022,0.0267799438006823));
#4458=CARTESIAN_POINT('',(0.059237222988119,0.0933420263521022,0.0267799438006823));
#4459=CARTESIAN_POINT('',(0.0590000000000001,0.0928027517572894,0.0271024963049532));
#4460=CARTESIAN_POINT('',(0.0590000000000001,0.0930449922696869,0.0271539861153656));
#4461=CARTESIAN_POINT('',(0.0591141857506857,0.0932818162491892,0.0269867735879052));
#4462=CARTESIAN_POINT('',(0.059237222988119,0.0933420263521023,0.0267799438006823));
#4463=CARTESIAN_POINT('',(0.064002,0.0928987416349628,0.0266508994362456));
#4464=CARTESIAN_POINT('',(0.058762777011881,0.0933420263521023,0.0267799438006823));
#4465=CARTESIAN_POINT('',(0.058886107617516,0.0932816726850944,0.0269872667498455));
#4466=CARTESIAN_POINT('',(0.059,0.0930459443663967,0.0271541884897686));
#4467=CARTESIAN_POINT('',(0.059,0.0928027517572894,0.0271024963049532));
#4468=CARTESIAN_POINT('',(0.058762777011881,0.0933420263521022,0.0267799438006823));
#4469=CARTESIAN_POINT('',(0.064002,0.0933420263521022,0.0267799438006823));
#4470=CARTESIAN_POINT('',(0.054,0.0933420263521022,0.0267799438006823));
#4471=CARTESIAN_POINT('',(0.054,0.0928987416349628,0.0266508994362456));
#4472=CARTESIAN_POINT('',(0.054,0.0928027517572894,0.0271024963049532));
#4473=CARTESIAN_POINT('',(0.054,0.0928987416349628,0.0266508994362456));
#4474=CARTESIAN_POINT('',(0.054,0.0924412938235788,0.026588487191435));
#4475=CARTESIAN_POINT('',(0.064002,0.0924412938235788,0.026588487191435));
#4476=CARTESIAN_POINT('',(0.058762777011881,0.0924412938235788,0.026588487191435));
#4477=CARTESIAN_POINT('',(0.059,0.0928027517572894,0.0271024963049532));
#4478=CARTESIAN_POINT('',(0.059,0.092560543306297,0.0270510133094028));
#4479=CARTESIAN_POINT('',(0.0588858304103814,0.0924121694112372,0.0268019532945045));
#4480=CARTESIAN_POINT('',(0.058762777011881,0.0924412938235788,0.026588487191435));
#4481=CARTESIAN_POINT('',(0.064002,0.090509977328465,0.0255873530445516));
#4482=CARTESIAN_POINT('',(0.059237222988119,0.0901174633052076,0.025344275834619));
#4483=CARTESIAN_POINT('',(0.0591138744244052,0.0900037602603289,0.0255278802112462));
#4484=CARTESIAN_POINT('',(0.0590000000000001,0.0900374402493852,0.0258147098076705));
#4485=CARTESIAN_POINT('',(0.0590000000000001,0.090238605217335,0.0259608647120308));
#4486=CARTESIAN_POINT('',(0.059237222988119,0.0901174633052076,0.0253442758346189));
#4487=CARTESIAN_POINT('',(0.059,0.090238605217335,0.0259608647120309));
#4488=CARTESIAN_POINT('',(0.064002,0.0901174633052076,0.0253442758346189));
#4489=CARTESIAN_POINT('',(0.064,0.0901174633052076,0.0253442758346189));
#4490=CARTESIAN_POINT('',(0.064,0.090509977328465,0.0255873530445516));
#4491=CARTESIAN_POINT('',(0.064,0.090238605217335,0.0259608647120309));
#4492=CARTESIAN_POINT('',(0.064,0.090509977328465,0.0255873530445516));
#4493=CARTESIAN_POINT('',(0.064,0.0908624509966512,0.0258855410752933));
#4494=CARTESIAN_POINT('',(0.064002,0.0908624509966512,0.0258855410752933));
#4495=CARTESIAN_POINT('',(0.059237222988119,0.0908624509966512,0.0258855410752933));
#4496=CARTESIAN_POINT('',(0.0590000000000001,0.090238605217335,0.0259608647120308));
#4497=CARTESIAN_POINT('',(0.0590000000000001,0.0904389561291793,0.0261064281700104));
#4498=CARTESIAN_POINT('',(0.059114173700636,0.0907233074511491,0.026050015939578));
#4499=CARTESIAN_POINT('',(0.059237222988119,0.0908624509966512,0.0258855410752933));
#4500=CARTESIAN_POINT('',(0.064002,0.090509977328465,0.0255873530445516));
#4501=CARTESIAN_POINT('',(0.058762777011881,0.0908624509966512,0.0258855410752933));
#4502=CARTESIAN_POINT('',(0.0588861227944267,0.090722972175951,0.0260504122521954));
#4503=CARTESIAN_POINT('',(0.059,0.0904397666905664,0.0261070170773297));
#4504=CARTESIAN_POINT('',(0.059,0.090238605217335,0.0259608647120309));
#4505=CARTESIAN_POINT('',(0.058762777011881,0.0908624509966512,0.0258855410752933));
#4506=CARTESIAN_POINT('',(0.064002,0.0908624509966512,0.0258855410752933));
#4507=CARTESIAN_POINT('',(0.054,0.0908624509966512,0.0258855410752933));
#4508=CARTESIAN_POINT('',(0.054,0.090509977328465,0.0255873530445516));
#4509=CARTESIAN_POINT('',(0.054,0.090238605217335,0.0259608647120309));
#4510=CARTESIAN_POINT('',(0.054,0.090509977328465,0.0255873530445516));
#4511=CARTESIAN_POINT('',(0.054,0.0901174633052076,0.0253442758346189));
#4512=CARTESIAN_POINT('',(0.064002,0.0901174633052076,0.0253442758346189));
#4513=CARTESIAN_POINT('',(0.058762777011881,0.0901174633052076,0.0253442758346189));
#4514=CARTESIAN_POINT('',(0.059,0.090238605217335,0.0259608647120309));
#4515=CARTESIAN_POINT('',(0.059,0.0900382581447899,0.0258153040434654));
#4516=CARTESIAN_POINT('',(0.0588858286347877,0.0900040339811807,0.0255274382147595));
#4517=CARTESIAN_POINT('',(0.058762777011881,0.0901174633052076,0.025344275834619));
#4518=CARTESIAN_POINT('',(0.064002,0.0887603158359981,0.0236441570943031));
#4519=CARTESIAN_POINT('',(0.059237222988119,0.0885006048413665,0.0232624451771329));
#4520=CARTESIAN_POINT('',(0.0591138789199515,0.0883220598208607,0.023383924499041));
#4521=CARTESIAN_POINT('',(0.0590000000000001,0.0882361608985501,0.0236596657343925));
#4522=CARTESIAN_POINT('',(0.0590000000000001,0.0883604841947643,0.023875));
#4523=CARTESIAN_POINT('',(0.059237222988119,0.0885006048413665,0.0232624451771328));
#4524=CARTESIAN_POINT('',(0.059,0.0883604841947643,0.023875));
#4525=CARTESIAN_POINT('',(0.064002,0.0885006048413665,0.0232624451771328));
#4526=CARTESIAN_POINT('',(0.064,0.0885006048413665,0.0232624451771328));
#4527=CARTESIAN_POINT('',(0.064,0.0887603158359981,0.0236441570943031));
#4528=CARTESIAN_POINT('',(0.064,0.0883604841947643,0.023875));
#4529=CARTESIAN_POINT('',(0.064,0.0887603158359981,0.0236441570943031));
#4530=CARTESIAN_POINT('',(0.064,0.088961032555879,0.0240599293718813));
#4531=CARTESIAN_POINT('',(0.064002,0.088961032555879,0.0240599293718813));
#4532=CARTESIAN_POINT('',(0.059237222988119,0.088961032555879,0.0240599293718813));
#4533=CARTESIAN_POINT('',(0.0590000000000001,0.0883604841947643,0.023875));
#4534=CARTESIAN_POINT('',(0.0590000000000001,0.0884843041564876,0.024089462464696));
#4535=CARTESIAN_POINT('',(0.0591141708885104,0.0887670162138751,0.024153591998926));
#4536=CARTESIAN_POINT('',(0.059237222988119,0.088961032555879,0.0240599293718813));
#4537=CARTESIAN_POINT('',(0.064002,0.0887603158359981,0.0236441570943031));
#4538=CARTESIAN_POINT('',(0.058762777011881,0.088961032555879,0.0240599293718813));
#4539=CARTESIAN_POINT('',(0.0588861260675198,0.0887665480030693,0.02415381803068));
#4540=CARTESIAN_POINT('',(0.059,0.0884848113643143,0.0240903409744219));
#4541=CARTESIAN_POINT('',(0.059,0.0883604841947643,0.023875));
#4542=CARTESIAN_POINT('',(0.058762777011881,0.088961032555879,0.0240599293718813));
#4543=CARTESIAN_POINT('',(0.064002,0.088961032555879,0.0240599293718813));
#4544=CARTESIAN_POINT('',(0.054,0.088961032555879,0.0240599293718813));
#4545=CARTESIAN_POINT('',(0.054,0.0887603158359981,0.0236441570943031));
#4546=CARTESIAN_POINT('',(0.054,0.0883604841947642,0.023875));
#4547=CARTESIAN_POINT('',(0.054,0.0887603158359981,0.0236441570943031));
#4548=CARTESIAN_POINT('',(0.054,0.0885006048413665,0.0232624451771328));
#4549=CARTESIAN_POINT('',(0.064002,0.0885006048413665,0.0232624451771328));
#4550=CARTESIAN_POINT('',(0.058762777011881,0.0885006048413665,0.0232624451771328));
#4551=CARTESIAN_POINT('',(0.059,0.0883604841947643,0.023875));
#4552=CARTESIAN_POINT('',(0.059,0.0882366599778129,0.0236605301650328));
#4553=CARTESIAN_POINT('',(0.0588858249226282,0.0883224885194878,0.0233836328190021));
#4554=CARTESIAN_POINT('',(0.058762777011881,0.0885006048413665,0.0232624451771329));
#4555=CARTESIAN_POINT('',(0.064002,0.0879522895247853,0.0211573078186792));
#4556=CARTESIAN_POINT('',(0.059237222988119,0.0878702879491515,0.020702962652494));
#4557=CARTESIAN_POINT('',(0.0591139078070621,0.0876578186369365,0.02074130974997));
#4558=CARTESIAN_POINT('',(0.059,0.0874671469226003,0.0209583272902665));
#4559=CARTESIAN_POINT('',(0.059,0.0874931328765734,0.0212055671270567));
#4560=CARTESIAN_POINT('',(0.059237222988119,0.0878702879491515,0.0207029626524939));
#4561=CARTESIAN_POINT('',(0.059,0.0874931328765734,0.0212055671270567));
#4562=CARTESIAN_POINT('',(0.064002,0.0878702879491516,0.0207029626524939));
#4563=CARTESIAN_POINT('',(0.064,0.0878702879491516,0.0207029626524939));
#4564=CARTESIAN_POINT('',(0.064,0.0879522895247853,0.0211573078186792));
#4565=CARTESIAN_POINT('',(0.064,0.0874931328765733,0.0212055671270567));
#4566=CARTESIAN_POINT('',(0.064,0.0879522895247853,0.0211573078186792));
#4567=CARTESIAN_POINT('',(0.064,0.0879665435520393,0.021618773539128));
#4568=CARTESIAN_POINT('',(0.064002,0.0879665435520393,0.021618773539128));
#4569=CARTESIAN_POINT('',(0.059237222988119,0.0879665435520393,0.021618773539128));
#4570=CARTESIAN_POINT('',(0.059,0.0874931328765734,0.0212055671270567));
#4571=CARTESIAN_POINT('',(0.059,0.087519013741235,0.0214518071058376));
#4572=CARTESIAN_POINT('',(0.0591141687295547,0.0877512010034571,0.0216254251676681));
#4573=CARTESIAN_POINT('',(0.059237222988119,0.0879665435520393,0.021618773539128));
#4574=CARTESIAN_POINT('',(0.064002,0.0879522895247853,0.0211573078186792));
#4575=CARTESIAN_POINT('',(0.058762777011881,0.0879665435520393,0.021618773539128));
#4576=CARTESIAN_POINT('',(0.0588861268899282,0.0877506836751371,0.0216254411472126));
#4577=CARTESIAN_POINT('',(0.059,0.0875191244660367,0.0214528605819552));
#4578=CARTESIAN_POINT('',(0.059,0.0874931328765734,0.0212055671270567));
#4579=CARTESIAN_POINT('',(0.058762777011881,0.0879665435520393,0.021618773539128));
#4580=CARTESIAN_POINT('',(0.064002,0.0879665435520393,0.021618773539128));
#4581=CARTESIAN_POINT('',(0.054,0.0879665435520393,0.021618773539128));
#4582=CARTESIAN_POINT('',(0.054,0.0879522895247853,0.0211573078186792));
#4583=CARTESIAN_POINT('',(0.054,0.0874931328765733,0.0212055671270567));
#4584=CARTESIAN_POINT('',(0.054,0.0879522895247853,0.0211573078186792));
#4585=CARTESIAN_POINT('',(0.054,0.0878702879491516,0.0207029626524939));
#4586=CARTESIAN_POINT('',(0.064002,0.0878702879491516,0.0207029626524939));
#4587=CARTESIAN_POINT('',(0.058762777011881,0.0878702879491516,0.0207029626524939));
#4588=CARTESIAN_POINT('',(0.059,0.0874931328765734,0.0212055671270567));
#4589=CARTESIAN_POINT('',(0.059,0.0874672458214696,0.0209592682501533));
#4590=CARTESIAN_POINT('',(0.058885802009335,0.0876583186168253,0.020741219512103));
#4591=CARTESIAN_POINT('',(0.058762777011881,0.0878702879491516,0.020702962652494));
#4592=CARTESIAN_POINT('',(0.064002,0.0882256134847239,0.0185568040497515));
#4593=CARTESIAN_POINT('',(0.059237222988119,0.0883355001454762,0.018108386041381));
#4594=CARTESIAN_POINT('',(0.0591138733279616,0.0881257439689819,0.0180569844353418));
#4595=CARTESIAN_POINT('',(0.059,0.0878633628919539,0.0181776500655345));
#4596=CARTESIAN_POINT('',(0.059,0.0877865241853169,0.0184141352879691));
#4597=CARTESIAN_POINT('',(0.059237222988119,0.0883355001454762,0.018108386041381));
#4598=CARTESIAN_POINT('',(0.059,0.0877865241853169,0.0184141352879691));
#4599=CARTESIAN_POINT('',(0.064002,0.0883355001454762,0.018108386041381));
#4600=CARTESIAN_POINT('',(0.064,0.0883355001454762,0.018108386041381));
#4601=CARTESIAN_POINT('',(0.064,0.0882256134847239,0.0185568040497515));
#4602=CARTESIAN_POINT('',(0.064,0.0877865241853169,0.0184141352879691));
#4603=CARTESIAN_POINT('',(0.064,0.0882256134847239,0.0185568040497515));
#4604=CARTESIAN_POINT('',(0.064,0.0880509401685451,0.0189841715977209));
#4605=CARTESIAN_POINT('',(0.064002,0.0880509401685451,0.0189841715977209));
#4606=CARTESIAN_POINT('',(0.059237222988119,0.0880509401685451,0.0189841715977209));
#4607=CARTESIAN_POINT('',(0.059,0.0877865241853169,0.0184141352879691));
#4608=CARTESIAN_POINT('',(0.059,0.0877099635760987,0.0186497646145561));
#4609=CARTESIAN_POINT('',(0.0591145852245725,0.0878521845024607,0.0189029363437359));
#4610=CARTESIAN_POINT('',(0.059237222988119,0.088050940168545,0.018984171597721));
#4611=CARTESIAN_POINT('',(0.064002,0.0882256134847239,0.0185568040497515));
#4612=CARTESIAN_POINT('',(0.059,0.0877865241853169,0.0184141352879691));
#4613=CARTESIAN_POINT('',(0.059,0.0877099635760986,0.0186497646145561));
#4614=CARTESIAN_POINT('',(0.0588854147754275,0.0878521845024607,0.0189029363437359));
#4615=CARTESIAN_POINT('',(0.058762777011881,0.0880509401685451,0.018984171597721));
#4616=CARTESIAN_POINT('',(0.058762777011881,0.0880509401685451,0.018984171597721));
#4617=CARTESIAN_POINT('',(0.064002,0.0880509401685451,0.0189841715977209));
#4618=CARTESIAN_POINT('',(0.054,0.0880509401685451,0.0189841715977209));
#4619=CARTESIAN_POINT('',(0.054,0.0882256134847239,0.0185568040497515));
#4620=CARTESIAN_POINT('',(0.054,0.0877865241853169,0.0184141352879691));
#4621=CARTESIAN_POINT('',(0.054,0.0882256134847239,0.0185568040497515));
#4622=CARTESIAN_POINT('',(0.054,0.0883355001454762,0.018108386041381));
#4623=CARTESIAN_POINT('',(0.064002,0.0883355001454762,0.018108386041381));
#4624=CARTESIAN_POINT('',(0.058762777011881,0.0883355001454762,0.018108386041381));
#4625=CARTESIAN_POINT('',(0.058762777011881,0.0883355001454762,0.018108386041381));
#4626=CARTESIAN_POINT('',(0.0588861266720384,0.0881257439689819,0.0180569844353418));
#4627=CARTESIAN_POINT('',(0.059,0.0878633628919539,0.0181776500655345));
#4628=CARTESIAN_POINT('',(0.059,0.0877865241853169,0.0184141352879691));
#4629=CARTESIAN_POINT('',(0.064002,0.0895330275200704,0.0162922965140028));
#4630=CARTESIAN_POINT('',(0.059237222988119,0.0898158020152755,0.0159273412108439));
#4631=CARTESIAN_POINT('',(0.0591138750883808,0.089645089566121,0.015795069871814));
#4632=CARTESIAN_POINT('',(0.059,0.0893563091257567,0.015798583555795));
#4633=CARTESIAN_POINT('',(0.059,0.0891899280983368,0.0159833684070777));
#4634=CARTESIAN_POINT('',(0.059237222988119,0.0898158020152755,0.015927341210844));
#4635=CARTESIAN_POINT('',(0.059,0.0891899280983368,0.0159833684070777));
#4636=CARTESIAN_POINT('',(0.064002,0.0898158020152755,0.015927341210844));
#4637=CARTESIAN_POINT('',(0.064,0.0898158020152755,0.015927341210844));
#4638=CARTESIAN_POINT('',(0.064,0.0895330275200704,0.0162922965140028));
#4639=CARTESIAN_POINT('',(0.064,0.0891899280983368,0.0159833684070777));
#4640=CARTESIAN_POINT('',(0.064,0.0895330275200704,0.0162922965140028));
#4641=CARTESIAN_POINT('',(0.064,0.0891996294636832,0.0166116701579366));
#4642=CARTESIAN_POINT('',(0.064002,0.0891996294636832,0.0166116701579366));
#4643=CARTESIAN_POINT('',(0.059237222988119,0.0891996294636832,0.0166116701579366));
#4644=CARTESIAN_POINT('',(0.059,0.0891899280983368,0.0159833684070777));
#4645=CARTESIAN_POINT('',(0.0590000000000001,0.0890242205131646,0.016167405324972));
#4646=CARTESIAN_POINT('',(0.0591141727032662,0.0890505988629491,0.0164560952895317));
#4647=CARTESIAN_POINT('',(0.059237222988119,0.0891996294636832,0.0166116701579366));
#4648=CARTESIAN_POINT('',(0.064002,0.0895330275200704,0.0162922965140028));
#4649=CARTESIAN_POINT('',(0.058762777011881,0.0891996294636832,0.0166116701579366));
#4650=CARTESIAN_POINT('',(0.0588861240165763,0.089050239494936,0.0164557201408639));
#4651=CARTESIAN_POINT('',(0.059,0.0890235480011219,0.0161681522252631));
#4652=CARTESIAN_POINT('',(0.059,0.0891899280983368,0.0159833684070777));
#4653=CARTESIAN_POINT('',(0.058762777011881,0.0891996294636832,0.0166116701579367));
#4654=CARTESIAN_POINT('',(0.064002,0.0891996294636832,0.0166116701579366));
#4655=CARTESIAN_POINT('',(0.054,0.0891996294636832,0.0166116701579366));
#4656=CARTESIAN_POINT('',(0.054,0.0895330275200704,0.0162922965140028));
#4657=CARTESIAN_POINT('',(0.054,0.0891899280983368,0.0159833684070777));
#4658=CARTESIAN_POINT('',(0.054,0.0895330275200704,0.0162922965140028));
#4659=CARTESIAN_POINT('',(0.054,0.0898158020152755,0.015927341210844));
#4660=CARTESIAN_POINT('',(0.064002,0.0898158020152755,0.015927341210844));
#4661=CARTESIAN_POINT('',(0.058762777011881,0.0898158020152755,0.015927341210844));
#4662=CARTESIAN_POINT('',(0.059,0.0891899280983368,0.0159833684070777));
#4663=CARTESIAN_POINT('',(0.059,0.0893556346615832,0.0157993326241469));
#4664=CARTESIAN_POINT('',(0.0588858280482651,0.0896455004224903,0.0157953882113516));
#4665=CARTESIAN_POINT('',(0.058762777011881,0.0898158020152755,0.015927341210844));
#4666=CARTESIAN_POINT('',(0.064002,0.0916484678666295,0.0147553391367692));
#4667=CARTESIAN_POINT('',(0.059237222988119,0.0920552359171409,0.014536950626253));
#4668=CARTESIAN_POINT('',(0.0591138814339055,0.091953087190287,0.0143466895251248));
#4669=CARTESIAN_POINT('',(0.059,0.0916878297270864,0.0142324360689636));
#4670=CARTESIAN_POINT('',(0.059,0.0914606833295475,0.0143335681609124));
#4671=CARTESIAN_POINT('',(0.059237222988119,0.0920552359171409,0.014536950626253));
#4672=CARTESIAN_POINT('',(0.059,0.0914606833295475,0.0143335681609124));
#4673=CARTESIAN_POINT('',(0.064002,0.0920552359171409,0.014536950626253));
#4674=CARTESIAN_POINT('',(0.064,0.0920552359171409,0.014536950626253));
#4675=CARTESIAN_POINT('',(0.064,0.0916484678666295,0.0147553391367692));
#4676=CARTESIAN_POINT('',(0.064,0.0914606833295475,0.0143335681609124));
#4677=CARTESIAN_POINT('',(0.064,0.0916484678666295,0.0147553391367692));
#4678=CARTESIAN_POINT('',(0.064,0.0912139926228096,0.0149114962722127));
#4679=CARTESIAN_POINT('',(0.064002,0.0912139926228096,0.0149114962722127));
#4680=CARTESIAN_POINT('',(0.059237222988119,0.0912139926228096,0.0149114962722127));
#4681=CARTESIAN_POINT('',(0.059,0.0914606833295475,0.0143335681609124));
#4682=CARTESIAN_POINT('',(0.059,0.091234456521398,0.0144342908252863));
#4683=CARTESIAN_POINT('',(0.0591141704759546,0.0911411230752061,0.0147087516818222));
#4684=CARTESIAN_POINT('',(0.059237222988119,0.0912139926228096,0.0149114962722127));
#4685=CARTESIAN_POINT('',(0.064002,0.0916484678666295,0.0147553391367692));
#4686=CARTESIAN_POINT('',(0.058762777011881,0.0912139926228096,0.0149114962722128));
#4687=CARTESIAN_POINT('',(0.058886126424939,0.0911409472556847,0.0147082625000169));
#4688=CARTESIAN_POINT('',(0.0590000000000001,0.0912335257804202,0.0144347052178682));
#4689=CARTESIAN_POINT('',(0.059,0.0914606833295475,0.0143335681609124));
#4690=CARTESIAN_POINT('',(0.058762777011881,0.0912139926228096,0.0149114962722127));
#4691=CARTESIAN_POINT('',(0.064002,0.0912139926228096,0.0149114962722127));
#4692=CARTESIAN_POINT('',(0.054,0.0912139926228096,0.0149114962722127));
#4693=CARTESIAN_POINT('',(0.054,0.0916484678666295,0.0147553391367692));
#4694=CARTESIAN_POINT('',(0.054,0.0914606833295475,0.0143335681609124));
#4695=CARTESIAN_POINT('',(0.054,0.0916484678666295,0.0147553391367692));
#4696=CARTESIAN_POINT('',(0.054,0.0920552359171409,0.014536950626253));
#4697=CARTESIAN_POINT('',(0.064002,0.0920552359171409,0.014536950626253));
#4698=CARTESIAN_POINT('',(0.058762777011881,0.0920552359171409,0.014536950626253));
#4699=CARTESIAN_POINT('',(0.059,0.0914606833295475,0.0143335681609124));
#4700=CARTESIAN_POINT('',(0.059,0.0916869223886754,0.0142328400420515));
#4701=CARTESIAN_POINT('',(0.0588858229215138,0.0919533320365412,0.0143471455730792));
#4702=CARTESIAN_POINT('',(0.058762777011881,0.0920552359171409,0.014536950626253));
#4703=CARTESIAN_POINT('',(0.064002,0.0942061556703092,0.0142116858113937));
#4704=CARTESIAN_POINT('',(0.059237222988119,0.0946665833848217,0.0141776254509857));
#4705=CARTESIAN_POINT('',(0.0591138731267552,0.0946506509679927,0.0139622511513782));
#4706=CARTESIAN_POINT('',(0.059,0.0944548112607808,0.0137499999999999));
#4707=CARTESIAN_POINT('',(0.059,0.0942061556703092,0.0137499999999999));
#4708=CARTESIAN_POINT('',(0.059237222988119,0.0946665833848216,0.0141776254509858));
#4709=CARTESIAN_POINT('',(0.059,0.0942061556703092,0.01375));
#4710=CARTESIAN_POINT('',(0.064002,0.0946665833848217,0.0141776254509858));
#4711=CARTESIAN_POINT('',(0.064,0.0946665833848217,0.0141776254509858));
#4712=CARTESIAN_POINT('',(0.064,0.0942061556703092,0.0142116858113937));
#4713=CARTESIAN_POINT('',(0.064,0.0942061556703094,0.01375));
#4714=CARTESIAN_POINT('',(0.064,0.0942061556703092,0.0142116858113937));
#4715=CARTESIAN_POINT('',(0.064,0.0937457279557967,0.0141776254509858));
#4716=CARTESIAN_POINT('',(0.064002,0.0937457279557967,0.0141776254509858));
#4717=CARTESIAN_POINT('',(0.059237222988119,0.0937457279557967,0.0141776254509858));
#4718=CARTESIAN_POINT('',(0.059,0.0942061556703092,0.0137499999999999));
#4719=CARTESIAN_POINT('',(0.059,0.0939585071999645,0.0137499999999999));
#4720=CARTESIAN_POINT('',(0.059114170555736,0.0937616219553754,0.0139627704755));
#4721=CARTESIAN_POINT('',(0.059237222988119,0.0937457279557967,0.0141776254509858));
#4722=CARTESIAN_POINT('',(0.064002,0.0942061556703092,0.0142116858113937));
#4723=CARTESIAN_POINT('',(0.058762777011881,0.0937457279557967,0.0141776254509858));
#4724=CARTESIAN_POINT('',(0.0588861268732449,0.0937616603726257,0.0139622511513782));
#4725=CARTESIAN_POINT('',(0.059,0.0939575000798376,0.0137499999999999));
#4726=CARTESIAN_POINT('',(0.059,0.0942061556703092,0.0137499999999999));
#4727=CARTESIAN_POINT('',(0.058762777011881,0.0937457279557967,0.0141776254509858));
#4728=CARTESIAN_POINT('',(0.064002,0.0937457279557967,0.0141776254509858));
#4729=CARTESIAN_POINT('',(0.054,0.0937457279557967,0.0141776254509858));
#4730=CARTESIAN_POINT('',(0.054,0.0942061556703092,0.0142116858113937));
#4731=CARTESIAN_POINT('',(0.054,0.0942061556703094,0.01375));
#4732=CARTESIAN_POINT('',(0.054,0.0942061556703092,0.0142116858113937));
#4733=CARTESIAN_POINT('',(0.054,0.0946665833848217,0.0141776254509858));
#4734=CARTESIAN_POINT('',(0.064002,0.0946665833848217,0.0141776254509858));
#4735=CARTESIAN_POINT('',(0.058762777011881,0.0946665833848216,0.0141776254509858));
#4736=CARTESIAN_POINT('',(0.059,0.0942061556703092,0.0137499999999999));
#4737=CARTESIAN_POINT('',(0.059,0.0944538041406539,0.0137499999999999));
#4738=CARTESIAN_POINT('',(0.058885829444264,0.094650689385243,0.0139627704755001));
#4739=CARTESIAN_POINT('',(0.058762777011881,0.0946665833848217,0.0141776254509858));
#4740=CARTESIAN_POINT('',(0.064002,0.0967638434739888,0.0147553391367691));
#4741=CARTESIAN_POINT('',(0.059237222988119,0.0971983187178087,0.0149114962722127));
#4742=CARTESIAN_POINT('',(0.0591138735750611,0.0972713640849336,0.0147082625000168));
#4743=CARTESIAN_POINT('',(0.059,0.0971787855601981,0.0144347052178682));
#4744=CARTESIAN_POINT('',(0.059,0.0969516280110708,0.0143335681609123));
#4745=CARTESIAN_POINT('',(0.059237222988119,0.0971983187178087,0.0149114962722127));
#4746=CARTESIAN_POINT('',(0.059,0.0969516280110708,0.0143335681609124));
#4747=CARTESIAN_POINT('',(0.064002,0.0971983187178087,0.0149114962722127));
#4748=CARTESIAN_POINT('',(0.064,0.0971983187178087,0.0149114962722127));
#4749=CARTESIAN_POINT('',(0.064,0.0967638434739888,0.0147553391367691));
#4750=CARTESIAN_POINT('',(0.064,0.0969516280110708,0.0143335681609124));
#4751=CARTESIAN_POINT('',(0.064,0.0967638434739888,0.0147553391367691));
#4752=CARTESIAN_POINT('',(0.064,0.0963570754234775,0.014536950626253));
#4753=CARTESIAN_POINT('',(0.064002,0.0963570754234775,0.014536950626253));
#4754=CARTESIAN_POINT('',(0.059237222988119,0.0963570754234774,0.0145369506262529));
#4755=CARTESIAN_POINT('',(0.059,0.0969516280110708,0.0143335681609123));
#4756=CARTESIAN_POINT('',(0.059,0.0967253889519429,0.0142328400420514));
#4757=CARTESIAN_POINT('',(0.0591141770784862,0.0964589793040771,0.0143471455730791));
#4758=CARTESIAN_POINT('',(0.059237222988119,0.0963570754234774,0.014536950626253));
#4759=CARTESIAN_POINT('',(0.064002,0.0967638434739888,0.0147553391367691));
#4760=CARTESIAN_POINT('',(0.058762777011881,0.0963570754234774,0.014536950626253));
#4761=CARTESIAN_POINT('',(0.0588861185660946,0.0964592241503313,0.0143466895251248));
#4762=CARTESIAN_POINT('',(0.059,0.0967244816135319,0.0142324360689635));
#4763=CARTESIAN_POINT('',(0.059,0.0969516280110708,0.0143335681609123));
#4764=CARTESIAN_POINT('',(0.058762777011881,0.0963570754234774,0.0145369506262529));
#4765=CARTESIAN_POINT('',(0.064002,0.0963570754234775,0.014536950626253));
#4766=CARTESIAN_POINT('',(0.054,0.0963570754234775,0.014536950626253));
#4767=CARTESIAN_POINT('',(0.054,0.0967638434739888,0.0147553391367691));
#4768=CARTESIAN_POINT('',(0.054,0.0969516280110708,0.0143335681609123));
#4769=CARTESIAN_POINT('',(0.054,0.0967638434739888,0.0147553391367691));
#4770=CARTESIAN_POINT('',(0.054,0.0971983187178087,0.0149114962722127));
#4771=CARTESIAN_POINT('',(0.064002,0.0971983187178087,0.0149114962722127));
#4772=CARTESIAN_POINT('',(0.058762777011881,0.0971983187178087,0.0149114962722127));
#4773=CARTESIAN_POINT('',(0.059,0.0969516280110708,0.0143335681609123));
#4774=CARTESIAN_POINT('',(0.059,0.0971778548192204,0.0144342908252863));
#4775=CARTESIAN_POINT('',(0.0588858295240454,0.0972711882654122,0.0147087516818221));
#4776=CARTESIAN_POINT('',(0.058762777011881,0.0971983187178087,0.0149114962722127));
#4777=CARTESIAN_POINT('',(0.064002,0.098879283820548,0.0162922965140027));
#4778=CARTESIAN_POINT('',(0.059237222988119,0.0992126818769352,0.0166116701579365));
#4779=CARTESIAN_POINT('',(0.0591138759834237,0.0993620718456824,0.0164557201408638));
#4780=CARTESIAN_POINT('',(0.059,0.0993887633394965,0.016168152225263));
#4781=CARTESIAN_POINT('',(0.059,0.0992223832422816,0.0159833684070776));
#4782=CARTESIAN_POINT('',(0.059237222988119,0.0992126818769352,0.0166116701579366));
#4783=CARTESIAN_POINT('',(0.059,0.0992223832422816,0.0159833684070776));
#4784=CARTESIAN_POINT('',(0.064002,0.0992126818769352,0.0166116701579366));
#4785=CARTESIAN_POINT('',(0.064,0.0992126818769352,0.0166116701579366));
#4786=CARTESIAN_POINT('',(0.064,0.098879283820548,0.0162922965140027));
#4787=CARTESIAN_POINT('',(0.064,0.0992223832422818,0.0159833684070778));
#4788=CARTESIAN_POINT('',(0.064,0.098879283820548,0.0162922965140027));
#4789=CARTESIAN_POINT('',(0.064,0.0985965093253429,0.015927341210844));
#4790=CARTESIAN_POINT('',(0.064002,0.0985965093253429,0.015927341210844));
#4791=CARTESIAN_POINT('',(0.059237222988119,0.0985965093253429,0.0159273412108439));
#4792=CARTESIAN_POINT('',(0.059,0.0992223832422816,0.0159833684070776));
#4793=CARTESIAN_POINT('',(0.059,0.0990566766790352,0.0157993326241468));
#4794=CARTESIAN_POINT('',(0.0591141719517349,0.0987668109181281,0.0157953882113515));
#4795=CARTESIAN_POINT('',(0.059237222988119,0.0985965093253429,0.0159273412108439));
#4796=CARTESIAN_POINT('',(0.064002,0.098879283820548,0.0162922965140027));
#4797=CARTESIAN_POINT('',(0.058762777011881,0.0985965093253429,0.0159273412108439));
#4798=CARTESIAN_POINT('',(0.0588861249116193,0.0987672217744974,0.0157950698718139));
#4799=CARTESIAN_POINT('',(0.0590000000000001,0.0990560022148617,0.0157985835557949));
#4800=CARTESIAN_POINT('',(0.059,0.0992223832422816,0.0159833684070776));
#4801=CARTESIAN_POINT('',(0.058762777011881,0.0985965093253429,0.0159273412108439));
#4802=CARTESIAN_POINT('',(0.064002,0.0985965093253429,0.015927341210844));
#4803=CARTESIAN_POINT('',(0.054,0.0985965093253429,0.015927341210844));
#4804=CARTESIAN_POINT('',(0.054,0.098879283820548,0.0162922965140027));
#4805=CARTESIAN_POINT('',(0.054,0.0992223832422818,0.0159833684070778));
#4806=CARTESIAN_POINT('',(0.054,0.098879283820548,0.0162922965140027));
#4807=CARTESIAN_POINT('',(0.054,0.0992126818769352,0.0166116701579366));
#4808=CARTESIAN_POINT('',(0.064002,0.0992126818769352,0.0166116701579366));
#4809=CARTESIAN_POINT('',(0.058762777011881,0.0992126818769352,0.0166116701579366));
#4810=CARTESIAN_POINT('',(0.059,0.0992223832422816,0.0159833684070776));
#4811=CARTESIAN_POINT('',(0.059,0.0993880908274538,0.0161674053249719));
#4812=CARTESIAN_POINT('',(0.0588858272967338,0.0993617124776693,0.0164560952895317));
#4813=CARTESIAN_POINT('',(0.058762777011881,0.0992126818769352,0.0166116701579365));
#4814=CARTESIAN_POINT('',(0.064002,0.100186697855894,0.0185568040497514));
#4815=CARTESIAN_POINT('',(0.0590000000000001,0.100625787155301,0.018414135287969));
#4816=CARTESIAN_POINT('',(0.0590000000000001,0.10070234776452,0.018649764614556));
#4817=CARTESIAN_POINT('',(0.0591145852245726,0.100560126838158,0.0189029363437358));
#4818=CARTESIAN_POINT('',(0.0592372229881191,0.100361371172073,0.0189841715977209));
#4819=CARTESIAN_POINT('',(0.059237222988119,0.100361371172073,0.0189841715977208));
#4820=CARTESIAN_POINT('',(0.059,0.100625787155301,0.018414135287969));
#4821=CARTESIAN_POINT('',(0.064002,0.100361371172073,0.0189841715977209));
#4822=CARTESIAN_POINT('',(0.064,0.100361371172073,0.0189841715977209));
#4823=CARTESIAN_POINT('',(0.064,0.100186697855894,0.0185568040497514));
#4824=CARTESIAN_POINT('',(0.064,0.100625787155301,0.018414135287969));
#4825=CARTESIAN_POINT('',(0.064,0.100186697855894,0.0185568040497514));
#4826=CARTESIAN_POINT('',(0.064,0.100076811195142,0.018108386041381));
#4827=CARTESIAN_POINT('',(0.064002,0.100076811195142,0.018108386041381));
#4828=CARTESIAN_POINT('',(0.059237222988119,0.100076811195142,0.0181083860413809));
#4829=CARTESIAN_POINT('',(0.059237222988119,0.100076811195142,0.0181083860413809));
#4830=CARTESIAN_POINT('',(0.0591138733279616,0.100286567371636,0.0180569844353418));
#4831=CARTESIAN_POINT('',(0.0590000000000001,0.100548948448664,0.0181776500655344));
#4832=CARTESIAN_POINT('',(0.0590000000000001,0.100625787155301,0.018414135287969));
#4833=CARTESIAN_POINT('',(0.064002,0.100186697855894,0.0185568040497514));
#4834=CARTESIAN_POINT('',(0.058762777011881,0.100076811195142,0.0181083860413809));
#4835=CARTESIAN_POINT('',(0.0588861266720384,0.100286567371636,0.0180569844353418));
#4836=CARTESIAN_POINT('',(0.059,0.100548948448664,0.0181776500655344));
#4837=CARTESIAN_POINT('',(0.059,0.100625787155301,0.018414135287969));
#4838=CARTESIAN_POINT('',(0.058762777011881,0.100076811195142,0.0181083860413809));
#4839=CARTESIAN_POINT('',(0.064002,0.100076811195142,0.018108386041381));
#4840=CARTESIAN_POINT('',(0.054,0.100076811195142,0.018108386041381));
#4841=CARTESIAN_POINT('',(0.054,0.100186697855894,0.0185568040497514));
#4842=CARTESIAN_POINT('',(0.054,0.100625787155301,0.018414135287969));
#4843=CARTESIAN_POINT('',(0.054,0.100186697855894,0.0185568040497514));
#4844=CARTESIAN_POINT('',(0.054,0.100361371172073,0.0189841715977209));
#4845=CARTESIAN_POINT('',(0.064002,0.100361371172073,0.0189841715977209));
#4846=CARTESIAN_POINT('',(0.058762777011881,0.100361371172073,0.0189841715977208));
#4847=CARTESIAN_POINT('',(0.059,0.100625787155301,0.018414135287969));
#4848=CARTESIAN_POINT('',(0.059,0.10070234776452,0.018649764614556));
#4849=CARTESIAN_POINT('',(0.0588854147754275,0.100560126838158,0.0189029363437358));
#4850=CARTESIAN_POINT('',(0.058762777011881,0.100361371172073,0.0189841715977209));
#4851=CARTESIAN_POINT('',(0.064002,0.100460021815833,0.0211573078186791));
#4852=CARTESIAN_POINT('',(0.0592372229881191,0.100445767788579,0.0216187735391279));
#4853=CARTESIAN_POINT('',(0.0591138731100719,0.100661627665481,0.0216254411472125));
#4854=CARTESIAN_POINT('',(0.0590000000000001,0.100893186874582,0.0214528605819551));
#4855=CARTESIAN_POINT('',(0.0590000000000001,0.100919178464045,0.0212055671270566));
#4856=CARTESIAN_POINT('',(0.059237222988119,0.100445767788579,0.021618773539128));
#4857=CARTESIAN_POINT('',(0.059,0.100919178464045,0.0212055671270566));
#4858=CARTESIAN_POINT('',(0.064002,0.100445767788579,0.021618773539128));
#4859=CARTESIAN_POINT('',(0.064,0.100445767788579,0.021618773539128));
#4860=CARTESIAN_POINT('',(0.064,0.100460021815833,0.0211573078186791));
#4861=CARTESIAN_POINT('',(0.064,0.100919178464045,0.0212055671270566));
#4862=CARTESIAN_POINT('',(0.064,0.100460021815833,0.0211573078186791));
#4863=CARTESIAN_POINT('',(0.064,0.100542023391467,0.0207029626524939));
#4864=CARTESIAN_POINT('',(0.064002,0.100542023391467,0.0207029626524939));
#4865=CARTESIAN_POINT('',(0.059237222988119,0.100542023391467,0.0207029626524939));
#4866=CARTESIAN_POINT('',(0.0590000000000001,0.100919178464045,0.0212055671270566));
#4867=CARTESIAN_POINT('',(0.0590000000000001,0.100945065519149,0.0209592682501533));
#4868=CARTESIAN_POINT('',(0.0591141979906649,0.100753992723793,0.020741219512103));
#4869=CARTESIAN_POINT('',(0.0592372229881189,0.100542023391467,0.0207029626524939));
#4870=CARTESIAN_POINT('',(0.064002,0.100460021815833,0.0211573078186791));
#4871=CARTESIAN_POINT('',(0.0587627770118811,0.100542023391467,0.0207029626524939));
#4872=CARTESIAN_POINT('',(0.0588860921929379,0.100754492703682,0.02074130974997));
#4873=CARTESIAN_POINT('',(0.0589999999999999,0.100945164418018,0.0209583272902664));
#4874=CARTESIAN_POINT('',(0.0589999999999999,0.100919178464045,0.0212055671270566));
#4875=CARTESIAN_POINT('',(0.058762777011881,0.100542023391467,0.0207029626524939));
#4876=CARTESIAN_POINT('',(0.064002,0.100542023391467,0.0207029626524939));
#4877=CARTESIAN_POINT('',(0.054,0.100542023391467,0.0207029626524939));
#4878=CARTESIAN_POINT('',(0.054,0.100460021815833,0.0211573078186791));
#4879=CARTESIAN_POINT('',(0.054,0.100919178464045,0.0212055671270566));
#4880=CARTESIAN_POINT('',(0.054,0.100460021815833,0.0211573078186791));
#4881=CARTESIAN_POINT('',(0.054,0.100445767788579,0.021618773539128));
#4882=CARTESIAN_POINT('',(0.064002,0.100445767788579,0.021618773539128));
#4883=CARTESIAN_POINT('',(0.058762777011881,0.100445767788579,0.021618773539128));
#4884=CARTESIAN_POINT('',(0.0589999999999999,0.100919178464045,0.0212055671270566));
#4885=CARTESIAN_POINT('',(0.0589999999999999,0.100893297599383,0.0214518071058376));
#4886=CARTESIAN_POINT('',(0.0588858312704453,0.100661110337161,0.021625425167668));
#4887=CARTESIAN_POINT('',(0.058762777011881,0.100445767788579,0.0216187735391279));
#4888=CARTESIAN_POINT('',(0.064002,0.0996519955046204,0.0236441570943031));
#4889=CARTESIAN_POINT('',(0.0592372229881191,0.0994512787847395,0.0240599293718812));
#4890=CARTESIAN_POINT('',(0.0591138739324802,0.0996457633375492,0.0241538180306799));
#4891=CARTESIAN_POINT('',(0.0590000000000001,0.0999274999763041,0.024090340974422));
#4892=CARTESIAN_POINT('',(0.059,0.100051827145854,0.023875));
#4893=CARTESIAN_POINT('',(0.059237222988119,0.0994512787847394,0.0240599293718813));
#4894=CARTESIAN_POINT('',(0.059,0.100051827145854,0.023875));
#4895=CARTESIAN_POINT('',(0.064002,0.0994512787847394,0.0240599293718813));
#4896=CARTESIAN_POINT('',(0.064,0.0994512787847394,0.0240599293718813));
#4897=CARTESIAN_POINT('',(0.064,0.0996519955046204,0.0236441570943031));
#4898=CARTESIAN_POINT('',(0.064,0.100051827145854,0.023875));
#4899=CARTESIAN_POINT('',(0.064,0.0996519955046204,0.0236441570943031));
#4900=CARTESIAN_POINT('',(0.064,0.0999117064992519,0.0232624451771328));
#4901=CARTESIAN_POINT('',(0.064002,0.0999117064992519,0.0232624451771328));
#4902=CARTESIAN_POINT('',(0.059237222988119,0.0999117064992519,0.0232624451771328));
#4903=CARTESIAN_POINT('',(0.059,0.100051827145854,0.023875));
#4904=CARTESIAN_POINT('',(0.059,0.100175651362806,0.0236605301650327));
#4905=CARTESIAN_POINT('',(0.0591141750773718,0.100089822821131,0.023383632819002));
#4906=CARTESIAN_POINT('',(0.059237222988119,0.0999117064992519,0.0232624451771328));
#4907=CARTESIAN_POINT('',(0.064002,0.0996519955046204,0.0236441570943031));
#4908=CARTESIAN_POINT('',(0.058762777011881,0.0999117064992519,0.0232624451771328));
#4909=CARTESIAN_POINT('',(0.0588861210800486,0.100090251519758,0.0233839244990409));
#4910=CARTESIAN_POINT('',(0.059,0.100176150442068,0.0236596657343925));
#4911=CARTESIAN_POINT('',(0.059,0.100051827145854,0.023875));
#4912=CARTESIAN_POINT('',(0.058762777011881,0.0999117064992519,0.0232624451771328));
#4913=CARTESIAN_POINT('',(0.064002,0.0999117064992519,0.0232624451771328));
#4914=CARTESIAN_POINT('',(0.054,0.0999117064992519,0.0232624451771328));
#4915=CARTESIAN_POINT('',(0.054,0.0996519955046204,0.0236441570943031));
#4916=CARTESIAN_POINT('',(0.054,0.100051827145854,0.023875));
#4917=CARTESIAN_POINT('',(0.054,0.0996519955046204,0.0236441570943031));
#4918=CARTESIAN_POINT('',(0.054,0.0994512787847394,0.0240599293718813));
#4919=CARTESIAN_POINT('',(0.064002,0.0994512787847394,0.0240599293718813));
#4920=CARTESIAN_POINT('',(0.058762777011881,0.0994512787847394,0.0240599293718813));
#4921=CARTESIAN_POINT('',(0.059,0.100051827145854,0.023875));
#4922=CARTESIAN_POINT('',(0.059,0.0999280071841309,0.0240894624646959));
#4923=CARTESIAN_POINT('',(0.0588858291114896,0.0996452951267433,0.0241535919989259));
#4924=CARTESIAN_POINT('',(0.058762777011881,0.0994512787847394,0.0240599293718812));
#4925=CARTESIAN_POINT('',(0.064002,0.0979023340121535,0.0255873530445515));
#4926=CARTESIAN_POINT('',(0.0592372229881191,0.0975498603439672,0.0258855410752932));
#4927=CARTESIAN_POINT('',(0.0591138772055734,0.0976893391646675,0.0260504122521953));
#4928=CARTESIAN_POINT('',(0.0590000000000001,0.097972544650052,0.0261070170773296));
#4929=CARTESIAN_POINT('',(0.0590000000000001,0.0981737061232834,0.0259608647120309));
#4930=CARTESIAN_POINT('',(0.059237222988119,0.0975498603439672,0.0258855410752932));
#4931=CARTESIAN_POINT('',(0.059,0.0981737061232834,0.0259608647120308));
#4932=CARTESIAN_POINT('',(0.064002,0.0975498603439672,0.0258855410752932));
#4933=CARTESIAN_POINT('',(0.064,0.0975498603439672,0.0258855410752932));
#4934=CARTESIAN_POINT('',(0.064,0.0979023340121535,0.0255873530445515));
#4935=CARTESIAN_POINT('',(0.064,0.0981737061232834,0.0259608647120308));
#4936=CARTESIAN_POINT('',(0.064,0.0979023340121535,0.0255873530445515));
#4937=CARTESIAN_POINT('',(0.064,0.0982948480354108,0.0253442758346189));
#4938=CARTESIAN_POINT('',(0.064002,0.0982948480354108,0.0253442758346189));
#4939=CARTESIAN_POINT('',(0.059237222988119,0.0982948480354108,0.0253442758346189));
#4940=CARTESIAN_POINT('',(0.0590000000000001,0.0981737061232834,0.0259608647120309));
#4941=CARTESIAN_POINT('',(0.0590000000000001,0.0983740531958286,0.0258153040434654));
#4942=CARTESIAN_POINT('',(0.0591141713652123,0.0984082773594378,0.0255274382147595));
#4943=CARTESIAN_POINT('',(0.059237222988119,0.0982948480354109,0.0253442758346189));
#4944=CARTESIAN_POINT('',(0.064002,0.0979023340121535,0.0255873530445515));
#4945=CARTESIAN_POINT('',(0.058762777011881,0.0982948480354108,0.0253442758346189));
#4946=CARTESIAN_POINT('',(0.0588861255755949,0.0984085510802896,0.0255278802112461));
#4947=CARTESIAN_POINT('',(0.059,0.0983748710912332,0.0258147098076705));
#4948=CARTESIAN_POINT('',(0.059,0.0981737061232834,0.0259608647120309));
#4949=CARTESIAN_POINT('',(0.058762777011881,0.0982948480354108,0.0253442758346189));
#4950=CARTESIAN_POINT('',(0.064002,0.0982948480354108,0.0253442758346189));
#4951=CARTESIAN_POINT('',(0.054,0.0982948480354108,0.0253442758346189));
#4952=CARTESIAN_POINT('',(0.054,0.0979023340121535,0.0255873530445515));
#4953=CARTESIAN_POINT('',(0.054,0.0981737061232834,0.0259608647120308));
#4954=CARTESIAN_POINT('',(0.054,0.0979023340121535,0.0255873530445515));
#4955=CARTESIAN_POINT('',(0.054,0.0975498603439672,0.0258855410752932));
#4956=CARTESIAN_POINT('',(0.064002,0.0975498603439672,0.0258855410752932));
#4957=CARTESIAN_POINT('',(0.058762777011881,0.0975498603439672,0.0258855410752932));
#4958=CARTESIAN_POINT('',(0.059,0.0981737061232834,0.0259608647120309));
#4959=CARTESIAN_POINT('',(0.059,0.0979733552114391,0.0261064281700103));
#4960=CARTESIAN_POINT('',(0.058885826299364,0.0976890038894693,0.0260500159395779));
#4961=CARTESIAN_POINT('',(0.058762777011881,0.0975498603439672,0.0258855410752932));
#4962=CARTESIAN_POINT('',(0.064002,0.0968627560545588,0.0264668221565926));
#4963=CARTESIAN_POINT('',(0.059237222988119,0.0959710175170397,0.026588487191435));
#4964=CARTESIAN_POINT('',(0.0593406758739575,0.0959465321753765,0.0264090229534672));
#4965=CARTESIAN_POINT('',(0.0595401953259324,0.0959999959779885,0.0260363739788593));
#4966=CARTESIAN_POINT('',(0.059698153345165,0.0964624159843577,0.0255752674943507));
#4967=CARTESIAN_POINT('',(0.0595417771239871,0.0971178890245883,0.0255359769617403));
#4968=CARTESIAN_POINT('',(0.0593408272722259,0.0974327051152397,0.0257470575381973));
#4969=CARTESIAN_POINT('',(0.0592372229881191,0.0975498603439672,0.0258855410752932));
#4970=CARTESIAN_POINT('',(0.064,0.0968627560545588,0.0264668221565926));
#4971=CARTESIAN_POINT('',(0.064002,0.0968627560545588,0.0264668221565926));
#4972=CARTESIAN_POINT('',(0.058762777011881,0.0975498603439672,0.0258855410752932));
#4973=CARTESIAN_POINT('',(0.0586593259180587,0.0974328783420804,0.0257472623012786));
#4974=CARTESIAN_POINT('',(0.0584598052038902,0.0971201716315782,0.0255376404376237));
#4975=CARTESIAN_POINT('',(0.0583018465142568,0.0964680830863504,0.0255727441000426));
#4976=CARTESIAN_POINT('',(0.058458222923898,0.0960002865777026,0.0260335658144576));
#4977=CARTESIAN_POINT('',(0.0586591710147481,0.0959464959368286,0.0264087573446197));
#4978=CARTESIAN_POINT('',(0.058762777011881,0.0959710175170396,0.026588487191435));
#4979=CARTESIAN_POINT('',(0.054,0.0968627560545588,0.0264668221565926));
#4980=CARTESIAN_POINT('',(0.064002,0.0942061556703092,0.0270315));
#4981=CARTESIAN_POINT('',(0.059237222988119,0.0950702849885162,0.0267799438006823));
#4982=CARTESIAN_POINT('',(0.0593406756519712,0.0950196588881005,0.0266060363487715));
#4983=CARTESIAN_POINT('',(0.0595401949341361,0.0948192476640752,0.0262873504874565));
#4984=CARTESIAN_POINT('',(0.0596981532550913,0.0942092581785863,0.0260541914300899));
#4985=CARTESIAN_POINT('',(0.0595417778609767,0.093594473153922,0.0262849014754414));
#4986=CARTESIAN_POINT('',(0.0593408288129271,0.0933927274041107,0.0266057788799873));
#4987=CARTESIAN_POINT('',(0.059237222988119,0.0933420263521022,0.0267799438006823));
#4988=CARTESIAN_POINT('',(0.064,0.0942061556703092,0.0270315));
#4989=CARTESIAN_POINT('',(0.064002,0.0942061556703092,0.0270315));
#4990=CARTESIAN_POINT('',(0.058762777011881,0.0933420263521022,0.0267799438006823));
#4991=CARTESIAN_POINT('',(0.0586593243480289,0.0933926524525179,0.0266060363487715));
#4992=CARTESIAN_POINT('',(0.058459805065864,0.0935930636765432,0.0262873504874564));
#4993=CARTESIAN_POINT('',(0.0583018467449087,0.0942030531620321,0.0260541914300899));
#4994=CARTESIAN_POINT('',(0.0584582221390234,0.0948178381866964,0.0262849014754413));
#4995=CARTESIAN_POINT('',(0.0586591711870729,0.0950195839365077,0.0266057788799873));
#4996=CARTESIAN_POINT('',(0.058762777011881,0.0950702849885162,0.0267799438006823));
#4997=CARTESIAN_POINT('',(0.054,0.0942061556703092,0.0270315));
#4998=CARTESIAN_POINT('',(0.064002,0.0915495552860596,0.0264668221565926));
#4999=CARTESIAN_POINT('',(0.0592372229881191,0.0924412938235788,0.026588487191435));
#5000=CARTESIAN_POINT('',(0.0593406758739575,0.0924657791652419,0.0264090229534672));
#5001=CARTESIAN_POINT('',(0.0595401953259324,0.09241231536263,0.0260363739788594));
#5002=CARTESIAN_POINT('',(0.059698153345165,0.0919498953562606,0.0255752674943507));
#5003=CARTESIAN_POINT('',(0.0595417771239871,0.0912944223160301,0.0255359769617403));
#5004=CARTESIAN_POINT('',(0.0593408272722259,0.0909796062253787,0.0257470575381973));
#5005=CARTESIAN_POINT('',(0.059237222988119,0.0908624509966512,0.0258855410752933));
#5006=CARTESIAN_POINT('',(0.064,0.0915495552860596,0.0264668221565926));
#5007=CARTESIAN_POINT('',(0.064002,0.0915495552860596,0.0264668221565926));
#5008=CARTESIAN_POINT('',(0.058762777011881,0.0908624509966512,0.0258855410752932));
#5009=CARTESIAN_POINT('',(0.0586593259180587,0.090979432998538,0.0257472623012786));
#5010=CARTESIAN_POINT('',(0.0584598052038901,0.0912921397090402,0.0255376404376237));
#5011=CARTESIAN_POINT('',(0.0583018465142569,0.091944228254268,0.0255727441000426));
#5012=CARTESIAN_POINT('',(0.058458222923898,0.0924120247629159,0.0260335658144576));
#5013=CARTESIAN_POINT('',(0.0586591710147481,0.0924658154037898,0.0264087573446197));
#5014=CARTESIAN_POINT('',(0.058762777011881,0.0924412938235788,0.026588487191435));
#5015=CARTESIAN_POINT('',(0.054,0.0915495552860596,0.0264668221565926));
#5016=CARTESIAN_POINT('',(0.064002,0.0893523052427036,0.0248704265554329));
#5017=CARTESIAN_POINT('',(0.059237222988119,0.0901174633052076,0.025344275834619));
#5018=CARTESIAN_POINT('',(0.0593406752531946,0.090212825887345,0.0251902871048926));
#5019=CARTESIAN_POINT('',(0.0595401949561727,0.090315554914354,0.0248281096116031));
#5020=CARTESIAN_POINT('',(0.0596981533325266,0.0900806629686935,0.0242187848560205));
#5021=CARTESIAN_POINT('',(0.0595417775314369,0.0894978397696134,0.0239162857800565));
#5022=CARTESIAN_POINT('',(0.0593408286237655,0.0891243876428954,0.0239810686613192));
#5023=CARTESIAN_POINT('',(0.0592372229881191,0.088961032555879,0.0240599293718812));
#5024=CARTESIAN_POINT('',(0.064,0.0893523052427036,0.0248704265554329));
#5025=CARTESIAN_POINT('',(0.064002,0.0893523052427036,0.0248704265554329));
#5026=CARTESIAN_POINT('',(0.058762777011881,0.088961032555879,0.0240599293718812));
#5027=CARTESIAN_POINT('',(0.0586593245280525,0.0891241461683038,0.0239811852347191));
#5028=CARTESIAN_POINT('',(0.0584598049791259,0.0894950775727525,0.0239168770757785));
#5029=CARTESIAN_POINT('',(0.0583018466846369,0.0900765114143233,0.0242141741274417));
#5030=CARTESIAN_POINT('',(0.058458222462731,0.0903164316976007,0.0248254241890865));
#5031=CARTESIAN_POINT('',(0.0586591715853155,0.0902129670720272,0.0251900591239656));
#5032=CARTESIAN_POINT('',(0.058762777011881,0.0901174633052076,0.0253442758346189));
#5033=CARTESIAN_POINT('',(0.054,0.0893523052427036,0.0248704265554329));
#5034=CARTESIAN_POINT('',(0.064002,0.0879943300341274,0.02251834449876));
#5035=CARTESIAN_POINT('',(0.059237222988119,0.0885006048413665,0.0232624451771329));
#5036=CARTESIAN_POINT('',(0.0593406733729048,0.0886503530323197,0.0231605587809599));
#5037=CARTESIAN_POINT('',(0.0595401947383396,0.0888915144492346,0.0228714763426146));
#5038=CARTESIAN_POINT('',(0.0596981535913045,0.0889247649506627,0.0222192901738406));
#5039=CARTESIAN_POINT('',(0.0595417767116737,0.0885153648308058,0.021705886921852));
#5040=CARTESIAN_POINT('',(0.0593408290457575,0.0881478521289283,0.0216131731721194));
#5041=CARTESIAN_POINT('',(0.059237222988119,0.0879665435520393,0.021618773539128));
#5042=CARTESIAN_POINT('',(0.064,0.0879943300341274,0.02251834449876));
#5043=CARTESIAN_POINT('',(0.064002,0.0879943300341274,0.02251834449876));
#5044=CARTESIAN_POINT('',(0.058762777011881,0.0879665435520393,0.021618773539128));
#5045=CARTESIAN_POINT('',(0.0586593240433462,0.0881475842259874,0.0216131814472646));
#5046=CARTESIAN_POINT('',(0.058459804498002,0.0885126034801033,0.0217053049148657));
#5047=CARTESIAN_POINT('',(0.0583018466113551,0.0889228478782895,0.0222133910458264));
#5048=CARTESIAN_POINT('',(0.0584582232191577,0.0888934071078351,0.0228693806267147));
#5049=CARTESIAN_POINT('',(0.0586591734243871,0.0886505747988065,0.0231604078944084));
#5050=CARTESIAN_POINT('',(0.058762777011881,0.0885006048413665,0.0232624451771329));
#5051=CARTESIAN_POINT('',(0.054,0.0879943300341274,0.02251834449876));
#5052=CARTESIAN_POINT('',(0.064002,0.0877104359107113,0.0198172723421673));
#5053=CARTESIAN_POINT('',(0.059237222988119,0.0878702879491515,0.020702962652494));
#5054=CARTESIAN_POINT('',(0.0593406761182691,0.0880485353897432,0.0206707920208487));
#5055=CARTESIAN_POINT('',(0.0595401961557785,0.0883864253574874,0.0205047893702415));
#5056=CARTESIAN_POINT('',(0.0596981535757165,0.0886820673360246,0.0199225094116493));
#5057=CARTESIAN_POINT('',(0.0595417754046501,0.0885168798697292,0.0192869749242885));
#5058=CARTESIAN_POINT('',(0.0593408239526995,0.088218843415691,0.0190527968761622));
#5059=CARTESIAN_POINT('',(0.059237222988119,0.0880509401685451,0.0189841715977209));
#5060=CARTESIAN_POINT('',(0.064,0.0877104359107113,0.0198172723421673));
#5061=CARTESIAN_POINT('',(0.064002,0.0877104359107113,0.0198172723421673));
#5062=CARTESIAN_POINT('',(0.058762777011881,0.0880509401685451,0.0189841715977209));
#5063=CARTESIAN_POINT('',(0.0586593292904371,0.0882185950587347,0.0190526953679093));
#5064=CARTESIAN_POINT('',(0.0584598054407731,0.0885145945240393,0.0192853203456954));
#5065=CARTESIAN_POINT('',(0.0583018460002767,0.0886827160654905,0.01991634343563));
#5066=CARTESIAN_POINT('',(0.0584582247412124,0.08838900177396,0.0205036488423985));
#5067=CARTESIAN_POINT('',(0.0586591708740275,0.0880487990186107,0.0206707444403215));
#5068=CARTESIAN_POINT('',(0.058762777011881,0.0878702879491516,0.020702962652494));
#5069=CARTESIAN_POINT('',(0.054,0.0877104359107113,0.0198172723421673));
#5070=CARTESIAN_POINT('',(0.064002,0.0885497107454911,0.01723425));
#5071=CARTESIAN_POINT('',(0.059237222988119,0.0883355001454762,0.018108386041381));
#5072=CARTESIAN_POINT('',(0.0593406757716774,0.0885114216705068,0.0181514963281652));
#5073=CARTESIAN_POINT('',(0.0595401951972868,0.0888876176386269,0.0181372779305916));
#5074=CARTESIAN_POINT('',(0.0596981533207632,0.0893945341594039,0.0177255902372419));
#5075=CARTESIAN_POINT('',(0.0595417773453816,0.0895021253103128,0.0170778151559583));
#5076=CARTESIAN_POINT('',(0.0593408277707769,0.0893251089212634,0.0167426596997113));
#5077=CARTESIAN_POINT('',(0.059237222988119,0.0891996294636831,0.0166116701579366));
#5078=CARTESIAN_POINT('',(0.064,0.0885497107454911,0.01723425));
#5079=CARTESIAN_POINT('',(0.064002,0.0885497107454911,0.01723425));
#5080=CARTESIAN_POINT('',(0.058762777011881,0.0891996294636832,0.0166116701579367));
#5081=CARTESIAN_POINT('',(0.0586593254091986,0.089324923399517,0.0167424660312891));
#5082=CARTESIAN_POINT('',(0.0584598051519206,0.0895007094284385,0.0170753708467564));
#5083=CARTESIAN_POINT('',(0.0583018465865925,0.0893976362666307,0.0177202175164127));
#5084=CARTESIAN_POINT('',(0.0584582226861352,0.0888904415714931,0.0181372822476374));
#5085=CARTESIAN_POINT('',(0.0586591711004832,0.0885116820644962,0.0181515601387737));
#5086=CARTESIAN_POINT('',(0.058762777011881,0.0883355001454762,0.018108386041381));
#5087=CARTESIAN_POINT('',(0.054,0.0885497107454911,0.01723425));
#5088=CARTESIAN_POINT('',(0.064002,0.0903670362949609,0.01521590550124));
#5089=CARTESIAN_POINT('',(0.059237222988119,0.0898158020152755,0.015927341210844));
#5090=CARTESIAN_POINT('',(0.0593406749678532,0.0899589786795542,0.0160382772860733));
#5091=CARTESIAN_POINT('',(0.0595401948999748,0.0903084341893377,0.016178301791157));
#5092=CARTESIAN_POINT('',(0.0596981533641994,0.0909389740243255,0.0160083884400262));
#5093=CARTESIAN_POINT('',(0.0595417774596311,0.0913007376705891,0.0154603775077754));
#5094=CARTESIAN_POINT('',(0.0593408287817174,0.0912753461634715,0.0150821999321034));
#5095=CARTESIAN_POINT('',(0.059237222988119,0.0912139926228097,0.0149114962722127));
#5096=CARTESIAN_POINT('',(0.064,0.0903670362949609,0.01521590550124));
#5097=CARTESIAN_POINT('',(0.064002,0.0903670362949609,0.01521590550124));
#5098=CARTESIAN_POINT('',(0.058762777011881,0.0912139926228097,0.0149114962722127));
#5099=CARTESIAN_POINT('',(0.0586593243591878,0.0912752554761033,0.0150819476130768));
#5100=CARTESIAN_POINT('',(0.0584598049009935,0.0913004382833825,0.0154575689649932));
#5101=CARTESIAN_POINT('',(0.0583018466885997,0.0909439933128908,0.0160047416125119));
#5102=CARTESIAN_POINT('',(0.0584582225224211,0.090311013260239,0.0161794544611048));
#5103=CARTESIAN_POINT('',(0.0586591718615012,0.0899591906664313,0.016038441537645));
#5104=CARTESIAN_POINT('',(0.058762777011881,0.0898158020152755,0.015927341210844));
#5105=CARTESIAN_POINT('',(0.054,0.0903670362949609,0.01521590550124));
#5106=CARTESIAN_POINT('',(0.064002,0.092848180461733,0.0141112289458071));
#5107=CARTESIAN_POINT('',(0.059237222988119,0.0920552359171409,0.014536950626253));
#5108=CARTESIAN_POINT('',(0.0593406723368824,0.092140910362687,0.0146965269112464));
#5109=CARTESIAN_POINT('',(0.0595401946654771,0.0924032011046382,0.0149665862575352));
#5110=CARTESIAN_POINT('',(0.0596981537492361,0.0930483396607171,0.0150678267537643));
#5111=CARTESIAN_POINT('',(0.0595417761533386,0.0936017251170744,0.0147143333533039));
#5112=CARTESIAN_POINT('',(0.0593408290885828,0.0937323457309578,0.0143585262730519));
#5113=CARTESIAN_POINT('',(0.059237222988119,0.0937457279557967,0.0141776254509858));
#5114=CARTESIAN_POINT('',(0.064,0.092848180461733,0.0141112289458071));
#5115=CARTESIAN_POINT('',(0.064002,0.092848180461733,0.0141112289458071));
#5116=CARTESIAN_POINT('',(0.058762777011881,0.0937457279557967,0.0141776254509858));
#5117=CARTESIAN_POINT('',(0.05865932396873,0.0937323655005212,0.0143582590282316));
#5118=CARTESIAN_POINT('',(0.0584598042431414,0.0936025916143737,0.0147116494588415));
#5119=CARTESIAN_POINT('',(0.058301846540477,0.0930544057808613,0.0150665369021346));
#5120=CARTESIAN_POINT('',(0.0584582237474802,0.0924050867437792,0.0149686870477091));
#5121=CARTESIAN_POINT('',(0.0586591744439918,0.092141037255353,0.0146967632601379));
#5122=CARTESIAN_POINT('',(0.058762777011881,0.0920552359171409,0.014536950626253));
#5123=CARTESIAN_POINT('',(0.054,0.092848180461733,0.0141112289458071));
#5124=CARTESIAN_POINT('',(0.064002,0.0955641308788854,0.0141112289458071));
#5125=CARTESIAN_POINT('',(0.059237222988119,0.0946665833848217,0.0141776254509857));
#5126=CARTESIAN_POINT('',(0.0593406760312701,0.0946799458400972,0.0143582590282316));
#5127=CARTESIAN_POINT('',(0.0595401957568587,0.0948097197262447,0.0147116494588415));
#5128=CARTESIAN_POINT('',(0.059698153459523,0.095357905559757,0.0150665369021346));
#5129=CARTESIAN_POINT('',(0.0595417762525198,0.0960072245968392,0.0149686870477091));
#5130=CARTESIAN_POINT('',(0.0593408255560083,0.0962712740852654,0.0146967632601378));
#5131=CARTESIAN_POINT('',(0.059237222988119,0.0963570754234775,0.014536950626253));
#5132=CARTESIAN_POINT('',(0.064,0.0955641308788854,0.0141112289458071));
#5133=CARTESIAN_POINT('',(0.064002,0.0955641308788854,0.0141112289458071));
#5134=CARTESIAN_POINT('',(0.058762777011881,0.0963570754234775,0.014536950626253));
#5135=CARTESIAN_POINT('',(0.0586593276631177,0.0962714009779314,0.0146965269112464));
#5136=CARTESIAN_POINT('',(0.0584598053345229,0.0960091102359802,0.0149665862575352));
#5137=CARTESIAN_POINT('',(0.0583018462507639,0.0953639716799012,0.0150678267537643));
#5138=CARTESIAN_POINT('',(0.0584582238466615,0.094810586223544,0.0147143333533038));
#5139=CARTESIAN_POINT('',(0.0586591709114173,0.0946799656096605,0.0143585262730519));
#5140=CARTESIAN_POINT('',(0.058762777011881,0.0946665833848217,0.0141776254509858));
#5141=CARTESIAN_POINT('',(0.054,0.0955641308788854,0.0141112289458071));
#5142=CARTESIAN_POINT('',(0.064002,0.0980452750456575,0.01521590550124));
#5143=CARTESIAN_POINT('',(0.059237222988119,0.0971983187178087,0.0149114962722127));
#5144=CARTESIAN_POINT('',(0.0593406756408123,0.0971370558645151,0.0150819476130768));
#5145=CARTESIAN_POINT('',(0.0595401950990066,0.0971118730572359,0.0154575689649932));
#5146=CARTESIAN_POINT('',(0.0596981533114003,0.0974683180277275,0.016004741612512));
#5147=CARTESIAN_POINT('',(0.0595417774775789,0.0981012980803794,0.0161794544611048));
#5148=CARTESIAN_POINT('',(0.0593408281384988,0.0984531206741871,0.016038441537645));
#5149=CARTESIAN_POINT('',(0.059237222988119,0.0985965093253429,0.015927341210844));
#5150=CARTESIAN_POINT('',(0.064,0.0980452750456575,0.01521590550124));
#5151=CARTESIAN_POINT('',(0.064002,0.0980452750456575,0.01521590550124));
#5152=CARTESIAN_POINT('',(0.058762777011881,0.0985965093253429,0.015927341210844));
#5153=CARTESIAN_POINT('',(0.0586593250321468,0.0984533326610642,0.0160382772860733));
#5154=CARTESIAN_POINT('',(0.0584598051000253,0.0981038771512808,0.016178301791157));
#5155=CARTESIAN_POINT('',(0.0583018466358006,0.0974733373162929,0.0160083884400262));
#5156=CARTESIAN_POINT('',(0.0584582225403689,0.0971115736700293,0.0154603775077755));
#5157=CARTESIAN_POINT('',(0.0586591712182826,0.0971369651771469,0.0150821999321034));
#5158=CARTESIAN_POINT('',(0.058762777011881,0.0971983187178087,0.0149114962722127));
#5159=CARTESIAN_POINT('',(0.054,0.0980452750456575,0.01521590550124));
#5160=CARTESIAN_POINT('',(0.064002,0.0998626005951273,0.01723425));
#5161=CARTESIAN_POINT('',(0.059237222988119,0.0992126818769353,0.0166116701579366));
#5162=CARTESIAN_POINT('',(0.0593406745908014,0.0990873879411015,0.0167424660312891));
#5163=CARTESIAN_POINT('',(0.0595401948480794,0.0989116019121799,0.0170753708467564));
#5164=CARTESIAN_POINT('',(0.0596981534134075,0.0990146750739877,0.0177202175164127));
#5165=CARTESIAN_POINT('',(0.0595417773138648,0.0995218697691254,0.0181372822476374));
#5166=CARTESIAN_POINT('',(0.0593408288995168,0.0999006292761222,0.0181515601387737));
#5167=CARTESIAN_POINT('',(0.059237222988119,0.100076811195142,0.018108386041381));
#5168=CARTESIAN_POINT('',(0.064,0.0998626005951273,0.01723425));
#5169=CARTESIAN_POINT('',(0.064002,0.0998626005951273,0.01723425));
#5170=CARTESIAN_POINT('',(0.058762777011881,0.100076811195142,0.018108386041381));
#5171=CARTESIAN_POINT('',(0.0586593242283226,0.0999008896701116,0.0181514963281652));
#5172=CARTESIAN_POINT('',(0.0584598048027133,0.0995246937019916,0.0181372779305917));
#5173=CARTESIAN_POINT('',(0.0583018466792368,0.0990177771812145,0.0177255902372419));
#5174=CARTESIAN_POINT('',(0.0584582226546184,0.0989101860303056,0.0170778151559583));
#5175=CARTESIAN_POINT('',(0.0586591722292232,0.0990872024193549,0.0167426596997113));
#5176=CARTESIAN_POINT('',(0.058762777011881,0.0992126818769352,0.0166116701579366));
#5177=CARTESIAN_POINT('',(0.054,0.0998626005951273,0.01723425));
#5178=CARTESIAN_POINT('',(0.064002,0.100701875429907,0.0198172723421672));
#5179=CARTESIAN_POINT('',(0.0592372229881191,0.100361371172073,0.0189841715977209));
#5180=CARTESIAN_POINT('',(0.059340670709563,0.100193716281884,0.0190526953679092));
#5181=CARTESIAN_POINT('',(0.059540194559227,0.0998977168165789,0.0192853203456954));
#5182=CARTESIAN_POINT('',(0.0596981539997234,0.0997295952751279,0.0199163434356301));
#5183=CARTESIAN_POINT('',(0.0595417752587876,0.100023309566658,0.0205036488423986));
#5184=CARTESIAN_POINT('',(0.0593408291259725,0.100363512322008,0.0206707444403215));
#5185=CARTESIAN_POINT('',(0.0592372229881189,0.100542023391467,0.0207029626524939));
#5186=CARTESIAN_POINT('',(0.064,0.100701875429907,0.0198172723421672));
#5187=CARTESIAN_POINT('',(0.064002,0.100701875429907,0.0198172723421672));
#5188=CARTESIAN_POINT('',(0.0587627770118811,0.100542023391467,0.0207029626524939));
#5189=CARTESIAN_POINT('',(0.058659323881731,0.100363775950875,0.0206707920208487));
#5190=CARTESIAN_POINT('',(0.0584598038442215,0.100025885983131,0.0205047893702416));
#5191=CARTESIAN_POINT('',(0.0583018464242834,0.0997302440045937,0.0199225094116494));
#5192=CARTESIAN_POINT('',(0.0584582245953499,0.0998954314708891,0.0192869749242885));
#5193=CARTESIAN_POINT('',(0.0586591760473005,0.100193467924927,0.0190527968761622));
#5194=CARTESIAN_POINT('',(0.058762777011881,0.100361371172073,0.0189841715977209));
#5195=CARTESIAN_POINT('',(0.054,0.100701875429907,0.0198172723421672));
#5196=CARTESIAN_POINT('',(0.064002,0.100417981306491,0.0225183444987599));
#5197=CARTESIAN_POINT('',(0.0592372229881191,0.100445767788579,0.0216187735391279));
#5198=CARTESIAN_POINT('',(0.0593406759566538,0.100264727114631,0.0216131814472646));
#5199=CARTESIAN_POINT('',(0.059540195501998,0.099899707860515,0.0217053049148657));
#5200=CARTESIAN_POINT('',(0.059698153388645,0.0994894634623289,0.0222133910458264));
#5201=CARTESIAN_POINT('',(0.0595417767808423,0.0995189042327833,0.0228693806267147));
#5202=CARTESIAN_POINT('',(0.0593408265756129,0.0997617365418119,0.0231604078944084));
#5203=CARTESIAN_POINT('',(0.059237222988119,0.0999117064992519,0.0232624451771328));
#5204=CARTESIAN_POINT('',(0.064,0.100417981306491,0.0225183444987599));
#5205=CARTESIAN_POINT('',(0.064002,0.100417981306491,0.0225183444987599));
#5206=CARTESIAN_POINT('',(0.058762777011881,0.0999117064992519,0.0232624451771328));
#5207=CARTESIAN_POINT('',(0.0586593266270953,0.0997619583082986,0.0231605587809599));
#5208=CARTESIAN_POINT('',(0.0584598052616604,0.0995207968913839,0.0228714763426145));
#5209=CARTESIAN_POINT('',(0.0583018464086955,0.0994875463899557,0.0222192901738406));
#5210=CARTESIAN_POINT('',(0.0584582232883264,0.0998969465098125,0.021705886921852));
#5211=CARTESIAN_POINT('',(0.0586591709542425,0.10026445921169,0.0216131731721194));
#5212=CARTESIAN_POINT('',(0.058762777011881,0.100445767788579,0.0216187735391279));
#5213=CARTESIAN_POINT('',(0.054,0.100417981306491,0.0225183444987599));
#5214=CARTESIAN_POINT('',(0.064002,0.0990600060979148,0.0248704265554329));
#5215=CARTESIAN_POINT('',(0.0592372229881191,0.0994512787847394,0.0240599293718812));
#5216=CARTESIAN_POINT('',(0.0593406754719475,0.0992881651723146,0.0239811852347191));
#5217=CARTESIAN_POINT('',(0.0595401950208741,0.0989172337678658,0.0239168770757785));
#5218=CARTESIAN_POINT('',(0.0596981533153632,0.0983357999262951,0.0242141741274417));
#5219=CARTESIAN_POINT('',(0.059541777537269,0.0980958796430177,0.0248254241890865));
#5220=CARTESIAN_POINT('',(0.0593408284146846,0.0981993442685912,0.0251900591239656));
#5221=CARTESIAN_POINT('',(0.0592372229881191,0.0982948480354108,0.0253442758346189));
#5222=CARTESIAN_POINT('',(0.064,0.0990600060979148,0.0248704265554329));
#5223=CARTESIAN_POINT('',(0.064002,0.0990600060979148,0.0248704265554329));
#5224=CARTESIAN_POINT('',(0.058762777011881,0.0982948480354108,0.0253442758346189));
#5225=CARTESIAN_POINT('',(0.0586593247468054,0.0981994854532734,0.0251902871048925));
#5226=CARTESIAN_POINT('',(0.0584598050438273,0.0980967564262644,0.024828109611603));
#5227=CARTESIAN_POINT('',(0.0583018466674735,0.098331648371925,0.0242187848560204));
#5228=CARTESIAN_POINT('',(0.0584582224685632,0.0989144715710049,0.0239162857800566));
#5229=CARTESIAN_POINT('',(0.0586591713762345,0.099287923697723,0.0239810686613192));
#5230=CARTESIAN_POINT('',(0.058762777011881,0.0994512787847394,0.0240599293718812));
#5231=CARTESIAN_POINT('',(0.054,0.0990600060979148,0.0248704265554329));
#5232=CARTESIAN_POINT('',(0.0502,0.0942061556703092,0.0205));
#5233=CARTESIAN_POINT('',(0.0475999999999994,0.0946457064574559,0.0170965685951092));
#5234=CARTESIAN_POINT('',(0.0477090921758551,0.0947222774804972,0.0170141582257725));
#5235=CARTESIAN_POINT('',(0.0479447640594419,0.0948144345724987,0.0168291550207483));
#5236=CARTESIAN_POINT('',(0.0483028141598347,0.0948087852058155,0.0165238960665011));
#5237=CARTESIAN_POINT('',(0.0486329410998786,0.0946502427150718,0.0162201485595102));
#5238=CARTESIAN_POINT('',(0.0488358901655095,0.0942054669548949,0.0160219443637183));
#5239=CARTESIAN_POINT('',(0.0486320021270266,0.0937611565720793,0.0162210540338408));
#5240=CARTESIAN_POINT('',(0.0483018666875878,0.093603525373843,0.0165247058082314));
#5241=CARTESIAN_POINT('',(0.0479454338389477,0.0935977738010052,0.0168286000869552));
#5242=CARTESIAN_POINT('',(0.0477089691651607,0.0936901202004536,0.0170142511504637));
#5243=CARTESIAN_POINT('',(0.0475999999999995,0.0937666048831625,0.0170965685951092));
#5244=CARTESIAN_POINT('',(0.0504,0.0942061556703092,0.0205));
#5245=CARTESIAN_POINT('',(0.0504,0.0942061556703092,0.0262811768302025));
#5246=CARTESIAN_POINT('',(0.054,0.0942061556703092,0.0205));
#5247=CARTESIAN_POINT('',(0.0527009618943233,0.0942061556703092,0.0205));
#5248=CARTESIAN_POINT('',(0.0527009618943233,0.0942061556703092,0.0295));
#5249=CARTESIAN_POINT('',(0.054,0.0942061556703092,0.0205));
#5250=CARTESIAN_POINT('',(0.054,0.0942061556703092,0.0205));
#5251=CARTESIAN_POINT('',(0.054,0.0942061556703092,0.0205));
#5252=CARTESIAN_POINT('',(0.054,0.0942061556703092,0.0205));
#5253=CARTESIAN_POINT('',(0.054,0.0942061556703092,0.0205));
#5254=CARTESIAN_POINT('',(0.054,0.0942061556703092,0.0205));
#5255=CARTESIAN_POINT('',(0.054,0.0942061556703092,0.0205));
#5256=CARTESIAN_POINT('',(0.054,0.0942061556703092,0.0205));
#5257=CARTESIAN_POINT('',(0.054,0.0942061556703092,0.0205));
#5258=CARTESIAN_POINT('',(0.054,0.0942061556703092,0.0205));
#5259=CARTESIAN_POINT('',(0.054,0.0942061556703092,0.0205));
#5260=CARTESIAN_POINT('',(0.054,0.0942061556703092,0.0205));
#5261=CARTESIAN_POINT('',(0.054,0.0942061556703092,0.0205));
#5262=CARTESIAN_POINT('',(0.054,0.0942061556703092,0.0205));
#5263=CARTESIAN_POINT('',(0.054,0.0942061556703092,0.0205));
#5264=CARTESIAN_POINT('',(0.05435,0.0942061556703092,0.0205));
#5265=CARTESIAN_POINT('',(0.0519009618943233,0.0942061556703092,0.0205));
#5266=CARTESIAN_POINT('',(0.0519009618943233,0.0942061556703092,0.0295));
#5267=CARTESIAN_POINT('',(0.05435,0.0942061556703092,0.0205));
#5268=CARTESIAN_POINT('',(0.0675384035822638,0.0942061556703092,0.0205));
#5269=CARTESIAN_POINT('',(0.0754164203018984,0.0942061556703092,0.0205));
#5270=CARTESIAN_POINT('',(0.0652990381056767,0.0942061556703092,0.0205));
#5271=CARTESIAN_POINT('',(0.0652990381056767,0.0942061556703092,0.0295));
#5272=CARTESIAN_POINT('',(0.064,0.0942061556703092,0.0205));
#5273=CARTESIAN_POINT('',(0.064,0.0942061556703092,0.0205));
#5274=CARTESIAN_POINT('',(0.064,0.0942061556703092,0.0205));
#5275=CARTESIAN_POINT('',(0.064,0.0942061556703092,0.0205));
#5276=CARTESIAN_POINT('',(0.064,0.0942061556703092,0.0205));
#5277=CARTESIAN_POINT('',(0.064,0.0942061556703092,0.0205));
#5278=CARTESIAN_POINT('',(0.064,0.0942061556703092,0.0205));
#5279=CARTESIAN_POINT('',(0.064,0.0942061556703092,0.0205));
#5280=CARTESIAN_POINT('',(0.064,0.0942061556703092,0.0205));
#5281=CARTESIAN_POINT('',(0.064,0.0942061556703092,0.0205));
#5282=CARTESIAN_POINT('',(0.064,0.0942061556703092,0.0205));
#5283=CARTESIAN_POINT('',(0.064,0.0942061556703092,0.0205));
#5284=CARTESIAN_POINT('',(0.064,0.0942061556703092,0.0205));
#5285=CARTESIAN_POINT('',(0.064,0.0942061556703092,0.0205));
#5286=CARTESIAN_POINT('',(0.064,0.0942061556703092,0.0205));
#5287=CARTESIAN_POINT('',(0.064,0.0942061556703092,0.0205));
#5288=CARTESIAN_POINT('',(0.0476990866653981,0.0942061556703092,0.0205));
#5289=CARTESIAN_POINT('',(0.054,0.0942061556703092,0.020732300758558));
#5290=CARTESIAN_POINT('',(0.054,0.0942061556703092,0.020732300758558));
#5291=CARTESIAN_POINT('',(0.054,0.0942061556703092,0.020732300758558));
#5292=CARTESIAN_POINT('',(0.054,0.0942061556703092,0.020732300758558));
#5293=CARTESIAN_POINT('',(0.054,0.0942061556703092,0.020732300758558));
#5294=CARTESIAN_POINT('',(0.054,0.0942061556703092,0.020732300758558));
#5295=CARTESIAN_POINT('',(0.054,0.0942061556703092,0.020732300758558));
#5296=CARTESIAN_POINT('',(0.054,0.0942061556703092,0.020732300758558));
#5297=CARTESIAN_POINT('',(0.054,0.0942061556703092,0.020732300758558));
#5298=CARTESIAN_POINT('',(0.054,0.0942061556703092,0.020732300758558));
#5299=CARTESIAN_POINT('',(0.054,0.0942061556703092,0.020732300758558));
#5300=CARTESIAN_POINT('',(0.054,0.0942061556703092,0.020732300758558));
#5301=CARTESIAN_POINT('',(0.054,0.0942061556703092,0.020732300758558));
#5302=CARTESIAN_POINT('',(0.054,0.0942061556703092,0.020732300758558));
#5303=CARTESIAN_POINT('',(0.054,0.0942061556703092,0.020732300758558));
#5304=CARTESIAN_POINT('',(0.064,0.100956155670309,0.0205));
#5305=CARTESIAN_POINT('',(0.064,0.100956155670309,0.0205));
#5306=CARTESIAN_POINT('',(0.064,0.100956155670309,0.0205));
#5307=CARTESIAN_POINT('',(0.064,0.100956155670309,0.0205));
#5308=CARTESIAN_POINT('',(0.064,0.100956155670309,0.0205));
#5309=CARTESIAN_POINT('',(0.064,0.100956155670309,0.0205));
#5310=CARTESIAN_POINT('',(0.064,0.100956155670309,0.0205));
#5311=CARTESIAN_POINT('',(0.064,0.100956155670309,0.0205));
#5312=CARTESIAN_POINT('',(0.064,0.100956155670309,0.0205));
#5313=CARTESIAN_POINT('',(0.064,0.100956155670309,0.0205));
#5314=CARTESIAN_POINT('',(0.064,0.100956155670309,0.0205));
#5315=CARTESIAN_POINT('',(0.064,0.100956155670309,0.0205));
#5316=CARTESIAN_POINT('',(0.064,0.100956155670309,0.0205));
#5317=CARTESIAN_POINT('',(0.064,0.100956155670309,0.0205));
#5318=CARTESIAN_POINT('',(0.064,0.100956155670309,0.0205));
#5319=CARTESIAN_POINT('',(0.059,0.0942061556703092,0.0205));
#5320=CARTESIAN_POINT('',(0.059,0.0942061556703092,0.0205));
#5321=CARTESIAN_POINT('',(0.0601547005383793,0.0942061556703092,0.0205));
#5322=CARTESIAN_POINT('',(0.059,0.0942061556703092,0.0205));
#5323=CARTESIAN_POINT('',(0.059,0.0942061556703092,0.0205));
#5324=CARTESIAN_POINT('',(0.0601547005383793,0.0942061556703092,0.0205));
#5325=CARTESIAN_POINT('',(0.059,0.0942061556703092,0.0205));
#5326=CARTESIAN_POINT('',(0.059,0.0942061556703092,0.0205));
#5327=CARTESIAN_POINT('',(0.0601547005383793,0.0942061556703092,0.0205));
#5328=CARTESIAN_POINT('',(0.059,0.0942061556703092,0.0205));
#5329=CARTESIAN_POINT('',(0.059,0.0942061556703092,0.0205));
#5330=CARTESIAN_POINT('',(0.0601547005383793,0.0942061556703092,0.0205));
#5331=CARTESIAN_POINT('',(0.059,0.0942061556703092,0.0205));
#5332=CARTESIAN_POINT('',(0.059,0.0942061556703092,0.0205));
#5333=CARTESIAN_POINT('',(0.0601547005383793,0.0942061556703092,0.0205));
#5334=CARTESIAN_POINT('',(0.059,0.0942061556703092,0.0205));
#5335=CARTESIAN_POINT('',(0.059,0.0942061556703092,0.0205));
#5336=CARTESIAN_POINT('',(0.0601547005383793,0.0942061556703092,0.0205));
#5337=CARTESIAN_POINT('',(0.059,0.0942061556703092,0.0205));
#5338=CARTESIAN_POINT('',(0.059,0.0942061556703092,0.0205));
#5339=CARTESIAN_POINT('',(0.0601547005383793,0.0942061556703092,0.0205));
#5340=CARTESIAN_POINT('',(0.059,0.0942061556703092,0.0205));
#5341=CARTESIAN_POINT('',(0.059,0.0942061556703092,0.0205));
#5342=CARTESIAN_POINT('',(0.0601547005383793,0.0942061556703092,0.0205));
#5343=CARTESIAN_POINT('',(0.059,0.0942061556703092,0.0205));
#5344=CARTESIAN_POINT('',(0.059,0.0942061556703092,0.0205));
#5345=CARTESIAN_POINT('',(0.0601547005383793,0.0942061556703092,0.0205));
#5346=CARTESIAN_POINT('',(0.059,0.0942061556703092,0.0205));
#5347=CARTESIAN_POINT('',(0.059,0.0942061556703092,0.0205));
#5348=CARTESIAN_POINT('',(0.0601547005383793,0.0942061556703092,0.0205));
#5349=CARTESIAN_POINT('',(0.059,0.0942061556703092,0.0205));
#5350=CARTESIAN_POINT('',(0.059,0.0942061556703092,0.0205));
#5351=CARTESIAN_POINT('',(0.0601547005383793,0.0942061556703092,0.0205));
#5352=CARTESIAN_POINT('',(0.059,0.0942061556703092,0.0205));
#5353=CARTESIAN_POINT('',(0.059,0.0942061556703092,0.0205));
#5354=CARTESIAN_POINT('',(0.0601547005383793,0.0942061556703092,0.0205));
#5355=CARTESIAN_POINT('',(0.059,0.0942061556703092,0.0205));
#5356=CARTESIAN_POINT('',(0.059,0.0942061556703092,0.0205));
#5357=CARTESIAN_POINT('',(0.0601547005383793,0.0942061556703092,0.0205));
#5358=CARTESIAN_POINT('',(0.059,0.0942061556703092,0.0205));
#5359=CARTESIAN_POINT('',(0.059,0.0942061556703092,0.0205));
#5360=CARTESIAN_POINT('',(0.0601547005383793,0.0942061556703092,0.0205));
#5361=CARTESIAN_POINT('',(0.0601547005383793,0.0942061556703092,0.0205));
#5362=CARTESIAN_POINT('',(0.059,0.0942061556703092,0.0205));
#5363=CARTESIAN_POINT('',(0.059,0.0942061556703092,0.0205));
#5364=CARTESIAN_POINT('',(-0.146805301884845,0.0918453985440568,0.0216478025922816));
#5365=CARTESIAN_POINT('',(-0.146805301884845,0.0921348281654283,0.0219239012961407));
#5366=CARTESIAN_POINT('',(-0.146805301884845,0.0924242577867998,0.0222));
#5367=CARTESIAN_POINT('',(-0.146805301884845,0.0927706679483136,0.0224));
#5368=CARTESIAN_POINT('',(-0.146805301884845,0.0931170781098274,0.0226));
#5369=CARTESIAN_POINT('',(0.0502,0.0931170781098274,0.0226));
#5370=CARTESIAN_POINT('',(0.0502,0.0929430462050517,0.0222398432339659));
#5371=CARTESIAN_POINT('',(0.0489,0.0929430462050517,0.0222398432339659));
#5372=CARTESIAN_POINT('',(-0.146805301884845,0.095295233230791,0.0226));
#5373=CARTESIAN_POINT('',(0.0502,0.095295233230791,0.0226));
#5374=CARTESIAN_POINT('',(0.0502,0.0954692651355667,0.0222398432339659));
#5375=CARTESIAN_POINT('',(0.0489,0.0954692651355667,0.0222398432339659));
#5376=CARTESIAN_POINT('',(-0.146805301884845,0.0956416433923048,0.0224));
#5377=CARTESIAN_POINT('',(-0.146805301884845,0.0959880535538185,0.0222));
#5378=CARTESIAN_POINT('',(-0.146805301884845,0.0962774831751901,0.0219239012961407));
#5379=CARTESIAN_POINT('',(-0.146805301884845,0.0965669127965616,0.0216478025922816));
#5380=CARTESIAN_POINT('',(-0.146805301884845,0.0933061556703092,0.0178221977294803));
#5381=CARTESIAN_POINT('',(-0.146805301884845,0.0939061556703092,0.0178221977294803));
#5382=CARTESIAN_POINT('',(-0.146805301884845,0.0939061556703092,0.0175721977294803));
#5383=CARTESIAN_POINT('',(-0.146805301884845,0.0939061556703092,0.0173221977294804));
#5384=CARTESIAN_POINT('',(-0.146805301884845,0.0936861556703091,0.0173221977294804));
#5385=CARTESIAN_POINT('',(-0.146805301884845,0.0938256678654311,0.0171520908589188));
#5386=CARTESIAN_POINT('',(-0.146805301884845,0.0942061556703092,0.0166881630301145));
#5387=CARTESIAN_POINT('',(-0.146805301884845,0.0945866434751872,0.0171520908589188));
#5388=CARTESIAN_POINT('',(-0.146805301884845,0.0947261556703092,0.0173221977294804));
#5389=CARTESIAN_POINT('',(-0.146805301884845,0.0945061556703092,0.0173221977294804));
#5390=CARTESIAN_POINT('',(-0.146805301884845,0.0945061556703092,0.0175721977294803));
#5391=CARTESIAN_POINT('',(-0.146805301884845,0.0945061556703092,0.0178221977294803));
#5392=CARTESIAN_POINT('',(-0.146805301884845,0.0951061556703092,0.0178221977294803));
#5393=CARTESIAN_POINT('',(0.050202,0.0942061556703092,0.0205));
#5394=CARTESIAN_POINT('',(0.0502,0.0942061556703092,0.0205));
#5395=CARTESIAN_POINT('',(0.0502,0.0961561556703092,0.0205));
#5396=CARTESIAN_POINT('',(0.0692307137882957,0.100181155670309,0.0205));
#5397=CARTESIAN_POINT('',(0.0718623894709146,0.0976391239445767,0.0205));
#5398=CARTESIAN_POINT('',(0.0675384035822638,0.0942061556703092,0.0205));
#5399=CARTESIAN_POINT('',(0.0718623894709146,0.0942061556703092,0.0205));
#5400=CARTESIAN_POINT('',(0.0718623894709146,0.0942061556703092,0.017499554732289));
#5401=CARTESIAN_POINT('',(0.0718623894709146,0.0942061556703092,0.0205));
#5402=CARTESIAN_POINT('',(0.0718623894709146,0.0942061556703092,0.0205));
#5403=CARTESIAN_POINT('',(0.0718623894709146,0.0942061556703092,0.0205));
#5404=CARTESIAN_POINT('',(0.0718623894709146,0.0942061556703092,0.0205));
#5405=CARTESIAN_POINT('',(0.0718623894709146,0.0942061556703092,0.004275));
#5406=CARTESIAN_POINT('',(0.0718623894709146,0.0961330621937296,0.0193875));
#5407=CARTESIAN_POINT('',(0.0718623894709146,0.0922792491468888,0.0193875));
#5408=CARTESIAN_POINT('',(0.0718603894709146,0.0942061556703092,0.0205));
#5409=CARTESIAN_POINT('',(0.0718603894709146,0.0942061556703092,0.0205));
#5410=CARTESIAN_POINT('',(0.0718603894709146,0.0942061556703092,0.0205));
#5411=CARTESIAN_POINT('',(0.0718603894709146,0.0942061556703092,0.0205));
#5412=MECHANICAL_DESIGN_GEOMETRIC_PRESENTATION_REPRESENTATION('',(#2789),
#5413);
#5413=(
GEOMETRIC_REPRESENTATION_CONTEXT(3)
GLOBAL_UNCERTAINTY_ASSIGNED_CONTEXT((#5414))
GLOBAL_UNIT_ASSIGNED_CONTEXT((#5417,#5416,#5415))
REPRESENTATION_CONTEXT('drive-pulley','TOP_LEVEL_ASSEMBLY_PART')
);
#5414=UNCERTAINTY_MEASURE_WITH_UNIT(LENGTH_MEASURE(2.E-5),#5417,
'DISTANCE_ACCURACY_VALUE','Maximum Tolerance applied to model');
#5415=(
NAMED_UNIT(*)
SI_UNIT($,.STERADIAN.)
SOLID_ANGLE_UNIT()
);
#5416=(
NAMED_UNIT(*)
PLANE_ANGLE_UNIT()
SI_UNIT($,.RADIAN.)
);
#5417=(
LENGTH_UNIT()
NAMED_UNIT(*)
SI_UNIT($,.METRE.)
);
#5418=PRODUCT_DEFINITION_SHAPE('','',#5419);
#5419=PRODUCT_DEFINITION('','',#5421,#5420);
#5420=PRODUCT_DEFINITION_CONTEXT('',#5427,'design');
#5421=PRODUCT_DEFINITION_FORMATION_WITH_SPECIFIED_SOURCE('','',#5423,
 .NOT_KNOWN.);
#5422=PRODUCT_RELATED_PRODUCT_CATEGORY('','',(#5423));
#5423=PRODUCT('drive-pulley','drive-pulley','drive-pulley',(#5425));
#5424=PRODUCT_CATEGORY('','');
#5425=PRODUCT_CONTEXT('',#5427,'mechanical');
#5426=APPLICATION_PROTOCOL_DEFINITION('international standard',
'ap242_managed_model_based_3d_engineering',2020,#5427);
#5427=APPLICATION_CONTEXT('managed model based 3d engineering');
ENDSEC;
END-ISO-10303-21;
