ISO-10303-21;
HEADER;
/* Generated by software containing ST-Developer
 * from STEP Tools, Inc. (www.steptools.com) 
 */
/* OPTION: using custom renumber hook */

FILE_DESCRIPTION(
/* description */ ('STEP AP242 Edition 2',
'CAx-IF Rec.Pracs.---Representation and Presentation of Product Manufa
cturing Information (PMI)---4.0---2014-10-13',
'CAx-IF Rec.Pracs.---3D Tessellated Geometry---0.4---2014-09-14','2;1',
'CAx-IF Rec.Pracs.---User Defined Attributes---1.5---2016-08-15'),
/* implementation_level */ '2;1');

FILE_NAME(
/* name */ '698cdedaa470bfd90cbda0ef',
/* time_stamp */ '2026-02-11T19:56:10Z',
/* author */ (''),
/* organization */ (''),
/* preprocessor_version */ 'ST-DEVELOPER v20',
/* originating_system */ 'ONSHAPE BY PTC INC, 1.210',
/* authorisation */ '  ');

FILE_SCHEMA (('AP242_MANAGED_MODEL_BASED_3D_ENGINEERING_MIM_LF { 1 0 10303 442 3 1 4 }'));
ENDSEC;

DATA;
#10=SHAPE_REPRESENTATION_RELATIONSHIP('','',#2339,#11);
#11=ADVANCED_BREP_SHAPE_REPRESENTATION('',(#2337),#4006);
#12=SPHERICAL_SURFACE('',#2493,0.002);
#13=SPHERICAL_SURFACE('',#2497,0.002);
#14=SPHERICAL_SURFACE('',#2524,0.002);
#15=SPHERICAL_SURFACE('',#2533,0.002);
#16=SPHERICAL_SURFACE('',#2542,0.002);
#17=SPHERICAL_SURFACE('',#2551,0.002);
#18=SPHERICAL_SURFACE('',#2560,0.002);
#19=SPHERICAL_SURFACE('',#2569,0.002);
#20=B_SPLINE_CURVE_WITH_KNOTS('',3,(#3704,#3705,#3706,#3707,#3708),
 .UNSPECIFIED.,.F.,.F.,(4,1,4),(0.,0.00171537687909969,0.00343075375819937),
 .UNSPECIFIED.);
#21=B_SPLINE_CURVE_WITH_KNOTS('',3,(#3715,#3716,#3717,#3718,#3719),
 .UNSPECIFIED.,.F.,.F.,(4,1,4),(0.,0.00165376164603366,0.00330752329206732),
 .UNSPECIFIED.);
#22=B_SPLINE_CURVE_WITH_KNOTS('',3,(#3744,#3745,#3746,#3747,#3748),
 .UNSPECIFIED.,.F.,.F.,(4,1,4),(0.,0.00165717760067744,0.00331435520135488),
 .UNSPECIFIED.);
#23=B_SPLINE_CURVE_WITH_KNOTS('',3,(#3799,#3800,#3801,#3802,#3803,#3804,
#3805),.UNSPECIFIED.,.F.,.F.,(4,1,1,1,4),(0.,0.00324648954977112,0.00649297909954225,
0.00973946864931337,0.0129859581990845),.UNSPECIFIED.);
#24=B_SPLINE_CURVE_WITH_KNOTS('',3,(#3808,#3809,#3810,#3811,#3812,#3813,
#3814),.UNSPECIFIED.,.F.,.F.,(4,1,1,1,4),(0.,0.00324648954977112,0.00649297909954224,
0.00973946864931336,0.0129859581990845),.UNSPECIFIED.);
#25=B_SPLINE_CURVE_WITH_KNOTS('',3,(#3832,#3833,#3834,#3835),
 .UNSPECIFIED.,.F.,.F.,(4,4),(6.05912861432085E-17,0.00128068104846051),
 .UNSPECIFIED.);
#26=B_SPLINE_CURVE_WITH_KNOTS('',3,(#3841,#3842,#3843,#3844),
 .UNSPECIFIED.,.F.,.F.,(4,4),(0.,0.00101017128560972),.UNSPECIFIED.);
#27=B_SPLINE_CURVE_WITH_KNOTS('',3,(#3861,#3862,#3863,#3864),
 .UNSPECIFIED.,.F.,.F.,(4,4),(0.,0.000858856807440983),.UNSPECIFIED.);
#28=B_SPLINE_CURVE_WITH_KNOTS('',3,(#3865,#3866,#3867,#3868),
 .UNSPECIFIED.,.F.,.F.,(4,4),(0.,0.00102326768656845),.UNSPECIFIED.);
#29=B_SPLINE_CURVE_WITH_KNOTS('',3,(#3879,#3880,#3881,#3882),
 .UNSPECIFIED.,.F.,.F.,(4,4),(0.,0.00101059136600941),.UNSPECIFIED.);
#30=B_SPLINE_CURVE_WITH_KNOTS('',3,(#3887,#3888,#3889,#3890),
 .UNSPECIFIED.,.F.,.F.,(4,4),(0.,0.00128279169962415),.UNSPECIFIED.);
#31=B_SPLINE_CURVE_WITH_KNOTS('',3,(#3899,#3900,#3901,#3902),
 .UNSPECIFIED.,.F.,.F.,(4,4),(0.,0.000858856807440983),.UNSPECIFIED.);
#32=B_SPLINE_CURVE_WITH_KNOTS('',3,(#3907,#3908,#3909,#3910),
 .UNSPECIFIED.,.F.,.F.,(4,4),(0.,0.00102280246798553),.UNSPECIFIED.);
#33=B_SPLINE_CURVE_WITH_KNOTS('',3,(#3914,#3915,#3916,#3917),
 .UNSPECIFIED.,.F.,.F.,(4,4),(0.,0.00101017128560972),.UNSPECIFIED.);
#34=B_SPLINE_CURVE_WITH_KNOTS('',3,(#3921,#3922,#3923,#3924),
 .UNSPECIFIED.,.F.,.F.,(4,4),(6.00925839494864E-17,0.00128068104846051),
 .UNSPECIFIED.);
#35=B_SPLINE_CURVE_WITH_KNOTS('',3,(#3941,#3942,#3943,#3944),
 .UNSPECIFIED.,.F.,.F.,(4,4),(0.,0.000858856807440985),.UNSPECIFIED.);
#36=B_SPLINE_CURVE_WITH_KNOTS('',3,(#3945,#3946,#3947,#3948),
 .UNSPECIFIED.,.F.,.F.,(4,4),(0.,0.00102326768656845),.UNSPECIFIED.);
#37=ELLIPSE('',#2352,0.00201561443099529,0.002);
#38=ELLIPSE('',#2354,0.00201561443099529,0.002);
#39=ELLIPSE('',#2369,0.00503903607748823,0.005);
#40=ELLIPSE('',#2372,0.00503903607748823,0.005);
#41=ELLIPSE('',#2382,0.00201561443099529,0.002);
#42=ELLIPSE('',#2385,0.00503903607748823,0.005);
#43=ELLIPSE('',#2392,0.00201561443099529,0.002);
#44=ELLIPSE('',#2393,0.00503903607748823,0.005);
#45=ELLIPSE('',#2482,0.00208580747998494,0.002);
#46=ELLIPSE('',#2483,0.00208580747998494,0.002);
#47=ELLIPSE('',#2485,0.00212371214942831,0.002);
#48=ELLIPSE('',#2486,0.00212371214942831,0.002);
#49=ELLIPSE('',#2521,0.00282842712474619,0.002);
#50=ELLIPSE('',#2527,0.00282842712474619,0.002);
#51=ELLIPSE('',#2530,0.00282842712474619,0.002);
#52=ELLIPSE('',#2536,0.00282842712474619,0.002);
#53=ELLIPSE('',#2539,0.00282842712474619,0.002);
#54=ELLIPSE('',#2545,0.00282842712474619,0.002);
#55=ELLIPSE('',#2548,0.00282842712474619,0.002);
#56=ELLIPSE('',#2554,0.00282842712474619,0.002);
#57=ELLIPSE('',#2557,0.00282842712474619,0.002);
#58=ELLIPSE('',#2563,0.00282842712474619,0.002);
#59=ELLIPSE('',#2566,0.00282842712474619,0.002);
#60=ELLIPSE('',#2572,0.00282842712474619,0.002);
#61=CYLINDRICAL_SURFACE('',#2344,0.002);
#62=CYLINDRICAL_SURFACE('',#2347,0.002);
#63=CYLINDRICAL_SURFACE('',#2356,0.002);
#64=CYLINDRICAL_SURFACE('',#2359,0.002);
#65=CYLINDRICAL_SURFACE('',#2373,0.002);
#66=CYLINDRICAL_SURFACE('',#2376,0.002);
#67=CYLINDRICAL_SURFACE('',#2403,0.005);
#68=CYLINDRICAL_SURFACE('',#2404,0.005);
#69=CYLINDRICAL_SURFACE('',#2408,0.003);
#70=CYLINDRICAL_SURFACE('',#2409,0.003);
#71=CYLINDRICAL_SURFACE('',#2413,0.003);
#72=CYLINDRICAL_SURFACE('',#2414,0.003);
#73=CYLINDRICAL_SURFACE('',#2418,0.004);
#74=CYLINDRICAL_SURFACE('',#2419,0.004);
#75=CYLINDRICAL_SURFACE('',#2420,0.002);
#76=CYLINDRICAL_SURFACE('',#2421,0.002);
#77=CYLINDRICAL_SURFACE('',#2422,0.00591475986758355);
#78=CYLINDRICAL_SURFACE('',#2425,0.00591475986758355);
#79=CYLINDRICAL_SURFACE('',#2438,0.00391475986758357);
#80=CYLINDRICAL_SURFACE('',#2439,0.00591475986758356);
#81=CYLINDRICAL_SURFACE('',#2442,0.00591475986758356);
#82=CYLINDRICAL_SURFACE('',#2448,0.00391475986758356);
#83=CYLINDRICAL_SURFACE('',#2454,0.00394052755441207);
#84=CYLINDRICAL_SURFACE('',#2456,0.00589762424243348);
#85=CYLINDRICAL_SURFACE('',#2462,0.00394052755441206);
#86=CYLINDRICAL_SURFACE('',#2465,0.00589762424243348);
#87=CYLINDRICAL_SURFACE('',#2487,0.0165000000000013);
#88=CYLINDRICAL_SURFACE('',#2490,0.002);
#89=CYLINDRICAL_SURFACE('',#2491,0.002);
#90=CYLINDRICAL_SURFACE('',#2495,0.002);
#91=CYLINDRICAL_SURFACE('',#2499,0.002);
#92=CYLINDRICAL_SURFACE('',#2500,0.002);
#93=CYLINDRICAL_SURFACE('',#2501,0.002);
#94=CYLINDRICAL_SURFACE('',#2502,0.00591475986758357);
#95=CYLINDRICAL_SURFACE('',#2507,0.00589762424243347);
#96=CYLINDRICAL_SURFACE('',#2510,0.00591475986758357);
#97=CYLINDRICAL_SURFACE('',#2513,0.00589762424243347);
#98=CYLINDRICAL_SURFACE('',#2514,0.00591475986758357);
#99=CYLINDRICAL_SURFACE('',#2519,0.00589762424243347);
#100=CYLINDRICAL_SURFACE('',#2520,0.002);
#101=CYLINDRICAL_SURFACE('',#2522,0.002);
#102=CYLINDRICAL_SURFACE('',#2526,0.002);
#103=CYLINDRICAL_SURFACE('',#2528,0.002);
#104=CYLINDRICAL_SURFACE('',#2529,0.002);
#105=CYLINDRICAL_SURFACE('',#2531,0.002);
#106=CYLINDRICAL_SURFACE('',#2535,0.002);
#107=CYLINDRICAL_SURFACE('',#2537,0.002);
#108=CYLINDRICAL_SURFACE('',#2538,0.002);
#109=CYLINDRICAL_SURFACE('',#2540,0.002);
#110=CYLINDRICAL_SURFACE('',#2544,0.002);
#111=CYLINDRICAL_SURFACE('',#2546,0.002);
#112=CYLINDRICAL_SURFACE('',#2547,0.002);
#113=CYLINDRICAL_SURFACE('',#2549,0.002);
#114=CYLINDRICAL_SURFACE('',#2553,0.002);
#115=CYLINDRICAL_SURFACE('',#2555,0.002);
#116=CYLINDRICAL_SURFACE('',#2556,0.002);
#117=CYLINDRICAL_SURFACE('',#2558,0.002);
#118=CYLINDRICAL_SURFACE('',#2562,0.002);
#119=CYLINDRICAL_SURFACE('',#2564,0.002);
#120=CYLINDRICAL_SURFACE('',#2565,0.002);
#121=CYLINDRICAL_SURFACE('',#2567,0.002);
#122=CYLINDRICAL_SURFACE('',#2571,0.002);
#123=CYLINDRICAL_SURFACE('',#2573,0.002);
#124=CIRCLE('',#2342,0.004);
#125=CIRCLE('',#2343,0.004);
#126=CIRCLE('',#2345,0.002);
#127=CIRCLE('',#2346,0.002);
#128=CIRCLE('',#2348,0.002);
#129=CIRCLE('',#2349,0.002);
#130=CIRCLE('',#2351,0.003);
#131=CIRCLE('',#2355,0.003);
#132=CIRCLE('',#2357,0.002);
#133=CIRCLE('',#2358,0.002);
#134=CIRCLE('',#2360,0.002);
#135=CIRCLE('',#2361,0.002);
#136=CIRCLE('',#2363,0.0165000000000013);
#137=CIRCLE('',#2365,0.00394052755441207);
#138=CIRCLE('',#2366,0.00589762424243348);
#139=CIRCLE('',#2367,0.0165000000000013);
#140=CIRCLE('',#2374,0.002);
#141=CIRCLE('',#2375,0.002);
#142=CIRCLE('',#2377,0.002);
#143=CIRCLE('',#2378,0.002);
#144=CIRCLE('',#2380,0.003);
#145=CIRCLE('',#2383,0.003);
#146=CIRCLE('',#2384,0.003);
#147=CIRCLE('',#2387,0.004);
#148=CIRCLE('',#2388,0.004);
#149=CIRCLE('',#2394,0.003);
#150=CIRCLE('',#2395,0.003);
#151=CIRCLE('',#2398,0.003);
#152=CIRCLE('',#2423,0.00591475986758355);
#153=CIRCLE('',#2424,0.00591475986758355);
#154=CIRCLE('',#2426,0.00591475986758355);
#155=CIRCLE('',#2427,0.00591475986758355);
#156=CIRCLE('',#2429,0.00391475986758357);
#157=CIRCLE('',#2430,0.002);
#158=CIRCLE('',#2431,0.00591475986758357);
#159=CIRCLE('',#2432,0.002);
#160=CIRCLE('',#2434,0.00391475986758357);
#161=CIRCLE('',#2435,0.002);
#162=CIRCLE('',#2436,0.00591475986758357);
#163=CIRCLE('',#2437,0.002);
#164=CIRCLE('',#2440,0.00591475986758356);
#165=CIRCLE('',#2441,0.00591475986758356);
#166=CIRCLE('',#2443,0.00591475986758356);
#167=CIRCLE('',#2444,0.00591475986758356);
#168=CIRCLE('',#2446,0.00391475986758356);
#169=CIRCLE('',#2447,0.0165000000000013);
#170=CIRCLE('',#2449,0.00391475986758356);
#171=CIRCLE('',#2451,0.002);
#172=CIRCLE('',#2452,0.00591475986758357);
#173=CIRCLE('',#2453,0.002);
#174=CIRCLE('',#2455,0.00394052755441207);
#175=CIRCLE('',#2457,0.00589762424243348);
#176=CIRCLE('',#2459,0.002);
#177=CIRCLE('',#2460,0.00589762424243347);
#178=CIRCLE('',#2461,0.002);
#179=CIRCLE('',#2463,0.00394052755441206);
#180=CIRCLE('',#2464,0.00394052755441206);
#181=CIRCLE('',#2466,0.00589762424243348);
#182=CIRCLE('',#2467,0.00589762424243348);
#183=CIRCLE('',#2469,0.002);
#184=CIRCLE('',#2470,0.00589762424243347);
#185=CIRCLE('',#2471,0.002);
#186=CIRCLE('',#2473,0.002);
#187=CIRCLE('',#2474,0.00589762424243347);
#188=CIRCLE('',#2475,0.002);
#189=CIRCLE('',#2480,0.002);
#190=CIRCLE('',#2488,0.0165000000000013);
#191=CIRCLE('',#2492,0.002);
#192=CIRCLE('',#2494,0.002);
#193=CIRCLE('',#2496,0.002);
#194=CIRCLE('',#2498,0.002);
#195=CIRCLE('',#2503,0.00591475986758357);
#196=CIRCLE('',#2506,0.00589762424243347);
#197=CIRCLE('',#2509,0.00591475986758357);
#198=CIRCLE('',#2512,0.00589762424243347);
#199=CIRCLE('',#2515,0.00591475986758357);
#200=CIRCLE('',#2518,0.00589762424243347);
#201=CIRCLE('',#2523,0.002);
#202=CIRCLE('',#2525,0.002);
#203=CIRCLE('',#2532,0.002);
#204=CIRCLE('',#2534,0.002);
#205=CIRCLE('',#2541,0.002);
#206=CIRCLE('',#2543,0.002);
#207=CIRCLE('',#2550,0.002);
#208=CIRCLE('',#2552,0.002);
#209=CIRCLE('',#2559,0.002);
#210=CIRCLE('',#2561,0.002);
#211=CIRCLE('',#2568,0.002);
#212=CIRCLE('',#2570,0.002);
#213=ORIENTED_EDGE('',*,*,#905,.T.);
#214=ORIENTED_EDGE('',*,*,#906,.T.);
#215=ORIENTED_EDGE('',*,*,#907,.T.);
#216=ORIENTED_EDGE('',*,*,#908,.T.);
#217=ORIENTED_EDGE('',*,*,#909,.T.);
#218=ORIENTED_EDGE('',*,*,#910,.T.);
#219=ORIENTED_EDGE('',*,*,#911,.T.);
#220=ORIENTED_EDGE('',*,*,#912,.T.);
#221=ORIENTED_EDGE('',*,*,#913,.T.);
#222=ORIENTED_EDGE('',*,*,#914,.T.);
#223=ORIENTED_EDGE('',*,*,#915,.T.);
#224=ORIENTED_EDGE('',*,*,#916,.T.);
#225=ORIENTED_EDGE('',*,*,#917,.T.);
#226=ORIENTED_EDGE('',*,*,#918,.T.);
#227=ORIENTED_EDGE('',*,*,#919,.F.);
#228=ORIENTED_EDGE('',*,*,#920,.T.);
#229=ORIENTED_EDGE('',*,*,#921,.T.);
#230=ORIENTED_EDGE('',*,*,#922,.T.);
#231=ORIENTED_EDGE('',*,*,#923,.T.);
#232=ORIENTED_EDGE('',*,*,#924,.T.);
#233=ORIENTED_EDGE('',*,*,#925,.T.);
#234=ORIENTED_EDGE('',*,*,#926,.T.);
#235=ORIENTED_EDGE('',*,*,#927,.F.);
#236=ORIENTED_EDGE('',*,*,#928,.T.);
#237=ORIENTED_EDGE('',*,*,#929,.F.);
#238=ORIENTED_EDGE('',*,*,#930,.T.);
#239=ORIENTED_EDGE('',*,*,#931,.T.);
#240=ORIENTED_EDGE('',*,*,#932,.T.);
#241=ORIENTED_EDGE('',*,*,#933,.T.);
#242=ORIENTED_EDGE('',*,*,#934,.T.);
#243=ORIENTED_EDGE('',*,*,#935,.T.);
#244=ORIENTED_EDGE('',*,*,#936,.T.);
#245=ORIENTED_EDGE('',*,*,#937,.T.);
#246=ORIENTED_EDGE('',*,*,#938,.T.);
#247=ORIENTED_EDGE('',*,*,#939,.T.);
#248=ORIENTED_EDGE('',*,*,#940,.T.);
#249=ORIENTED_EDGE('',*,*,#935,.F.);
#250=ORIENTED_EDGE('',*,*,#941,.T.);
#251=ORIENTED_EDGE('',*,*,#927,.T.);
#252=ORIENTED_EDGE('',*,*,#942,.T.);
#253=ORIENTED_EDGE('',*,*,#943,.F.);
#254=ORIENTED_EDGE('',*,*,#944,.T.);
#255=ORIENTED_EDGE('',*,*,#945,.T.);
#256=ORIENTED_EDGE('',*,*,#946,.T.);
#257=ORIENTED_EDGE('',*,*,#947,.F.);
#258=ORIENTED_EDGE('',*,*,#948,.T.);
#259=ORIENTED_EDGE('',*,*,#949,.T.);
#260=ORIENTED_EDGE('',*,*,#950,.T.);
#261=ORIENTED_EDGE('',*,*,#951,.T.);
#262=ORIENTED_EDGE('',*,*,#952,.T.);
#263=ORIENTED_EDGE('',*,*,#953,.T.);
#264=ORIENTED_EDGE('',*,*,#954,.F.);
#265=ORIENTED_EDGE('',*,*,#955,.T.);
#266=ORIENTED_EDGE('',*,*,#956,.T.);
#267=ORIENTED_EDGE('',*,*,#943,.T.);
#268=ORIENTED_EDGE('',*,*,#957,.T.);
#269=ORIENTED_EDGE('',*,*,#958,.T.);
#270=ORIENTED_EDGE('',*,*,#959,.T.);
#271=ORIENTED_EDGE('',*,*,#960,.F.);
#272=ORIENTED_EDGE('',*,*,#961,.T.);
#273=ORIENTED_EDGE('',*,*,#962,.T.);
#274=ORIENTED_EDGE('',*,*,#963,.T.);
#275=ORIENTED_EDGE('',*,*,#939,.F.);
#276=ORIENTED_EDGE('',*,*,#964,.F.);
#277=ORIENTED_EDGE('',*,*,#965,.T.);
#278=ORIENTED_EDGE('',*,*,#966,.T.);
#279=ORIENTED_EDGE('',*,*,#967,.T.);
#280=ORIENTED_EDGE('',*,*,#968,.T.);
#281=ORIENTED_EDGE('',*,*,#969,.F.);
#282=ORIENTED_EDGE('',*,*,#970,.T.);
#283=ORIENTED_EDGE('',*,*,#909,.F.);
#284=ORIENTED_EDGE('',*,*,#971,.T.);
#285=ORIENTED_EDGE('',*,*,#969,.T.);
#286=ORIENTED_EDGE('',*,*,#972,.T.);
#287=ORIENTED_EDGE('',*,*,#973,.T.);
#288=ORIENTED_EDGE('',*,*,#974,.T.);
#289=ORIENTED_EDGE('',*,*,#951,.F.);
#290=ORIENTED_EDGE('',*,*,#975,.T.);
#291=ORIENTED_EDGE('',*,*,#919,.T.);
#292=ORIENTED_EDGE('',*,*,#976,.T.);
#293=ORIENTED_EDGE('',*,*,#977,.F.);
#294=ORIENTED_EDGE('',*,*,#978,.F.);
#295=ORIENTED_EDGE('',*,*,#979,.F.);
#296=ORIENTED_EDGE('',*,*,#980,.T.);
#297=ORIENTED_EDGE('',*,*,#981,.T.);
#298=ORIENTED_EDGE('',*,*,#982,.F.);
#299=ORIENTED_EDGE('',*,*,#983,.T.);
#300=ORIENTED_EDGE('',*,*,#984,.T.);
#301=ORIENTED_EDGE('',*,*,#985,.T.);
#302=ORIENTED_EDGE('',*,*,#986,.F.);
#303=ORIENTED_EDGE('',*,*,#987,.T.);
#304=ORIENTED_EDGE('',*,*,#988,.T.);
#305=ORIENTED_EDGE('',*,*,#989,.F.);
#306=ORIENTED_EDGE('',*,*,#990,.T.);
#307=ORIENTED_EDGE('',*,*,#991,.F.);
#308=ORIENTED_EDGE('',*,*,#992,.F.);
#309=ORIENTED_EDGE('',*,*,#993,.F.);
#310=ORIENTED_EDGE('',*,*,#994,.T.);
#311=ORIENTED_EDGE('',*,*,#995,.T.);
#312=ORIENTED_EDGE('',*,*,#996,.F.);
#313=ORIENTED_EDGE('',*,*,#997,.T.);
#314=ORIENTED_EDGE('',*,*,#998,.F.);
#315=ORIENTED_EDGE('',*,*,#999,.T.);
#316=ORIENTED_EDGE('',*,*,#1000,.T.);
#317=ORIENTED_EDGE('',*,*,#1001,.F.);
#318=ORIENTED_EDGE('',*,*,#1002,.F.);
#319=ORIENTED_EDGE('',*,*,#1003,.T.);
#320=ORIENTED_EDGE('',*,*,#1004,.T.);
#321=ORIENTED_EDGE('',*,*,#1005,.T.);
#322=ORIENTED_EDGE('',*,*,#1006,.T.);
#323=ORIENTED_EDGE('',*,*,#1000,.F.);
#324=ORIENTED_EDGE('',*,*,#1007,.T.);
#325=ORIENTED_EDGE('',*,*,#1002,.T.);
#326=ORIENTED_EDGE('',*,*,#1008,.F.);
#327=ORIENTED_EDGE('',*,*,#995,.F.);
#328=ORIENTED_EDGE('',*,*,#1009,.T.);
#329=ORIENTED_EDGE('',*,*,#998,.T.);
#330=ORIENTED_EDGE('',*,*,#1010,.F.);
#331=ORIENTED_EDGE('',*,*,#1011,.T.);
#332=ORIENTED_EDGE('',*,*,#1012,.T.);
#333=ORIENTED_EDGE('',*,*,#1013,.F.);
#334=ORIENTED_EDGE('',*,*,#1014,.T.);
#335=ORIENTED_EDGE('',*,*,#1015,.F.);
#336=ORIENTED_EDGE('',*,*,#1016,.F.);
#337=ORIENTED_EDGE('',*,*,#1017,.T.);
#338=ORIENTED_EDGE('',*,*,#977,.T.);
#339=ORIENTED_EDGE('',*,*,#1018,.T.);
#340=ORIENTED_EDGE('',*,*,#1019,.T.);
#341=ORIENTED_EDGE('',*,*,#1020,.T.);
#342=ORIENTED_EDGE('',*,*,#1021,.T.);
#343=ORIENTED_EDGE('',*,*,#1022,.F.);
#344=ORIENTED_EDGE('',*,*,#1023,.T.);
#345=ORIENTED_EDGE('',*,*,#1024,.T.);
#346=ORIENTED_EDGE('',*,*,#1025,.T.);
#347=ORIENTED_EDGE('',*,*,#1026,.T.);
#348=ORIENTED_EDGE('',*,*,#1027,.T.);
#349=ORIENTED_EDGE('',*,*,#1028,.T.);
#350=ORIENTED_EDGE('',*,*,#1029,.F.);
#351=ORIENTED_EDGE('',*,*,#1030,.F.);
#352=ORIENTED_EDGE('',*,*,#1031,.F.);
#353=ORIENTED_EDGE('',*,*,#1032,.T.);
#354=ORIENTED_EDGE('',*,*,#992,.T.);
#355=ORIENTED_EDGE('',*,*,#1033,.T.);
#356=ORIENTED_EDGE('',*,*,#1034,.F.);
#357=ORIENTED_EDGE('',*,*,#1035,.T.);
#358=ORIENTED_EDGE('',*,*,#1036,.T.);
#359=ORIENTED_EDGE('',*,*,#1037,.F.);
#360=ORIENTED_EDGE('',*,*,#1038,.F.);
#361=ORIENTED_EDGE('',*,*,#1039,.F.);
#362=ORIENTED_EDGE('',*,*,#1040,.F.);
#363=ORIENTED_EDGE('',*,*,#1041,.F.);
#364=ORIENTED_EDGE('',*,*,#1042,.F.);
#365=ORIENTED_EDGE('',*,*,#1043,.F.);
#366=ORIENTED_EDGE('',*,*,#1044,.F.);
#367=ORIENTED_EDGE('',*,*,#985,.F.);
#368=ORIENTED_EDGE('',*,*,#1045,.F.);
#369=ORIENTED_EDGE('',*,*,#1046,.F.);
#370=ORIENTED_EDGE('',*,*,#1047,.F.);
#371=ORIENTED_EDGE('',*,*,#1048,.F.);
#372=ORIENTED_EDGE('',*,*,#1049,.F.);
#373=ORIENTED_EDGE('',*,*,#1050,.F.);
#374=ORIENTED_EDGE('',*,*,#1051,.F.);
#375=ORIENTED_EDGE('',*,*,#1052,.F.);
#376=ORIENTED_EDGE('',*,*,#1053,.F.);
#377=ORIENTED_EDGE('',*,*,#1054,.T.);
#378=ORIENTED_EDGE('',*,*,#1055,.T.);
#379=ORIENTED_EDGE('',*,*,#1056,.F.);
#380=ORIENTED_EDGE('',*,*,#1030,.T.);
#381=ORIENTED_EDGE('',*,*,#1057,.T.);
#382=ORIENTED_EDGE('',*,*,#1058,.F.);
#383=ORIENTED_EDGE('',*,*,#1059,.F.);
#384=ORIENTED_EDGE('',*,*,#1060,.F.);
#385=ORIENTED_EDGE('',*,*,#1061,.T.);
#386=ORIENTED_EDGE('',*,*,#956,.F.);
#387=ORIENTED_EDGE('',*,*,#1062,.T.);
#388=ORIENTED_EDGE('',*,*,#1019,.F.);
#389=ORIENTED_EDGE('',*,*,#1056,.T.);
#390=ORIENTED_EDGE('',*,*,#1063,.F.);
#391=ORIENTED_EDGE('',*,*,#928,.F.);
#392=ORIENTED_EDGE('',*,*,#944,.F.);
#393=ORIENTED_EDGE('',*,*,#966,.F.);
#394=ORIENTED_EDGE('',*,*,#1064,.T.);
#395=ORIENTED_EDGE('',*,*,#1065,.T.);
#396=ORIENTED_EDGE('',*,*,#1066,.T.);
#397=ORIENTED_EDGE('',*,*,#1067,.T.);
#398=ORIENTED_EDGE('',*,*,#1068,.T.);
#399=ORIENTED_EDGE('',*,*,#1069,.T.);
#400=ORIENTED_EDGE('',*,*,#1070,.T.);
#401=ORIENTED_EDGE('',*,*,#1071,.T.);
#402=ORIENTED_EDGE('',*,*,#1072,.T.);
#403=ORIENTED_EDGE('',*,*,#1073,.T.);
#404=ORIENTED_EDGE('',*,*,#1074,.T.);
#405=ORIENTED_EDGE('',*,*,#1065,.F.);
#406=ORIENTED_EDGE('',*,*,#1075,.T.);
#407=ORIENTED_EDGE('',*,*,#1076,.F.);
#408=ORIENTED_EDGE('',*,*,#1058,.T.);
#409=ORIENTED_EDGE('',*,*,#1077,.T.);
#410=ORIENTED_EDGE('',*,*,#1078,.T.);
#411=ORIENTED_EDGE('',*,*,#1079,.F.);
#412=ORIENTED_EDGE('',*,*,#1080,.F.);
#413=ORIENTED_EDGE('',*,*,#1081,.T.);
#414=ORIENTED_EDGE('',*,*,#1082,.T.);
#415=ORIENTED_EDGE('',*,*,#1083,.T.);
#416=ORIENTED_EDGE('',*,*,#1084,.T.);
#417=ORIENTED_EDGE('',*,*,#1021,.F.);
#418=ORIENTED_EDGE('',*,*,#1085,.T.);
#419=ORIENTED_EDGE('',*,*,#954,.T.);
#420=ORIENTED_EDGE('',*,*,#1086,.F.);
#421=ORIENTED_EDGE('',*,*,#1087,.T.);
#422=ORIENTED_EDGE('',*,*,#1088,.T.);
#423=ORIENTED_EDGE('',*,*,#973,.F.);
#424=ORIENTED_EDGE('',*,*,#1089,.T.);
#425=ORIENTED_EDGE('',*,*,#1090,.F.);
#426=ORIENTED_EDGE('',*,*,#1091,.T.);
#427=ORIENTED_EDGE('',*,*,#1092,.T.);
#428=ORIENTED_EDGE('',*,*,#1093,.F.);
#429=ORIENTED_EDGE('',*,*,#1094,.T.);
#430=ORIENTED_EDGE('',*,*,#1095,.F.);
#431=ORIENTED_EDGE('',*,*,#1079,.T.);
#432=ORIENTED_EDGE('',*,*,#1096,.T.);
#433=ORIENTED_EDGE('',*,*,#1004,.F.);
#434=ORIENTED_EDGE('',*,*,#1097,.T.);
#435=ORIENTED_EDGE('',*,*,#1091,.F.);
#436=ORIENTED_EDGE('',*,*,#1027,.F.);
#437=ORIENTED_EDGE('',*,*,#1098,.T.);
#438=ORIENTED_EDGE('',*,*,#1015,.T.);
#439=ORIENTED_EDGE('',*,*,#1099,.F.);
#440=ORIENTED_EDGE('',*,*,#993,.T.);
#441=ORIENTED_EDGE('',*,*,#1100,.T.);
#442=ORIENTED_EDGE('',*,*,#1076,.T.);
#443=ORIENTED_EDGE('',*,*,#1101,.T.);
#444=ORIENTED_EDGE('',*,*,#964,.T.);
#445=ORIENTED_EDGE('',*,*,#941,.F.);
#446=ORIENTED_EDGE('',*,*,#934,.F.);
#447=ORIENTED_EDGE('',*,*,#1102,.T.);
#448=ORIENTED_EDGE('',*,*,#1059,.T.);
#449=ORIENTED_EDGE('',*,*,#1029,.T.);
#450=ORIENTED_EDGE('',*,*,#1103,.T.);
#451=ORIENTED_EDGE('',*,*,#996,.T.);
#452=ORIENTED_EDGE('',*,*,#1010,.T.);
#453=ORIENTED_EDGE('',*,*,#1001,.T.);
#454=ORIENTED_EDGE('',*,*,#1008,.T.);
#455=ORIENTED_EDGE('',*,*,#1006,.F.);
#456=ORIENTED_EDGE('',*,*,#1104,.T.);
#457=ORIENTED_EDGE('',*,*,#1077,.F.);
#458=ORIENTED_EDGE('',*,*,#1057,.F.);
#459=ORIENTED_EDGE('',*,*,#1028,.F.);
#460=ORIENTED_EDGE('',*,*,#1100,.F.);
#461=ORIENTED_EDGE('',*,*,#997,.F.);
#462=ORIENTED_EDGE('',*,*,#1103,.F.);
#463=ORIENTED_EDGE('',*,*,#1078,.F.);
#464=ORIENTED_EDGE('',*,*,#1104,.F.);
#465=ORIENTED_EDGE('',*,*,#1005,.F.);
#466=ORIENTED_EDGE('',*,*,#1096,.F.);
#467=ORIENTED_EDGE('',*,*,#978,.T.);
#468=ORIENTED_EDGE('',*,*,#1105,.T.);
#469=ORIENTED_EDGE('',*,*,#1024,.F.);
#470=ORIENTED_EDGE('',*,*,#1106,.T.);
#471=ORIENTED_EDGE('',*,*,#953,.F.);
#472=ORIENTED_EDGE('',*,*,#1107,.T.);
#473=ORIENTED_EDGE('',*,*,#1022,.T.);
#474=ORIENTED_EDGE('',*,*,#1086,.T.);
#475=ORIENTED_EDGE('',*,*,#1026,.F.);
#476=ORIENTED_EDGE('',*,*,#1108,.T.);
#477=ORIENTED_EDGE('',*,*,#1016,.T.);
#478=ORIENTED_EDGE('',*,*,#1098,.F.);
#479=ORIENTED_EDGE('',*,*,#1025,.F.);
#480=ORIENTED_EDGE('',*,*,#1105,.F.);
#481=ORIENTED_EDGE('',*,*,#1017,.F.);
#482=ORIENTED_EDGE('',*,*,#1108,.F.);
#483=ORIENTED_EDGE('',*,*,#1023,.F.);
#484=ORIENTED_EDGE('',*,*,#1107,.F.);
#485=ORIENTED_EDGE('',*,*,#952,.F.);
#486=ORIENTED_EDGE('',*,*,#1106,.F.);
#487=ORIENTED_EDGE('',*,*,#1084,.F.);
#488=ORIENTED_EDGE('',*,*,#1109,.T.);
#489=ORIENTED_EDGE('',*,*,#967,.F.);
#490=ORIENTED_EDGE('',*,*,#1066,.F.);
#491=ORIENTED_EDGE('',*,*,#1090,.T.);
#492=ORIENTED_EDGE('',*,*,#1110,.T.);
#493=ORIENTED_EDGE('',*,*,#1080,.T.);
#494=ORIENTED_EDGE('',*,*,#1095,.T.);
#495=ORIENTED_EDGE('',*,*,#1082,.F.);
#496=ORIENTED_EDGE('',*,*,#1111,.T.);
#497=ORIENTED_EDGE('',*,*,#972,.F.);
#498=ORIENTED_EDGE('',*,*,#1112,.T.);
#499=ORIENTED_EDGE('',*,*,#1081,.F.);
#500=ORIENTED_EDGE('',*,*,#1110,.F.);
#501=ORIENTED_EDGE('',*,*,#1089,.F.);
#502=ORIENTED_EDGE('',*,*,#1111,.F.);
#503=ORIENTED_EDGE('',*,*,#1083,.F.);
#504=ORIENTED_EDGE('',*,*,#1112,.F.);
#505=ORIENTED_EDGE('',*,*,#968,.F.);
#506=ORIENTED_EDGE('',*,*,#1109,.F.);
#507=ORIENTED_EDGE('',*,*,#1053,.T.);
#508=ORIENTED_EDGE('',*,*,#1113,.T.);
#509=ORIENTED_EDGE('',*,*,#931,.F.);
#510=ORIENTED_EDGE('',*,*,#1114,.T.);
#511=ORIENTED_EDGE('',*,*,#1055,.F.);
#512=ORIENTED_EDGE('',*,*,#1115,.T.);
#513=ORIENTED_EDGE('',*,*,#929,.T.);
#514=ORIENTED_EDGE('',*,*,#1063,.T.);
#515=ORIENTED_EDGE('',*,*,#933,.F.);
#516=ORIENTED_EDGE('',*,*,#1116,.T.);
#517=ORIENTED_EDGE('',*,*,#1060,.T.);
#518=ORIENTED_EDGE('',*,*,#1102,.F.);
#519=ORIENTED_EDGE('',*,*,#932,.F.);
#520=ORIENTED_EDGE('',*,*,#1113,.F.);
#521=ORIENTED_EDGE('',*,*,#1061,.F.);
#522=ORIENTED_EDGE('',*,*,#1116,.F.);
#523=ORIENTED_EDGE('',*,*,#930,.F.);
#524=ORIENTED_EDGE('',*,*,#1115,.F.);
#525=ORIENTED_EDGE('',*,*,#1054,.F.);
#526=ORIENTED_EDGE('',*,*,#1114,.F.);
#527=ORIENTED_EDGE('',*,*,#1020,.F.);
#528=ORIENTED_EDGE('',*,*,#1062,.F.);
#529=ORIENTED_EDGE('',*,*,#955,.F.);
#530=ORIENTED_EDGE('',*,*,#1085,.F.);
#531=ORIENTED_EDGE('',*,*,#1075,.F.);
#532=ORIENTED_EDGE('',*,*,#1064,.F.);
#533=ORIENTED_EDGE('',*,*,#965,.F.);
#534=ORIENTED_EDGE('',*,*,#1101,.F.);
#535=ORIENTED_EDGE('',*,*,#960,.T.);
#536=ORIENTED_EDGE('',*,*,#1117,.F.);
#537=ORIENTED_EDGE('',*,*,#1068,.F.);
#538=ORIENTED_EDGE('',*,*,#1118,.T.);
#539=ORIENTED_EDGE('',*,*,#1052,.T.);
#540=ORIENTED_EDGE('',*,*,#1119,.F.);
#541=ORIENTED_EDGE('',*,*,#905,.F.);
#542=ORIENTED_EDGE('',*,*,#1120,.T.);
#543=ORIENTED_EDGE('',*,*,#1121,.T.);
#544=ORIENTED_EDGE('',*,*,#1049,.T.);
#545=ORIENTED_EDGE('',*,*,#1120,.F.);
#546=ORIENTED_EDGE('',*,*,#938,.F.);
#547=ORIENTED_EDGE('',*,*,#1122,.T.);
#548=ORIENTED_EDGE('',*,*,#1123,.T.);
#549=ORIENTED_EDGE('',*,*,#1124,.T.);
#550=ORIENTED_EDGE('',*,*,#961,.F.);
#551=ORIENTED_EDGE('',*,*,#1118,.F.);
#552=ORIENTED_EDGE('',*,*,#1067,.F.);
#553=ORIENTED_EDGE('',*,*,#1125,.F.);
#554=ORIENTED_EDGE('',*,*,#1069,.F.);
#555=ORIENTED_EDGE('',*,*,#1117,.T.);
#556=ORIENTED_EDGE('',*,*,#959,.F.);
#557=ORIENTED_EDGE('',*,*,#1126,.T.);
#558=ORIENTED_EDGE('',*,*,#1127,.F.);
#559=ORIENTED_EDGE('',*,*,#1128,.T.);
#560=ORIENTED_EDGE('',*,*,#906,.F.);
#561=ORIENTED_EDGE('',*,*,#1119,.T.);
#562=ORIENTED_EDGE('',*,*,#1051,.T.);
#563=ORIENTED_EDGE('',*,*,#1050,.T.);
#564=ORIENTED_EDGE('',*,*,#1121,.F.);
#565=ORIENTED_EDGE('',*,*,#1070,.F.);
#566=ORIENTED_EDGE('',*,*,#1125,.T.);
#567=ORIENTED_EDGE('',*,*,#1093,.T.);
#568=ORIENTED_EDGE('',*,*,#1129,.T.);
#569=ORIENTED_EDGE('',*,*,#1130,.F.);
#570=ORIENTED_EDGE('',*,*,#1072,.F.);
#571=ORIENTED_EDGE('',*,*,#1131,.T.);
#572=ORIENTED_EDGE('',*,*,#1045,.T.);
#573=ORIENTED_EDGE('',*,*,#1132,.F.);
#574=ORIENTED_EDGE('',*,*,#1133,.T.);
#575=ORIENTED_EDGE('',*,*,#913,.F.);
#576=ORIENTED_EDGE('',*,*,#1134,.T.);
#577=ORIENTED_EDGE('',*,*,#1135,.F.);
#578=ORIENTED_EDGE('',*,*,#1073,.F.);
#579=ORIENTED_EDGE('',*,*,#1130,.T.);
#580=ORIENTED_EDGE('',*,*,#1136,.T.);
#581=ORIENTED_EDGE('',*,*,#1137,.T.);
#582=ORIENTED_EDGE('',*,*,#1138,.T.);
#583=ORIENTED_EDGE('',*,*,#1139,.T.);
#584=ORIENTED_EDGE('',*,*,#1132,.T.);
#585=ORIENTED_EDGE('',*,*,#1048,.T.);
#586=ORIENTED_EDGE('',*,*,#1047,.T.);
#587=ORIENTED_EDGE('',*,*,#1140,.F.);
#588=ORIENTED_EDGE('',*,*,#1074,.F.);
#589=ORIENTED_EDGE('',*,*,#1135,.T.);
#590=ORIENTED_EDGE('',*,*,#1140,.T.);
#591=ORIENTED_EDGE('',*,*,#1046,.T.);
#592=ORIENTED_EDGE('',*,*,#1134,.F.);
#593=ORIENTED_EDGE('',*,*,#912,.F.);
#594=ORIENTED_EDGE('',*,*,#1141,.T.);
#595=ORIENTED_EDGE('',*,*,#1142,.T.);
#596=ORIENTED_EDGE('',*,*,#1143,.T.);
#597=ORIENTED_EDGE('',*,*,#1094,.F.);
#598=ORIENTED_EDGE('',*,*,#1131,.F.);
#599=ORIENTED_EDGE('',*,*,#1071,.F.);
#600=ORIENTED_EDGE('',*,*,#1042,.T.);
#601=ORIENTED_EDGE('',*,*,#984,.F.);
#602=ORIENTED_EDGE('',*,*,#1144,.F.);
#603=ORIENTED_EDGE('',*,*,#1145,.T.);
#604=ORIENTED_EDGE('',*,*,#1044,.T.);
#605=ORIENTED_EDGE('',*,*,#1146,.F.);
#606=ORIENTED_EDGE('',*,*,#915,.F.);
#607=ORIENTED_EDGE('',*,*,#1147,.T.);
#608=ORIENTED_EDGE('',*,*,#986,.T.);
#609=ORIENTED_EDGE('',*,*,#1043,.T.);
#610=ORIENTED_EDGE('',*,*,#1145,.F.);
#611=ORIENTED_EDGE('',*,*,#1148,.F.);
#612=ORIENTED_EDGE('',*,*,#1031,.T.);
#613=ORIENTED_EDGE('',*,*,#1149,.T.);
#614=ORIENTED_EDGE('',*,*,#1012,.F.);
#615=ORIENTED_EDGE('',*,*,#1150,.T.);
#616=ORIENTED_EDGE('',*,*,#1151,.T.);
#617=ORIENTED_EDGE('',*,*,#1152,.T.);
#618=ORIENTED_EDGE('',*,*,#916,.F.);
#619=ORIENTED_EDGE('',*,*,#1146,.T.);
#620=ORIENTED_EDGE('',*,*,#1039,.T.);
#621=ORIENTED_EDGE('',*,*,#1153,.F.);
#622=ORIENTED_EDGE('',*,*,#1154,.T.);
#623=ORIENTED_EDGE('',*,*,#1155,.T.);
#624=ORIENTED_EDGE('',*,*,#1041,.T.);
#625=ORIENTED_EDGE('',*,*,#1156,.F.);
#626=ORIENTED_EDGE('',*,*,#923,.F.);
#627=ORIENTED_EDGE('',*,*,#1157,.T.);
#628=ORIENTED_EDGE('',*,*,#1038,.T.);
#629=ORIENTED_EDGE('',*,*,#1157,.F.);
#630=ORIENTED_EDGE('',*,*,#922,.F.);
#631=ORIENTED_EDGE('',*,*,#1158,.T.);
#632=ORIENTED_EDGE('',*,*,#1159,.F.);
#633=ORIENTED_EDGE('',*,*,#1160,.T.);
#634=ORIENTED_EDGE('',*,*,#948,.F.);
#635=ORIENTED_EDGE('',*,*,#1161,.F.);
#636=ORIENTED_EDGE('',*,*,#1034,.T.);
#637=ORIENTED_EDGE('',*,*,#1162,.T.);
#638=ORIENTED_EDGE('',*,*,#1153,.T.);
#639=ORIENTED_EDGE('',*,*,#1040,.T.);
#640=ORIENTED_EDGE('',*,*,#1155,.F.);
#641=ORIENTED_EDGE('',*,*,#1163,.F.);
#642=ORIENTED_EDGE('',*,*,#1036,.F.);
#643=ORIENTED_EDGE('',*,*,#1164,.T.);
#644=ORIENTED_EDGE('',*,*,#946,.F.);
#645=ORIENTED_EDGE('',*,*,#1165,.T.);
#646=ORIENTED_EDGE('',*,*,#1166,.T.);
#647=ORIENTED_EDGE('',*,*,#1167,.T.);
#648=ORIENTED_EDGE('',*,*,#924,.F.);
#649=ORIENTED_EDGE('',*,*,#1156,.T.);
#650=ORIENTED_EDGE('',*,*,#1037,.T.);
#651=ORIENTED_EDGE('',*,*,#1163,.T.);
#652=ORIENTED_EDGE('',*,*,#1154,.F.);
#653=ORIENTED_EDGE('',*,*,#1162,.F.);
#654=ORIENTED_EDGE('',*,*,#1161,.T.);
#655=ORIENTED_EDGE('',*,*,#947,.T.);
#656=ORIENTED_EDGE('',*,*,#1164,.F.);
#657=ORIENTED_EDGE('',*,*,#1035,.F.);
#658=ORIENTED_EDGE('',*,*,#1148,.T.);
#659=ORIENTED_EDGE('',*,*,#1144,.T.);
#660=ORIENTED_EDGE('',*,*,#983,.F.);
#661=ORIENTED_EDGE('',*,*,#1032,.F.);
#662=ORIENTED_EDGE('',*,*,#991,.T.);
#663=ORIENTED_EDGE('',*,*,#1168,.T.);
#664=ORIENTED_EDGE('',*,*,#1013,.T.);
#665=ORIENTED_EDGE('',*,*,#1149,.F.);
#666=ORIENTED_EDGE('',*,*,#1033,.F.);
#667=ORIENTED_EDGE('',*,*,#1137,.F.);
#668=ORIENTED_EDGE('',*,*,#1169,.T.);
#669=ORIENTED_EDGE('',*,*,#1097,.F.);
#670=ORIENTED_EDGE('',*,*,#1170,.T.);
#671=ORIENTED_EDGE('',*,*,#979,.T.);
#672=ORIENTED_EDGE('',*,*,#1171,.T.);
#673=ORIENTED_EDGE('',*,*,#1099,.T.);
#674=ORIENTED_EDGE('',*,*,#1172,.T.);
#675=ORIENTED_EDGE('',*,*,#989,.T.);
#676=ORIENTED_EDGE('',*,*,#1173,.F.);
#677=ORIENTED_EDGE('',*,*,#1174,.F.);
#678=ORIENTED_EDGE('',*,*,#1175,.T.);
#679=ORIENTED_EDGE('',*,*,#1138,.F.);
#680=ORIENTED_EDGE('',*,*,#1171,.F.);
#681=ORIENTED_EDGE('',*,*,#982,.T.);
#682=ORIENTED_EDGE('',*,*,#1176,.T.);
#683=ORIENTED_EDGE('',*,*,#1177,.T.);
#684=ORIENTED_EDGE('',*,*,#1173,.T.);
#685=ORIENTED_EDGE('',*,*,#988,.F.);
#686=ORIENTED_EDGE('',*,*,#1178,.T.);
#687=ORIENTED_EDGE('',*,*,#1179,.T.);
#688=ORIENTED_EDGE('',*,*,#1180,.T.);
#689=ORIENTED_EDGE('',*,*,#1174,.T.);
#690=ORIENTED_EDGE('',*,*,#1177,.F.);
#691=ORIENTED_EDGE('',*,*,#1129,.F.);
#692=ORIENTED_EDGE('',*,*,#1092,.F.);
#693=ORIENTED_EDGE('',*,*,#1169,.F.);
#694=ORIENTED_EDGE('',*,*,#1136,.F.);
#695=ORIENTED_EDGE('',*,*,#1181,.F.);
#696=ORIENTED_EDGE('',*,*,#994,.F.);
#697=ORIENTED_EDGE('',*,*,#1175,.F.);
#698=ORIENTED_EDGE('',*,*,#1180,.F.);
#699=ORIENTED_EDGE('',*,*,#1009,.F.);
#700=ORIENTED_EDGE('',*,*,#1181,.T.);
#701=ORIENTED_EDGE('',*,*,#1182,.F.);
#702=ORIENTED_EDGE('',*,*,#1183,.F.);
#703=ORIENTED_EDGE('',*,*,#999,.F.);
#704=ORIENTED_EDGE('',*,*,#1182,.T.);
#705=ORIENTED_EDGE('',*,*,#1179,.F.);
#706=ORIENTED_EDGE('',*,*,#1176,.F.);
#707=ORIENTED_EDGE('',*,*,#981,.F.);
#708=ORIENTED_EDGE('',*,*,#1007,.F.);
#709=ORIENTED_EDGE('',*,*,#1183,.T.);
#710=ORIENTED_EDGE('',*,*,#1184,.F.);
#711=ORIENTED_EDGE('',*,*,#1184,.T.);
#712=ORIENTED_EDGE('',*,*,#980,.F.);
#713=ORIENTED_EDGE('',*,*,#1170,.F.);
#714=ORIENTED_EDGE('',*,*,#1003,.F.);
#715=ORIENTED_EDGE('',*,*,#1178,.F.);
#716=ORIENTED_EDGE('',*,*,#987,.F.);
#717=ORIENTED_EDGE('',*,*,#1147,.F.);
#718=ORIENTED_EDGE('',*,*,#914,.F.);
#719=ORIENTED_EDGE('',*,*,#1133,.F.);
#720=ORIENTED_EDGE('',*,*,#1139,.F.);
#721=ORIENTED_EDGE('',*,*,#1168,.F.);
#722=ORIENTED_EDGE('',*,*,#990,.F.);
#723=ORIENTED_EDGE('',*,*,#1172,.F.);
#724=ORIENTED_EDGE('',*,*,#1014,.F.);
#725=ORIENTED_EDGE('',*,*,#1185,.T.);
#726=ORIENTED_EDGE('',*,*,#1186,.T.);
#727=ORIENTED_EDGE('',*,*,#1142,.F.);
#728=ORIENTED_EDGE('',*,*,#1187,.T.);
#729=ORIENTED_EDGE('',*,*,#1188,.T.);
#730=ORIENTED_EDGE('',*,*,#1189,.T.);
#731=ORIENTED_EDGE('',*,*,#1189,.F.);
#732=ORIENTED_EDGE('',*,*,#1190,.T.);
#733=ORIENTED_EDGE('',*,*,#1191,.T.);
#734=ORIENTED_EDGE('',*,*,#1192,.F.);
#735=ORIENTED_EDGE('',*,*,#1193,.T.);
#736=ORIENTED_EDGE('',*,*,#1194,.T.);
#737=ORIENTED_EDGE('',*,*,#1151,.F.);
#738=ORIENTED_EDGE('',*,*,#1195,.T.);
#739=ORIENTED_EDGE('',*,*,#1196,.T.);
#740=ORIENTED_EDGE('',*,*,#1192,.T.);
#741=ORIENTED_EDGE('',*,*,#1197,.T.);
#742=ORIENTED_EDGE('',*,*,#1198,.T.);
#743=ORIENTED_EDGE('',*,*,#1199,.T.);
#744=ORIENTED_EDGE('',*,*,#1200,.T.);
#745=ORIENTED_EDGE('',*,*,#1201,.T.);
#746=ORIENTED_EDGE('',*,*,#1201,.F.);
#747=ORIENTED_EDGE('',*,*,#1202,.T.);
#748=ORIENTED_EDGE('',*,*,#1203,.T.);
#749=ORIENTED_EDGE('',*,*,#1127,.T.);
#750=ORIENTED_EDGE('',*,*,#1204,.T.);
#751=ORIENTED_EDGE('',*,*,#1205,.T.);
#752=ORIENTED_EDGE('',*,*,#1206,.T.);
#753=ORIENTED_EDGE('',*,*,#1207,.T.);
#754=ORIENTED_EDGE('',*,*,#1208,.T.);
#755=ORIENTED_EDGE('',*,*,#1208,.F.);
#756=ORIENTED_EDGE('',*,*,#1209,.T.);
#757=ORIENTED_EDGE('',*,*,#1210,.T.);
#758=ORIENTED_EDGE('',*,*,#1159,.T.);
#759=ORIENTED_EDGE('',*,*,#1211,.T.);
#760=ORIENTED_EDGE('',*,*,#1212,.T.);
#761=ORIENTED_EDGE('',*,*,#1123,.F.);
#762=ORIENTED_EDGE('',*,*,#1213,.T.);
#763=ORIENTED_EDGE('',*,*,#1214,.T.);
#764=ORIENTED_EDGE('',*,*,#1215,.T.);
#765=ORIENTED_EDGE('',*,*,#1216,.T.);
#766=ORIENTED_EDGE('',*,*,#1217,.T.);
#767=ORIENTED_EDGE('',*,*,#1215,.F.);
#768=ORIENTED_EDGE('',*,*,#1218,.T.);
#769=ORIENTED_EDGE('',*,*,#1219,.T.);
#770=ORIENTED_EDGE('',*,*,#1220,.F.);
#771=ORIENTED_EDGE('',*,*,#1221,.T.);
#772=ORIENTED_EDGE('',*,*,#1222,.T.);
#773=ORIENTED_EDGE('',*,*,#1166,.F.);
#774=ORIENTED_EDGE('',*,*,#1223,.T.);
#775=ORIENTED_EDGE('',*,*,#1224,.T.);
#776=ORIENTED_EDGE('',*,*,#1220,.T.);
#777=ORIENTED_EDGE('',*,*,#1225,.T.);
#778=ORIENTED_EDGE('',*,*,#1226,.T.);
#779=ORIENTED_EDGE('',*,*,#1226,.F.);
#780=ORIENTED_EDGE('',*,*,#1227,.F.);
#781=ORIENTED_EDGE('',*,*,#925,.F.);
#782=ORIENTED_EDGE('',*,*,#1167,.F.);
#783=ORIENTED_EDGE('',*,*,#1228,.F.);
#784=ORIENTED_EDGE('',*,*,#926,.F.);
#785=ORIENTED_EDGE('',*,*,#1227,.T.);
#786=ORIENTED_EDGE('',*,*,#1225,.F.);
#787=ORIENTED_EDGE('',*,*,#1222,.F.);
#788=ORIENTED_EDGE('',*,*,#942,.F.);
#789=ORIENTED_EDGE('',*,*,#1228,.T.);
#790=ORIENTED_EDGE('',*,*,#1229,.F.);
#791=ORIENTED_EDGE('',*,*,#1221,.F.);
#792=ORIENTED_EDGE('',*,*,#1224,.F.);
#793=ORIENTED_EDGE('',*,*,#1230,.F.);
#794=ORIENTED_EDGE('',*,*,#957,.F.);
#795=ORIENTED_EDGE('',*,*,#1229,.T.);
#796=ORIENTED_EDGE('',*,*,#1230,.T.);
#797=ORIENTED_EDGE('',*,*,#1223,.F.);
#798=ORIENTED_EDGE('',*,*,#1165,.F.);
#799=ORIENTED_EDGE('',*,*,#945,.F.);
#800=ORIENTED_EDGE('',*,*,#1158,.F.);
#801=ORIENTED_EDGE('',*,*,#921,.F.);
#802=ORIENTED_EDGE('',*,*,#1231,.F.);
#803=ORIENTED_EDGE('',*,*,#1211,.F.);
#804=ORIENTED_EDGE('',*,*,#1231,.T.);
#805=ORIENTED_EDGE('',*,*,#920,.F.);
#806=ORIENTED_EDGE('',*,*,#1232,.F.);
#807=ORIENTED_EDGE('',*,*,#1206,.F.);
#808=ORIENTED_EDGE('',*,*,#1212,.F.);
#809=ORIENTED_EDGE('',*,*,#1232,.T.);
#810=ORIENTED_EDGE('',*,*,#975,.F.);
#811=ORIENTED_EDGE('',*,*,#1233,.F.);
#812=ORIENTED_EDGE('',*,*,#1233,.T.);
#813=ORIENTED_EDGE('',*,*,#950,.F.);
#814=ORIENTED_EDGE('',*,*,#1234,.F.);
#815=ORIENTED_EDGE('',*,*,#1209,.F.);
#816=ORIENTED_EDGE('',*,*,#1207,.F.);
#817=ORIENTED_EDGE('',*,*,#1234,.T.);
#818=ORIENTED_EDGE('',*,*,#949,.F.);
#819=ORIENTED_EDGE('',*,*,#1160,.F.);
#820=ORIENTED_EDGE('',*,*,#1210,.F.);
#821=ORIENTED_EDGE('',*,*,#1126,.F.);
#822=ORIENTED_EDGE('',*,*,#958,.F.);
#823=ORIENTED_EDGE('',*,*,#1235,.F.);
#824=ORIENTED_EDGE('',*,*,#1204,.F.);
#825=ORIENTED_EDGE('',*,*,#1235,.T.);
#826=ORIENTED_EDGE('',*,*,#970,.F.);
#827=ORIENTED_EDGE('',*,*,#1236,.F.);
#828=ORIENTED_EDGE('',*,*,#1199,.F.);
#829=ORIENTED_EDGE('',*,*,#1205,.F.);
#830=ORIENTED_EDGE('',*,*,#1236,.T.);
#831=ORIENTED_EDGE('',*,*,#971,.F.);
#832=ORIENTED_EDGE('',*,*,#1237,.F.);
#833=ORIENTED_EDGE('',*,*,#1237,.T.);
#834=ORIENTED_EDGE('',*,*,#908,.F.);
#835=ORIENTED_EDGE('',*,*,#1238,.F.);
#836=ORIENTED_EDGE('',*,*,#1202,.F.);
#837=ORIENTED_EDGE('',*,*,#1200,.F.);
#838=ORIENTED_EDGE('',*,*,#1238,.T.);
#839=ORIENTED_EDGE('',*,*,#907,.F.);
#840=ORIENTED_EDGE('',*,*,#1128,.F.);
#841=ORIENTED_EDGE('',*,*,#1203,.F.);
#842=ORIENTED_EDGE('',*,*,#1217,.F.);
#843=ORIENTED_EDGE('',*,*,#1239,.F.);
#844=ORIENTED_EDGE('',*,*,#962,.F.);
#845=ORIENTED_EDGE('',*,*,#1124,.F.);
#846=ORIENTED_EDGE('',*,*,#1240,.F.);
#847=ORIENTED_EDGE('',*,*,#963,.F.);
#848=ORIENTED_EDGE('',*,*,#1239,.T.);
#849=ORIENTED_EDGE('',*,*,#1216,.F.);
#850=ORIENTED_EDGE('',*,*,#1219,.F.);
#851=ORIENTED_EDGE('',*,*,#940,.F.);
#852=ORIENTED_EDGE('',*,*,#1240,.T.);
#853=ORIENTED_EDGE('',*,*,#1241,.F.);
#854=ORIENTED_EDGE('',*,*,#1218,.F.);
#855=ORIENTED_EDGE('',*,*,#1214,.F.);
#856=ORIENTED_EDGE('',*,*,#1242,.F.);
#857=ORIENTED_EDGE('',*,*,#936,.F.);
#858=ORIENTED_EDGE('',*,*,#1241,.T.);
#859=ORIENTED_EDGE('',*,*,#1242,.T.);
#860=ORIENTED_EDGE('',*,*,#1213,.F.);
#861=ORIENTED_EDGE('',*,*,#1122,.F.);
#862=ORIENTED_EDGE('',*,*,#937,.F.);
#863=ORIENTED_EDGE('',*,*,#1186,.F.);
#864=ORIENTED_EDGE('',*,*,#1243,.F.);
#865=ORIENTED_EDGE('',*,*,#1087,.F.);
#866=ORIENTED_EDGE('',*,*,#1143,.F.);
#867=ORIENTED_EDGE('',*,*,#1244,.F.);
#868=ORIENTED_EDGE('',*,*,#1088,.F.);
#869=ORIENTED_EDGE('',*,*,#1243,.T.);
#870=ORIENTED_EDGE('',*,*,#1185,.F.);
#871=ORIENTED_EDGE('',*,*,#1191,.F.);
#872=ORIENTED_EDGE('',*,*,#974,.F.);
#873=ORIENTED_EDGE('',*,*,#1244,.T.);
#874=ORIENTED_EDGE('',*,*,#1245,.F.);
#875=ORIENTED_EDGE('',*,*,#1141,.F.);
#876=ORIENTED_EDGE('',*,*,#911,.F.);
#877=ORIENTED_EDGE('',*,*,#1246,.F.);
#878=ORIENTED_EDGE('',*,*,#1187,.F.);
#879=ORIENTED_EDGE('',*,*,#1245,.T.);
#880=ORIENTED_EDGE('',*,*,#1190,.F.);
#881=ORIENTED_EDGE('',*,*,#1188,.F.);
#882=ORIENTED_EDGE('',*,*,#1246,.T.);
#883=ORIENTED_EDGE('',*,*,#910,.F.);
#884=ORIENTED_EDGE('',*,*,#1198,.F.);
#885=ORIENTED_EDGE('',*,*,#1247,.F.);
#886=ORIENTED_EDGE('',*,*,#917,.F.);
#887=ORIENTED_EDGE('',*,*,#1152,.F.);
#888=ORIENTED_EDGE('',*,*,#1248,.F.);
#889=ORIENTED_EDGE('',*,*,#918,.F.);
#890=ORIENTED_EDGE('',*,*,#1247,.T.);
#891=ORIENTED_EDGE('',*,*,#1197,.F.);
#892=ORIENTED_EDGE('',*,*,#1194,.F.);
#893=ORIENTED_EDGE('',*,*,#976,.F.);
#894=ORIENTED_EDGE('',*,*,#1248,.T.);
#895=ORIENTED_EDGE('',*,*,#1249,.F.);
#896=ORIENTED_EDGE('',*,*,#1193,.F.);
#897=ORIENTED_EDGE('',*,*,#1196,.F.);
#898=ORIENTED_EDGE('',*,*,#1250,.F.);
#899=ORIENTED_EDGE('',*,*,#1018,.F.);
#900=ORIENTED_EDGE('',*,*,#1249,.T.);
#901=ORIENTED_EDGE('',*,*,#1250,.T.);
#902=ORIENTED_EDGE('',*,*,#1195,.F.);
#903=ORIENTED_EDGE('',*,*,#1150,.F.);
#904=ORIENTED_EDGE('',*,*,#1011,.F.);
#905=EDGE_CURVE('',#1251,#1252,#1471,.F.);
#906=EDGE_CURVE('',#1252,#1253,#1472,.T.);
#907=EDGE_CURVE('',#1253,#1254,#1473,.T.);
#908=EDGE_CURVE('',#1254,#1255,#1474,.F.);
#909=EDGE_CURVE('',#1255,#1256,#1475,.T.);
#910=EDGE_CURVE('',#1256,#1257,#1476,.T.);
#911=EDGE_CURVE('',#1257,#1258,#1477,.T.);
#912=EDGE_CURVE('',#1258,#1259,#1478,.T.);
#913=EDGE_CURVE('',#1259,#1260,#1479,.F.);
#914=EDGE_CURVE('',#1260,#1261,#1480,.T.);
#915=EDGE_CURVE('',#1261,#1262,#1481,.F.);
#916=EDGE_CURVE('',#1262,#1263,#1482,.T.);
#917=EDGE_CURVE('',#1263,#1264,#1483,.F.);
#918=EDGE_CURVE('',#1264,#1265,#1484,.T.);
#919=EDGE_CURVE('',#1266,#1265,#1485,.T.);
#920=EDGE_CURVE('',#1266,#1267,#1486,.F.);
#921=EDGE_CURVE('',#1267,#1268,#1487,.F.);
#922=EDGE_CURVE('',#1268,#1269,#1488,.T.);
#923=EDGE_CURVE('',#1269,#1270,#1489,.F.);
#924=EDGE_CURVE('',#1270,#1271,#1490,.T.);
#925=EDGE_CURVE('',#1271,#1272,#1491,.F.);
#926=EDGE_CURVE('',#1272,#1273,#1492,.T.);
#927=EDGE_CURVE('',#1274,#1273,#1493,.T.);
#928=EDGE_CURVE('',#1274,#1275,#1494,.T.);
#929=EDGE_CURVE('',#1276,#1275,#1495,.T.);
#930=EDGE_CURVE('',#1276,#1277,#124,.T.);
#931=EDGE_CURVE('',#1277,#1278,#1496,.T.);
#932=EDGE_CURVE('',#1278,#1279,#125,.T.);
#933=EDGE_CURVE('',#1279,#1280,#1497,.T.);
#934=EDGE_CURVE('',#1280,#1281,#1498,.T.);
#935=EDGE_CURVE('',#1281,#1282,#1499,.T.);
#936=EDGE_CURVE('',#1282,#1283,#1500,.T.);
#937=EDGE_CURVE('',#1283,#1284,#1501,.T.);
#938=EDGE_CURVE('',#1284,#1251,#1502,.T.);
#939=EDGE_CURVE('',#1285,#1286,#1503,.T.);
#940=EDGE_CURVE('',#1286,#1282,#126,.T.);
#941=EDGE_CURVE('',#1281,#1285,#127,.F.);
#942=EDGE_CURVE('',#1273,#1287,#128,.T.);
#943=EDGE_CURVE('',#1288,#1287,#1504,.T.);
#944=EDGE_CURVE('',#1288,#1274,#129,.F.);
#945=EDGE_CURVE('',#1289,#1290,#1505,.T.);
#946=EDGE_CURVE('',#1290,#1291,#1506,.T.);
#947=EDGE_CURVE('',#1292,#1291,#1507,.T.);
#948=EDGE_CURVE('',#1292,#1293,#1508,.T.);
#949=EDGE_CURVE('',#1293,#1294,#1509,.T.);
#950=EDGE_CURVE('',#1294,#1295,#1510,.F.);
#951=EDGE_CURVE('',#1295,#1296,#1511,.T.);
#952=EDGE_CURVE('',#1296,#1297,#130,.T.);
#953=EDGE_CURVE('',#1297,#1298,#1512,.T.);
#954=EDGE_CURVE('',#1299,#1298,#1513,.T.);
#955=EDGE_CURVE('',#1299,#1300,#37,.F.);
#956=EDGE_CURVE('',#1300,#1288,#1514,.T.);
#957=EDGE_CURVE('',#1287,#1289,#1515,.T.);
#958=EDGE_CURVE('',#1301,#1302,#1516,.T.);
#959=EDGE_CURVE('',#1302,#1303,#1517,.T.);
#960=EDGE_CURVE('',#1304,#1303,#1518,.F.);
#961=EDGE_CURVE('',#1304,#1305,#1519,.T.);
#962=EDGE_CURVE('',#1305,#1306,#1520,.T.);
#963=EDGE_CURVE('',#1306,#1286,#1521,.T.);
#964=EDGE_CURVE('',#1307,#1285,#1522,.T.);
#965=EDGE_CURVE('',#1307,#1308,#38,.T.);
#966=EDGE_CURVE('',#1308,#1309,#1523,.T.);
#967=EDGE_CURVE('',#1309,#1310,#1524,.T.);
#968=EDGE_CURVE('',#1310,#1311,#131,.F.);
#969=EDGE_CURVE('',#1312,#1311,#1525,.T.);
#970=EDGE_CURVE('',#1312,#1301,#1526,.F.);
#971=EDGE_CURVE('',#1255,#1312,#132,.F.);
#972=EDGE_CURVE('',#1311,#1313,#1527,.T.);
#973=EDGE_CURVE('',#1313,#1314,#1528,.T.);
#974=EDGE_CURVE('',#1314,#1256,#133,.T.);
#975=EDGE_CURVE('',#1295,#1266,#134,.F.);
#976=EDGE_CURVE('',#1265,#1315,#135,.T.);
#977=EDGE_CURVE('',#1316,#1315,#1529,.T.);
#978=EDGE_CURVE('',#1296,#1316,#1530,.T.);
#979=EDGE_CURVE('',#1317,#1318,#1531,.T.);
#980=EDGE_CURVE('',#1317,#1319,#1532,.F.);
#981=EDGE_CURVE('',#1319,#1320,#1533,.T.);
#982=EDGE_CURVE('',#1318,#1320,#136,.T.);
#983=EDGE_CURVE('',#1321,#1322,#1534,.T.);
#984=EDGE_CURVE('',#1322,#1323,#137,.T.);
#985=EDGE_CURVE('',#1323,#1324,#1535,.T.);
#986=EDGE_CURVE('',#1325,#1324,#138,.T.);
#987=EDGE_CURVE('',#1325,#1326,#1536,.F.);
#988=EDGE_CURVE('',#1326,#1327,#139,.T.);
#989=EDGE_CURVE('',#1328,#1327,#1537,.T.);
#990=EDGE_CURVE('',#1328,#1329,#1538,.F.);
#991=EDGE_CURVE('',#1330,#1329,#1539,.T.);
#992=EDGE_CURVE('',#1321,#1330,#1540,.T.);
#993=EDGE_CURVE('',#1331,#1332,#1541,.T.);
#994=EDGE_CURVE('',#1331,#1333,#1542,.F.);
#995=EDGE_CURVE('',#1333,#1334,#1543,.T.);
#996=EDGE_CURVE('',#1335,#1334,#1544,.T.);
#997=EDGE_CURVE('',#1335,#1332,#39,.F.);
#998=EDGE_CURVE('',#1336,#1337,#1545,.T.);
#999=EDGE_CURVE('',#1336,#1338,#1546,.F.);
#1000=EDGE_CURVE('',#1338,#1339,#1547,.T.);
#1001=EDGE_CURVE('',#1337,#1339,#1548,.T.);
#1002=EDGE_CURVE('',#1340,#1341,#1549,.T.);
#1003=EDGE_CURVE('',#1340,#1342,#1550,.T.);
#1004=EDGE_CURVE('',#1342,#1343,#1551,.T.);
#1005=EDGE_CURVE('',#1343,#1344,#40,.T.);
#1006=EDGE_CURVE('',#1344,#1341,#1552,.T.);
#1007=EDGE_CURVE('',#1338,#1340,#140,.F.);
#1008=EDGE_CURVE('',#1339,#1341,#141,.F.);
#1009=EDGE_CURVE('',#1333,#1336,#142,.F.);
#1010=EDGE_CURVE('',#1334,#1337,#143,.F.);
#1011=EDGE_CURVE('',#1345,#1346,#1553,.T.);
#1012=EDGE_CURVE('',#1346,#1347,#1554,.T.);
#1013=EDGE_CURVE('',#1348,#1347,#1555,.T.);
#1014=EDGE_CURVE('',#1348,#1349,#1556,.T.);
#1015=EDGE_CURVE('',#1350,#1349,#1557,.T.);
#1016=EDGE_CURVE('',#1351,#1350,#1558,.T.);
#1017=EDGE_CURVE('',#1351,#1316,#144,.T.);
#1018=EDGE_CURVE('',#1315,#1345,#1559,.T.);
#1019=EDGE_CURVE('',#1352,#1353,#1560,.T.);
#1020=EDGE_CURVE('',#1353,#1354,#41,.F.);
#1021=EDGE_CURVE('',#1354,#1355,#1561,.T.);
#1022=EDGE_CURVE('',#1356,#1355,#1562,.T.);
#1023=EDGE_CURVE('',#1356,#1357,#145,.T.);
#1024=EDGE_CURVE('',#1357,#1358,#1563,.T.);
#1025=EDGE_CURVE('',#1358,#1359,#146,.T.);
#1026=EDGE_CURVE('',#1359,#1360,#1564,.T.);
#1027=EDGE_CURVE('',#1360,#1361,#1565,.T.);
#1028=EDGE_CURVE('',#1361,#1362,#42,.F.);
#1029=EDGE_CURVE('',#1363,#1362,#1566,.T.);
#1030=EDGE_CURVE('',#1352,#1363,#1567,.T.);
#1031=EDGE_CURVE('',#1364,#1365,#1568,.T.);
#1032=EDGE_CURVE('',#1364,#1321,#1569,.T.);
#1033=EDGE_CURVE('',#1330,#1365,#1570,.T.);
#1034=EDGE_CURVE('',#1366,#1367,#1571,.T.);
#1035=EDGE_CURVE('',#1366,#1368,#1572,.T.);
#1036=EDGE_CURVE('',#1368,#1369,#1573,.T.);
#1037=EDGE_CURVE('',#1367,#1369,#1574,.T.);
#1038=EDGE_CURVE('',#1370,#1371,#1575,.T.);
#1039=EDGE_CURVE('',#1372,#1370,#1576,.T.);
#1040=EDGE_CURVE('',#1373,#1372,#1577,.T.);
#1041=EDGE_CURVE('',#1371,#1373,#1578,.F.);
#1042=EDGE_CURVE('',#1374,#1323,#1579,.T.);
#1043=EDGE_CURVE('',#1375,#1374,#1580,.T.);
#1044=EDGE_CURVE('',#1324,#1375,#1581,.F.);
#1045=EDGE_CURVE('',#1376,#1377,#1582,.F.);
#1046=EDGE_CURVE('',#1378,#1376,#1583,.T.);
#1047=EDGE_CURVE('',#1379,#1378,#1584,.T.);
#1048=EDGE_CURVE('',#1377,#1379,#1585,.T.);
#1049=EDGE_CURVE('',#1380,#1381,#1586,.T.);
#1050=EDGE_CURVE('',#1382,#1380,#1587,.T.);
#1051=EDGE_CURVE('',#1383,#1382,#1588,.T.);
#1052=EDGE_CURVE('',#1381,#1383,#1589,.F.);
#1053=EDGE_CURVE('',#1384,#1385,#1590,.T.);
#1054=EDGE_CURVE('',#1384,#1386,#147,.F.);
#1055=EDGE_CURVE('',#1386,#1387,#1591,.T.);
#1056=EDGE_CURVE('',#1352,#1387,#1592,.T.);
#1057=EDGE_CURVE('',#1363,#1388,#1593,.T.);
#1058=EDGE_CURVE('',#1389,#1388,#1594,.T.);
#1059=EDGE_CURVE('',#1390,#1389,#1595,.T.);
#1060=EDGE_CURVE('',#1391,#1390,#1596,.T.);
#1061=EDGE_CURVE('',#1391,#1385,#148,.F.);
#1062=EDGE_CURVE('',#1300,#1353,#1597,.F.);
#1063=EDGE_CURVE('',#1275,#1387,#1598,.T.);
#1064=EDGE_CURVE('',#1308,#1392,#1599,.F.);
#1065=EDGE_CURVE('',#1392,#1393,#1600,.T.);
#1066=EDGE_CURVE('',#1393,#1309,#1601,.T.);
#1067=EDGE_CURVE('',#1394,#1395,#1602,.F.);
#1068=EDGE_CURVE('',#1395,#1396,#1603,.F.);
#1069=EDGE_CURVE('',#1396,#1397,#1604,.T.);
#1070=EDGE_CURVE('',#1397,#1394,#1605,.T.);
#1071=EDGE_CURVE('',#1398,#1399,#1606,.T.);
#1072=EDGE_CURVE('',#1399,#1400,#1607,.T.);
#1073=EDGE_CURVE('',#1400,#1401,#1608,.F.);
#1074=EDGE_CURVE('',#1401,#1398,#1609,.F.);
#1075=EDGE_CURVE('',#1392,#1402,#43,.T.);
#1076=EDGE_CURVE('',#1389,#1402,#1610,.T.);
#1077=EDGE_CURVE('',#1388,#1403,#1611,.T.);
#1078=EDGE_CURVE('',#1403,#1404,#44,.T.);
#1079=EDGE_CURVE('',#1405,#1404,#1612,.T.);
#1080=EDGE_CURVE('',#1406,#1405,#1613,.T.);
#1081=EDGE_CURVE('',#1406,#1407,#149,.F.);
#1082=EDGE_CURVE('',#1407,#1408,#1614,.T.);
#1083=EDGE_CURVE('',#1408,#1409,#150,.F.);
#1084=EDGE_CURVE('',#1409,#1393,#1615,.T.);
#1085=EDGE_CURVE('',#1354,#1299,#1616,.T.);
#1086=EDGE_CURVE('',#1355,#1298,#1617,.T.);
#1087=EDGE_CURVE('',#1410,#1411,#1618,.T.);
#1088=EDGE_CURVE('',#1411,#1314,#1619,.T.);
#1089=EDGE_CURVE('',#1313,#1412,#151,.F.);
#1090=EDGE_CURVE('',#1413,#1412,#1620,.T.);
#1091=EDGE_CURVE('',#1413,#1414,#1621,.T.);
#1092=EDGE_CURVE('',#1414,#1415,#1622,.F.);
#1093=EDGE_CURVE('',#1416,#1415,#1623,.F.);
#1094=EDGE_CURVE('',#1416,#1410,#1624,.T.);
#1095=EDGE_CURVE('',#1405,#1413,#1625,.T.);
#1096=EDGE_CURVE('',#1404,#1343,#1626,.T.);
#1097=EDGE_CURVE('',#1342,#1414,#1627,.T.);
#1098=EDGE_CURVE('',#1360,#1350,#1628,.T.);
#1099=EDGE_CURVE('',#1331,#1349,#1629,.T.);
#1100=EDGE_CURVE('',#1332,#1361,#1630,.F.);
#1101=EDGE_CURVE('',#1402,#1307,#1631,.T.);
#1102=EDGE_CURVE('',#1280,#1390,#1632,.T.);
#1103=EDGE_CURVE('',#1362,#1335,#1633,.T.);
#1104=EDGE_CURVE('',#1344,#1403,#1634,.F.);
#1105=EDGE_CURVE('',#1316,#1358,#1635,.F.);
#1106=EDGE_CURVE('',#1357,#1296,#1636,.T.);
#1107=EDGE_CURVE('',#1297,#1356,#1637,.F.);
#1108=EDGE_CURVE('',#1359,#1351,#1638,.T.);
#1109=EDGE_CURVE('',#1409,#1310,#1639,.T.);
#1110=EDGE_CURVE('',#1412,#1406,#1640,.F.);
#1111=EDGE_CURVE('',#1407,#1313,#1641,.T.);
#1112=EDGE_CURVE('',#1311,#1408,#1642,.F.);
#1113=EDGE_CURVE('',#1385,#1278,#1643,.F.);
#1114=EDGE_CURVE('',#1277,#1384,#1644,.T.);
#1115=EDGE_CURVE('',#1386,#1276,#1645,.F.);
#1116=EDGE_CURVE('',#1279,#1391,#1646,.T.);
#1117=EDGE_CURVE('',#1396,#1303,#152,.T.);
#1118=EDGE_CURVE('',#1395,#1304,#153,.T.);
#1119=EDGE_CURVE('',#1252,#1383,#154,.T.);
#1120=EDGE_CURVE('',#1251,#1381,#155,.T.);
#1121=EDGE_CURVE('',#1394,#1380,#156,.T.);
#1122=EDGE_CURVE('',#1284,#1417,#157,.T.);
#1123=EDGE_CURVE('',#1417,#1418,#158,.T.);
#1124=EDGE_CURVE('',#1418,#1305,#159,.T.);
#1125=EDGE_CURVE('',#1397,#1382,#160,.T.);
#1126=EDGE_CURVE('',#1302,#1419,#161,.T.);
#1127=EDGE_CURVE('',#1420,#1419,#162,.T.);
#1128=EDGE_CURVE('',#1420,#1253,#163,.T.);
#1129=EDGE_CURVE('',#1415,#1421,#20,.T.);
#1130=EDGE_CURVE('',#1400,#1421,#164,.T.);
#1131=EDGE_CURVE('',#1399,#1416,#165,.T.);
#1132=EDGE_CURVE('',#1422,#1377,#166,.T.);
#1133=EDGE_CURVE('',#1422,#1260,#21,.T.);
#1134=EDGE_CURVE('',#1259,#1376,#167,.T.);
#1135=EDGE_CURVE('',#1401,#1379,#168,.T.);
#1136=EDGE_CURVE('',#1421,#1423,#1647,.T.);
#1137=EDGE_CURVE('',#1423,#1424,#1648,.T.);
#1138=EDGE_CURVE('',#1424,#1425,#169,.T.);
#1139=EDGE_CURVE('',#1425,#1422,#1649,.F.);
#1140=EDGE_CURVE('',#1398,#1378,#170,.T.);
#1141=EDGE_CURVE('',#1258,#1426,#171,.T.);
#1142=EDGE_CURVE('',#1426,#1427,#172,.T.);
#1143=EDGE_CURVE('',#1427,#1410,#173,.T.);
#1144=EDGE_CURVE('',#1428,#1322,#1650,.T.);
#1145=EDGE_CURVE('',#1428,#1374,#174,.T.);
#1146=EDGE_CURVE('',#1262,#1375,#175,.T.);
#1147=EDGE_CURVE('',#1261,#1325,#22,.T.);
#1148=EDGE_CURVE('',#1364,#1428,#1651,.T.);
#1149=EDGE_CURVE('',#1365,#1347,#1652,.T.);
#1150=EDGE_CURVE('',#1346,#1429,#176,.T.);
#1151=EDGE_CURVE('',#1429,#1430,#177,.T.);
#1152=EDGE_CURVE('',#1430,#1263,#178,.T.);
#1153=EDGE_CURVE('',#1431,#1370,#179,.T.);
#1154=EDGE_CURVE('',#1431,#1432,#1653,.T.);
#1155=EDGE_CURVE('',#1432,#1372,#180,.T.);
#1156=EDGE_CURVE('',#1270,#1373,#181,.T.);
#1157=EDGE_CURVE('',#1269,#1371,#182,.T.);
#1158=EDGE_CURVE('',#1268,#1433,#183,.T.);
#1159=EDGE_CURVE('',#1434,#1433,#184,.T.);
#1160=EDGE_CURVE('',#1434,#1293,#185,.T.);
#1161=EDGE_CURVE('',#1366,#1292,#1654,.T.);
#1162=EDGE_CURVE('',#1367,#1431,#1655,.T.);
#1163=EDGE_CURVE('',#1369,#1432,#1656,.T.);
#1164=EDGE_CURVE('',#1368,#1291,#1657,.T.);
#1165=EDGE_CURVE('',#1290,#1435,#186,.T.);
#1166=EDGE_CURVE('',#1435,#1436,#187,.T.);
#1167=EDGE_CURVE('',#1436,#1271,#188,.T.);
#1168=EDGE_CURVE('',#1329,#1348,#189,.T.);
#1169=EDGE_CURVE('',#1423,#1414,#45,.F.);
#1170=EDGE_CURVE('',#1342,#1317,#46,.F.);
#1171=EDGE_CURVE('',#1318,#1424,#1658,.T.);
#1172=EDGE_CURVE('',#1349,#1328,#47,.T.);
#1173=EDGE_CURVE('',#1437,#1327,#1659,.T.);
#1174=EDGE_CURVE('',#1438,#1437,#1660,.T.);
#1175=EDGE_CURVE('',#1438,#1331,#48,.T.);
#1176=EDGE_CURVE('',#1320,#1439,#23,.T.);
#1177=EDGE_CURVE('',#1439,#1437,#190,.T.);
#1178=EDGE_CURVE('',#1326,#1425,#24,.T.);
#1179=EDGE_CURVE('',#1439,#1440,#1661,.T.);
#1180=EDGE_CURVE('',#1440,#1438,#1662,.T.);
#1181=EDGE_CURVE('',#1333,#1440,#191,.T.);
#1182=EDGE_CURVE('',#1336,#1440,#192,.T.);
#1183=EDGE_CURVE('',#1338,#1319,#193,.T.);
#1184=EDGE_CURVE('',#1340,#1319,#194,.T.);
#1185=EDGE_CURVE('',#1441,#1442,#25,.T.);
#1186=EDGE_CURVE('',#1442,#1427,#1663,.T.);
#1187=EDGE_CURVE('',#1426,#1443,#1664,.F.);
#1188=EDGE_CURVE('',#1443,#1444,#26,.T.);
#1189=EDGE_CURVE('',#1444,#1441,#195,.T.);
#1190=EDGE_CURVE('',#1444,#1445,#1665,.F.);
#1191=EDGE_CURVE('',#1445,#1441,#1666,.F.);
#1192=EDGE_CURVE('',#1446,#1447,#196,.T.);
#1193=EDGE_CURVE('',#1446,#1448,#1667,.F.);
#1194=EDGE_CURVE('',#1448,#1447,#1668,.F.);
#1195=EDGE_CURVE('',#1429,#1449,#1669,.F.);
#1196=EDGE_CURVE('',#1449,#1446,#27,.T.);
#1197=EDGE_CURVE('',#1447,#1450,#28,.T.);
#1198=EDGE_CURVE('',#1450,#1430,#1670,.T.);
#1199=EDGE_CURVE('',#1451,#1452,#1671,.T.);
#1200=EDGE_CURVE('',#1452,#1453,#1672,.T.);
#1201=EDGE_CURVE('',#1453,#1451,#197,.T.);
#1202=EDGE_CURVE('',#1453,#1454,#29,.T.);
#1203=EDGE_CURVE('',#1454,#1420,#1673,.T.);
#1204=EDGE_CURVE('',#1419,#1455,#1674,.F.);
#1205=EDGE_CURVE('',#1455,#1451,#30,.T.);
#1206=EDGE_CURVE('',#1456,#1457,#1675,.T.);
#1207=EDGE_CURVE('',#1457,#1458,#1676,.T.);
#1208=EDGE_CURVE('',#1458,#1456,#198,.T.);
#1209=EDGE_CURVE('',#1458,#1459,#31,.T.);
#1210=EDGE_CURVE('',#1459,#1434,#1677,.T.);
#1211=EDGE_CURVE('',#1433,#1460,#1678,.F.);
#1212=EDGE_CURVE('',#1460,#1456,#32,.T.);
#1213=EDGE_CURVE('',#1417,#1461,#1679,.F.);
#1214=EDGE_CURVE('',#1461,#1462,#33,.T.);
#1215=EDGE_CURVE('',#1462,#1463,#199,.T.);
#1216=EDGE_CURVE('',#1463,#1464,#34,.T.);
#1217=EDGE_CURVE('',#1464,#1418,#1680,.T.);
#1218=EDGE_CURVE('',#1462,#1465,#1681,.F.);
#1219=EDGE_CURVE('',#1465,#1463,#1682,.F.);
#1220=EDGE_CURVE('',#1466,#1467,#200,.T.);
#1221=EDGE_CURVE('',#1466,#1468,#1683,.F.);
#1222=EDGE_CURVE('',#1468,#1467,#1684,.F.);
#1223=EDGE_CURVE('',#1435,#1469,#1685,.F.);
#1224=EDGE_CURVE('',#1469,#1466,#35,.T.);
#1225=EDGE_CURVE('',#1467,#1470,#36,.T.);
#1226=EDGE_CURVE('',#1470,#1436,#1686,.T.);
#1227=EDGE_CURVE('',#1272,#1470,#49,.T.);
#1228=EDGE_CURVE('',#1273,#1468,#201,.T.);
#1229=EDGE_CURVE('',#1287,#1468,#202,.T.);
#1230=EDGE_CURVE('',#1289,#1469,#50,.T.);
#1231=EDGE_CURVE('',#1460,#1267,#51,.F.);
#1232=EDGE_CURVE('',#1457,#1266,#203,.T.);
#1233=EDGE_CURVE('',#1457,#1295,#204,.T.);
#1234=EDGE_CURVE('',#1459,#1294,#52,.F.);
#1235=EDGE_CURVE('',#1455,#1301,#53,.T.);
#1236=EDGE_CURVE('',#1452,#1312,#205,.T.);
#1237=EDGE_CURVE('',#1452,#1255,#206,.T.);
#1238=EDGE_CURVE('',#1454,#1254,#54,.F.);
#1239=EDGE_CURVE('',#1306,#1464,#55,.F.);
#1240=EDGE_CURVE('',#1286,#1465,#207,.T.);
#1241=EDGE_CURVE('',#1282,#1465,#208,.T.);
#1242=EDGE_CURVE('',#1283,#1461,#56,.T.);
#1243=EDGE_CURVE('',#1411,#1442,#57,.T.);
#1244=EDGE_CURVE('',#1314,#1445,#209,.T.);
#1245=EDGE_CURVE('',#1256,#1445,#210,.T.);
#1246=EDGE_CURVE('',#1443,#1257,#58,.T.);
#1247=EDGE_CURVE('',#1264,#1450,#59,.T.);
#1248=EDGE_CURVE('',#1265,#1448,#211,.T.);
#1249=EDGE_CURVE('',#1315,#1448,#212,.T.);
#1250=EDGE_CURVE('',#1345,#1449,#60,.T.);
#1251=VERTEX_POINT('',#3261);
#1252=VERTEX_POINT('',#3262);
#1253=VERTEX_POINT('',#3264);
#1254=VERTEX_POINT('',#3266);
#1255=VERTEX_POINT('',#3268);
#1256=VERTEX_POINT('',#3270);
#1257=VERTEX_POINT('',#3272);
#1258=VERTEX_POINT('',#3274);
#1259=VERTEX_POINT('',#3276);
#1260=VERTEX_POINT('',#3278);
#1261=VERTEX_POINT('',#3280);
#1262=VERTEX_POINT('',#3282);
#1263=VERTEX_POINT('',#3284);
#1264=VERTEX_POINT('',#3286);
#1265=VERTEX_POINT('',#3288);
#1266=VERTEX_POINT('',#3290);
#1267=VERTEX_POINT('',#3292);
#1268=VERTEX_POINT('',#3294);
#1269=VERTEX_POINT('',#3296);
#1270=VERTEX_POINT('',#3298);
#1271=VERTEX_POINT('',#3300);
#1272=VERTEX_POINT('',#3302);
#1273=VERTEX_POINT('',#3304);
#1274=VERTEX_POINT('',#3306);
#1275=VERTEX_POINT('',#3308);
#1276=VERTEX_POINT('',#3310);
#1277=VERTEX_POINT('',#3312);
#1278=VERTEX_POINT('',#3314);
#1279=VERTEX_POINT('',#3316);
#1280=VERTEX_POINT('',#3318);
#1281=VERTEX_POINT('',#3320);
#1282=VERTEX_POINT('',#3322);
#1283=VERTEX_POINT('',#3324);
#1284=VERTEX_POINT('',#3326);
#1285=VERTEX_POINT('',#3330);
#1286=VERTEX_POINT('',#3331);
#1287=VERTEX_POINT('',#3336);
#1288=VERTEX_POINT('',#3338);
#1289=VERTEX_POINT('',#3342);
#1290=VERTEX_POINT('',#3343);
#1291=VERTEX_POINT('',#3345);
#1292=VERTEX_POINT('',#3347);
#1293=VERTEX_POINT('',#3349);
#1294=VERTEX_POINT('',#3351);
#1295=VERTEX_POINT('',#3353);
#1296=VERTEX_POINT('',#3355);
#1297=VERTEX_POINT('',#3357);
#1298=VERTEX_POINT('',#3359);
#1299=VERTEX_POINT('',#3361);
#1300=VERTEX_POINT('',#3363);
#1301=VERTEX_POINT('',#3368);
#1302=VERTEX_POINT('',#3369);
#1303=VERTEX_POINT('',#3371);
#1304=VERTEX_POINT('',#3373);
#1305=VERTEX_POINT('',#3375);
#1306=VERTEX_POINT('',#3377);
#1307=VERTEX_POINT('',#3380);
#1308=VERTEX_POINT('',#3382);
#1309=VERTEX_POINT('',#3384);
#1310=VERTEX_POINT('',#3386);
#1311=VERTEX_POINT('',#3388);
#1312=VERTEX_POINT('',#3390);
#1313=VERTEX_POINT('',#3395);
#1314=VERTEX_POINT('',#3397);
#1315=VERTEX_POINT('',#3402);
#1316=VERTEX_POINT('',#3404);
#1317=VERTEX_POINT('',#3408);
#1318=VERTEX_POINT('',#3409);
#1319=VERTEX_POINT('',#3411);
#1320=VERTEX_POINT('',#3413);
#1321=VERTEX_POINT('',#3417);
#1322=VERTEX_POINT('',#3418);
#1323=VERTEX_POINT('',#3420);
#1324=VERTEX_POINT('',#3422);
#1325=VERTEX_POINT('',#3424);
#1326=VERTEX_POINT('',#3426);
#1327=VERTEX_POINT('',#3428);
#1328=VERTEX_POINT('',#3430);
#1329=VERTEX_POINT('',#3432);
#1330=VERTEX_POINT('',#3434);
#1331=VERTEX_POINT('',#3438);
#1332=VERTEX_POINT('',#3439);
#1333=VERTEX_POINT('',#3441);
#1334=VERTEX_POINT('',#3443);
#1335=VERTEX_POINT('',#3445);
#1336=VERTEX_POINT('',#3449);
#1337=VERTEX_POINT('',#3450);
#1338=VERTEX_POINT('',#3452);
#1339=VERTEX_POINT('',#3454);
#1340=VERTEX_POINT('',#3458);
#1341=VERTEX_POINT('',#3459);
#1342=VERTEX_POINT('',#3461);
#1343=VERTEX_POINT('',#3463);
#1344=VERTEX_POINT('',#3465);
#1345=VERTEX_POINT('',#3475);
#1346=VERTEX_POINT('',#3476);
#1347=VERTEX_POINT('',#3478);
#1348=VERTEX_POINT('',#3480);
#1349=VERTEX_POINT('',#3482);
#1350=VERTEX_POINT('',#3484);
#1351=VERTEX_POINT('',#3486);
#1352=VERTEX_POINT('',#3491);
#1353=VERTEX_POINT('',#3492);
#1354=VERTEX_POINT('',#3494);
#1355=VERTEX_POINT('',#3496);
#1356=VERTEX_POINT('',#3498);
#1357=VERTEX_POINT('',#3500);
#1358=VERTEX_POINT('',#3502);
#1359=VERTEX_POINT('',#3504);
#1360=VERTEX_POINT('',#3506);
#1361=VERTEX_POINT('',#3508);
#1362=VERTEX_POINT('',#3510);
#1363=VERTEX_POINT('',#3512);
#1364=VERTEX_POINT('',#3515);
#1365=VERTEX_POINT('',#3516);
#1366=VERTEX_POINT('',#3520);
#1367=VERTEX_POINT('',#3521);
#1368=VERTEX_POINT('',#3523);
#1369=VERTEX_POINT('',#3525);
#1370=VERTEX_POINT('',#3529);
#1371=VERTEX_POINT('',#3530);
#1372=VERTEX_POINT('',#3532);
#1373=VERTEX_POINT('',#3534);
#1374=VERTEX_POINT('',#3537);
#1375=VERTEX_POINT('',#3539);
#1376=VERTEX_POINT('',#3542);
#1377=VERTEX_POINT('',#3543);
#1378=VERTEX_POINT('',#3545);
#1379=VERTEX_POINT('',#3547);
#1380=VERTEX_POINT('',#3550);
#1381=VERTEX_POINT('',#3551);
#1382=VERTEX_POINT('',#3553);
#1383=VERTEX_POINT('',#3555);
#1384=VERTEX_POINT('',#3558);
#1385=VERTEX_POINT('',#3559);
#1386=VERTEX_POINT('',#3561);
#1387=VERTEX_POINT('',#3563);
#1388=VERTEX_POINT('',#3566);
#1389=VERTEX_POINT('',#3568);
#1390=VERTEX_POINT('',#3570);
#1391=VERTEX_POINT('',#3572);
#1392=VERTEX_POINT('',#3579);
#1393=VERTEX_POINT('',#3581);
#1394=VERTEX_POINT('',#3585);
#1395=VERTEX_POINT('',#3586);
#1396=VERTEX_POINT('',#3588);
#1397=VERTEX_POINT('',#3590);
#1398=VERTEX_POINT('',#3593);
#1399=VERTEX_POINT('',#3594);
#1400=VERTEX_POINT('',#3596);
#1401=VERTEX_POINT('',#3598);
#1402=VERTEX_POINT('',#3601);
#1403=VERTEX_POINT('',#3604);
#1404=VERTEX_POINT('',#3606);
#1405=VERTEX_POINT('',#3608);
#1406=VERTEX_POINT('',#3610);
#1407=VERTEX_POINT('',#3612);
#1408=VERTEX_POINT('',#3614);
#1409=VERTEX_POINT('',#3616);
#1410=VERTEX_POINT('',#3623);
#1411=VERTEX_POINT('',#3624);
#1412=VERTEX_POINT('',#3627);
#1413=VERTEX_POINT('',#3629);
#1414=VERTEX_POINT('',#3631);
#1415=VERTEX_POINT('',#3633);
#1416=VERTEX_POINT('',#3635);
#1417=VERTEX_POINT('',#3691);
#1418=VERTEX_POINT('',#3693);
#1419=VERTEX_POINT('',#3698);
#1420=VERTEX_POINT('',#3700);
#1421=VERTEX_POINT('',#3709);
#1422=VERTEX_POINT('',#3714);
#1423=VERTEX_POINT('',#3724);
#1424=VERTEX_POINT('',#3726);
#1425=VERTEX_POINT('',#3728);
#1426=VERTEX_POINT('',#3734);
#1427=VERTEX_POINT('',#3736);
#1428=VERTEX_POINT('',#3740);
#1429=VERTEX_POINT('',#3753);
#1430=VERTEX_POINT('',#3755);
#1431=VERTEX_POINT('',#3759);
#1432=VERTEX_POINT('',#3761);
#1433=VERTEX_POINT('',#3768);
#1434=VERTEX_POINT('',#3770);
#1435=VERTEX_POINT('',#3778);
#1436=VERTEX_POINT('',#3780);
#1437=VERTEX_POINT('',#3794);
#1438=VERTEX_POINT('',#3796);
#1439=VERTEX_POINT('',#3806);
#1440=VERTEX_POINT('',#3817);
#1441=VERTEX_POINT('',#3836);
#1442=VERTEX_POINT('',#3837);
#1443=VERTEX_POINT('',#3840);
#1444=VERTEX_POINT('',#3845);
#1445=VERTEX_POINT('',#3849);
#1446=VERTEX_POINT('',#3853);
#1447=VERTEX_POINT('',#3854);
#1448=VERTEX_POINT('',#3856);
#1449=VERTEX_POINT('',#3860);
#1450=VERTEX_POINT('',#3869);
#1451=VERTEX_POINT('',#3873);
#1452=VERTEX_POINT('',#3874);
#1453=VERTEX_POINT('',#3876);
#1454=VERTEX_POINT('',#3883);
#1455=VERTEX_POINT('',#3886);
#1456=VERTEX_POINT('',#3893);
#1457=VERTEX_POINT('',#3894);
#1458=VERTEX_POINT('',#3896);
#1459=VERTEX_POINT('',#3903);
#1460=VERTEX_POINT('',#3906);
#1461=VERTEX_POINT('',#3913);
#1462=VERTEX_POINT('',#3918);
#1463=VERTEX_POINT('',#3920);
#1464=VERTEX_POINT('',#3925);
#1465=VERTEX_POINT('',#3929);
#1466=VERTEX_POINT('',#3933);
#1467=VERTEX_POINT('',#3934);
#1468=VERTEX_POINT('',#3936);
#1469=VERTEX_POINT('',#3940);
#1470=VERTEX_POINT('',#3949);
#1471=LINE('',#3260,#1687);
#1472=LINE('',#3263,#1688);
#1473=LINE('',#3265,#1689);
#1474=LINE('',#3267,#1690);
#1475=LINE('',#3269,#1691);
#1476=LINE('',#3271,#1692);
#1477=LINE('',#3273,#1693);
#1478=LINE('',#3275,#1694);
#1479=LINE('',#3277,#1695);
#1480=LINE('',#3279,#1696);
#1481=LINE('',#3281,#1697);
#1482=LINE('',#3283,#1698);
#1483=LINE('',#3285,#1699);
#1484=LINE('',#3287,#1700);
#1485=LINE('',#3289,#1701);
#1486=LINE('',#3291,#1702);
#1487=LINE('',#3293,#1703);
#1488=LINE('',#3295,#1704);
#1489=LINE('',#3297,#1705);
#1490=LINE('',#3299,#1706);
#1491=LINE('',#3301,#1707);
#1492=LINE('',#3303,#1708);
#1493=LINE('',#3305,#1709);
#1494=LINE('',#3307,#1710);
#1495=LINE('',#3309,#1711);
#1496=LINE('',#3313,#1712);
#1497=LINE('',#3317,#1713);
#1498=LINE('',#3319,#1714);
#1499=LINE('',#3321,#1715);
#1500=LINE('',#3323,#1716);
#1501=LINE('',#3325,#1717);
#1502=LINE('',#3327,#1718);
#1503=LINE('',#3329,#1719);
#1504=LINE('',#3337,#1720);
#1505=LINE('',#3341,#1721);
#1506=LINE('',#3344,#1722);
#1507=LINE('',#3346,#1723);
#1508=LINE('',#3348,#1724);
#1509=LINE('',#3350,#1725);
#1510=LINE('',#3352,#1726);
#1511=LINE('',#3354,#1727);
#1512=LINE('',#3358,#1728);
#1513=LINE('',#3360,#1729);
#1514=LINE('',#3364,#1730);
#1515=LINE('',#3365,#1731);
#1516=LINE('',#3367,#1732);
#1517=LINE('',#3370,#1733);
#1518=LINE('',#3372,#1734);
#1519=LINE('',#3374,#1735);
#1520=LINE('',#3376,#1736);
#1521=LINE('',#3378,#1737);
#1522=LINE('',#3379,#1738);
#1523=LINE('',#3383,#1739);
#1524=LINE('',#3385,#1740);
#1525=LINE('',#3389,#1741);
#1526=LINE('',#3391,#1742);
#1527=LINE('',#3394,#1743);
#1528=LINE('',#3396,#1744);
#1529=LINE('',#3403,#1745);
#1530=LINE('',#3405,#1746);
#1531=LINE('',#3407,#1747);
#1532=LINE('',#3410,#1748);
#1533=LINE('',#3412,#1749);
#1534=LINE('',#3416,#1750);
#1535=LINE('',#3421,#1751);
#1536=LINE('',#3425,#1752);
#1537=LINE('',#3429,#1753);
#1538=LINE('',#3431,#1754);
#1539=LINE('',#3433,#1755);
#1540=LINE('',#3435,#1756);
#1541=LINE('',#3437,#1757);
#1542=LINE('',#3440,#1758);
#1543=LINE('',#3442,#1759);
#1544=LINE('',#3444,#1760);
#1545=LINE('',#3448,#1761);
#1546=LINE('',#3451,#1762);
#1547=LINE('',#3453,#1763);
#1548=LINE('',#3455,#1764);
#1549=LINE('',#3457,#1765);
#1550=LINE('',#3460,#1766);
#1551=LINE('',#3462,#1767);
#1552=LINE('',#3466,#1768);
#1553=LINE('',#3474,#1769);
#1554=LINE('',#3477,#1770);
#1555=LINE('',#3479,#1771);
#1556=LINE('',#3481,#1772);
#1557=LINE('',#3483,#1773);
#1558=LINE('',#3485,#1774);
#1559=LINE('',#3488,#1775);
#1560=LINE('',#3490,#1776);
#1561=LINE('',#3495,#1777);
#1562=LINE('',#3497,#1778);
#1563=LINE('',#3501,#1779);
#1564=LINE('',#3505,#1780);
#1565=LINE('',#3507,#1781);
#1566=LINE('',#3511,#1782);
#1567=LINE('',#3513,#1783);
#1568=LINE('',#3514,#1784);
#1569=LINE('',#3517,#1785);
#1570=LINE('',#3518,#1786);
#1571=LINE('',#3519,#1787);
#1572=LINE('',#3522,#1788);
#1573=LINE('',#3524,#1789);
#1574=LINE('',#3526,#1790);
#1575=LINE('',#3528,#1791);
#1576=LINE('',#3531,#1792);
#1577=LINE('',#3533,#1793);
#1578=LINE('',#3535,#1794);
#1579=LINE('',#3536,#1795);
#1580=LINE('',#3538,#1796);
#1581=LINE('',#3540,#1797);
#1582=LINE('',#3541,#1798);
#1583=LINE('',#3544,#1799);
#1584=LINE('',#3546,#1800);
#1585=LINE('',#3548,#1801);
#1586=LINE('',#3549,#1802);
#1587=LINE('',#3552,#1803);
#1588=LINE('',#3554,#1804);
#1589=LINE('',#3556,#1805);
#1590=LINE('',#3557,#1806);
#1591=LINE('',#3562,#1807);
#1592=LINE('',#3564,#1808);
#1593=LINE('',#3565,#1809);
#1594=LINE('',#3567,#1810);
#1595=LINE('',#3569,#1811);
#1596=LINE('',#3571,#1812);
#1597=LINE('',#3575,#1813);
#1598=LINE('',#3576,#1814);
#1599=LINE('',#3578,#1815);
#1600=LINE('',#3580,#1816);
#1601=LINE('',#3582,#1817);
#1602=LINE('',#3584,#1818);
#1603=LINE('',#3587,#1819);
#1604=LINE('',#3589,#1820);
#1605=LINE('',#3591,#1821);
#1606=LINE('',#3592,#1822);
#1607=LINE('',#3595,#1823);
#1608=LINE('',#3597,#1824);
#1609=LINE('',#3599,#1825);
#1610=LINE('',#3602,#1826);
#1611=LINE('',#3603,#1827);
#1612=LINE('',#3607,#1828);
#1613=LINE('',#3609,#1829);
#1614=LINE('',#3613,#1830);
#1615=LINE('',#3617,#1831);
#1616=LINE('',#3619,#1832);
#1617=LINE('',#3620,#1833);
#1618=LINE('',#3622,#1834);
#1619=LINE('',#3625,#1835);
#1620=LINE('',#3628,#1836);
#1621=LINE('',#3630,#1837);
#1622=LINE('',#3632,#1838);
#1623=LINE('',#3634,#1839);
#1624=LINE('',#3636,#1840);
#1625=LINE('',#3638,#1841);
#1626=LINE('',#3639,#1842);
#1627=LINE('',#3640,#1843);
#1628=LINE('',#3642,#1844);
#1629=LINE('',#3643,#1845);
#1630=LINE('',#3644,#1846);
#1631=LINE('',#3646,#1847);
#1632=LINE('',#3647,#1848);
#1633=LINE('',#3649,#1849);
#1634=LINE('',#3650,#1850);
#1635=LINE('',#3654,#1851);
#1636=LINE('',#3655,#1852);
#1637=LINE('',#3657,#1853);
#1638=LINE('',#3659,#1854);
#1639=LINE('',#3663,#1855);
#1640=LINE('',#3665,#1856);
#1641=LINE('',#3667,#1857);
#1642=LINE('',#3668,#1858);
#1643=LINE('',#3672,#1859);
#1644=LINE('',#3673,#1860);
#1645=LINE('',#3675,#1861);
#1646=LINE('',#3677,#1862);
#1647=LINE('',#3723,#1863);
#1648=LINE('',#3725,#1864);
#1649=LINE('',#3729,#1865);
#1650=LINE('',#3739,#1866);
#1651=LINE('',#3750,#1867);
#1652=LINE('',#3751,#1868);
#1653=LINE('',#3760,#1869);
#1654=LINE('',#3772,#1870);
#1655=LINE('',#3773,#1871);
#1656=LINE('',#3775,#1872);
#1657=LINE('',#3776,#1873);
#1658=LINE('',#3790,#1874);
#1659=LINE('',#3793,#1875);
#1660=LINE('',#3795,#1876);
#1661=LINE('',#3816,#1877);
#1662=LINE('',#3818,#1878);
#1663=LINE('',#3838,#1879);
#1664=LINE('',#3839,#1880);
#1665=LINE('',#3848,#1881);
#1666=LINE('',#3850,#1882);
#1667=LINE('',#3855,#1883);
#1668=LINE('',#3857,#1884);
#1669=LINE('',#3859,#1885);
#1670=LINE('',#3870,#1886);
#1671=LINE('',#3872,#1887);
#1672=LINE('',#3875,#1888);
#1673=LINE('',#3884,#1889);
#1674=LINE('',#3885,#1890);
#1675=LINE('',#3892,#1891);
#1676=LINE('',#3895,#1892);
#1677=LINE('',#3904,#1893);
#1678=LINE('',#3905,#1894);
#1679=LINE('',#3912,#1895);
#1680=LINE('',#3926,#1896);
#1681=LINE('',#3928,#1897);
#1682=LINE('',#3930,#1898);
#1683=LINE('',#3935,#1899);
#1684=LINE('',#3937,#1900);
#1685=LINE('',#3939,#1901);
#1686=LINE('',#3950,#1902);
#1687=VECTOR('',#2578,1.);
#1688=VECTOR('',#2579,1.);
#1689=VECTOR('',#2580,1.);
#1690=VECTOR('',#2581,1.);
#1691=VECTOR('',#2582,1.);
#1692=VECTOR('',#2583,1.);
#1693=VECTOR('',#2584,1.);
#1694=VECTOR('',#2585,1.);
#1695=VECTOR('',#2586,1.);
#1696=VECTOR('',#2587,1.);
#1697=VECTOR('',#2588,1.);
#1698=VECTOR('',#2589,1.);
#1699=VECTOR('',#2590,1.);
#1700=VECTOR('',#2591,1.);
#1701=VECTOR('',#2592,1.);
#1702=VECTOR('',#2593,1.);
#1703=VECTOR('',#2594,1.);
#1704=VECTOR('',#2595,1.);
#1705=VECTOR('',#2596,1.);
#1706=VECTOR('',#2597,1.);
#1707=VECTOR('',#2598,1.);
#1708=VECTOR('',#2599,1.);
#1709=VECTOR('',#2600,1.);
#1710=VECTOR('',#2601,1.);
#1711=VECTOR('',#2602,1.);
#1712=VECTOR('',#2605,1.);
#1713=VECTOR('',#2608,1.);
#1714=VECTOR('',#2609,1.);
#1715=VECTOR('',#2610,1.);
#1716=VECTOR('',#2611,1.);
#1717=VECTOR('',#2612,1.);
#1718=VECTOR('',#2613,1.);
#1719=VECTOR('',#2616,1.);
#1720=VECTOR('',#2625,1.);
#1721=VECTOR('',#2630,1.);
#1722=VECTOR('',#2631,1.);
#1723=VECTOR('',#2632,1.);
#1724=VECTOR('',#2633,1.);
#1725=VECTOR('',#2634,1.);
#1726=VECTOR('',#2635,1.);
#1727=VECTOR('',#2636,1.);
#1728=VECTOR('',#2639,1.);
#1729=VECTOR('',#2640,1.);
#1730=VECTOR('',#2643,1.);
#1731=VECTOR('',#2644,1.);
#1732=VECTOR('',#2647,1.);
#1733=VECTOR('',#2648,1.);
#1734=VECTOR('',#2649,1.);
#1735=VECTOR('',#2650,1.);
#1736=VECTOR('',#2651,1.);
#1737=VECTOR('',#2652,1.);
#1738=VECTOR('',#2653,1.);
#1739=VECTOR('',#2656,1.);
#1740=VECTOR('',#2657,1.);
#1741=VECTOR('',#2660,1.);
#1742=VECTOR('',#2661,1.);
#1743=VECTOR('',#2666,1.);
#1744=VECTOR('',#2667,1.);
#1745=VECTOR('',#2676,1.);
#1746=VECTOR('',#2677,1.);
#1747=VECTOR('',#2680,1.);
#1748=VECTOR('',#2681,1.);
#1749=VECTOR('',#2682,1.);
#1750=VECTOR('',#2687,1.);
#1751=VECTOR('',#2690,1.);
#1752=VECTOR('',#2693,1.);
#1753=VECTOR('',#2696,1.);
#1754=VECTOR('',#2697,1.);
#1755=VECTOR('',#2698,1.);
#1756=VECTOR('',#2699,1.);
#1757=VECTOR('',#2702,1.);
#1758=VECTOR('',#2703,1.);
#1759=VECTOR('',#2704,1.);
#1760=VECTOR('',#2705,1.);
#1761=VECTOR('',#2710,1.);
#1762=VECTOR('',#2711,1.);
#1763=VECTOR('',#2712,1.);
#1764=VECTOR('',#2713,1.);
#1765=VECTOR('',#2716,1.);
#1766=VECTOR('',#2717,1.);
#1767=VECTOR('',#2718,1.);
#1768=VECTOR('',#2721,1.);
#1769=VECTOR('',#2736,1.);
#1770=VECTOR('',#2737,1.);
#1771=VECTOR('',#2738,1.);
#1772=VECTOR('',#2739,1.);
#1773=VECTOR('',#2740,1.);
#1774=VECTOR('',#2741,1.);
#1775=VECTOR('',#2744,1.);
#1776=VECTOR('',#2747,1.);
#1777=VECTOR('',#2750,1.);
#1778=VECTOR('',#2751,1.);
#1779=VECTOR('',#2754,1.);
#1780=VECTOR('',#2757,1.);
#1781=VECTOR('',#2758,1.);
#1782=VECTOR('',#2761,1.);
#1783=VECTOR('',#2762,1.);
#1784=VECTOR('',#2763,1.);
#1785=VECTOR('',#2764,1.);
#1786=VECTOR('',#2765,1.);
#1787=VECTOR('',#2766,1.);
#1788=VECTOR('',#2767,1.);
#1789=VECTOR('',#2768,1.);
#1790=VECTOR('',#2769,1.);
#1791=VECTOR('',#2772,1.);
#1792=VECTOR('',#2773,1.);
#1793=VECTOR('',#2774,1.);
#1794=VECTOR('',#2775,1.);
#1795=VECTOR('',#2776,1.);
#1796=VECTOR('',#2777,1.);
#1797=VECTOR('',#2778,1.);
#1798=VECTOR('',#2779,1.);
#1799=VECTOR('',#2780,1.);
#1800=VECTOR('',#2781,1.);
#1801=VECTOR('',#2782,1.);
#1802=VECTOR('',#2783,1.);
#1803=VECTOR('',#2784,1.);
#1804=VECTOR('',#2785,1.);
#1805=VECTOR('',#2786,1.);
#1806=VECTOR('',#2787,1.);
#1807=VECTOR('',#2790,1.);
#1808=VECTOR('',#2791,1.);
#1809=VECTOR('',#2792,1.);
#1810=VECTOR('',#2793,1.);
#1811=VECTOR('',#2794,1.);
#1812=VECTOR('',#2795,1.);
#1813=VECTOR('',#2800,1.);
#1814=VECTOR('',#2801,1.);
#1815=VECTOR('',#2804,1.);
#1816=VECTOR('',#2805,1.);
#1817=VECTOR('',#2806,1.);
#1818=VECTOR('',#2809,1.);
#1819=VECTOR('',#2810,1.);
#1820=VECTOR('',#2811,1.);
#1821=VECTOR('',#2812,1.);
#1822=VECTOR('',#2813,1.);
#1823=VECTOR('',#2814,1.);
#1824=VECTOR('',#2815,1.);
#1825=VECTOR('',#2816,1.);
#1826=VECTOR('',#2819,1.);
#1827=VECTOR('',#2820,1.);
#1828=VECTOR('',#2823,1.);
#1829=VECTOR('',#2824,1.);
#1830=VECTOR('',#2827,1.);
#1831=VECTOR('',#2830,1.);
#1832=VECTOR('',#2833,1.);
#1833=VECTOR('',#2834,1.);
#1834=VECTOR('',#2837,1.);
#1835=VECTOR('',#2838,1.);
#1836=VECTOR('',#2841,1.);
#1837=VECTOR('',#2842,1.);
#1838=VECTOR('',#2843,1.);
#1839=VECTOR('',#2844,1.);
#1840=VECTOR('',#2845,1.);
#1841=VECTOR('',#2848,1.);
#1842=VECTOR('',#2849,1.);
#1843=VECTOR('',#2850,1.);
#1844=VECTOR('',#2853,1.);
#1845=VECTOR('',#2854,1.);
#1846=VECTOR('',#2855,1.);
#1847=VECTOR('',#2858,1.);
#1848=VECTOR('',#2859,1.);
#1849=VECTOR('',#2862,1.);
#1850=VECTOR('',#2863,1.);
#1851=VECTOR('',#2870,1.);
#1852=VECTOR('',#2871,1.);
#1853=VECTOR('',#2874,1.);
#1854=VECTOR('',#2877,1.);
#1855=VECTOR('',#2884,1.);
#1856=VECTOR('',#2887,1.);
#1857=VECTOR('',#2890,1.);
#1858=VECTOR('',#2891,1.);
#1859=VECTOR('',#2898,1.);
#1860=VECTOR('',#2899,1.);
#1861=VECTOR('',#2902,1.);
#1862=VECTOR('',#2905,1.);
#1863=VECTOR('',#2964,1.);
#1864=VECTOR('',#2965,1.);
#1865=VECTOR('',#2968,1.);
#1866=VECTOR('',#2983,1.);
#1867=VECTOR('',#2992,1.);
#1868=VECTOR('',#2993,1.);
#1869=VECTOR('',#3004,1.);
#1870=VECTOR('',#3021,1.);
#1871=VECTOR('',#3022,1.);
#1872=VECTOR('',#3025,1.);
#1873=VECTOR('',#3026,1.);
#1874=VECTOR('',#3049,1.);
#1875=VECTOR('',#3054,1.);
#1876=VECTOR('',#3055,1.);
#1877=VECTOR('',#3064,1.);
#1878=VECTOR('',#3065,1.);
#1879=VECTOR('',#3092,1.);
#1880=VECTOR('',#3093,1.);
#1881=VECTOR('',#3098,1.);
#1882=VECTOR('',#3099,1.);
#1883=VECTOR('',#3104,1.);
#1884=VECTOR('',#3105,1.);
#1885=VECTOR('',#3108,1.);
#1886=VECTOR('',#3109,1.);
#1887=VECTOR('',#3112,1.);
#1888=VECTOR('',#3113,1.);
#1889=VECTOR('',#3118,1.);
#1890=VECTOR('',#3119,1.);
#1891=VECTOR('',#3122,1.);
#1892=VECTOR('',#3123,1.);
#1893=VECTOR('',#3128,1.);
#1894=VECTOR('',#3129,1.);
#1895=VECTOR('',#3132,1.);
#1896=VECTOR('',#3135,1.);
#1897=VECTOR('',#3138,1.);
#1898=VECTOR('',#3139,1.);
#1899=VECTOR('',#3144,1.);
#1900=VECTOR('',#3145,1.);
#1901=VECTOR('',#3148,1.);
#1902=VECTOR('',#3149,1.);
#1903=EDGE_LOOP('',(#213,#214,#215,#216,#217,#218,#219,#220,#221,#222,#223,
#224,#225,#226,#227,#228,#229,#230,#231,#232,#233,#234,#235,#236,#237,#238,
#239,#240,#241,#242,#243,#244,#245,#246));
#1904=EDGE_LOOP('',(#247,#248,#249,#250));
#1905=EDGE_LOOP('',(#251,#252,#253,#254));
#1906=EDGE_LOOP('',(#255,#256,#257,#258,#259,#260,#261,#262,#263,#264,#265,
#266,#267,#268));
#1907=EDGE_LOOP('',(#269,#270,#271,#272,#273,#274,#275,#276,#277,#278,#279,
#280,#281,#282));
#1908=EDGE_LOOP('',(#283,#284,#285,#286,#287,#288));
#1909=EDGE_LOOP('',(#289,#290,#291,#292,#293,#294));
#1910=EDGE_LOOP('',(#295,#296,#297,#298));
#1911=EDGE_LOOP('',(#299,#300,#301,#302,#303,#304,#305,#306,#307,#308));
#1912=EDGE_LOOP('',(#309,#310,#311,#312,#313));
#1913=EDGE_LOOP('',(#314,#315,#316,#317));
#1914=EDGE_LOOP('',(#318,#319,#320,#321,#322));
#1915=EDGE_LOOP('',(#323,#324,#325,#326));
#1916=EDGE_LOOP('',(#327,#328,#329,#330));
#1917=EDGE_LOOP('',(#331,#332,#333,#334,#335,#336,#337,#338,#339));
#1918=EDGE_LOOP('',(#340,#341,#342,#343,#344,#345,#346,#347,#348,#349,#350,
#351));
#1919=EDGE_LOOP('',(#352,#353,#354,#355));
#1920=EDGE_LOOP('',(#356,#357,#358,#359));
#1921=EDGE_LOOP('',(#360,#361,#362,#363));
#1922=EDGE_LOOP('',(#364,#365,#366,#367));
#1923=EDGE_LOOP('',(#368,#369,#370,#371));
#1924=EDGE_LOOP('',(#372,#373,#374,#375));
#1925=EDGE_LOOP('',(#376,#377,#378,#379,#380,#381,#382,#383,#384,#385));
#1926=EDGE_LOOP('',(#386,#387,#388,#389,#390,#391,#392));
#1927=EDGE_LOOP('',(#393,#394,#395,#396));
#1928=EDGE_LOOP('',(#397,#398,#399,#400));
#1929=EDGE_LOOP('',(#401,#402,#403,#404));
#1930=EDGE_LOOP('',(#405,#406,#407,#408,#409,#410,#411,#412,#413,#414,#415,
#416));
#1931=EDGE_LOOP('',(#417,#418,#419,#420));
#1932=EDGE_LOOP('',(#421,#422,#423,#424,#425,#426,#427,#428,#429));
#1933=EDGE_LOOP('',(#430,#431,#432,#433,#434,#435));
#1934=EDGE_LOOP('',(#436,#437,#438,#439,#440,#441));
#1935=EDGE_LOOP('',(#442,#443,#444,#445,#446,#447,#448));
#1936=EDGE_LOOP('',(#449,#450,#451,#452,#453,#454,#455,#456,#457,#458));
#1937=EDGE_LOOP('',(#459,#460,#461,#462));
#1938=EDGE_LOOP('',(#463,#464,#465,#466));
#1939=EDGE_LOOP('',(#467,#468,#469,#470));
#1940=EDGE_LOOP('',(#471,#472,#473,#474));
#1941=EDGE_LOOP('',(#475,#476,#477,#478));
#1942=EDGE_LOOP('',(#479,#480,#481,#482));
#1943=EDGE_LOOP('',(#483,#484,#485,#486));
#1944=EDGE_LOOP('',(#487,#488,#489,#490));
#1945=EDGE_LOOP('',(#491,#492,#493,#494));
#1946=EDGE_LOOP('',(#495,#496,#497,#498));
#1947=EDGE_LOOP('',(#499,#500,#501,#502));
#1948=EDGE_LOOP('',(#503,#504,#505,#506));
#1949=EDGE_LOOP('',(#507,#508,#509,#510));
#1950=EDGE_LOOP('',(#511,#512,#513,#514));
#1951=EDGE_LOOP('',(#515,#516,#517,#518));
#1952=EDGE_LOOP('',(#519,#520,#521,#522));
#1953=EDGE_LOOP('',(#523,#524,#525,#526));
#1954=EDGE_LOOP('',(#527,#528,#529,#530));
#1955=EDGE_LOOP('',(#531,#532,#533,#534));
#1956=EDGE_LOOP('',(#535,#536,#537,#538));
#1957=EDGE_LOOP('',(#539,#540,#541,#542));
#1958=EDGE_LOOP('',(#543,#544,#545,#546,#547,#548,#549,#550,#551,#552));
#1959=EDGE_LOOP('',(#553,#554,#555,#556,#557,#558,#559,#560,#561,#562));
#1960=EDGE_LOOP('',(#563,#564,#565,#566));
#1961=EDGE_LOOP('',(#567,#568,#569,#570,#571));
#1962=EDGE_LOOP('',(#572,#573,#574,#575,#576));
#1963=EDGE_LOOP('',(#577,#578,#579,#580,#581,#582,#583,#584,#585));
#1964=EDGE_LOOP('',(#586,#587,#588,#589));
#1965=EDGE_LOOP('',(#590,#591,#592,#593,#594,#595,#596,#597,#598,#599));
#1966=EDGE_LOOP('',(#600,#601,#602,#603));
#1967=EDGE_LOOP('',(#604,#605,#606,#607,#608));
#1968=EDGE_LOOP('',(#609,#610,#611,#612,#613,#614,#615,#616,#617,#618,#619));
#1969=EDGE_LOOP('',(#620,#621,#622,#623));
#1970=EDGE_LOOP('',(#624,#625,#626,#627));
#1971=EDGE_LOOP('',(#628,#629,#630,#631,#632,#633,#634,#635,#636,#637,#638));
#1972=EDGE_LOOP('',(#639,#640,#641,#642,#643,#644,#645,#646,#647,#648,#649));
#1973=EDGE_LOOP('',(#650,#651,#652,#653));
#1974=EDGE_LOOP('',(#654,#655,#656,#657));
#1975=EDGE_LOOP('',(#658,#659,#660,#661));
#1976=EDGE_LOOP('',(#662,#663,#664,#665,#666));
#1977=EDGE_LOOP('',(#667,#668,#669,#670,#671,#672));
#1978=EDGE_LOOP('',(#673,#674,#675,#676,#677,#678));
#1979=EDGE_LOOP('',(#679,#680,#681,#682,#683,#684,#685,#686));
#1980=EDGE_LOOP('',(#687,#688,#689,#690));
#1981=EDGE_LOOP('',(#691,#692,#693,#694));
#1982=EDGE_LOOP('',(#695,#696,#697,#698));
#1983=EDGE_LOOP('',(#699,#700,#701));
#1984=EDGE_LOOP('',(#702,#703,#704,#705,#706,#707));
#1985=EDGE_LOOP('',(#708,#709,#710));
#1986=EDGE_LOOP('',(#711,#712,#713,#714));
#1987=EDGE_LOOP('',(#715,#716,#717,#718,#719,#720));
#1988=EDGE_LOOP('',(#721,#722,#723,#724));
#1989=EDGE_LOOP('',(#725,#726,#727,#728,#729,#730));
#1990=EDGE_LOOP('',(#731,#732,#733));
#1991=EDGE_LOOP('',(#734,#735,#736));
#1992=EDGE_LOOP('',(#737,#738,#739,#740,#741,#742));
#1993=EDGE_LOOP('',(#743,#744,#745));
#1994=EDGE_LOOP('',(#746,#747,#748,#749,#750,#751));
#1995=EDGE_LOOP('',(#752,#753,#754));
#1996=EDGE_LOOP('',(#755,#756,#757,#758,#759,#760));
#1997=EDGE_LOOP('',(#761,#762,#763,#764,#765,#766));
#1998=EDGE_LOOP('',(#767,#768,#769));
#1999=EDGE_LOOP('',(#770,#771,#772));
#2000=EDGE_LOOP('',(#773,#774,#775,#776,#777,#778));
#2001=EDGE_LOOP('',(#779,#780,#781,#782));
#2002=EDGE_LOOP('',(#783,#784,#785,#786,#787));
#2003=EDGE_LOOP('',(#788,#789,#790));
#2004=EDGE_LOOP('',(#791,#792,#793,#794,#795));
#2005=EDGE_LOOP('',(#796,#797,#798,#799));
#2006=EDGE_LOOP('',(#800,#801,#802,#803));
#2007=EDGE_LOOP('',(#804,#805,#806,#807,#808));
#2008=EDGE_LOOP('',(#809,#810,#811));
#2009=EDGE_LOOP('',(#812,#813,#814,#815,#816));
#2010=EDGE_LOOP('',(#817,#818,#819,#820));
#2011=EDGE_LOOP('',(#821,#822,#823,#824));
#2012=EDGE_LOOP('',(#825,#826,#827,#828,#829));
#2013=EDGE_LOOP('',(#830,#831,#832));
#2014=EDGE_LOOP('',(#833,#834,#835,#836,#837));
#2015=EDGE_LOOP('',(#838,#839,#840,#841));
#2016=EDGE_LOOP('',(#842,#843,#844,#845));
#2017=EDGE_LOOP('',(#846,#847,#848,#849,#850));
#2018=EDGE_LOOP('',(#851,#852,#853));
#2019=EDGE_LOOP('',(#854,#855,#856,#857,#858));
#2020=EDGE_LOOP('',(#859,#860,#861,#862));
#2021=EDGE_LOOP('',(#863,#864,#865,#866));
#2022=EDGE_LOOP('',(#867,#868,#869,#870,#871));
#2023=EDGE_LOOP('',(#872,#873,#874));
#2024=EDGE_LOOP('',(#875,#876,#877,#878));
#2025=EDGE_LOOP('',(#879,#880,#881,#882,#883));
#2026=EDGE_LOOP('',(#884,#885,#886,#887));
#2027=EDGE_LOOP('',(#888,#889,#890,#891,#892));
#2028=EDGE_LOOP('',(#893,#894,#895));
#2029=EDGE_LOOP('',(#896,#897,#898,#899,#900));
#2030=EDGE_LOOP('',(#901,#902,#903,#904));
#2031=FACE_BOUND('',#1903,.T.);
#2032=FACE_BOUND('',#1904,.T.);
#2033=FACE_BOUND('',#1905,.T.);
#2034=FACE_BOUND('',#1906,.T.);
#2035=FACE_BOUND('',#1907,.T.);
#2036=FACE_BOUND('',#1908,.T.);
#2037=FACE_BOUND('',#1909,.T.);
#2038=FACE_BOUND('',#1910,.T.);
#2039=FACE_BOUND('',#1911,.T.);
#2040=FACE_BOUND('',#1912,.T.);
#2041=FACE_BOUND('',#1913,.T.);
#2042=FACE_BOUND('',#1914,.T.);
#2043=FACE_BOUND('',#1915,.T.);
#2044=FACE_BOUND('',#1916,.T.);
#2045=FACE_BOUND('',#1917,.T.);
#2046=FACE_BOUND('',#1918,.T.);
#2047=FACE_BOUND('',#1919,.T.);
#2048=FACE_BOUND('',#1920,.T.);
#2049=FACE_BOUND('',#1921,.T.);
#2050=FACE_BOUND('',#1922,.T.);
#2051=FACE_BOUND('',#1923,.T.);
#2052=FACE_BOUND('',#1924,.T.);
#2053=FACE_BOUND('',#1925,.T.);
#2054=FACE_BOUND('',#1926,.T.);
#2055=FACE_BOUND('',#1927,.T.);
#2056=FACE_BOUND('',#1928,.T.);
#2057=FACE_BOUND('',#1929,.T.);
#2058=FACE_BOUND('',#1930,.T.);
#2059=FACE_BOUND('',#1931,.T.);
#2060=FACE_BOUND('',#1932,.T.);
#2061=FACE_BOUND('',#1933,.T.);
#2062=FACE_BOUND('',#1934,.T.);
#2063=FACE_BOUND('',#1935,.T.);
#2064=FACE_BOUND('',#1936,.T.);
#2065=FACE_BOUND('',#1937,.T.);
#2066=FACE_BOUND('',#1938,.T.);
#2067=FACE_BOUND('',#1939,.T.);
#2068=FACE_BOUND('',#1940,.T.);
#2069=FACE_BOUND('',#1941,.T.);
#2070=FACE_BOUND('',#1942,.T.);
#2071=FACE_BOUND('',#1943,.T.);
#2072=FACE_BOUND('',#1944,.T.);
#2073=FACE_BOUND('',#1945,.T.);
#2074=FACE_BOUND('',#1946,.T.);
#2075=FACE_BOUND('',#1947,.T.);
#2076=FACE_BOUND('',#1948,.T.);
#2077=FACE_BOUND('',#1949,.T.);
#2078=FACE_BOUND('',#1950,.T.);
#2079=FACE_BOUND('',#1951,.T.);
#2080=FACE_BOUND('',#1952,.T.);
#2081=FACE_BOUND('',#1953,.T.);
#2082=FACE_BOUND('',#1954,.T.);
#2083=FACE_BOUND('',#1955,.T.);
#2084=FACE_BOUND('',#1956,.T.);
#2085=FACE_BOUND('',#1957,.T.);
#2086=FACE_BOUND('',#1958,.T.);
#2087=FACE_BOUND('',#1959,.T.);
#2088=FACE_BOUND('',#1960,.T.);
#2089=FACE_BOUND('',#1961,.T.);
#2090=FACE_BOUND('',#1962,.T.);
#2091=FACE_BOUND('',#1963,.T.);
#2092=FACE_BOUND('',#1964,.T.);
#2093=FACE_BOUND('',#1965,.T.);
#2094=FACE_BOUND('',#1966,.T.);
#2095=FACE_BOUND('',#1967,.T.);
#2096=FACE_BOUND('',#1968,.T.);
#2097=FACE_BOUND('',#1969,.T.);
#2098=FACE_BOUND('',#1970,.T.);
#2099=FACE_BOUND('',#1971,.T.);
#2100=FACE_BOUND('',#1972,.T.);
#2101=FACE_BOUND('',#1973,.T.);
#2102=FACE_BOUND('',#1974,.T.);
#2103=FACE_BOUND('',#1975,.T.);
#2104=FACE_BOUND('',#1976,.T.);
#2105=FACE_BOUND('',#1977,.T.);
#2106=FACE_BOUND('',#1978,.T.);
#2107=FACE_BOUND('',#1979,.T.);
#2108=FACE_BOUND('',#1980,.T.);
#2109=FACE_BOUND('',#1981,.T.);
#2110=FACE_BOUND('',#1982,.T.);
#2111=FACE_BOUND('',#1983,.T.);
#2112=FACE_BOUND('',#1984,.T.);
#2113=FACE_BOUND('',#1985,.T.);
#2114=FACE_BOUND('',#1986,.T.);
#2115=FACE_BOUND('',#1987,.T.);
#2116=FACE_BOUND('',#1988,.T.);
#2117=FACE_BOUND('',#1989,.T.);
#2118=FACE_BOUND('',#1990,.T.);
#2119=FACE_BOUND('',#1991,.T.);
#2120=FACE_BOUND('',#1992,.T.);
#2121=FACE_BOUND('',#1993,.T.);
#2122=FACE_BOUND('',#1994,.T.);
#2123=FACE_BOUND('',#1995,.T.);
#2124=FACE_BOUND('',#1996,.T.);
#2125=FACE_BOUND('',#1997,.T.);
#2126=FACE_BOUND('',#1998,.T.);
#2127=FACE_BOUND('',#1999,.T.);
#2128=FACE_BOUND('',#2000,.T.);
#2129=FACE_BOUND('',#2001,.T.);
#2130=FACE_BOUND('',#2002,.T.);
#2131=FACE_BOUND('',#2003,.T.);
#2132=FACE_BOUND('',#2004,.T.);
#2133=FACE_BOUND('',#2005,.T.);
#2134=FACE_BOUND('',#2006,.T.);
#2135=FACE_BOUND('',#2007,.T.);
#2136=FACE_BOUND('',#2008,.T.);
#2137=FACE_BOUND('',#2009,.T.);
#2138=FACE_BOUND('',#2010,.T.);
#2139=FACE_BOUND('',#2011,.T.);
#2140=FACE_BOUND('',#2012,.T.);
#2141=FACE_BOUND('',#2013,.T.);
#2142=FACE_BOUND('',#2014,.T.);
#2143=FACE_BOUND('',#2015,.T.);
#2144=FACE_BOUND('',#2016,.T.);
#2145=FACE_BOUND('',#2017,.T.);
#2146=FACE_BOUND('',#2018,.T.);
#2147=FACE_BOUND('',#2019,.T.);
#2148=FACE_BOUND('',#2020,.T.);
#2149=FACE_BOUND('',#2021,.T.);
#2150=FACE_BOUND('',#2022,.T.);
#2151=FACE_BOUND('',#2023,.T.);
#2152=FACE_BOUND('',#2024,.T.);
#2153=FACE_BOUND('',#2025,.T.);
#2154=FACE_BOUND('',#2026,.T.);
#2155=FACE_BOUND('',#2027,.T.);
#2156=FACE_BOUND('',#2028,.T.);
#2157=FACE_BOUND('',#2029,.T.);
#2158=FACE_BOUND('',#2030,.T.);
#2159=PLANE('',#2341);
#2160=PLANE('',#2350);
#2161=PLANE('',#2353);
#2162=PLANE('',#2362);
#2163=PLANE('',#2364);
#2164=PLANE('',#2368);
#2165=PLANE('',#2370);
#2166=PLANE('',#2371);
#2167=PLANE('',#2379);
#2168=PLANE('',#2381);
#2169=PLANE('',#2386);
#2170=PLANE('',#2389);
#2171=PLANE('',#2390);
#2172=PLANE('',#2391);
#2173=PLANE('',#2396);
#2174=PLANE('',#2397);
#2175=PLANE('',#2399);
#2176=PLANE('',#2400);
#2177=PLANE('',#2401);
#2178=PLANE('',#2402);
#2179=PLANE('',#2405);
#2180=PLANE('',#2406);
#2181=PLANE('',#2407);
#2182=PLANE('',#2410);
#2183=PLANE('',#2411);
#2184=PLANE('',#2412);
#2185=PLANE('',#2415);
#2186=PLANE('',#2416);
#2187=PLANE('',#2417);
#2188=PLANE('',#2428);
#2189=PLANE('',#2433);
#2190=PLANE('',#2445);
#2191=PLANE('',#2450);
#2192=PLANE('',#2458);
#2193=PLANE('',#2468);
#2194=PLANE('',#2472);
#2195=PLANE('',#2476);
#2196=PLANE('',#2477);
#2197=PLANE('',#2478);
#2198=PLANE('',#2479);
#2199=PLANE('',#2481);
#2200=PLANE('',#2484);
#2201=PLANE('',#2489);
#2202=PLANE('',#2504);
#2203=PLANE('',#2505);
#2204=PLANE('',#2508);
#2205=PLANE('',#2511);
#2206=PLANE('',#2516);
#2207=PLANE('',#2517);
#2208=ADVANCED_FACE('',(#2031),#2159,.F.);
#2209=ADVANCED_FACE('',(#2032),#61,.F.);
#2210=ADVANCED_FACE('',(#2033),#62,.F.);
#2211=ADVANCED_FACE('',(#2034),#2160,.F.);
#2212=ADVANCED_FACE('',(#2035),#2161,.T.);
#2213=ADVANCED_FACE('',(#2036),#63,.F.);
#2214=ADVANCED_FACE('',(#2037),#64,.F.);
#2215=ADVANCED_FACE('',(#2038),#2162,.T.);
#2216=ADVANCED_FACE('',(#2039),#2163,.F.);
#2217=ADVANCED_FACE('',(#2040),#2164,.F.);
#2218=ADVANCED_FACE('',(#2041),#2165,.F.);
#2219=ADVANCED_FACE('',(#2042),#2166,.T.);
#2220=ADVANCED_FACE('',(#2043),#65,.F.);
#2221=ADVANCED_FACE('',(#2044),#66,.F.);
#2222=ADVANCED_FACE('',(#2045),#2167,.F.);
#2223=ADVANCED_FACE('',(#2046,#2047,#2048),#2168,.F.);
#2224=ADVANCED_FACE('',(#2049,#2050,#2051,#2052,#2053),#2169,.T.);
#2225=ADVANCED_FACE('',(#2054),#2170,.F.);
#2226=ADVANCED_FACE('',(#2055),#2171,.T.);
#2227=ADVANCED_FACE('',(#2056,#2057,#2058),#2172,.T.);
#2228=ADVANCED_FACE('',(#2059),#2173,.F.);
#2229=ADVANCED_FACE('',(#2060),#2174,.T.);
#2230=ADVANCED_FACE('',(#2061),#2175,.T.);
#2231=ADVANCED_FACE('',(#2062),#2176,.F.);
#2232=ADVANCED_FACE('',(#2063),#2177,.F.);
#2233=ADVANCED_FACE('',(#2064),#2178,.T.);
#2234=ADVANCED_FACE('',(#2065),#67,.T.);
#2235=ADVANCED_FACE('',(#2066),#68,.T.);
#2236=ADVANCED_FACE('',(#2067),#2179,.F.);
#2237=ADVANCED_FACE('',(#2068),#2180,.T.);
#2238=ADVANCED_FACE('',(#2069),#2181,.F.);
#2239=ADVANCED_FACE('',(#2070),#69,.F.);
#2240=ADVANCED_FACE('',(#2071),#70,.F.);
#2241=ADVANCED_FACE('',(#2072),#2182,.T.);
#2242=ADVANCED_FACE('',(#2073),#2183,.F.);
#2243=ADVANCED_FACE('',(#2074),#2184,.T.);
#2244=ADVANCED_FACE('',(#2075),#71,.F.);
#2245=ADVANCED_FACE('',(#2076),#72,.F.);
#2246=ADVANCED_FACE('',(#2077),#2185,.F.);
#2247=ADVANCED_FACE('',(#2078),#2186,.T.);
#2248=ADVANCED_FACE('',(#2079),#2187,.F.);
#2249=ADVANCED_FACE('',(#2080),#73,.F.);
#2250=ADVANCED_FACE('',(#2081),#74,.F.);
#2251=ADVANCED_FACE('',(#2082),#75,.T.);
#2252=ADVANCED_FACE('',(#2083),#76,.T.);
#2253=ADVANCED_FACE('',(#2084),#77,.F.);
#2254=ADVANCED_FACE('',(#2085),#78,.F.);
#2255=ADVANCED_FACE('',(#2086),#2188,.F.);
#2256=ADVANCED_FACE('',(#2087),#2189,.F.);
#2257=ADVANCED_FACE('',(#2088),#79,.T.);
#2258=ADVANCED_FACE('',(#2089),#80,.F.);
#2259=ADVANCED_FACE('',(#2090),#81,.F.);
#2260=ADVANCED_FACE('',(#2091),#2190,.F.);
#2261=ADVANCED_FACE('',(#2092),#82,.T.);
#2262=ADVANCED_FACE('',(#2093),#2191,.F.);
#2263=ADVANCED_FACE('',(#2094),#83,.T.);
#2264=ADVANCED_FACE('',(#2095),#84,.F.);
#2265=ADVANCED_FACE('',(#2096),#2192,.F.);
#2266=ADVANCED_FACE('',(#2097),#85,.T.);
#2267=ADVANCED_FACE('',(#2098),#86,.F.);
#2268=ADVANCED_FACE('',(#2099),#2193,.F.);
#2269=ADVANCED_FACE('',(#2100),#2194,.F.);
#2270=ADVANCED_FACE('',(#2101),#2195,.T.);
#2271=ADVANCED_FACE('',(#2102),#2196,.F.);
#2272=ADVANCED_FACE('',(#2103),#2197,.F.);
#2273=ADVANCED_FACE('',(#2104),#2198,.F.);
#2274=ADVANCED_FACE('',(#2105),#2199,.T.);
#2275=ADVANCED_FACE('',(#2106),#2200,.F.);
#2276=ADVANCED_FACE('',(#2107),#87,.F.);
#2277=ADVANCED_FACE('',(#2108),#2201,.T.);
#2278=ADVANCED_FACE('',(#2109),#88,.F.);
#2279=ADVANCED_FACE('',(#2110),#89,.F.);
#2280=ADVANCED_FACE('',(#2111),#12,.F.);
#2281=ADVANCED_FACE('',(#2112),#90,.F.);
#2282=ADVANCED_FACE('',(#2113),#13,.F.);
#2283=ADVANCED_FACE('',(#2114),#91,.F.);
#2284=ADVANCED_FACE('',(#2115),#92,.F.);
#2285=ADVANCED_FACE('',(#2116),#93,.F.);
#2286=ADVANCED_FACE('',(#2117),#94,.T.);
#2287=ADVANCED_FACE('',(#2118),#2202,.F.);
#2288=ADVANCED_FACE('',(#2119),#2203,.F.);
#2289=ADVANCED_FACE('',(#2120),#95,.T.);
#2290=ADVANCED_FACE('',(#2121),#2204,.T.);
#2291=ADVANCED_FACE('',(#2122),#96,.T.);
#2292=ADVANCED_FACE('',(#2123),#2205,.T.);
#2293=ADVANCED_FACE('',(#2124),#97,.T.);
#2294=ADVANCED_FACE('',(#2125),#98,.T.);
#2295=ADVANCED_FACE('',(#2126),#2206,.F.);
#2296=ADVANCED_FACE('',(#2127),#2207,.F.);
#2297=ADVANCED_FACE('',(#2128),#99,.T.);
#2298=ADVANCED_FACE('',(#2129),#100,.F.);
#2299=ADVANCED_FACE('',(#2130),#101,.F.);
#2300=ADVANCED_FACE('',(#2131),#14,.F.);
#2301=ADVANCED_FACE('',(#2132),#102,.F.);
#2302=ADVANCED_FACE('',(#2133),#103,.F.);
#2303=ADVANCED_FACE('',(#2134),#104,.F.);
#2304=ADVANCED_FACE('',(#2135),#105,.F.);
#2305=ADVANCED_FACE('',(#2136),#15,.F.);
#2306=ADVANCED_FACE('',(#2137),#106,.F.);
#2307=ADVANCED_FACE('',(#2138),#107,.F.);
#2308=ADVANCED_FACE('',(#2139),#108,.F.);
#2309=ADVANCED_FACE('',(#2140),#109,.F.);
#2310=ADVANCED_FACE('',(#2141),#16,.F.);
#2311=ADVANCED_FACE('',(#2142),#110,.F.);
#2312=ADVANCED_FACE('',(#2143),#111,.F.);
#2313=ADVANCED_FACE('',(#2144),#112,.F.);
#2314=ADVANCED_FACE('',(#2145),#113,.F.);
#2315=ADVANCED_FACE('',(#2146),#17,.F.);
#2316=ADVANCED_FACE('',(#2147),#114,.F.);
#2317=ADVANCED_FACE('',(#2148),#115,.F.);
#2318=ADVANCED_FACE('',(#2149),#116,.F.);
#2319=ADVANCED_FACE('',(#2150),#117,.F.);
#2320=ADVANCED_FACE('',(#2151),#18,.F.);
#2321=ADVANCED_FACE('',(#2152),#118,.F.);
#2322=ADVANCED_FACE('',(#2153),#119,.F.);
#2323=ADVANCED_FACE('',(#2154),#120,.F.);
#2324=ADVANCED_FACE('',(#2155),#121,.F.);
#2325=ADVANCED_FACE('',(#2156),#19,.F.);
#2326=ADVANCED_FACE('',(#2157),#122,.F.);
#2327=ADVANCED_FACE('',(#2158),#123,.F.);
#2328=CLOSED_SHELL('',(#2208,#2209,#2210,#2211,#2212,#2213,#2214,#2215,
#2216,#2217,#2218,#2219,#2220,#2221,#2222,#2223,#2224,#2225,#2226,#2227,
#2228,#2229,#2230,#2231,#2232,#2233,#2234,#2235,#2236,#2237,#2238,#2239,
#2240,#2241,#2242,#2243,#2244,#2245,#2246,#2247,#2248,#2249,#2250,#2251,
#2252,#2253,#2254,#2255,#2256,#2257,#2258,#2259,#2260,#2261,#2262,#2263,
#2264,#2265,#2266,#2267,#2268,#2269,#2270,#2271,#2272,#2273,#2274,#2275,
#2276,#2277,#2278,#2279,#2280,#2281,#2282,#2283,#2284,#2285,#2286,#2287,
#2288,#2289,#2290,#2291,#2292,#2293,#2294,#2295,#2296,#2297,#2298,#2299,
#2300,#2301,#2302,#2303,#2304,#2305,#2306,#2307,#2308,#2309,#2310,#2311,
#2312,#2313,#2314,#2315,#2316,#2317,#2318,#2319,#2320,#2321,#2322,#2323,
#2324,#2325,#2326,#2327));
#2329=STYLED_ITEM('',(#2330),#2337);
#2330=PRESENTATION_STYLE_ASSIGNMENT((#2331));
#2331=SURFACE_STYLE_USAGE(.BOTH.,#2332);
#2332=SURFACE_SIDE_STYLE('',(#2333));
#2333=SURFACE_STYLE_FILL_AREA(#2334);
#2334=FILL_AREA_STYLE('',(#2335));
#2335=FILL_AREA_STYLE_COLOUR('',#2336);
#2336=COLOUR_RGB('',0.274509803921568,0.0117647058823529,0.31764705882353);
#2337=MANIFOLD_SOLID_BREP('firewall',#2328);
#2338=SHAPE_DEFINITION_REPRESENTATION(#4011,#2339);
#2339=SHAPE_REPRESENTATION('firewall',(#2340),#4006);
#2340=AXIS2_PLACEMENT_3D('',#3258,#2574,#2575);
#2341=AXIS2_PLACEMENT_3D('',#3259,#2576,#2577);
#2342=AXIS2_PLACEMENT_3D('',#3311,#2603,#2604);
#2343=AXIS2_PLACEMENT_3D('',#3315,#2606,#2607);
#2344=AXIS2_PLACEMENT_3D('',#3328,#2614,#2615);
#2345=AXIS2_PLACEMENT_3D('',#3332,#2617,#2618);
#2346=AXIS2_PLACEMENT_3D('',#3333,#2619,#2620);
#2347=AXIS2_PLACEMENT_3D('',#3334,#2621,#2622);
#2348=AXIS2_PLACEMENT_3D('',#3335,#2623,#2624);
#2349=AXIS2_PLACEMENT_3D('',#3339,#2626,#2627);
#2350=AXIS2_PLACEMENT_3D('',#3340,#2628,#2629);
#2351=AXIS2_PLACEMENT_3D('',#3356,#2637,#2638);
#2352=AXIS2_PLACEMENT_3D('',#3362,#2641,#2642);
#2353=AXIS2_PLACEMENT_3D('',#3366,#2645,#2646);
#2354=AXIS2_PLACEMENT_3D('',#3381,#2654,#2655);
#2355=AXIS2_PLACEMENT_3D('',#3387,#2658,#2659);
#2356=AXIS2_PLACEMENT_3D('',#3392,#2662,#2663);
#2357=AXIS2_PLACEMENT_3D('',#3393,#2664,#2665);
#2358=AXIS2_PLACEMENT_3D('',#3398,#2668,#2669);
#2359=AXIS2_PLACEMENT_3D('',#3399,#2670,#2671);
#2360=AXIS2_PLACEMENT_3D('',#3400,#2672,#2673);
#2361=AXIS2_PLACEMENT_3D('',#3401,#2674,#2675);
#2362=AXIS2_PLACEMENT_3D('',#3406,#2678,#2679);
#2363=AXIS2_PLACEMENT_3D('',#3414,#2683,#2684);
#2364=AXIS2_PLACEMENT_3D('',#3415,#2685,#2686);
#2365=AXIS2_PLACEMENT_3D('',#3419,#2688,#2689);
#2366=AXIS2_PLACEMENT_3D('',#3423,#2691,#2692);
#2367=AXIS2_PLACEMENT_3D('',#3427,#2694,#2695);
#2368=AXIS2_PLACEMENT_3D('',#3436,#2700,#2701);
#2369=AXIS2_PLACEMENT_3D('',#3446,#2706,#2707);
#2370=AXIS2_PLACEMENT_3D('',#3447,#2708,#2709);
#2371=AXIS2_PLACEMENT_3D('',#3456,#2714,#2715);
#2372=AXIS2_PLACEMENT_3D('',#3464,#2719,#2720);
#2373=AXIS2_PLACEMENT_3D('',#3467,#2722,#2723);
#2374=AXIS2_PLACEMENT_3D('',#3468,#2724,#2725);
#2375=AXIS2_PLACEMENT_3D('',#3469,#2726,#2727);
#2376=AXIS2_PLACEMENT_3D('',#3470,#2728,#2729);
#2377=AXIS2_PLACEMENT_3D('',#3471,#2730,#2731);
#2378=AXIS2_PLACEMENT_3D('',#3472,#2732,#2733);
#2379=AXIS2_PLACEMENT_3D('',#3473,#2734,#2735);
#2380=AXIS2_PLACEMENT_3D('',#3487,#2742,#2743);
#2381=AXIS2_PLACEMENT_3D('',#3489,#2745,#2746);
#2382=AXIS2_PLACEMENT_3D('',#3493,#2748,#2749);
#2383=AXIS2_PLACEMENT_3D('',#3499,#2752,#2753);
#2384=AXIS2_PLACEMENT_3D('',#3503,#2755,#2756);
#2385=AXIS2_PLACEMENT_3D('',#3509,#2759,#2760);
#2386=AXIS2_PLACEMENT_3D('',#3527,#2770,#2771);
#2387=AXIS2_PLACEMENT_3D('',#3560,#2788,#2789);
#2388=AXIS2_PLACEMENT_3D('',#3573,#2796,#2797);
#2389=AXIS2_PLACEMENT_3D('',#3574,#2798,#2799);
#2390=AXIS2_PLACEMENT_3D('',#3577,#2802,#2803);
#2391=AXIS2_PLACEMENT_3D('',#3583,#2807,#2808);
#2392=AXIS2_PLACEMENT_3D('',#3600,#2817,#2818);
#2393=AXIS2_PLACEMENT_3D('',#3605,#2821,#2822);
#2394=AXIS2_PLACEMENT_3D('',#3611,#2825,#2826);
#2395=AXIS2_PLACEMENT_3D('',#3615,#2828,#2829);
#2396=AXIS2_PLACEMENT_3D('',#3618,#2831,#2832);
#2397=AXIS2_PLACEMENT_3D('',#3621,#2835,#2836);
#2398=AXIS2_PLACEMENT_3D('',#3626,#2839,#2840);
#2399=AXIS2_PLACEMENT_3D('',#3637,#2846,#2847);
#2400=AXIS2_PLACEMENT_3D('',#3641,#2851,#2852);
#2401=AXIS2_PLACEMENT_3D('',#3645,#2856,#2857);
#2402=AXIS2_PLACEMENT_3D('',#3648,#2860,#2861);
#2403=AXIS2_PLACEMENT_3D('',#3651,#2864,#2865);
#2404=AXIS2_PLACEMENT_3D('',#3652,#2866,#2867);
#2405=AXIS2_PLACEMENT_3D('',#3653,#2868,#2869);
#2406=AXIS2_PLACEMENT_3D('',#3656,#2872,#2873);
#2407=AXIS2_PLACEMENT_3D('',#3658,#2875,#2876);
#2408=AXIS2_PLACEMENT_3D('',#3660,#2878,#2879);
#2409=AXIS2_PLACEMENT_3D('',#3661,#2880,#2881);
#2410=AXIS2_PLACEMENT_3D('',#3662,#2882,#2883);
#2411=AXIS2_PLACEMENT_3D('',#3664,#2885,#2886);
#2412=AXIS2_PLACEMENT_3D('',#3666,#2888,#2889);
#2413=AXIS2_PLACEMENT_3D('',#3669,#2892,#2893);
#2414=AXIS2_PLACEMENT_3D('',#3670,#2894,#2895);
#2415=AXIS2_PLACEMENT_3D('',#3671,#2896,#2897);
#2416=AXIS2_PLACEMENT_3D('',#3674,#2900,#2901);
#2417=AXIS2_PLACEMENT_3D('',#3676,#2903,#2904);
#2418=AXIS2_PLACEMENT_3D('',#3678,#2906,#2907);
#2419=AXIS2_PLACEMENT_3D('',#3679,#2908,#2909);
#2420=AXIS2_PLACEMENT_3D('',#3680,#2910,#2911);
#2421=AXIS2_PLACEMENT_3D('',#3681,#2912,#2913);
#2422=AXIS2_PLACEMENT_3D('',#3682,#2914,#2915);
#2423=AXIS2_PLACEMENT_3D('',#3683,#2916,#2917);
#2424=AXIS2_PLACEMENT_3D('',#3684,#2918,#2919);
#2425=AXIS2_PLACEMENT_3D('',#3685,#2920,#2921);
#2426=AXIS2_PLACEMENT_3D('',#3686,#2922,#2923);
#2427=AXIS2_PLACEMENT_3D('',#3687,#2924,#2925);
#2428=AXIS2_PLACEMENT_3D('',#3688,#2926,#2927);
#2429=AXIS2_PLACEMENT_3D('',#3689,#2928,#2929);
#2430=AXIS2_PLACEMENT_3D('',#3690,#2930,#2931);
#2431=AXIS2_PLACEMENT_3D('',#3692,#2932,#2933);
#2432=AXIS2_PLACEMENT_3D('',#3694,#2934,#2935);
#2433=AXIS2_PLACEMENT_3D('',#3695,#2936,#2937);
#2434=AXIS2_PLACEMENT_3D('',#3696,#2938,#2939);
#2435=AXIS2_PLACEMENT_3D('',#3697,#2940,#2941);
#2436=AXIS2_PLACEMENT_3D('',#3699,#2942,#2943);
#2437=AXIS2_PLACEMENT_3D('',#3701,#2944,#2945);
#2438=AXIS2_PLACEMENT_3D('',#3702,#2946,#2947);
#2439=AXIS2_PLACEMENT_3D('',#3703,#2948,#2949);
#2440=AXIS2_PLACEMENT_3D('',#3710,#2950,#2951);
#2441=AXIS2_PLACEMENT_3D('',#3711,#2952,#2953);
#2442=AXIS2_PLACEMENT_3D('',#3712,#2954,#2955);
#2443=AXIS2_PLACEMENT_3D('',#3713,#2956,#2957);
#2444=AXIS2_PLACEMENT_3D('',#3720,#2958,#2959);
#2445=AXIS2_PLACEMENT_3D('',#3721,#2960,#2961);
#2446=AXIS2_PLACEMENT_3D('',#3722,#2962,#2963);
#2447=AXIS2_PLACEMENT_3D('',#3727,#2966,#2967);
#2448=AXIS2_PLACEMENT_3D('',#3730,#2969,#2970);
#2449=AXIS2_PLACEMENT_3D('',#3731,#2971,#2972);
#2450=AXIS2_PLACEMENT_3D('',#3732,#2973,#2974);
#2451=AXIS2_PLACEMENT_3D('',#3733,#2975,#2976);
#2452=AXIS2_PLACEMENT_3D('',#3735,#2977,#2978);
#2453=AXIS2_PLACEMENT_3D('',#3737,#2979,#2980);
#2454=AXIS2_PLACEMENT_3D('',#3738,#2981,#2982);
#2455=AXIS2_PLACEMENT_3D('',#3741,#2984,#2985);
#2456=AXIS2_PLACEMENT_3D('',#3742,#2986,#2987);
#2457=AXIS2_PLACEMENT_3D('',#3743,#2988,#2989);
#2458=AXIS2_PLACEMENT_3D('',#3749,#2990,#2991);
#2459=AXIS2_PLACEMENT_3D('',#3752,#2994,#2995);
#2460=AXIS2_PLACEMENT_3D('',#3754,#2996,#2997);
#2461=AXIS2_PLACEMENT_3D('',#3756,#2998,#2999);
#2462=AXIS2_PLACEMENT_3D('',#3757,#3000,#3001);
#2463=AXIS2_PLACEMENT_3D('',#3758,#3002,#3003);
#2464=AXIS2_PLACEMENT_3D('',#3762,#3005,#3006);
#2465=AXIS2_PLACEMENT_3D('',#3763,#3007,#3008);
#2466=AXIS2_PLACEMENT_3D('',#3764,#3009,#3010);
#2467=AXIS2_PLACEMENT_3D('',#3765,#3011,#3012);
#2468=AXIS2_PLACEMENT_3D('',#3766,#3013,#3014);
#2469=AXIS2_PLACEMENT_3D('',#3767,#3015,#3016);
#2470=AXIS2_PLACEMENT_3D('',#3769,#3017,#3018);
#2471=AXIS2_PLACEMENT_3D('',#3771,#3019,#3020);
#2472=AXIS2_PLACEMENT_3D('',#3774,#3023,#3024);
#2473=AXIS2_PLACEMENT_3D('',#3777,#3027,#3028);
#2474=AXIS2_PLACEMENT_3D('',#3779,#3029,#3030);
#2475=AXIS2_PLACEMENT_3D('',#3781,#3031,#3032);
#2476=AXIS2_PLACEMENT_3D('',#3782,#3033,#3034);
#2477=AXIS2_PLACEMENT_3D('',#3783,#3035,#3036);
#2478=AXIS2_PLACEMENT_3D('',#3784,#3037,#3038);
#2479=AXIS2_PLACEMENT_3D('',#3785,#3039,#3040);
#2480=AXIS2_PLACEMENT_3D('',#3786,#3041,#3042);
#2481=AXIS2_PLACEMENT_3D('',#3787,#3043,#3044);
#2482=AXIS2_PLACEMENT_3D('',#3788,#3045,#3046);
#2483=AXIS2_PLACEMENT_3D('',#3789,#3047,#3048);
#2484=AXIS2_PLACEMENT_3D('',#3791,#3050,#3051);
#2485=AXIS2_PLACEMENT_3D('',#3792,#3052,#3053);
#2486=AXIS2_PLACEMENT_3D('',#3797,#3056,#3057);
#2487=AXIS2_PLACEMENT_3D('',#3798,#3058,#3059);
#2488=AXIS2_PLACEMENT_3D('',#3807,#3060,#3061);
#2489=AXIS2_PLACEMENT_3D('',#3815,#3062,#3063);
#2490=AXIS2_PLACEMENT_3D('',#3819,#3066,#3067);
#2491=AXIS2_PLACEMENT_3D('',#3820,#3068,#3069);
#2492=AXIS2_PLACEMENT_3D('',#3821,#3070,#3071);
#2493=AXIS2_PLACEMENT_3D('',#3822,#3072,#3073);
#2494=AXIS2_PLACEMENT_3D('',#3823,#3074,#3075);
#2495=AXIS2_PLACEMENT_3D('',#3824,#3076,#3077);
#2496=AXIS2_PLACEMENT_3D('',#3825,#3078,#3079);
#2497=AXIS2_PLACEMENT_3D('',#3826,#3080,#3081);
#2498=AXIS2_PLACEMENT_3D('',#3827,#3082,#3083);
#2499=AXIS2_PLACEMENT_3D('',#3828,#3084,#3085);
#2500=AXIS2_PLACEMENT_3D('',#3829,#3086,#3087);
#2501=AXIS2_PLACEMENT_3D('',#3830,#3088,#3089);
#2502=AXIS2_PLACEMENT_3D('',#3831,#3090,#3091);
#2503=AXIS2_PLACEMENT_3D('',#3846,#3094,#3095);
#2504=AXIS2_PLACEMENT_3D('',#3847,#3096,#3097);
#2505=AXIS2_PLACEMENT_3D('',#3851,#3100,#3101);
#2506=AXIS2_PLACEMENT_3D('',#3852,#3102,#3103);
#2507=AXIS2_PLACEMENT_3D('',#3858,#3106,#3107);
#2508=AXIS2_PLACEMENT_3D('',#3871,#3110,#3111);
#2509=AXIS2_PLACEMENT_3D('',#3877,#3114,#3115);
#2510=AXIS2_PLACEMENT_3D('',#3878,#3116,#3117);
#2511=AXIS2_PLACEMENT_3D('',#3891,#3120,#3121);
#2512=AXIS2_PLACEMENT_3D('',#3897,#3124,#3125);
#2513=AXIS2_PLACEMENT_3D('',#3898,#3126,#3127);
#2514=AXIS2_PLACEMENT_3D('',#3911,#3130,#3131);
#2515=AXIS2_PLACEMENT_3D('',#3919,#3133,#3134);
#2516=AXIS2_PLACEMENT_3D('',#3927,#3136,#3137);
#2517=AXIS2_PLACEMENT_3D('',#3931,#3140,#3141);
#2518=AXIS2_PLACEMENT_3D('',#3932,#3142,#3143);
#2519=AXIS2_PLACEMENT_3D('',#3938,#3146,#3147);
#2520=AXIS2_PLACEMENT_3D('',#3951,#3150,#3151);
#2521=AXIS2_PLACEMENT_3D('',#3952,#3152,#3153);
#2522=AXIS2_PLACEMENT_3D('',#3953,#3154,#3155);
#2523=AXIS2_PLACEMENT_3D('',#3954,#3156,#3157);
#2524=AXIS2_PLACEMENT_3D('',#3955,#3158,#3159);
#2525=AXIS2_PLACEMENT_3D('',#3956,#3160,#3161);
#2526=AXIS2_PLACEMENT_3D('',#3957,#3162,#3163);
#2527=AXIS2_PLACEMENT_3D('',#3958,#3164,#3165);
#2528=AXIS2_PLACEMENT_3D('',#3959,#3166,#3167);
#2529=AXIS2_PLACEMENT_3D('',#3960,#3168,#3169);
#2530=AXIS2_PLACEMENT_3D('',#3961,#3170,#3171);
#2531=AXIS2_PLACEMENT_3D('',#3962,#3172,#3173);
#2532=AXIS2_PLACEMENT_3D('',#3963,#3174,#3175);
#2533=AXIS2_PLACEMENT_3D('',#3964,#3176,#3177);
#2534=AXIS2_PLACEMENT_3D('',#3965,#3178,#3179);
#2535=AXIS2_PLACEMENT_3D('',#3966,#3180,#3181);
#2536=AXIS2_PLACEMENT_3D('',#3967,#3182,#3183);
#2537=AXIS2_PLACEMENT_3D('',#3968,#3184,#3185);
#2538=AXIS2_PLACEMENT_3D('',#3969,#3186,#3187);
#2539=AXIS2_PLACEMENT_3D('',#3970,#3188,#3189);
#2540=AXIS2_PLACEMENT_3D('',#3971,#3190,#3191);
#2541=AXIS2_PLACEMENT_3D('',#3972,#3192,#3193);
#2542=AXIS2_PLACEMENT_3D('',#3973,#3194,#3195);
#2543=AXIS2_PLACEMENT_3D('',#3974,#3196,#3197);
#2544=AXIS2_PLACEMENT_3D('',#3975,#3198,#3199);
#2545=AXIS2_PLACEMENT_3D('',#3976,#3200,#3201);
#2546=AXIS2_PLACEMENT_3D('',#3977,#3202,#3203);
#2547=AXIS2_PLACEMENT_3D('',#3978,#3204,#3205);
#2548=AXIS2_PLACEMENT_3D('',#3979,#3206,#3207);
#2549=AXIS2_PLACEMENT_3D('',#3980,#3208,#3209);
#2550=AXIS2_PLACEMENT_3D('',#3981,#3210,#3211);
#2551=AXIS2_PLACEMENT_3D('',#3982,#3212,#3213);
#2552=AXIS2_PLACEMENT_3D('',#3983,#3214,#3215);
#2553=AXIS2_PLACEMENT_3D('',#3984,#3216,#3217);
#2554=AXIS2_PLACEMENT_3D('',#3985,#3218,#3219);
#2555=AXIS2_PLACEMENT_3D('',#3986,#3220,#3221);
#2556=AXIS2_PLACEMENT_3D('',#3987,#3222,#3223);
#2557=AXIS2_PLACEMENT_3D('',#3988,#3224,#3225);
#2558=AXIS2_PLACEMENT_3D('',#3989,#3226,#3227);
#2559=AXIS2_PLACEMENT_3D('',#3990,#3228,#3229);
#2560=AXIS2_PLACEMENT_3D('',#3991,#3230,#3231);
#2561=AXIS2_PLACEMENT_3D('',#3992,#3232,#3233);
#2562=AXIS2_PLACEMENT_3D('',#3993,#3234,#3235);
#2563=AXIS2_PLACEMENT_3D('',#3994,#3236,#3237);
#2564=AXIS2_PLACEMENT_3D('',#3995,#3238,#3239);
#2565=AXIS2_PLACEMENT_3D('',#3996,#3240,#3241);
#2566=AXIS2_PLACEMENT_3D('',#3997,#3242,#3243);
#2567=AXIS2_PLACEMENT_3D('',#3998,#3244,#3245);
#2568=AXIS2_PLACEMENT_3D('',#3999,#3246,#3247);
#2569=AXIS2_PLACEMENT_3D('',#4000,#3248,#3249);
#2570=AXIS2_PLACEMENT_3D('',#4001,#3250,#3251);
#2571=AXIS2_PLACEMENT_3D('',#4002,#3252,#3253);
#2572=AXIS2_PLACEMENT_3D('',#4003,#3254,#3255);
#2573=AXIS2_PLACEMENT_3D('',#4004,#3256,#3257);
#2574=DIRECTION('',(0.,0.,1.));
#2575=DIRECTION('',(1.,0.,0.));
#2576=DIRECTION('',(0.,-0.992253264932431,0.124231470372574));
#2577=DIRECTION('',(0.,-0.124231470372574,-0.992253264932431));
#2578=DIRECTION('',(-1.,0.,0.));
#2579=DIRECTION('',(0.,-0.124231470372574,-0.992253264932431));
#2580=DIRECTION('',(1.,0.,0.));
#2581=DIRECTION('',(0.,-0.124231470372574,-0.992253264932431));
#2582=DIRECTION('',(1.,0.,0.));
#2583=DIRECTION('',(0.,-0.124231470372574,-0.992253264932431));
#2584=DIRECTION('',(1.,0.,0.));
#2585=DIRECTION('',(0.,0.124231470372574,0.992253264932431));
#2586=DIRECTION('',(-1.,0.,0.));
#2587=DIRECTION('',(0.,-0.124231470372574,-0.992253264932431));
#2588=DIRECTION('',(1.,0.,0.));
#2589=DIRECTION('',(0.,0.124231470372574,0.992253264932431));
#2590=DIRECTION('',(1.,0.,0.));
#2591=DIRECTION('',(0.,-0.124231470372574,-0.992253264932431));
#2592=DIRECTION('',(1.,0.,0.));
#2593=DIRECTION('',(0.,-0.124231470372574,-0.992253264932431));
#2594=DIRECTION('',(1.,0.,0.));
#2595=DIRECTION('',(0.,-0.124231470372574,-0.992253264932431));
#2596=DIRECTION('',(1.,0.,0.));
#2597=DIRECTION('',(0.,0.124231470372574,0.992253264932431));
#2598=DIRECTION('',(1.,0.,0.));
#2599=DIRECTION('',(0.,-0.124231470372574,-0.992253264932431));
#2600=DIRECTION('',(1.,0.,0.));
#2601=DIRECTION('',(0.,0.124231470372574,0.992253264932431));
#2602=DIRECTION('',(-1.,0.,0.));
#2603=DIRECTION('',(0.,-0.992253264932431,0.124231470372574));
#2604=DIRECTION('',(0.,-0.124231470372574,-0.992253264932431));
#2605=DIRECTION('',(0.,0.124231470372574,0.992253264932431));
#2606=DIRECTION('',(0.,-0.992253264932431,0.124231470372574));
#2607=DIRECTION('',(0.,-0.124231470372574,-0.992253264932431));
#2608=DIRECTION('',(-1.,0.,0.));
#2609=DIRECTION('',(0.,0.124231470372574,0.992253264932431));
#2610=DIRECTION('',(1.,0.,0.));
#2611=DIRECTION('',(0.,-0.124231470372574,-0.992253264932431));
#2612=DIRECTION('',(1.,0.,0.));
#2613=DIRECTION('',(0.,0.124231470372574,0.992253264932431));
#2614=DIRECTION('',(1.,0.,0.));
#2615=DIRECTION('',(0.,0.,-1.));
#2616=DIRECTION('',(1.,0.,0.));
#2617=DIRECTION('',(1.,0.,0.));
#2618=DIRECTION('',(0.,0.,-1.));
#2619=DIRECTION('',(1.,0.,0.));
#2620=DIRECTION('',(0.,0.,-1.));
#2621=DIRECTION('',(1.,0.,0.));
#2622=DIRECTION('',(0.,0.,-1.));
#2623=DIRECTION('',(1.,0.,0.));
#2624=DIRECTION('',(0.,0.,-1.));
#2625=DIRECTION('',(1.,0.,0.));
#2626=DIRECTION('',(1.,0.,0.));
#2627=DIRECTION('',(0.,0.,-1.));
#2628=DIRECTION('',(0.,0.,-1.));
#2629=DIRECTION('',(-1.,0.,0.));
#2630=DIRECTION('',(1.,0.,0.));
#2631=DIRECTION('',(0.,-1.,0.));
#2632=DIRECTION('',(-1.,0.,0.));
#2633=DIRECTION('',(0.,1.,0.));
#2634=DIRECTION('',(1.,0.,0.));
#2635=DIRECTION('',(0.,1.,0.));
#2636=DIRECTION('',(1.,0.,0.));
#2637=DIRECTION('',(0.,0.,-1.));
#2638=DIRECTION('',(-1.,0.,0.));
#2639=DIRECTION('',(0.,1.,0.));
#2640=DIRECTION('',(1.,0.,0.));
#2641=DIRECTION('',(0.,0.,-1.));
#2642=DIRECTION('',(0.,1.,0.));
#2643=DIRECTION('',(0.,-1.,0.));
#2644=DIRECTION('',(0.,1.,0.));
#2645=DIRECTION('',(0.,-0.246538164169085,-0.969133083538137));
#2646=DIRECTION('',(0.,0.969133083538137,-0.246538164169085));
#2647=DIRECTION('',(-1.,0.,0.));
#2648=DIRECTION('',(0.,-0.969133083538137,0.246538164169085));
#2649=DIRECTION('',(-1.,0.,0.));
#2650=DIRECTION('',(0.,0.969133083538137,-0.246538164169085));
#2651=DIRECTION('',(-1.,0.,0.));
#2652=DIRECTION('',(0.,-0.969133083538137,0.246538164169085));
#2653=DIRECTION('',(0.,-0.969133083538137,0.246538164169085));
#2654=DIRECTION('',(0.,-0.246538164169085,-0.969133083538137));
#2655=DIRECTION('',(0.,-0.969133083538137,0.246538164169085));
#2656=DIRECTION('',(1.,0.,0.));
#2657=DIRECTION('',(0.,-0.969133083538137,0.246538164169085));
#2658=DIRECTION('',(0.,-0.246538164169085,-0.969133083538137));
#2659=DIRECTION('',(0.,0.969133083538137,-0.246538164169085));
#2660=DIRECTION('',(1.,0.,0.));
#2661=DIRECTION('',(0.,-0.969133083538137,0.246538164169085));
#2662=DIRECTION('',(1.,0.,0.));
#2663=DIRECTION('',(0.,0.,-1.));
#2664=DIRECTION('',(1.,0.,0.));
#2665=DIRECTION('',(0.,0.,-1.));
#2666=DIRECTION('',(1.,0.,0.));
#2667=DIRECTION('',(1.,0.,0.));
#2668=DIRECTION('',(1.,0.,0.));
#2669=DIRECTION('',(0.,0.,-1.));
#2670=DIRECTION('',(1.,0.,0.));
#2671=DIRECTION('',(0.,0.,-1.));
#2672=DIRECTION('',(1.,0.,0.));
#2673=DIRECTION('',(0.,0.,-1.));
#2674=DIRECTION('',(1.,0.,0.));
#2675=DIRECTION('',(0.,0.,-1.));
#2676=DIRECTION('',(1.,0.,0.));
#2677=DIRECTION('',(1.,0.,0.));
#2678=DIRECTION('',(1.,0.,0.));
#2679=DIRECTION('',(0.,1.,0.));
#2680=DIRECTION('',(0.,-0.511508648789101,-0.859278128555562));
#2681=DIRECTION('',(0.,0.969133083538137,-0.246538164169085));
#2682=DIRECTION('',(0.,-0.124231470372574,-0.992253264932431));
#2683=DIRECTION('',(1.,0.,0.));
#2684=DIRECTION('',(0.,0.,-1.));
#2685=DIRECTION('',(1.,0.,0.));
#2686=DIRECTION('',(0.,0.,-1.));
#2687=DIRECTION('',(0.,0.,1.));
#2688=DIRECTION('',(1.,0.,0.));
#2689=DIRECTION('',(0.,0.967777416045395,0.251807213940541));
#2690=DIRECTION('',(0.,0.124231470372575,0.992253264932431));
#2691=DIRECTION('',(1.,0.,0.));
#2692=DIRECTION('',(0.,0.985744994168329,0.168246267334763));
#2693=DIRECTION('',(0.,-0.124231470372574,-0.992253264932431));
#2694=DIRECTION('',(1.,0.,0.));
#2695=DIRECTION('',(0.,0.,-1.));
#2696=DIRECTION('',(0.,-0.336321549976027,0.941747213970778));
#2697=DIRECTION('',(0.,1.,0.));
#2698=DIRECTION('',(0.,0.,1.));
#2699=DIRECTION('',(0.,1.,1.72128503279292E-16));
#2700=DIRECTION('',(0.,0.,-1.));
#2701=DIRECTION('',(-1.,0.,0.));
#2702=DIRECTION('',(1.,0.,0.));
#2703=DIRECTION('',(0.,1.,0.));
#2704=DIRECTION('',(1.,0.,0.));
#2705=DIRECTION('',(2.15713021965719E-16,-1.,0.));
#2706=DIRECTION('',(0.,0.,-1.));
#2707=DIRECTION('',(2.15713021965719E-16,-1.,0.));
#2708=DIRECTION('',(0.,-0.992253264932431,0.124231470372574));
#2709=DIRECTION('',(0.,-0.124231470372574,-0.992253264932431));
#2710=DIRECTION('',(1.,0.,0.));
#2711=DIRECTION('',(0.,-0.124231470372574,-0.992253264932431));
#2712=DIRECTION('',(1.,0.,0.));
#2713=DIRECTION('',(-2.67983458973126E-17,0.124231470372574,0.992253264932431));
#2714=DIRECTION('',(0.,-0.246538164169085,-0.969133083538137));
#2715=DIRECTION('',(0.,0.969133083538137,-0.246538164169085));
#2716=DIRECTION('',(1.,0.,0.));
#2717=DIRECTION('',(0.,0.969133083538137,-0.246538164169085));
#2718=DIRECTION('',(1.,0.,0.));
#2719=DIRECTION('',(0.,-0.246538164169085,-0.969133083538137));
#2720=DIRECTION('',(2.15713021965718E-16,0.969133083538137,-0.246538164169085));
#2721=DIRECTION('',(2.09054626136967E-16,-0.969133083538137,0.246538164169085));
#2722=DIRECTION('',(1.,0.,0.));
#2723=DIRECTION('',(0.,0.,-1.));
#2724=DIRECTION('',(1.,0.,0.));
#2725=DIRECTION('',(0.,0.,-1.));
#2726=DIRECTION('',(1.,2.15713021965719E-16,0.));
#2727=DIRECTION('',(-2.15713021965719E-16,1.,0.));
#2728=DIRECTION('',(1.,0.,0.));
#2729=DIRECTION('',(0.,0.,-1.));
#2730=DIRECTION('',(1.,0.,0.));
#2731=DIRECTION('',(0.,0.,-1.));
#2732=DIRECTION('',(1.,2.15713021965719E-16,0.));
#2733=DIRECTION('',(-2.15713021965719E-16,1.,0.));
#2734=DIRECTION('',(0.,0.,-1.));
#2735=DIRECTION('',(-1.,0.,0.));
#2736=DIRECTION('',(1.,0.,0.));
#2737=DIRECTION('',(0.,-1.,0.));
#2738=DIRECTION('',(-1.,0.,0.));
#2739=DIRECTION('',(0.,1.,0.));
#2740=DIRECTION('',(1.,0.,0.));
#2741=DIRECTION('',(0.,1.,0.));
#2742=DIRECTION('',(0.,0.,-1.));
#2743=DIRECTION('',(-1.,0.,0.));
#2744=DIRECTION('',(0.,1.,0.));
#2745=DIRECTION('',(0.,-1.72128503279292E-16,1.));
#2746=DIRECTION('',(0.,-1.,-1.72128503279292E-16));
#2747=DIRECTION('',(0.,1.,1.72128503279292E-16));
#2748=DIRECTION('',(0.,-1.72128503279292E-16,1.));
#2749=DIRECTION('',(0.,1.,1.72128503279292E-16));
#2750=DIRECTION('',(1.,0.,0.));
#2751=DIRECTION('',(0.,1.,1.72128503279292E-16));
#2752=DIRECTION('',(0.,-1.72128503279292E-16,1.));
#2753=DIRECTION('',(0.,-1.,-1.72128503279292E-16));
#2754=DIRECTION('',(1.,0.,0.));
#2755=DIRECTION('',(0.,-1.72128503279292E-16,1.));
#2756=DIRECTION('',(0.,-1.,-1.72128503279292E-16));
#2757=DIRECTION('',(0.,1.,1.72128503279292E-16));
#2758=DIRECTION('',(1.,0.,0.));
#2759=DIRECTION('',(0.,-1.72128503279292E-16,1.));
#2760=DIRECTION('',(2.15713021965719E-16,-1.,-1.72128503279292E-16));
#2761=DIRECTION('',(-2.15713021965719E-16,1.,1.72128503279292E-16));
#2762=DIRECTION('',(1.,0.,0.));
#2763=DIRECTION('',(0.,1.,1.72128503279292E-16));
#2764=DIRECTION('',(1.,0.,0.));
#2765=DIRECTION('',(-1.,0.,0.));
#2766=DIRECTION('',(0.,-1.,-1.72128503279292E-16));
#2767=DIRECTION('',(-1.,0.,0.));
#2768=DIRECTION('',(0.,-1.,-1.72128503279292E-16));
#2769=DIRECTION('',(-1.,0.,0.));
#2770=DIRECTION('',(0.,-0.992253264932431,0.124231470372575));
#2771=DIRECTION('',(0.,-0.124231470372575,-0.992253264932431));
#2772=DIRECTION('',(0.,0.124231470372575,0.992253264932431));
#2773=DIRECTION('',(1.,0.,0.));
#2774=DIRECTION('',(0.,-0.124231470372575,-0.992253264932431));
#2775=DIRECTION('',(1.,0.,0.));
#2776=DIRECTION('',(1.,0.,0.));
#2777=DIRECTION('',(0.,-0.124231470372575,-0.992253264932431));
#2778=DIRECTION('',(1.,0.,0.));
#2779=DIRECTION('',(-1.,0.,0.));
#2780=DIRECTION('',(0.,-0.124231470372575,-0.992253264932431));
#2781=DIRECTION('',(-1.,0.,0.));
#2782=DIRECTION('',(0.,0.124231470372575,0.992253264932431));
#2783=DIRECTION('',(0.,-0.124231470372575,-0.992253264932431));
#2784=DIRECTION('',(-1.,0.,0.));
#2785=DIRECTION('',(0.,0.124231470372575,0.992253264932431));
#2786=DIRECTION('',(-1.,0.,0.));
#2787=DIRECTION('',(0.,0.124231470372575,0.99225326493243));
#2788=DIRECTION('',(0.,-0.992253264932431,0.124231470372575));
#2789=DIRECTION('',(0.,-0.124231470372575,-0.992253264932431));
#2790=DIRECTION('',(-1.,0.,0.));
#2791=DIRECTION('',(0.,0.124231470372575,0.992253264932431));
#2792=DIRECTION('',(-2.67983458973128E-17,0.124231470372575,0.992253264932431));
#2793=DIRECTION('',(1.,0.,0.));
#2794=DIRECTION('',(0.,0.124231470372575,0.992253264932431));
#2795=DIRECTION('',(-1.,0.,0.));
#2796=DIRECTION('',(0.,-0.992253264932431,0.124231470372575));
#2797=DIRECTION('',(0.,-0.124231470372575,-0.992253264932431));
#2798=DIRECTION('',(1.,0.,0.));
#2799=DIRECTION('',(0.,1.,0.));
#2800=DIRECTION('',(0.,0.124231470372575,0.992253264932431));
#2801=DIRECTION('',(0.,-0.992253264932431,0.124231470372575));
#2802=DIRECTION('',(0.,0.992253264932431,-0.124231470372573));
#2803=DIRECTION('',(0.,0.124231470372573,0.992253264932431));
#2804=DIRECTION('',(0.,-0.124231470372573,-0.992253264932431));
#2805=DIRECTION('',(1.,0.,0.));
#2806=DIRECTION('',(0.,-0.124231470372573,-0.992253264932431));
#2807=DIRECTION('',(0.,0.246538164169085,0.969133083538137));
#2808=DIRECTION('',(0.,-0.969133083538137,0.246538164169085));
#2809=DIRECTION('',(0.,-0.969133083538137,0.246538164169085));
#2810=DIRECTION('',(-1.,0.,0.));
#2811=DIRECTION('',(0.,-0.969133083538137,0.246538164169085));
#2812=DIRECTION('',(-1.,0.,0.));
#2813=DIRECTION('',(0.,0.969133083538137,-0.246538164169085));
#2814=DIRECTION('',(1.,0.,0.));
#2815=DIRECTION('',(0.,0.969133083538137,-0.246538164169085));
#2816=DIRECTION('',(1.,0.,0.));
#2817=DIRECTION('',(0.,0.246538164169085,0.969133083538137));
#2818=DIRECTION('',(0.,-0.969133083538137,0.246538164169085));
#2819=DIRECTION('',(0.,0.969133083538137,-0.246538164169085));
#2820=DIRECTION('',(-2.09054626136967E-16,0.969133083538137,-0.246538164169085));
#2821=DIRECTION('',(0.,0.246538164169085,0.969133083538137));
#2822=DIRECTION('',(2.15713021965718E-16,0.969133083538137,-0.246538164169085));
#2823=DIRECTION('',(1.,0.,0.));
#2824=DIRECTION('',(0.,0.969133083538137,-0.246538164169085));
#2825=DIRECTION('',(0.,0.246538164169085,0.969133083538137));
#2826=DIRECTION('',(0.,-0.969133083538137,0.246538164169085));
#2827=DIRECTION('',(-1.,0.,0.));
#2828=DIRECTION('',(0.,0.246538164169085,0.969133083538137));
#2829=DIRECTION('',(0.,-0.969133083538137,0.246538164169085));
#2830=DIRECTION('',(0.,0.969133083538137,-0.246538164169085));
#2831=DIRECTION('',(0.,-0.99225326493243,0.124231470372575));
#2832=DIRECTION('',(0.,-0.124231470372575,-0.992253264932431));
#2833=DIRECTION('',(0.,0.124231470372575,0.992253264932431));
#2834=DIRECTION('',(0.,0.124231470372575,0.992253264932431));
#2835=DIRECTION('',(0.,-0.246538164169085,-0.969133083538137));
#2836=DIRECTION('',(0.,0.969133083538137,-0.246538164169085));
#2837=DIRECTION('',(-1.,0.,0.));
#2838=DIRECTION('',(0.,-0.969133083538137,0.246538164169085));
#2839=DIRECTION('',(0.,-0.246538164169085,-0.969133083538137));
#2840=DIRECTION('',(0.,0.969133083538137,-0.246538164169085));
#2841=DIRECTION('',(0.,-0.969133083538137,0.246538164169085));
#2842=DIRECTION('',(1.,0.,0.));
#2843=DIRECTION('',(0.,0.969133083538137,-0.246538164169085));
#2844=DIRECTION('',(-1.,0.,0.));
#2845=DIRECTION('',(0.,0.969133083538137,-0.246538164169085));
#2846=DIRECTION('',(0.,0.992253264932431,-0.124231470372573));
#2847=DIRECTION('',(0.,0.124231470372573,0.992253264932431));
#2848=DIRECTION('',(0.,-0.124231470372573,-0.992253264932431));
#2849=DIRECTION('',(2.67983458973124E-17,-0.124231470372573,-0.992253264932431));
#2850=DIRECTION('',(-1.,0.,0.));
#2851=DIRECTION('',(0.,-0.99225326493243,0.124231470372575));
#2852=DIRECTION('',(0.,-0.124231470372575,-0.992253264932431));
#2853=DIRECTION('',(0.,0.124231470372575,0.992253264932431));
#2854=DIRECTION('',(-1.,0.,0.));
#2855=DIRECTION('',(-2.67983458973128E-17,0.124231470372575,0.992253264932431));
#2856=DIRECTION('',(1.,0.,0.));
#2857=DIRECTION('',(0.,1.,0.));
#2858=DIRECTION('',(0.,-0.124231470372573,-0.992253264932431));
#2859=DIRECTION('',(0.,-0.992253264932431,0.124231470372575));
#2860=DIRECTION('',(1.,2.15713021965719E-16,0.));
#2861=DIRECTION('',(-2.15713021965719E-16,1.,0.));
#2862=DIRECTION('',(-2.67983458973128E-17,0.124231470372575,0.992253264932431));
#2863=DIRECTION('',(2.67983458973124E-17,-0.124231470372573,-0.992253264932431));
#2864=DIRECTION('',(2.67983458973128E-17,-0.124231470372575,-0.992253264932431));
#2865=DIRECTION('',(0.,0.992253264932431,-0.124231470372575));
#2866=DIRECTION('',(2.67983458973124E-17,-0.124231470372573,-0.992253264932431));
#2867=DIRECTION('',(0.,0.992253264932431,-0.124231470372573));
#2868=DIRECTION('',(0.,-1.,0.));
#2869=DIRECTION('',(0.,0.,-1.));
#2870=DIRECTION('',(0.,0.,1.));
#2871=DIRECTION('',(0.,0.,1.));
#2872=DIRECTION('',(1.,0.,0.));
#2873=DIRECTION('',(0.,0.,-1.));
#2874=DIRECTION('',(0.,0.,1.));
#2875=DIRECTION('',(1.,0.,0.));
#2876=DIRECTION('',(0.,0.,-1.));
#2877=DIRECTION('',(0.,0.,1.));
#2878=DIRECTION('',(0.,0.,-1.));
#2879=DIRECTION('',(-1.,0.,0.));
#2880=DIRECTION('',(0.,0.,1.));
#2881=DIRECTION('',(1.,0.,0.));
#2882=DIRECTION('',(1.,0.,0.));
#2883=DIRECTION('',(0.,0.,-1.));
#2884=DIRECTION('',(0.,-0.246538164169085,-0.969133083538137));
#2885=DIRECTION('',(1.,0.,0.));
#2886=DIRECTION('',(0.,0.,-1.));
#2887=DIRECTION('',(0.,-0.246538164169085,-0.969133083538137));
#2888=DIRECTION('',(0.,0.969133083538137,-0.246538164169085));
#2889=DIRECTION('',(0.,0.246538164169085,0.969133083538137));
#2890=DIRECTION('',(0.,-0.246538164169085,-0.969133083538137));
#2891=DIRECTION('',(0.,-0.246538164169085,-0.969133083538137));
#2892=DIRECTION('',(0.,-0.246538164169085,-0.969133083538137));
#2893=DIRECTION('',(0.,0.969133083538137,-0.246538164169085));
#2894=DIRECTION('',(0.,0.246538164169085,0.969133083538137));
#2895=DIRECTION('',(0.,-0.969133083538137,0.246538164169085));
#2896=DIRECTION('',(1.,0.,0.));
#2897=DIRECTION('',(0.,0.,-1.));
#2898=DIRECTION('',(0.,-0.992253264932431,0.124231470372575));
#2899=DIRECTION('',(0.,-0.992253264932431,0.124231470372575));
#2900=DIRECTION('',(0.,0.124231470372575,0.992253264932431));
#2901=DIRECTION('',(0.,-0.992253264932431,0.124231470372575));
#2902=DIRECTION('',(0.,-0.992253264932431,0.124231470372575));
#2903=DIRECTION('',(0.,0.124231470372575,0.992253264932431));
#2904=DIRECTION('',(0.,-0.992253264932431,0.124231470372575));
#2905=DIRECTION('',(0.,-0.992253264932431,0.124231470372575));
#2906=DIRECTION('',(0.,0.992253264932431,-0.124231470372575));
#2907=DIRECTION('',(0.,0.124231470372575,0.992253264932431));
#2908=DIRECTION('',(0.,-0.992253264932431,0.124231470372575));
#2909=DIRECTION('',(0.,-0.124231470372575,-0.992253264932431));
#2910=DIRECTION('',(0.,0.124231470372575,0.992253264932431));
#2911=DIRECTION('',(0.,-0.992253264932431,0.124231470372575));
#2912=DIRECTION('',(0.,0.124231470372573,0.992253264932431));
#2913=DIRECTION('',(0.,-0.992253264932431,0.124231470372573));
#2914=DIRECTION('',(-1.,0.,0.));
#2915=DIRECTION('',(0.,0.,1.));
#2916=DIRECTION('',(-1.,0.,0.));
#2917=DIRECTION('',(0.,0.969133083538137,-0.246538164169083));
#2918=DIRECTION('',(-1.,0.,0.));
#2919=DIRECTION('',(0.,0.969133083538137,-0.246538164169083));
#2920=DIRECTION('',(-1.,0.,0.));
#2921=DIRECTION('',(0.,0.,1.));
#2922=DIRECTION('',(-1.,0.,0.));
#2923=DIRECTION('',(0.,0.969133083538137,-0.246538164169083));
#2924=DIRECTION('',(-1.,0.,0.));
#2925=DIRECTION('',(0.,0.969133083538137,-0.246538164169083));
#2926=DIRECTION('',(-1.,0.,0.));
#2927=DIRECTION('',(0.,0.,1.));
#2928=DIRECTION('',(-1.,0.,0.));
#2929=DIRECTION('',(0.,0.969133083538138,-0.246538164169082));
#2930=DIRECTION('',(-1.,0.,0.));
#2931=DIRECTION('',(0.,0.,1.));
#2932=DIRECTION('',(1.,0.,0.));
#2933=DIRECTION('',(0.,0.,-1.));
#2934=DIRECTION('',(-1.,0.,0.));
#2935=DIRECTION('',(0.,0.,1.));
#2936=DIRECTION('',(1.,0.,0.));
#2937=DIRECTION('',(0.,0.,-1.));
#2938=DIRECTION('',(-1.,0.,0.));
#2939=DIRECTION('',(0.,0.969133083538138,-0.246538164169082));
#2940=DIRECTION('',(1.,0.,0.));
#2941=DIRECTION('',(0.,0.,-1.));
#2942=DIRECTION('',(1.,0.,0.));
#2943=DIRECTION('',(0.,0.,-1.));
#2944=DIRECTION('',(1.,0.,0.));
#2945=DIRECTION('',(0.,0.,-1.));
#2946=DIRECTION('',(-1.,0.,0.));
#2947=DIRECTION('',(0.,0.,1.));
#2948=DIRECTION('',(-1.,0.,0.));
#2949=DIRECTION('',(0.,0.,1.));
#2950=DIRECTION('',(-1.,0.,0.));
#2951=DIRECTION('',(0.,0.969133083538137,-0.246538164169083));
#2952=DIRECTION('',(-1.,0.,0.));
#2953=DIRECTION('',(0.,0.969133083538137,-0.246538164169083));
#2954=DIRECTION('',(-1.,0.,0.));
#2955=DIRECTION('',(0.,0.,1.));
#2956=DIRECTION('',(-1.,0.,0.));
#2957=DIRECTION('',(0.,0.969133083538137,-0.246538164169083));
#2958=DIRECTION('',(-1.,0.,0.));
#2959=DIRECTION('',(0.,0.969133083538137,-0.246538164169083));
#2960=DIRECTION('',(1.,0.,0.));
#2961=DIRECTION('',(0.,0.,-1.));
#2962=DIRECTION('',(-1.,0.,0.));
#2963=DIRECTION('',(0.,0.969133083538138,-0.246538164169081));
#2964=DIRECTION('',(0.,0.969133083538137,-0.246538164169085));
#2965=DIRECTION('',(0.,-0.511508648789101,-0.859278128555562));
#2966=DIRECTION('',(1.,0.,0.));
#2967=DIRECTION('',(0.,0.,-1.));
#2968=DIRECTION('',(0.,-0.124231470372574,-0.992253264932431));
#2969=DIRECTION('',(-1.,0.,0.));
#2970=DIRECTION('',(0.,0.,1.));
#2971=DIRECTION('',(-1.,0.,0.));
#2972=DIRECTION('',(0.,0.969133083538138,-0.246538164169081));
#2973=DIRECTION('',(-1.,0.,0.));
#2974=DIRECTION('',(0.,0.,1.));
#2975=DIRECTION('',(-1.,0.,0.));
#2976=DIRECTION('',(0.,0.,1.));
#2977=DIRECTION('',(1.,0.,0.));
#2978=DIRECTION('',(0.,0.,-1.));
#2979=DIRECTION('',(-1.,0.,0.));
#2980=DIRECTION('',(0.,0.,1.));
#2981=DIRECTION('',(1.,0.,0.));
#2982=DIRECTION('',(0.,0.,-1.));
#2983=DIRECTION('',(1.,0.,0.));
#2984=DIRECTION('',(1.,0.,0.));
#2985=DIRECTION('',(0.,0.967777416045395,0.251807213940541));
#2986=DIRECTION('',(1.,0.,0.));
#2987=DIRECTION('',(0.,0.,-1.));
#2988=DIRECTION('',(1.,0.,0.));
#2989=DIRECTION('',(0.,0.985744994168329,0.168246267334763));
#2990=DIRECTION('',(-1.,0.,0.));
#2991=DIRECTION('',(0.,0.,1.));
#2992=DIRECTION('',(0.,0.,1.));
#2993=DIRECTION('',(0.,0.,1.));
#2994=DIRECTION('',(-1.,0.,0.));
#2995=DIRECTION('',(0.,0.,1.));
#2996=DIRECTION('',(1.,0.,0.));
#2997=DIRECTION('',(0.,0.,-1.));
#2998=DIRECTION('',(-1.,0.,0.));
#2999=DIRECTION('',(0.,0.,1.));
#3000=DIRECTION('',(1.,0.,0.));
#3001=DIRECTION('',(0.,0.,-1.));
#3002=DIRECTION('',(1.,0.,0.));
#3003=DIRECTION('',(0.,0.967777416045395,0.251807213940542));
#3004=DIRECTION('',(-1.,0.,0.));
#3005=DIRECTION('',(1.,0.,0.));
#3006=DIRECTION('',(0.,0.967777416045395,0.251807213940542));
#3007=DIRECTION('',(1.,0.,0.));
#3008=DIRECTION('',(0.,0.,-1.));
#3009=DIRECTION('',(1.,0.,0.));
#3010=DIRECTION('',(0.,0.985744994168329,0.168246267334763));
#3011=DIRECTION('',(1.,0.,0.));
#3012=DIRECTION('',(0.,0.985744994168329,0.168246267334763));
#3013=DIRECTION('',(1.,0.,0.));
#3014=DIRECTION('',(0.,0.,-1.));
#3015=DIRECTION('',(1.,0.,0.));
#3016=DIRECTION('',(0.,0.,-1.));
#3017=DIRECTION('',(1.,0.,0.));
#3018=DIRECTION('',(0.,0.,-1.));
#3019=DIRECTION('',(1.,0.,0.));
#3020=DIRECTION('',(0.,0.,-1.));
#3021=DIRECTION('',(0.,0.,1.));
#3022=DIRECTION('',(0.,0.,1.));
#3023=DIRECTION('',(-1.,0.,0.));
#3024=DIRECTION('',(0.,0.,1.));
#3025=DIRECTION('',(0.,0.,1.));
#3026=DIRECTION('',(0.,0.,1.));
#3027=DIRECTION('',(-1.,0.,0.));
#3028=DIRECTION('',(0.,0.,1.));
#3029=DIRECTION('',(1.,0.,0.));
#3030=DIRECTION('',(0.,0.,-1.));
#3031=DIRECTION('',(-1.,0.,0.));
#3032=DIRECTION('',(0.,0.,1.));
#3033=DIRECTION('',(0.,1.,0.));
#3034=DIRECTION('',(0.,0.,1.));
#3035=DIRECTION('',(0.,1.,0.));
#3036=DIRECTION('',(0.,0.,1.));
#3037=DIRECTION('',(0.,-1.,0.));
#3038=DIRECTION('',(0.,0.,-1.));
#3039=DIRECTION('',(0.,1.,0.));
#3040=DIRECTION('',(0.,0.,1.));
#3041=DIRECTION('',(0.,1.,0.));
#3042=DIRECTION('',(0.,0.,1.));
#3043=DIRECTION('',(0.,0.859278128555562,-0.511508648789101));
#3044=DIRECTION('',(0.,0.511508648789101,0.859278128555562));
#3045=DIRECTION('',(0.,0.859278128555562,-0.511508648789101));
#3046=DIRECTION('',(0.,0.511508648789101,0.859278128555562));
#3047=DIRECTION('',(0.,0.859278128555562,-0.511508648789101));
#3048=DIRECTION('',(0.,-0.511508648789101,-0.859278128555562));
#3049=DIRECTION('',(-1.,0.,0.));
#3050=DIRECTION('',(0.,-0.941747213970778,-0.336321549976027));
#3051=DIRECTION('',(0.,0.336321549976027,-0.941747213970778));
#3052=DIRECTION('',(0.,-0.941747213970778,-0.336321549976027));
#3053=DIRECTION('',(0.,-0.336321549976027,0.941747213970778));
#3054=DIRECTION('',(-1.,0.,0.));
#3055=DIRECTION('',(0.,-0.336321549976027,0.941747213970778));
#3056=DIRECTION('',(0.,-0.941747213970778,-0.336321549976027));
#3057=DIRECTION('',(0.,0.336321549976027,-0.941747213970778));
#3058=DIRECTION('',(-1.,0.,0.));
#3059=DIRECTION('',(0.,0.,1.));
#3060=DIRECTION('',(1.,0.,0.));
#3061=DIRECTION('',(0.,0.,-1.));
#3062=DIRECTION('',(1.,0.,0.));
#3063=DIRECTION('',(0.,1.,0.));
#3064=DIRECTION('',(0.,-0.124231470372574,-0.992253264932431));
#3065=DIRECTION('',(0.,1.,0.));
#3066=DIRECTION('',(0.,0.969133083538137,-0.246538164169085));
#3067=DIRECTION('',(0.,0.246538164169085,0.969133083538137));
#3068=DIRECTION('',(0.,1.,0.));
#3069=DIRECTION('',(0.,0.,1.));
#3070=DIRECTION('',(0.,1.,0.));
#3071=DIRECTION('',(0.,0.,1.));
#3072=DIRECTION('',(1.,0.,0.));
#3073=DIRECTION('',(0.,0.,-1.));
#3074=DIRECTION('',(0.,-0.124231470372576,-0.99225326493243));
#3075=DIRECTION('',(0.,0.99225326493243,-0.124231470372576));
#3076=DIRECTION('',(0.,-0.124231470372574,-0.992253264932431));
#3077=DIRECTION('',(0.,0.992253264932431,-0.124231470372574));
#3078=DIRECTION('',(3.44257006558584E-15,-0.124231470372573,-0.992253264932431));
#3079=DIRECTION('',(0.,0.992253264932431,-0.124231470372573));
#3080=DIRECTION('',(1.,0.,0.));
#3081=DIRECTION('',(0.,0.,-1.));
#3082=DIRECTION('',(-8.55351082216674E-16,-0.969133083538137,0.246538164169086));
#3083=DIRECTION('',(0.,-0.246538164169086,-0.969133083538137));
#3084=DIRECTION('',(0.,-0.969133083538137,0.246538164169085));
#3085=DIRECTION('',(0.,-0.246538164169085,-0.969133083538137));
#3086=DIRECTION('',(0.,0.124231470372574,0.992253264932431));
#3087=DIRECTION('',(0.,-0.992253264932431,0.124231470372574));
#3088=DIRECTION('',(0.,-1.,0.));
#3089=DIRECTION('',(0.,0.,-1.));
#3090=DIRECTION('',(1.,0.,0.));
#3091=DIRECTION('',(0.,0.,-1.));
#3092=DIRECTION('',(1.,0.,0.));
#3093=DIRECTION('',(1.,0.,0.));
#3094=DIRECTION('',(1.,0.,0.));
#3095=DIRECTION('',(0.,0.,-1.));
#3096=DIRECTION('',(1.,0.,0.));
#3097=DIRECTION('',(0.,1.,0.));
#3098=DIRECTION('',(0.,-0.124231470372574,-0.992253264932431));
#3099=DIRECTION('',(0.,-0.969133083538137,0.246538164169085));
#3100=DIRECTION('',(1.,0.,0.));
#3101=DIRECTION('',(0.,1.,0.));
#3102=DIRECTION('',(1.,0.,0.));
#3103=DIRECTION('',(0.,0.,-1.));
#3104=DIRECTION('',(0.,1.,0.));
#3105=DIRECTION('',(0.,-0.124231470372574,-0.992253264932431));
#3106=DIRECTION('',(1.,0.,0.));
#3107=DIRECTION('',(0.,0.,-1.));
#3108=DIRECTION('',(1.,0.,0.));
#3109=DIRECTION('',(1.,0.,0.));
#3110=DIRECTION('',(1.,0.,0.));
#3111=DIRECTION('',(0.,1.,0.));
#3112=DIRECTION('',(0.,-0.969133083538137,0.246538164169085));
#3113=DIRECTION('',(0.,-0.124231470372574,-0.992253264932431));
#3114=DIRECTION('',(1.,0.,0.));
#3115=DIRECTION('',(0.,0.,-1.));
#3116=DIRECTION('',(-1.,0.,0.));
#3117=DIRECTION('',(0.,0.,1.));
#3118=DIRECTION('',(-1.,0.,0.));
#3119=DIRECTION('',(-1.,0.,0.));
#3120=DIRECTION('',(1.,0.,0.));
#3121=DIRECTION('',(0.,1.,0.));
#3122=DIRECTION('',(0.,-0.124231470372574,-0.992253264932431));
#3123=DIRECTION('',(0.,1.,0.));
#3124=DIRECTION('',(1.,0.,0.));
#3125=DIRECTION('',(0.,0.,-1.));
#3126=DIRECTION('',(-1.,0.,0.));
#3127=DIRECTION('',(0.,0.,1.));
#3128=DIRECTION('',(-1.,0.,0.));
#3129=DIRECTION('',(-1.,0.,0.));
#3130=DIRECTION('',(1.,0.,0.));
#3131=DIRECTION('',(0.,0.,-1.));
#3132=DIRECTION('',(1.,0.,0.));
#3133=DIRECTION('',(1.,0.,0.));
#3134=DIRECTION('',(0.,0.,-1.));
#3135=DIRECTION('',(1.,0.,0.));
#3136=DIRECTION('',(1.,0.,0.));
#3137=DIRECTION('',(0.,1.,0.));
#3138=DIRECTION('',(0.,-0.124231470372574,-0.992253264932431));
#3139=DIRECTION('',(0.,-0.969133083538137,0.246538164169085));
#3140=DIRECTION('',(1.,0.,0.));
#3141=DIRECTION('',(0.,1.,0.));
#3142=DIRECTION('',(1.,0.,0.));
#3143=DIRECTION('',(0.,0.,-1.));
#3144=DIRECTION('',(0.,1.,0.));
#3145=DIRECTION('',(0.,-0.124231470372574,-0.992253264932431));
#3146=DIRECTION('',(1.,0.,0.));
#3147=DIRECTION('',(0.,0.,-1.));
#3148=DIRECTION('',(1.,0.,0.));
#3149=DIRECTION('',(1.,0.,0.));
#3150=DIRECTION('',(1.,0.,0.));
#3151=DIRECTION('',(0.,0.,-1.));
#3152=DIRECTION('',(0.707106781186548,0.0878449151372228,0.701629012288214));
#3153=DIRECTION('',(-0.707106781186548,0.0878449151372228,0.701629012288214));
#3154=DIRECTION('',(0.,0.124231470372574,0.992253264932431));
#3155=DIRECTION('',(0.,-0.992253264932431,0.124231470372574));
#3156=DIRECTION('',(0.,0.124231470372574,0.992253264932431));
#3157=DIRECTION('',(0.,-0.992253264932431,0.124231470372574));
#3158=DIRECTION('',(1.,0.,0.));
#3159=DIRECTION('',(0.,0.,-1.));
#3160=DIRECTION('',(0.,-1.,0.));
#3161=DIRECTION('',(0.,0.,-1.));
#3162=DIRECTION('',(0.,-1.,0.));
#3163=DIRECTION('',(0.,0.,-1.));
#3164=DIRECTION('',(-0.707106781186548,-0.707106781186548,0.));
#3165=DIRECTION('',(0.707106781186548,-0.707106781186548,0.));
#3166=DIRECTION('',(1.,0.,0.));
#3167=DIRECTION('',(0.,0.,-1.));
#3168=DIRECTION('',(-1.,0.,0.));
#3169=DIRECTION('',(0.,0.,1.));
#3170=DIRECTION('',(0.707106781186548,-0.0878449151372228,-0.701629012288214));
#3171=DIRECTION('',(-0.707106781186548,-0.0878449151372228,-0.701629012288214));
#3172=DIRECTION('',(0.,-0.124231470372574,-0.992253264932431));
#3173=DIRECTION('',(0.,0.992253264932431,-0.124231470372574));
#3174=DIRECTION('',(0.,0.124231470372574,0.992253264932431));
#3175=DIRECTION('',(0.,-0.992253264932431,0.124231470372574));
#3176=DIRECTION('',(1.,0.,0.));
#3177=DIRECTION('',(0.,0.,-1.));
#3178=DIRECTION('',(0.,-1.,0.));
#3179=DIRECTION('',(0.,0.,-1.));
#3180=DIRECTION('',(0.,1.,0.));
#3181=DIRECTION('',(0.,0.,1.));
#3182=DIRECTION('',(-0.707106781186548,0.707106781186548,0.));
#3183=DIRECTION('',(0.707106781186548,0.707106781186548,0.));
#3184=DIRECTION('',(-1.,0.,0.));
#3185=DIRECTION('',(0.,0.,1.));
#3186=DIRECTION('',(-1.,0.,0.));
#3187=DIRECTION('',(0.,0.,1.));
#3188=DIRECTION('',(-0.707106781186548,0.685280575242046,-0.174328807705242));
#3189=DIRECTION('',(0.707106781186548,0.685280575242046,-0.174328807705242));
#3190=DIRECTION('',(0.,0.969133083538137,-0.246538164169085));
#3191=DIRECTION('',(0.,0.246538164169085,0.969133083538137));
#3192=DIRECTION('',(0.,0.969133083538137,-0.246538164169086));
#3193=DIRECTION('',(0.,0.246538164169086,0.969133083538137));
#3194=DIRECTION('',(1.,0.,0.));
#3195=DIRECTION('',(0.,0.,-1.));
#3196=DIRECTION('',(0.,0.124231470372576,0.99225326493243));
#3197=DIRECTION('',(0.,-0.99225326493243,0.124231470372576));
#3198=DIRECTION('',(0.,-0.124231470372574,-0.992253264932431));
#3199=DIRECTION('',(0.,0.992253264932431,-0.124231470372574));
#3200=DIRECTION('',(-0.707106781186548,-0.0878449151372228,-0.701629012288214));
#3201=DIRECTION('',(0.707106781186548,-0.0878449151372228,-0.701629012288214));
#3202=DIRECTION('',(-1.,0.,0.));
#3203=DIRECTION('',(0.,0.,1.));
#3204=DIRECTION('',(1.,0.,0.));
#3205=DIRECTION('',(0.,0.,-1.));
#3206=DIRECTION('',(-0.707106781186548,-0.685280575242046,0.174328807705242));
#3207=DIRECTION('',(0.707106781186548,-0.685280575242046,0.174328807705242));
#3208=DIRECTION('',(0.,-0.969133083538137,0.246538164169085));
#3209=DIRECTION('',(0.,-0.246538164169085,-0.969133083538137));
#3210=DIRECTION('',(8.55351082216671E-16,0.969133083538137,-0.246538164169085));
#3211=DIRECTION('',(0.,0.246538164169085,0.969133083538137));
#3212=DIRECTION('',(1.,0.,0.));
#3213=DIRECTION('',(0.,0.,-1.));
#3214=DIRECTION('',(0.,0.124231470372576,0.99225326493243));
#3215=DIRECTION('',(0.,-0.99225326493243,0.124231470372576));
#3216=DIRECTION('',(0.,0.124231470372574,0.992253264932431));
#3217=DIRECTION('',(0.,-0.992253264932431,0.124231470372574));
#3218=DIRECTION('',(-0.707106781186548,0.0878449151372228,0.701629012288214));
#3219=DIRECTION('',(0.707106781186548,0.0878449151372228,0.701629012288214));
#3220=DIRECTION('',(1.,0.,0.));
#3221=DIRECTION('',(0.,0.,-1.));
#3222=DIRECTION('',(1.,0.,0.));
#3223=DIRECTION('',(0.,0.,-1.));
#3224=DIRECTION('',(0.707106781186548,0.685280575242046,-0.174328807705242));
#3225=DIRECTION('',(0.707106781186548,-0.685280575242046,0.174328807705242));
#3226=DIRECTION('',(0.,-0.969133083538137,0.246538164169085));
#3227=DIRECTION('',(0.,-0.246538164169085,-0.969133083538137));
#3228=DIRECTION('',(8.55351082216671E-16,0.969133083538137,-0.246538164169085));
#3229=DIRECTION('',(0.,0.246538164169085,0.969133083538137));
#3230=DIRECTION('',(1.,0.,0.));
#3231=DIRECTION('',(0.,0.,-1.));
#3232=DIRECTION('',(0.,0.124231470372576,0.99225326493243));
#3233=DIRECTION('',(0.,-0.99225326493243,0.124231470372576));
#3234=DIRECTION('',(1.,0.,0.));
#3235=DIRECTION('',(0.,0.,-1.));
#3236=DIRECTION('',(0.707106781186548,-0.0878449151372228,-0.701629012288214));
#3237=DIRECTION('',(0.707106781186548,0.0878449151372228,0.701629012288214));
#3238=DIRECTION('',(0.,0.124231470372574,0.992253264932431));
#3239=DIRECTION('',(0.,-0.992253264932431,0.124231470372574));
#3240=DIRECTION('',(1.,0.,0.));
#3241=DIRECTION('',(0.,0.,-1.));
#3242=DIRECTION('',(0.707106781186548,0.0878449151372228,0.701629012288214));
#3243=DIRECTION('',(-0.707106781186548,0.0878449151372228,0.701629012288214));
#3244=DIRECTION('',(0.,0.124231470372574,0.992253264932431));
#3245=DIRECTION('',(0.,-0.992253264932431,0.124231470372574));
#3246=DIRECTION('',(0.,0.124231470372574,0.99225326493243));
#3247=DIRECTION('',(0.,-0.992253264932431,0.124231470372574));
#3248=DIRECTION('',(1.,0.,0.));
#3249=DIRECTION('',(0.,0.,-1.));
#3250=DIRECTION('',(0.,-1.,0.));
#3251=DIRECTION('',(0.,0.,-1.));
#3252=DIRECTION('',(0.,-1.,0.));
#3253=DIRECTION('',(0.,0.,-1.));
#3254=DIRECTION('',(-0.707106781186548,-0.707106781186548,0.));
#3255=DIRECTION('',(0.707106781186548,-0.707106781186548,0.));
#3256=DIRECTION('',(1.,0.,0.));
#3257=DIRECTION('',(0.,0.,-1.));
#3258=CARTESIAN_POINT('',(0.,0.,0.));
#3259=CARTESIAN_POINT('',(-0.045002,0.0413485102721343,0.0156566981716981));
#3260=CARTESIAN_POINT('',(0.,0.0448941521873554,0.04397621138448));
#3261=CARTESIAN_POINT('',(-0.033,0.0448941521873554,0.04397621138448));
#3262=CARTESIAN_POINT('',(-0.029,0.0448941521873554,0.04397621138448));
#3263=CARTESIAN_POINT('',(-0.029,0.0455325380869715,0.0490750844098193));
#3264=CARTESIAN_POINT('',(-0.029,0.0447198510093747,0.0425840447103342));
#3265=CARTESIAN_POINT('',(-0.0266,0.0447198510093747,0.0425840447103342));
#3266=CARTESIAN_POINT('',(-0.0246,0.0447198510093747,0.0425840447103342));
#3267=CARTESIAN_POINT('',(-0.0246,0.0413485102721343,0.0156566981716981));
#3268=CARTESIAN_POINT('',(-0.0246,0.0450568050827061,0.0452753416771386));
#3269=CARTESIAN_POINT('',(-0.045002,0.0450568050827061,0.0452753416771386));
#3270=CARTESIAN_POINT('',(0.0102,0.0450568050827061,0.0452753416771386));
#3271=CARTESIAN_POINT('',(0.0102,0.0448941521873554,0.04397621138448));
#3272=CARTESIAN_POINT('',(0.0102,0.0447198510093747,0.0425840447103342));
#3273=CARTESIAN_POINT('',(-0.045002,0.0447198510093747,0.0425840447103342));
#3274=CARTESIAN_POINT('',(0.0146,0.0447198510093747,0.0425840447103342));
#3275=CARTESIAN_POINT('',(0.0146,0.0455325380869715,0.0490750844098194));
#3276=CARTESIAN_POINT('',(0.0146,0.0448941521873554,0.04397621138448));
#3277=CARTESIAN_POINT('',(0.,0.0448941521873554,0.04397621138448));
#3278=CARTESIAN_POINT('',(0.0166,0.0448941521873554,0.04397621138448));
#3279=CARTESIAN_POINT('',(0.0166,0.0408904960231384,0.0119984774922781));
#3280=CARTESIAN_POINT('',(0.0166,0.0408904960231384,0.0119984774922781));
#3281=CARTESIAN_POINT('',(0.,0.0408904960231384,0.0119984774922781));
#3282=CARTESIAN_POINT('',(0.0146,0.0408904960231384,0.0119984774922781));
#3283=CARTESIAN_POINT('',(0.0146,0.0403757466040817,0.00788710546915641));
#3284=CARTESIAN_POINT('',(0.0146,0.0410639709875458,0.0133840450888058));
#3285=CARTESIAN_POINT('',(-0.045002,0.0410639709875458,0.0133840450888058));
#3286=CARTESIAN_POINT('',(0.0102,0.0410639709875458,0.0133840450888058));
#3287=CARTESIAN_POINT('',(0.0102,0.0406068513100199,0.00973296947061));
#3288=CARTESIAN_POINT('',(0.0102,0.0406068513100199,0.00973296947061001));
#3289=CARTESIAN_POINT('',(-0.045002,0.0406068513100199,0.00973296947061001));
#3290=CARTESIAN_POINT('',(-0.0246,0.0406068513100199,0.00973296947061001));
#3291=CARTESIAN_POINT('',(-0.0246,0.0413485102721343,0.0156566981716981));
#3292=CARTESIAN_POINT('',(-0.0246,0.0410639709875458,0.0133840450888058));
#3293=CARTESIAN_POINT('',(-0.029,0.0410639709875458,0.0133840450888058));
#3294=CARTESIAN_POINT('',(-0.029,0.0410639709875458,0.0133840450888058));
#3295=CARTESIAN_POINT('',(-0.029,0.0403757466040817,0.00788710546915641));
#3296=CARTESIAN_POINT('',(-0.029,0.0408904960231384,0.0119984774922781));
#3297=CARTESIAN_POINT('',(0.,0.0408904960231384,0.0119984774922781));
#3298=CARTESIAN_POINT('',(-0.033,0.0408904960231384,0.0119984774922781));
#3299=CARTESIAN_POINT('',(-0.033,0.0403757466040817,0.00788710546915641));
#3300=CARTESIAN_POINT('',(-0.033,0.0410639709875458,0.0133840450888058));
#3301=CARTESIAN_POINT('',(-0.045002,0.0410639709875458,0.0133840450888058));
#3302=CARTESIAN_POINT('',(-0.0374,0.0410639709875458,0.0133840450888058));
#3303=CARTESIAN_POINT('',(-0.0374,0.0406068513100199,0.00973296947061));
#3304=CARTESIAN_POINT('',(-0.0374,0.0406068513100199,0.00973296947061001));
#3305=CARTESIAN_POINT('',(-0.045002,0.0406068513100199,0.00973296947061001));
#3306=CARTESIAN_POINT('',(-0.045,0.0406068513100199,0.00973296947061001));
#3307=CARTESIAN_POINT('',(-0.045,0.0413485102721343,0.0156566981716981));
#3308=CARTESIAN_POINT('',(-0.045,0.0412717408091955,0.0150435302681106));
#3309=CARTESIAN_POINT('',(-0.045002,0.0412717408091956,0.0150435302681106));
#3310=CARTESIAN_POINT('',(-0.041,0.0412717408091956,0.0150435302681106));
#3311=CARTESIAN_POINT('',(-0.041,0.0417686666906859,0.0190125433278403));
#3312=CARTESIAN_POINT('',(-0.037,0.0417686666906859,0.0190125433278403));
#3313=CARTESIAN_POINT('',(-0.037,0.0413485102721343,0.0156566981716981));
#3314=CARTESIAN_POINT('',(-0.037,0.0422655925721762,0.02298155638757));
#3315=CARTESIAN_POINT('',(-0.041,0.0422655925721762,0.02298155638757));
#3316=CARTESIAN_POINT('',(-0.041,0.0427625184536665,0.0269505694472997));
#3317=CARTESIAN_POINT('',(-0.045002,0.0427625184536665,0.0269505694472997));
#3318=CARTESIAN_POINT('',(-0.045,0.0427625184536665,0.0269505694472997));
#3319=CARTESIAN_POINT('',(-0.045,0.0413485102721343,0.0156566981716981));
#3320=CARTESIAN_POINT('',(-0.045,0.0450568050827061,0.0452753416771386));
#3321=CARTESIAN_POINT('',(-0.045002,0.0450568050827061,0.0452753416771386));
#3322=CARTESIAN_POINT('',(-0.0374,0.0450568050827061,0.0452753416771386));
#3323=CARTESIAN_POINT('',(-0.0374,0.0448941521873554,0.04397621138448));
#3324=CARTESIAN_POINT('',(-0.0374,0.0447198510093747,0.0425840447103342));
#3325=CARTESIAN_POINT('',(-0.045002,0.0447198510093747,0.0425840447103342));
#3326=CARTESIAN_POINT('',(-0.033,0.0447198510093747,0.0425840447103342));
#3327=CARTESIAN_POINT('',(-0.033,0.0455325380869715,0.0490750844098194));
#3328=CARTESIAN_POINT('',(-0.045002,0.047041311612571,0.0450268787363934));
#3329=CARTESIAN_POINT('',(-0.045002,0.0475343879409092,0.0469651449034697));
#3330=CARTESIAN_POINT('',(-0.045,0.0475343879409092,0.0469651449034697));
#3331=CARTESIAN_POINT('',(-0.0374,0.0475343879409092,0.0469651449034697));
#3332=CARTESIAN_POINT('',(-0.0374,0.047041311612571,0.0450268787363934));
#3333=CARTESIAN_POINT('',(-0.045,0.047041311612571,0.0450268787363934));
#3334=CARTESIAN_POINT('',(-0.045002,0.0425913578398847,0.00948450652986486));
#3335=CARTESIAN_POINT('',(-0.0374,0.0425913578398847,0.00948450652986486));
#3336=CARTESIAN_POINT('',(-0.0374,0.0425913578398847,0.00748450652986486));
#3337=CARTESIAN_POINT('',(-0.045002,0.0425913578398847,0.00748450652986486));
#3338=CARTESIAN_POINT('',(-0.045,0.0425913578398847,0.00748450652986486));
#3339=CARTESIAN_POINT('',(-0.045,0.0425913578398847,0.00948450652986486));
#3340=CARTESIAN_POINT('',(-0.045002,0.0454895781141443,0.00748450652986486));
#3341=CARTESIAN_POINT('',(-0.045002,0.0460866269526368,0.00748450652986486));
#3342=CARTESIAN_POINT('',(-0.0374,0.0460866269526368,0.00748450652986486));
#3343=CARTESIAN_POINT('',(-0.033,0.0460866269526368,0.00748450652986486));
#3344=CARTESIAN_POINT('',(-0.033,0.0435913578398847,0.00748450652986486));
#3345=CARTESIAN_POINT('',(-0.033,0.0445913578398847,0.00748450652986486));
#3346=CARTESIAN_POINT('',(-0.031,0.0445913578398847,0.00748450652986486));
#3347=CARTESIAN_POINT('',(-0.029,0.0445913578398847,0.00748450652986486));
#3348=CARTESIAN_POINT('',(-0.029,0.0435913578398847,0.00748450652986486));
#3349=CARTESIAN_POINT('',(-0.029,0.0460866269526368,0.00748450652986486));
#3350=CARTESIAN_POINT('',(-0.0266,0.0460866269526368,0.00748450652986486));
#3351=CARTESIAN_POINT('',(-0.0246,0.0460866269526368,0.00748450652986486));
#3352=CARTESIAN_POINT('',(-0.0246,0.0454895781141443,0.00748450652986486));
#3353=CARTESIAN_POINT('',(-0.0246,0.0425913578398847,0.00748450652986486));
#3354=CARTESIAN_POINT('',(-0.045002,0.0425913578398847,0.00748450652986486));
#3355=CARTESIAN_POINT('',(-0.012749,0.0425913578398847,0.00748450652986486));
#3356=CARTESIAN_POINT('',(-0.012749,0.0455913578398847,0.00748450652986485));
#3357=CARTESIAN_POINT('',(-0.015749,0.0455913578398847,0.00748450652986486));
#3358=CARTESIAN_POINT('',(-0.015749,0.0479895781141443,0.00748450652986486));
#3359=CARTESIAN_POINT('',(-0.015749,0.0483877983884038,0.00748450652986486));
#3360=CARTESIAN_POINT('',(-0.045002,0.0483877983884038,0.00748450652986485));
#3361=CARTESIAN_POINT('',(-0.043,0.0483877983884038,0.00748450652986485));
#3362=CARTESIAN_POINT('',(-0.043,0.0463721839574085,0.00748450652986486));
#3363=CARTESIAN_POINT('',(-0.045,0.0463721839574085,0.00748450652986486));
#3364=CARTESIAN_POINT('',(-0.045,0.0454895781141443,0.00748450652986486));
#3365=CARTESIAN_POINT('',(-0.0374,0.0445913578398847,0.00748450652986486));
#3366=CARTESIAN_POINT('',(-0.045002,0.0503431490920751,0.0462506229976961));
#3367=CARTESIAN_POINT('',(-0.045002,0.050368026434526,0.0462442944403066));
#3368=CARTESIAN_POINT('',(-0.0246,0.050368026434526,0.0462442944403066));
#3369=CARTESIAN_POINT('',(-0.029,0.050368026434526,0.0462442944403066));
#3370=CARTESIAN_POINT('',(-0.029,0.0503431490920751,0.0462506229976961));
#3371=CARTESIAN_POINT('',(-0.029,0.0491403814863743,0.0465565955441589));
#3372=CARTESIAN_POINT('',(0.,0.0491403814863743,0.0465565955441589));
#3373=CARTESIAN_POINT('',(-0.033,0.0491403814863743,0.0465565955441589));
#3374=CARTESIAN_POINT('',(-0.033,0.0503431490920751,0.0462506229976961));
#3375=CARTESIAN_POINT('',(-0.033,0.050368026434526,0.0462442944403066));
#3376=CARTESIAN_POINT('',(-0.0354,0.050368026434526,0.0462442944403066));
#3377=CARTESIAN_POINT('',(-0.0374,0.050368026434526,0.0462442944403066));
#3378=CARTESIAN_POINT('',(-0.0374,0.0503431490920751,0.0462506229976961));
#3379=CARTESIAN_POINT('',(-0.045,0.0503431490920751,0.0462506229976961));
#3380=CARTESIAN_POINT('',(-0.045,0.0511985116145066,0.0460330269734128));
#3381=CARTESIAN_POINT('',(-0.043,0.0511985116145066,0.0460330269734128));
#3382=CARTESIAN_POINT('',(-0.043,0.053151910243241,0.0455361010919225));
#3383=CARTESIAN_POINT('',(-0.045002,0.053151910243241,0.0455361010919225));
#3384=CARTESIAN_POINT('',(-0.006289,0.053151910243241,0.0455361010919226));
#3385=CARTESIAN_POINT('',(-0.006289,0.0527659818009204,0.0456342775872734));
#3386=CARTESIAN_POINT('',(-0.006289,0.0504417871915236,0.0462255304109625));
#3387=CARTESIAN_POINT('',(-0.003289,0.0504417871915236,0.0462255304109625));
#3388=CARTESIAN_POINT('',(-0.003289,0.0475343879409092,0.0469651449034697));
#3389=CARTESIAN_POINT('',(-0.045002,0.0475343879409092,0.0469651449034697));
#3390=CARTESIAN_POINT('',(-0.0246,0.0475343879409092,0.0469651449034697));
#3391=CARTESIAN_POINT('',(-0.0246,0.0491403814863743,0.0465565955441589));
#3392=CARTESIAN_POINT('',(-0.045002,0.047041311612571,0.0450268787363934));
#3393=CARTESIAN_POINT('',(-0.0246,0.047041311612571,0.0450268787363934));
#3394=CARTESIAN_POINT('',(-0.045002,0.0475343879409092,0.0469651449034697));
#3395=CARTESIAN_POINT('',(-0.002749,0.0475343879409092,0.0469651449034697));
#3396=CARTESIAN_POINT('',(-0.045002,0.0475343879409092,0.0469651449034697));
#3397=CARTESIAN_POINT('',(0.0102,0.0475343879409092,0.0469651449034697));
#3398=CARTESIAN_POINT('',(0.0102,0.047041311612571,0.0450268787363934));
#3399=CARTESIAN_POINT('',(-0.045002,0.0425913578398847,0.00948450652986486));
#3400=CARTESIAN_POINT('',(-0.0246,0.0425913578398847,0.00948450652986486));
#3401=CARTESIAN_POINT('',(0.0102,0.0425913578398847,0.00948450652986486));
#3402=CARTESIAN_POINT('',(0.0102,0.0425913578398847,0.00748450652986486));
#3403=CARTESIAN_POINT('',(-0.045002,0.0425913578398847,0.00748450652986486));
#3404=CARTESIAN_POINT('',(-0.002749,0.0425913578398847,0.00748450652986486));
#3405=CARTESIAN_POINT('',(-0.045002,0.0425913578398847,0.00748450652986486));
#3406=CARTESIAN_POINT('',(0.021,0.0502115609895051,0.0272556926331291));
#3407=CARTESIAN_POINT('',(0.021,0.0494027926305993,0.0392379968984708));
#3408=CARTESIAN_POINT('',(0.021,0.0520850016775197,0.0437438123439938));
#3409=CARTESIAN_POINT('',(0.021,0.0456536750179576,0.032939892705019));
#3410=CARTESIAN_POINT('',(0.021,0.047041311612571,0.0450268787363934));
#3411=CARTESIAN_POINT('',(0.021,0.047041311612571,0.0450268787363934));
#3412=CARTESIAN_POINT('',(0.021,0.0448996017254085,0.0279207572222418));
#3413=CARTESIAN_POINT('',(0.021,0.0454935821607741,0.0326649579028733));
#3414=CARTESIAN_POINT('',(0.021,0.0598317641391255,0.0244999999999982));
#3415=CARTESIAN_POINT('',(0.0186,0.0489927776211018,0.0486418576718901));
#3416=CARTESIAN_POINT('',(0.0186,0.0425913578398847,-0.258233548892668));
#3417=CARTESIAN_POINT('',(0.0186,0.0425913578398847,0.0055));
#3418=CARTESIAN_POINT('',(0.0186,0.0425913578398847,0.00748450652986486));
#3419=CARTESIAN_POINT('',(0.0186,0.0387778042654201,0.00649225326493242));
#3420=CARTESIAN_POINT('',(0.0186,0.038678698159241,0.0104315343397986));
#3421=CARTESIAN_POINT('',(0.0186,0.0433528392965776,0.0477645208235613));
#3422=CARTESIAN_POINT('',(0.0186,0.0389236595648952,0.0123880736435188));
#3423=CARTESIAN_POINT('',(0.0186,0.0387778042654201,0.00649225326493242));
#3424=CARTESIAN_POINT('',(0.0186,0.0427612312988461,0.0108413084237353));
#3425=CARTESIAN_POINT('',(0.0186,0.0468786587172202,0.0437277484437349));
#3426=CARTESIAN_POINT('',(0.0186,0.0439231838942222,0.0201219782330908));
#3427=CARTESIAN_POINT('',(0.0186,0.0598317641391255,0.0244999999999982));
#3428=CARTESIAN_POINT('',(0.0186,0.0442929351086064,0.0189506944253933));
#3429=CARTESIAN_POINT('',(0.0186,0.0463403667485051,0.0132176004776291));
#3430=CARTESIAN_POINT('',(0.0186,0.0476735482266052,0.00948450652986486));
#3431=CARTESIAN_POINT('',(0.0186,0.0445913578398847,0.00948450652986486));
#3432=CARTESIAN_POINT('',(0.0186,0.0445913578398847,0.00948450652986488));
#3433=CARTESIAN_POINT('',(0.0186,0.0445913578398847,-0.258233548892668));
#3434=CARTESIAN_POINT('',(0.0186,0.0445913578398847,0.0055));
#3435=CARTESIAN_POINT('',(0.0186,0.0431002993701705,0.0055));
#3436=CARTESIAN_POINT('',(-0.045002,0.0454895781141443,0.00748450652986486));
#3437=CARTESIAN_POINT('',(-0.045002,0.0483877983884038,0.00748450652986485));
#3438=CARTESIAN_POINT('',(0.023,0.0483877983884038,0.00748450652986485));
#3439=CARTESIAN_POINT('',(0.0256,0.0483877983884038,0.00748450652986485));
#3440=CARTESIAN_POINT('',(0.023,0.0454895781141443,0.00748450652986486));
#3441=CARTESIAN_POINT('',(0.023,0.0425913578398847,0.00748450652986486));
#3442=CARTESIAN_POINT('',(-0.045002,0.0425913578398847,0.00748450652986486));
#3443=CARTESIAN_POINT('',(0.0306,0.0425913578398847,0.00748450652986486));
#3444=CARTESIAN_POINT('',(0.0306,0.0454895781141443,0.00748450652986486));
#3445=CARTESIAN_POINT('',(0.0306,0.0433487623109156,0.00748450652986486));
#3446=CARTESIAN_POINT('',(0.0256,0.0433487623109156,0.00748450652986485));
#3447=CARTESIAN_POINT('',(-0.045002,0.0413485102721343,0.0156566981716981));
#3448=CARTESIAN_POINT('',(-0.045002,0.0406068513100199,0.00973296947061001));
#3449=CARTESIAN_POINT('',(0.023,0.0406068513100199,0.00973296947061001));
#3450=CARTESIAN_POINT('',(0.0306,0.0406068513100199,0.00973296947061001));
#3451=CARTESIAN_POINT('',(0.023,0.0413485102721343,0.0156566981716981));
#3452=CARTESIAN_POINT('',(0.023,0.0450568050827061,0.0452753416771386));
#3453=CARTESIAN_POINT('',(-0.045002,0.0450568050827061,0.0452753416771386));
#3454=CARTESIAN_POINT('',(0.0306,0.0450568050827061,0.0452753416771386));
#3455=CARTESIAN_POINT('',(0.0306,0.0413485102721343,0.0156566981716981));
#3456=CARTESIAN_POINT('',(-0.045002,0.0503431490920751,0.0462506229976961));
#3457=CARTESIAN_POINT('',(-0.045002,0.0475343879409092,0.0469651449034697));
#3458=CARTESIAN_POINT('',(0.023,0.0475343879409092,0.0469651449034697));
#3459=CARTESIAN_POINT('',(0.0306,0.0475343879409092,0.0469651449034697));
#3460=CARTESIAN_POINT('',(0.023,0.053151910243241,0.0455361010919225));
#3461=CARTESIAN_POINT('',(0.023,0.053151910243241,0.0455361010919225));
#3462=CARTESIAN_POINT('',(-0.045002,0.053151910243241,0.0455361010919225));
#3463=CARTESIAN_POINT('',(0.0256,0.053151910243241,0.0455361010919225));
#3464=CARTESIAN_POINT('',(0.0256,0.0482684136714049,0.0467784157956483));
#3465=CARTESIAN_POINT('',(0.0306,0.0482684136714049,0.0467784157956483));
#3466=CARTESIAN_POINT('',(0.0306,0.0503431490920751,0.0462506229976961));
#3467=CARTESIAN_POINT('',(-0.045002,0.047041311612571,0.0450268787363934));
#3468=CARTESIAN_POINT('',(0.023,0.047041311612571,0.0450268787363934));
#3469=CARTESIAN_POINT('',(0.0306,0.047041311612571,0.0450268787363934));
#3470=CARTESIAN_POINT('',(-0.045002,0.0425913578398847,0.00948450652986486));
#3471=CARTESIAN_POINT('',(0.023,0.0425913578398847,0.00948450652986486));
#3472=CARTESIAN_POINT('',(0.0306,0.0425913578398847,0.00948450652986486));
#3473=CARTESIAN_POINT('',(-0.045002,0.0454895781141443,0.00748450652986486));
#3474=CARTESIAN_POINT('',(-0.045002,0.0460866269526368,0.00748450652986486));
#3475=CARTESIAN_POINT('',(0.0102,0.0460866269526368,0.00748450652986486));
#3476=CARTESIAN_POINT('',(0.0146,0.0460866269526368,0.00748450652986486));
#3477=CARTESIAN_POINT('',(0.0146,0.0435913578398847,0.00748450652986486));
#3478=CARTESIAN_POINT('',(0.0146,0.0445913578398847,0.00748450652986486));
#3479=CARTESIAN_POINT('',(0.0166,0.0445913578398847,0.00748450652986486));
#3480=CARTESIAN_POINT('',(0.0166,0.0445913578398847,0.00748450652986486));
#3481=CARTESIAN_POINT('',(0.0166,0.0483877983884038,0.00748450652986486));
#3482=CARTESIAN_POINT('',(0.0166,0.0483877983884039,0.00748450652986486));
#3483=CARTESIAN_POINT('',(-0.045002,0.0483877983884038,0.00748450652986485));
#3484=CARTESIAN_POINT('',(0.000250999999999995,0.0483877983884038,0.00748450652986485));
#3485=CARTESIAN_POINT('',(0.000250999999999992,0.0479895781141443,0.00748450652986486));
#3486=CARTESIAN_POINT('',(0.000250999999999992,0.0455913578398847,0.00748450652986486));
#3487=CARTESIAN_POINT('',(-0.002749,0.0455913578398847,0.00748450652986485));
#3488=CARTESIAN_POINT('',(0.0102,0.0445913578398847,0.00748450652986486));
#3489=CARTESIAN_POINT('',(-0.045002,0.0431002993701705,0.0055));
#3490=CARTESIAN_POINT('',(-0.045,0.0431002993701705,0.0055));
#3491=CARTESIAN_POINT('',(-0.045,0.0380612632926823,0.0055));
#3492=CARTESIAN_POINT('',(-0.045,0.0461237210166634,0.0055));
#3493=CARTESIAN_POINT('',(-0.043,0.0461237210166634,0.0055));
#3494=CARTESIAN_POINT('',(-0.043,0.0481393354476587,0.0055));
#3495=CARTESIAN_POINT('',(-0.045002,0.0481393354476587,0.0055));
#3496=CARTESIAN_POINT('',(-0.015749,0.0481393354476587,0.0055));
#3497=CARTESIAN_POINT('',(-0.015749,0.0431002993701705,0.0055));
#3498=CARTESIAN_POINT('',(-0.015749,0.0455913578398847,0.0055));
#3499=CARTESIAN_POINT('',(-0.012749,0.0455913578398847,0.0055));
#3500=CARTESIAN_POINT('',(-0.012749,0.0425913578398847,0.0055));
#3501=CARTESIAN_POINT('',(-0.045002,0.0425913578398847,0.0055));
#3502=CARTESIAN_POINT('',(-0.002749,0.0425913578398847,0.0055));
#3503=CARTESIAN_POINT('',(-0.002749,0.0455913578398847,0.0055));
#3504=CARTESIAN_POINT('',(0.000250999999999995,0.0455913578398847,0.0055));
#3505=CARTESIAN_POINT('',(0.000250999999999995,0.0431002993701705,0.0055));
#3506=CARTESIAN_POINT('',(0.000250999999999995,0.0481393354476587,0.0055));
#3507=CARTESIAN_POINT('',(-0.045002,0.0481393354476587,0.0055));
#3508=CARTESIAN_POINT('',(0.0256,0.0481393354476587,0.0055));
#3509=CARTESIAN_POINT('',(0.0256,0.0431002993701705,0.0055));
#3510=CARTESIAN_POINT('',(0.0306,0.0431002993701705,0.0055));
#3511=CARTESIAN_POINT('',(0.0306,0.0431002993701705,0.0055));
#3512=CARTESIAN_POINT('',(0.0306,0.0380612632926823,0.0055));
#3513=CARTESIAN_POINT('',(-0.045002,0.0380612632926823,0.0055));
#3514=CARTESIAN_POINT('',(0.0146,0.0431002993701705,0.0055));
#3515=CARTESIAN_POINT('',(0.0146,0.0425913578398847,0.0055));
#3516=CARTESIAN_POINT('',(0.0146,0.0445913578398847,0.0055));
#3517=CARTESIAN_POINT('',(-0.045002,0.0425913578398847,0.0055));
#3518=CARTESIAN_POINT('',(-0.045002,0.0445913578398847,0.0055));
#3519=CARTESIAN_POINT('',(-0.029,0.0431002993701705,0.0055));
#3520=CARTESIAN_POINT('',(-0.029,0.0445913578398847,0.0055));
#3521=CARTESIAN_POINT('',(-0.029,0.0425913578398847,0.0055));
#3522=CARTESIAN_POINT('',(-0.045002,0.0445913578398847,0.0055));
#3523=CARTESIAN_POINT('',(-0.033,0.0445913578398847,0.0055));
#3524=CARTESIAN_POINT('',(-0.033,0.0431002993701705,0.0055));
#3525=CARTESIAN_POINT('',(-0.033,0.0425913578398847,0.0055));
#3526=CARTESIAN_POINT('',(-0.045002,0.0425913578398847,0.0055));
#3527=CARTESIAN_POINT('',(-0.045002,0.0433528392965776,0.0477645208235613));
#3528=CARTESIAN_POINT('',(-0.029,0.0433528392965776,0.0477645208235613));
#3529=CARTESIAN_POINT('',(-0.029,0.038678698159241,0.0104315343397986));
#3530=CARTESIAN_POINT('',(-0.029,0.0389236595648952,0.0123880736435188));
#3531=CARTESIAN_POINT('',(0.,0.038678698159241,0.0104315343397986));
#3532=CARTESIAN_POINT('',(-0.033,0.038678698159241,0.0104315343397986));
#3533=CARTESIAN_POINT('',(-0.033,0.0433528392965776,0.0477645208235613));
#3534=CARTESIAN_POINT('',(-0.033,0.0389236595648952,0.0123880736435188));
#3535=CARTESIAN_POINT('',(0.,0.0389236595648952,0.0123880736435188));
#3536=CARTESIAN_POINT('',(0.,0.038678698159241,0.0104315343397986));
#3537=CARTESIAN_POINT('',(0.0146,0.038678698159241,0.0104315343397986));
#3538=CARTESIAN_POINT('',(0.0146,0.0433528392965776,0.0477645208235613));
#3539=CARTESIAN_POINT('',(0.0146,0.0389236595648952,0.0123880736435188));
#3540=CARTESIAN_POINT('',(0.,0.0389236595648952,0.0123880736435188));
#3541=CARTESIAN_POINT('',(0.,0.0428930094739291,0.0440917989160768));
#3542=CARTESIAN_POINT('',(0.0146,0.0428930094739291,0.0440917989160768));
#3543=CARTESIAN_POINT('',(0.0186,0.0428930094739291,0.0440917989160768));
#3544=CARTESIAN_POINT('',(0.0146,0.0433528392965776,0.0477645208235613));
#3545=CARTESIAN_POINT('',(0.0146,0.0431434984706941,0.046092487824647));
#3546=CARTESIAN_POINT('',(0.,0.0431434984706941,0.046092487824647));
#3547=CARTESIAN_POINT('',(0.0186,0.0431434984706941,0.046092487824647));
#3548=CARTESIAN_POINT('',(0.0186,0.0433528392965776,0.0477645208235613));
#3549=CARTESIAN_POINT('',(-0.033,0.0433528392965776,0.0477645208235613));
#3550=CARTESIAN_POINT('',(-0.033,0.0431434984706941,0.046092487824647));
#3551=CARTESIAN_POINT('',(-0.033,0.0428930094739291,0.0440917989160768));
#3552=CARTESIAN_POINT('',(0.,0.0431434984706941,0.046092487824647));
#3553=CARTESIAN_POINT('',(-0.029,0.0431434984706941,0.046092487824647));
#3554=CARTESIAN_POINT('',(-0.029,0.0433528392965776,0.0477645208235613));
#3555=CARTESIAN_POINT('',(-0.029,0.0428930094739291,0.0440917989160768));
#3556=CARTESIAN_POINT('',(0.,0.0428930094739291,0.0440917989160768));
#3557=CARTESIAN_POINT('',(-0.037,0.0400326231015662,0.0212455127984503));
#3558=CARTESIAN_POINT('',(-0.037,0.039784160160821,0.0192610062685854));
#3559=CARTESIAN_POINT('',(-0.037,0.0402810860423113,0.0232300193283152));
#3560=CARTESIAN_POINT('',(-0.041,0.039784160160821,0.0192610062685854));
#3561=CARTESIAN_POINT('',(-0.041,0.0392872342793308,0.0152919932088557));
#3562=CARTESIAN_POINT('',(-0.041,0.0392872342793308,0.0152919932088557));
#3563=CARTESIAN_POINT('',(-0.045,0.0392872342793308,0.0152919932088557));
#3564=CARTESIAN_POINT('',(-0.045,0.0433528392965776,0.0477645208235613));
#3565=CARTESIAN_POINT('',(0.0306,0.0433528392965776,0.0477645208235613));
#3566=CARTESIAN_POINT('',(0.0306,0.043633380040314,0.0500052370292389));
#3567=CARTESIAN_POINT('',(-0.045002,0.043633380040314,0.0500052370292389));
#3568=CARTESIAN_POINT('',(-0.045,0.043633380040314,0.0500052370292389));
#3569=CARTESIAN_POINT('',(-0.045,0.0433528392965776,0.0477645208235613));
#3570=CARTESIAN_POINT('',(-0.045,0.0407780119238016,0.0271990323880449));
#3571=CARTESIAN_POINT('',(-0.041,0.0407780119238016,0.0271990323880449));
#3572=CARTESIAN_POINT('',(-0.041,0.0407780119238016,0.0271990323880449));
#3573=CARTESIAN_POINT('',(-0.041,0.0402810860423113,0.0232300193283152));
#3574=CARTESIAN_POINT('',(-0.045,-0.00880756495049646,0.));
#3575=CARTESIAN_POINT('',(-0.045,0.0445979613576529,-0.00668644517862526));
#3576=CARTESIAN_POINT('',(-0.045,0.284730026719784,-0.0154377812094775));
#3577=CARTESIAN_POINT('',(-0.045002,0.0532761417136136,0.046528354356855));
#3578=CARTESIAN_POINT('',(-0.043,0.0534003731839862,0.0475206076217874));
#3579=CARTESIAN_POINT('',(-0.043,0.0534003731839862,0.0475206076217874));
#3580=CARTESIAN_POINT('',(-0.045002,0.0534003731839862,0.0475206076217874));
#3581=CARTESIAN_POINT('',(-0.006289,0.0534003731839862,0.0475206076217874));
#3582=CARTESIAN_POINT('',(-0.006289,0.0532761417136136,0.046528354356855));
#3583=CARTESIAN_POINT('',(-0.045002,0.0485168766121501,0.0487629223255131));
#3584=CARTESIAN_POINT('',(-0.033,0.0489927776211018,0.0486418576718901));
#3585=CARTESIAN_POINT('',(-0.033,0.0480236445375636,0.0488883958360592));
#3586=CARTESIAN_POINT('',(-0.033,0.0499619107046399,0.048395319507721));
#3587=CARTESIAN_POINT('',(-0.031,0.0499619107046399,0.048395319507721));
#3588=CARTESIAN_POINT('',(-0.029,0.0499619107046399,0.048395319507721));
#3589=CARTESIAN_POINT('',(-0.029,0.0489927776211018,0.0486418576718901));
#3590=CARTESIAN_POINT('',(-0.029,0.0480236445375636,0.0488883958360592));
#3591=CARTESIAN_POINT('',(-0.031,0.0480236445375636,0.0488883958360592));
#3592=CARTESIAN_POINT('',(0.0146,0.0489927776211018,0.0486418576718901));
#3593=CARTESIAN_POINT('',(0.0146,0.0480236445375636,0.0488883958360592));
#3594=CARTESIAN_POINT('',(0.0146,0.0499619107046399,0.048395319507721));
#3595=CARTESIAN_POINT('',(0.0166,0.0499619107046399,0.048395319507721));
#3596=CARTESIAN_POINT('',(0.0186,0.0499619107046399,0.048395319507721));
#3597=CARTESIAN_POINT('',(0.0186,0.0489927776211018,0.0486418576718901));
#3598=CARTESIAN_POINT('',(0.0186,0.0480236445375636,0.0488883958360592));
#3599=CARTESIAN_POINT('',(0.0166,0.0480236445375636,0.0488883958360592));
#3600=CARTESIAN_POINT('',(-0.043,0.0514469745552517,0.0480175335032777));
#3601=CARTESIAN_POINT('',(-0.045,0.0514469745552517,0.0480175335032777));
#3602=CARTESIAN_POINT('',(-0.045,0.0485168766121501,0.0487629223255131));
#3603=CARTESIAN_POINT('',(0.0306,0.0485168766121501,0.0487629223255131));
#3604=CARTESIAN_POINT('',(0.0306,0.0485168766121501,0.0487629223255131));
#3605=CARTESIAN_POINT('',(0.0256,0.0485168766121501,0.0487629223255131));
#3606=CARTESIAN_POINT('',(0.0256,0.0534003731839862,0.0475206076217874));
#3607=CARTESIAN_POINT('',(-0.045002,0.0534003731839862,0.0475206076217874));
#3608=CARTESIAN_POINT('',(0.000250999999999995,0.0534003731839862,0.0475206076217874));
#3609=CARTESIAN_POINT('',(0.000250999999999995,0.0485168766121501,0.0487629223255131));
#3610=CARTESIAN_POINT('',(0.000250999999999995,0.050931043788178,0.0481487813435519));
#3611=CARTESIAN_POINT('',(-0.002749,0.050931043788178,0.0481487813435519));
#3612=CARTESIAN_POINT('',(-0.002749,0.0480236445375636,0.0488883958360592));
#3613=CARTESIAN_POINT('',(-0.045002,0.0480236445375636,0.0488883958360592));
#3614=CARTESIAN_POINT('',(-0.003289,0.0480236445375636,0.0488883958360592));
#3615=CARTESIAN_POINT('',(-0.003289,0.050931043788178,0.0481487813435519));
#3616=CARTESIAN_POINT('',(-0.006289,0.050931043788178,0.0481487813435519));
#3617=CARTESIAN_POINT('',(-0.006289,0.0485168766121501,0.0487629223255131));
#3618=CARTESIAN_POINT('',(-0.045002,0.0482635669180313,0.00649225326493241));
#3619=CARTESIAN_POINT('',(-0.043,0.0482635669180313,0.00649225326493241));
#3620=CARTESIAN_POINT('',(-0.015749,0.0482635669180313,0.00649225326493241));
#3621=CARTESIAN_POINT('',(-0.045002,0.0503431490920751,0.0462506229976961));
#3622=CARTESIAN_POINT('',(0.0122,0.050368026434526,0.0462442944403066));
#3623=CARTESIAN_POINT('',(0.0146,0.050368026434526,0.0462442944403066));
#3624=CARTESIAN_POINT('',(0.0102,0.050368026434526,0.0462442944403066));
#3625=CARTESIAN_POINT('',(0.0102,0.0503431490920751,0.0462506229976961));
#3626=CARTESIAN_POINT('',(-0.002749,0.0504417871915236,0.0462255304109625));
#3627=CARTESIAN_POINT('',(0.000250999999999992,0.0504417871915236,0.0462255304109625));
#3628=CARTESIAN_POINT('',(0.000250999999999992,0.0527659818009204,0.0456342775872734));
#3629=CARTESIAN_POINT('',(0.000250999999999993,0.053151910243241,0.0455361010919226));
#3630=CARTESIAN_POINT('',(-0.045002,0.053151910243241,0.0455361010919225));
#3631=CARTESIAN_POINT('',(0.0166,0.053151910243241,0.0455361010919225));
#3632=CARTESIAN_POINT('',(0.0166,0.0503431490920751,0.0462506229976961));
#3633=CARTESIAN_POINT('',(0.0166,0.0491403814863743,0.0465565955441589));
#3634=CARTESIAN_POINT('',(0.,0.0491403814863743,0.0465565955441589));
#3635=CARTESIAN_POINT('',(0.0146,0.0491403814863743,0.0465565955441589));
#3636=CARTESIAN_POINT('',(0.0146,0.0503431490920751,0.0462506229976961));
#3637=CARTESIAN_POINT('',(-0.045002,0.0532761417136136,0.046528354356855));
#3638=CARTESIAN_POINT('',(0.000250999999999995,0.0532761417136136,0.046528354356855));
#3639=CARTESIAN_POINT('',(0.0256,0.0532761417136136,0.046528354356855));
#3640=CARTESIAN_POINT('',(0.021,0.053151910243241,0.0455361010919225));
#3641=CARTESIAN_POINT('',(-0.045002,0.0482635669180313,0.00649225326493241));
#3642=CARTESIAN_POINT('',(0.000250999999999995,0.0482635669180313,0.00649225326493241));
#3643=CARTESIAN_POINT('',(0.021,0.0483877983884039,0.00748450652986486));
#3644=CARTESIAN_POINT('',(0.0256,0.0481393354476587,0.00549999999999993));
#3645=CARTESIAN_POINT('',(-0.045,-0.00880756495049646,0.));
#3646=CARTESIAN_POINT('',(-0.045,0.0511674037133762,0.0457845640326677));
#3647=CARTESIAN_POINT('',(-0.045,0.286220804364255,-0.00353074203028827));
#3648=CARTESIAN_POINT('',(0.0306,0.0453585616133686,0.247653555878856));
#3649=CARTESIAN_POINT('',(0.0306,0.0434265320637417,0.00810566388172765));
#3650=CARTESIAN_POINT('',(0.0306,0.0729851987228699,0.244194663002554));
#3651=CARTESIAN_POINT('',(0.0256,0.0729851987228703,0.244194663002554));
#3652=CARTESIAN_POINT('',(0.0256,0.0483148753889514,0.0471495117087178));
#3653=CARTESIAN_POINT('',(-0.045002,0.0425913578398847,-0.239874510683515));
#3654=CARTESIAN_POINT('',(-0.002749,0.0425913578398847,0.0055));
#3655=CARTESIAN_POINT('',(-0.012749,0.0425913578398847,-0.239874510683515));
#3656=CARTESIAN_POINT('',(-0.015749,0.0479895781141443,-0.239874510683515));
#3657=CARTESIAN_POINT('',(-0.015749,0.0455913578398847,-0.239874510683515));
#3658=CARTESIAN_POINT('',(0.000250999999999992,0.0479895781141443,-0.239874510683515));
#3659=CARTESIAN_POINT('',(0.000250999999999992,0.0455913578398847,0.00748450652986485));
#3660=CARTESIAN_POINT('',(-0.002749,0.0455913578398847,-0.239874510683515));
#3661=CARTESIAN_POINT('',(-0.012749,0.0455913578398847,-0.239874510683515));
#3662=CARTESIAN_POINT('',(-0.006289,0.113749419795376,0.285358084680239));
#3663=CARTESIAN_POINT('',(-0.006289,0.0504417871915236,0.0462255304109625));
#3664=CARTESIAN_POINT('',(0.000250999999999992,0.113749419795376,0.285358084680239));
#3665=CARTESIAN_POINT('',(0.000250999999999992,0.111425225185979,0.285949337503928));
#3666=CARTESIAN_POINT('',(-0.045002,0.108517825935365,0.286688951996435));
#3667=CARTESIAN_POINT('',(-0.002749,0.108517825935365,0.286688951996435));
#3668=CARTESIAN_POINT('',(-0.003289,0.0480236445375636,0.0488883958360592));
#3669=CARTESIAN_POINT('',(-0.002749,0.111425225185979,0.285949337503928));
#3670=CARTESIAN_POINT('',(-0.003289,0.111425225185979,0.285949337503928));
#3671=CARTESIAN_POINT('',(-0.037,0.285475415542019,-0.00948426161988286));
#3672=CARTESIAN_POINT('',(-0.037,0.0422655925721761,0.02298155638757));
#3673=CARTESIAN_POINT('',(-0.037,0.285226952601274,-0.0114687681497477));
#3674=CARTESIAN_POINT('',(-0.041,0.284730026719784,-0.0154377812094775));
#3675=CARTESIAN_POINT('',(-0.041,0.284730026719784,-0.0154377812094775));
#3676=CARTESIAN_POINT('',(-0.041,0.286220804364255,-0.00353074203028828));
#3677=CARTESIAN_POINT('',(-0.041,0.0407780119238016,0.0271990323880449));
#3678=CARTESIAN_POINT('',(-0.041,0.285723878482764,-0.007499755090018));
#3679=CARTESIAN_POINT('',(-0.041,0.285226952601274,-0.0114687681497477));
#3680=CARTESIAN_POINT('',(-0.043,0.0462790603881664,0.00674071620567756));
#3681=CARTESIAN_POINT('',(-0.043,0.044597961357653,-0.00668644517862517));
#3682=CARTESIAN_POINT('',(0.,0.044229721235781,0.049853533546976));
#3683=CARTESIAN_POINT('',(-0.029,0.044229721235781,0.049853533546976));
#3684=CARTESIAN_POINT('',(-0.033,0.044229721235781,0.049853533546976));
#3685=CARTESIAN_POINT('',(0.,0.044229721235781,0.049853533546976));
#3686=CARTESIAN_POINT('',(-0.029,0.044229721235781,0.049853533546976));
#3687=CARTESIAN_POINT('',(-0.033,0.044229721235781,0.049853533546976));
#3688=CARTESIAN_POINT('',(-0.033,0.0489927776211018,0.0486418576718901));
#3689=CARTESIAN_POINT('',(-0.033,0.044229721235781,0.049853533546976));
#3690=CARTESIAN_POINT('',(-0.033,0.0467043575392396,0.042335581769589));
#3691=CARTESIAN_POINT('',(-0.033,0.0460790356482764,0.044235311364211));
#3692=CARTESIAN_POINT('',(-0.033,0.044229721235781,0.0498535335469761));
#3693=CARTESIAN_POINT('',(-0.033,0.048448443436408,0.0457078409287138));
#3694=CARTESIAN_POINT('',(-0.033,0.0498749501061878,0.0443060282732303));
#3695=CARTESIAN_POINT('',(-0.029,0.0489927776211018,0.0486418576718901));
#3696=CARTESIAN_POINT('',(-0.029,0.044229721235781,0.049853533546976));
#3697=CARTESIAN_POINT('',(-0.029,0.0498749501061878,0.0443060282732303));
#3698=CARTESIAN_POINT('',(-0.029,0.048448443436408,0.0457078409287138));
#3699=CARTESIAN_POINT('',(-0.029,0.044229721235781,0.0498535335469761));
#3700=CARTESIAN_POINT('',(-0.029,0.0460790356482764,0.044235311364211));
#3701=CARTESIAN_POINT('',(-0.029,0.0467043575392396,0.042335581769589));
#3702=CARTESIAN_POINT('',(0.,0.044229721235781,0.049853533546976));
#3703=CARTESIAN_POINT('',(0.,0.044229721235781,0.049853533546976));
#3704=CARTESIAN_POINT('',(0.0166,0.0491403814863743,0.0465565955441589));
#3705=CARTESIAN_POINT('',(0.017180055988377,0.0491403814863743,0.0465565955441589));
#3706=CARTESIAN_POINT('',(0.0183015546499744,0.0488386250037275,0.0460572116928734));
#3707=CARTESIAN_POINT('',(0.0186,0.0479665090410264,0.0452323837697372));
#3708=CARTESIAN_POINT('',(0.0186,0.0474837407271822,0.044914329011754));
#3709=CARTESIAN_POINT('',(0.0186,0.0474837407271822,0.044914329011754));
#3710=CARTESIAN_POINT('',(0.0186,0.044229721235781,0.049853533546976));
#3711=CARTESIAN_POINT('',(0.0146,0.044229721235781,0.049853533546976));
#3712=CARTESIAN_POINT('',(0.,0.044229721235781,0.049853533546976));
#3713=CARTESIAN_POINT('',(0.0186,0.044229721235781,0.049853533546976));
#3714=CARTESIAN_POINT('',(0.0186,0.0469907115009564,0.0446227289198863));
#3715=CARTESIAN_POINT('',(0.0186,0.0469907115009564,0.0446227289198863));
#3716=CARTESIAN_POINT('',(0.0186,0.0464970102629521,0.0443621372118772));
#3717=CARTESIAN_POINT('',(0.0182570168017866,0.0454156036354812,0.0440094150356048));
#3718=CARTESIAN_POINT('',(0.0171600628957849,0.0448941521873554,0.04397621138448));
#3719=CARTESIAN_POINT('',(0.0166,0.0448941521873554,0.04397621138448));
#3720=CARTESIAN_POINT('',(0.0146,0.044229721235781,0.049853533546976));
#3721=CARTESIAN_POINT('',(0.0186,0.0489927776211018,0.0486418576718901));
#3722=CARTESIAN_POINT('',(0.0186,0.044229721235781,0.049853533546976));
#3723=CARTESIAN_POINT('',(0.0186,0.0480104446961091,0.0447803405722243));
#3724=CARTESIAN_POINT('',(0.0186,0.0520850016775197,0.0437438123439938));
#3725=CARTESIAN_POINT('',(0.0186,0.0494027926305993,0.0392379968984708));
#3726=CARTESIAN_POINT('',(0.0186,0.0456536750179576,0.032939892705019));
#3727=CARTESIAN_POINT('',(0.0186,0.0598317641391255,0.0244999999999982));
#3728=CARTESIAN_POINT('',(0.0186,0.0454935821607741,0.0326649579028733));
#3729=CARTESIAN_POINT('',(0.0186,0.0468786587172202,0.0437277484437349));
#3730=CARTESIAN_POINT('',(0.,0.044229721235781,0.049853533546976));
#3731=CARTESIAN_POINT('',(0.0146,0.044229721235781,0.049853533546976));
#3732=CARTESIAN_POINT('',(0.0146,0.0489927776211018,0.0486418576718901));
#3733=CARTESIAN_POINT('',(0.0146,0.0467043575392396,0.042335581769589));
#3734=CARTESIAN_POINT('',(0.0146,0.0460790356482764,0.044235311364211));
#3735=CARTESIAN_POINT('',(0.0146,0.044229721235781,0.0498535335469761));
#3736=CARTESIAN_POINT('',(0.0146,0.048448443436408,0.0457078409287138));
#3737=CARTESIAN_POINT('',(0.0146,0.0498749501061878,0.0443060282732303));
#3738=CARTESIAN_POINT('',(0.,0.0387778042654201,0.00649225326493242));
#3739=CARTESIAN_POINT('',(-0.045002,0.0425913578398847,0.00748450652986486));
#3740=CARTESIAN_POINT('',(0.0146,0.0425913578398847,0.00748450652986486));
#3741=CARTESIAN_POINT('',(0.0146,0.0387778042654201,0.00649225326493242));
#3742=CARTESIAN_POINT('',(0.,0.0387778042654201,0.00649225326493242));
#3743=CARTESIAN_POINT('',(0.0146,0.0387778042654201,0.00649225326493242));
#3744=CARTESIAN_POINT('',(0.0166,0.0408904960231384,0.0119984774922781));
#3745=CARTESIAN_POINT('',(0.0171603203611215,0.0408904960231384,0.0119984774922781));
#3746=CARTESIAN_POINT('',(0.0182556914386486,0.041385412843646,0.0118367317578217));
#3747=CARTESIAN_POINT('',(0.0186,0.0423490674262815,0.0112188213897072));
#3748=CARTESIAN_POINT('',(0.0186,0.0427612312988461,0.0108413084237353));
#3749=CARTESIAN_POINT('',(0.0146,0.0435913578398847,0.00748450652986486));
#3750=CARTESIAN_POINT('',(0.0146,0.0425913578398847,-0.258233548892668));
#3751=CARTESIAN_POINT('',(0.0146,0.0445913578398847,-0.258233548892668));
#3752=CARTESIAN_POINT('',(0.0146,0.0460866269526368,0.00948450652986486));
#3753=CARTESIAN_POINT('',(0.0146,0.0442357354787308,0.00872674617736411));
#3754=CARTESIAN_POINT('',(0.0146,0.0387778042654201,0.00649225326493244));
#3755=CARTESIAN_POINT('',(0.0146,0.0419669691749285,0.0114532208000912));
#3756=CARTESIAN_POINT('',(0.0146,0.0430484775174106,0.0131355821480607));
#3757=CARTESIAN_POINT('',(0.,0.0387778042654201,0.00649225326493242));
#3758=CARTESIAN_POINT('',(-0.029,0.0387778042654201,0.00649225326493242));
#3759=CARTESIAN_POINT('',(-0.029,0.0425913578398847,0.00748450652986486));
#3760=CARTESIAN_POINT('',(-0.031,0.0425913578398847,0.00748450652986486));
#3761=CARTESIAN_POINT('',(-0.033,0.0425913578398847,0.00748450652986486));
#3762=CARTESIAN_POINT('',(-0.033,0.0387778042654201,0.00649225326493242));
#3763=CARTESIAN_POINT('',(0.,0.0387778042654201,0.00649225326493242));
#3764=CARTESIAN_POINT('',(-0.033,0.0387778042654201,0.00649225326493242));
#3765=CARTESIAN_POINT('',(-0.029,0.0387778042654201,0.00649225326493242));
#3766=CARTESIAN_POINT('',(-0.029,0.0435913578398847,0.00748450652986486));
#3767=CARTESIAN_POINT('',(-0.029,0.0430484775174106,0.0131355821480607));
#3768=CARTESIAN_POINT('',(-0.029,0.0419669691749285,0.0114532208000912));
#3769=CARTESIAN_POINT('',(-0.029,0.0387778042654201,0.00649225326493244));
#3770=CARTESIAN_POINT('',(-0.029,0.0442357354787308,0.00872674617736411));
#3771=CARTESIAN_POINT('',(-0.029,0.0460866269526368,0.00948450652986486));
#3772=CARTESIAN_POINT('',(-0.029,0.0445913578398847,-0.258233548892668));
#3773=CARTESIAN_POINT('',(-0.029,0.0425913578398847,-0.258233548892668));
#3774=CARTESIAN_POINT('',(-0.033,0.0435913578398847,0.00748450652986486));
#3775=CARTESIAN_POINT('',(-0.033,0.0425913578398847,-0.258233548892668));
#3776=CARTESIAN_POINT('',(-0.033,0.0445913578398847,-0.258233548892668));
#3777=CARTESIAN_POINT('',(-0.033,0.0460866269526368,0.00948450652986486));
#3778=CARTESIAN_POINT('',(-0.033,0.0442357354787308,0.00872674617736411));
#3779=CARTESIAN_POINT('',(-0.033,0.0387778042654201,0.00649225326493244));
#3780=CARTESIAN_POINT('',(-0.033,0.0419669691749285,0.0114532208000912));
#3781=CARTESIAN_POINT('',(-0.033,0.0430484775174106,0.0131355821480607));
#3782=CARTESIAN_POINT('',(-0.031,0.0425913578398847,-0.258233548892668));
#3783=CARTESIAN_POINT('',(-0.031,0.0445913578398847,-0.258233548892668));
#3784=CARTESIAN_POINT('',(-0.045002,0.0425913578398847,-0.258233548892668));
#3785=CARTESIAN_POINT('',(0.0166,0.0445913578398847,-0.258233548892668));
#3786=CARTESIAN_POINT('',(0.0166,0.0445913578398847,0.00948450652986486));
#3787=CARTESIAN_POINT('',(0.021,0.0494027926305993,0.0392379968984708));
#3788=CARTESIAN_POINT('',(0.0166,0.0520850016775197,0.0437438123439939));
#3789=CARTESIAN_POINT('',(0.023,0.0520850016775197,0.0437438123439939));
#3790=CARTESIAN_POINT('',(0.021,0.0456536750179576,0.032939892705019));
#3791=CARTESIAN_POINT('',(0.021,0.0463403667485051,0.0132176004776291));
#3792=CARTESIAN_POINT('',(0.0166,0.0476735482266052,0.00948450652986486));
#3793=CARTESIAN_POINT('',(0.021,0.0442929351086064,0.0189506944253933));
#3794=CARTESIAN_POINT('',(0.021,0.0442929351086064,0.0189506944253933));
#3795=CARTESIAN_POINT('',(0.021,0.0463403667485051,0.0132176004776291));
#3796=CARTESIAN_POINT('',(0.021,0.0476735482266052,0.00948450652986486));
#3797=CARTESIAN_POINT('',(0.023,0.0476735482266052,0.00948450652986486));
#3798=CARTESIAN_POINT('',(0.021,0.0598317641391255,0.0244999999999982));
#3799=CARTESIAN_POINT('',(0.021,0.0454935821607741,0.0326649579028733));
#3800=CARTESIAN_POINT('',(0.021,0.0449523925840301,0.0317145948111776));
#3801=CARTESIAN_POINT('',(0.0212475778686873,0.044076480685976,0.0297438621214392));
#3802=CARTESIAN_POINT('',(0.0215448669536793,0.0433524799848534,0.026564499208179));
#3803=CARTESIAN_POINT('',(0.0212467489916755,0.0432706149621313,0.0232930941954307));
#3804=CARTESIAN_POINT('',(0.021,0.0436326603168871,0.0211776645428316));
#3805=CARTESIAN_POINT('',(0.021,0.0439231838942222,0.0201219782330908));
#3806=CARTESIAN_POINT('',(0.021,0.0439231838942222,0.0201219782330908));
#3807=CARTESIAN_POINT('',(0.021,0.0598317641391255,0.0244999999999982));
#3808=CARTESIAN_POINT('',(0.0186,0.0439231838942222,0.0201219782330908));
#3809=CARTESIAN_POINT('',(0.0186,0.0436329999428543,0.0211764304313446));
#3810=CARTESIAN_POINT('',(0.0183524221313127,0.0432699855635815,0.0233022783911003));
#3811=CARTESIAN_POINT('',(0.0180551330463207,0.0433521668274812,0.0265619979786269));
#3812=CARTESIAN_POINT('',(0.0183532510083245,0.0440793549116731,0.0297526076585452));
#3813=CARTESIAN_POINT('',(0.0186,0.0449517591856889,0.0317134825236692));
#3814=CARTESIAN_POINT('',(0.0186,0.0454935821607741,0.0326649579028733));
#3815=CARTESIAN_POINT('',(0.021,0.0502115609895051,0.0272556926331291));
#3816=CARTESIAN_POINT('',(0.021,0.0448996017254085,0.0279207572222418));
#3817=CARTESIAN_POINT('',(0.021,0.0425913578398847,0.00948450652986486));
#3818=CARTESIAN_POINT('',(0.021,0.0502115609895051,0.00948450652986486));
#3819=CARTESIAN_POINT('',(0.0166,0.0480104446961091,0.0447803405722243));
#3820=CARTESIAN_POINT('',(0.023,0.0502115609895051,0.00948450652986486));
#3821=CARTESIAN_POINT('',(0.023,0.0425913578398847,0.00948450652986486));
#3822=CARTESIAN_POINT('',(0.023,0.0425913578398847,0.00948450652986486));
#3823=CARTESIAN_POINT('',(0.023,0.0425913578398847,0.00948450652986486));
#3824=CARTESIAN_POINT('',(0.023,0.0448996017254085,0.0279207572222418));
#3825=CARTESIAN_POINT('',(0.023,0.047041311612571,0.0450268787363934));
#3826=CARTESIAN_POINT('',(0.023,0.047041311612571,0.0450268787363934));
#3827=CARTESIAN_POINT('',(0.023,0.047041311612571,0.0450268787363934));
#3828=CARTESIAN_POINT('',(0.023,0.0498500727637369,0.0443123568306198));
#3829=CARTESIAN_POINT('',(0.0166,0.0433330168019991,0.0154082352309529));
#3830=CARTESIAN_POINT('',(0.0166,0.0454895781141443,0.00948450652986486));
#3831=CARTESIAN_POINT('',(0.0122,0.044229721235781,0.0498535335469761));
#3832=CARTESIAN_POINT('',(0.0122,0.0474837407271821,0.044914329011754));
#3833=CARTESIAN_POINT('',(0.0122,0.0478463406769916,0.0451532151108915));
#3834=CARTESIAN_POINT('',(0.0121241276725959,0.0481754855363233,0.045430074664073));
#3835=CARTESIAN_POINT('',(0.0119280751261633,0.048448443436408,0.0457078409287138));
#3836=CARTESIAN_POINT('',(0.0122,0.0474837407271821,0.0449143290117539));
#3837=CARTESIAN_POINT('',(0.0119280751261634,0.048448443436408,0.0457078409287138));
#3838=CARTESIAN_POINT('',(0.0122,0.048448443436408,0.0457078409287138));
#3839=CARTESIAN_POINT('',(0.0122,0.0460790356482764,0.044235311364211));
#3840=CARTESIAN_POINT('',(0.0120073282347818,0.0460790356482764,0.044235311364211));
#3841=CARTESIAN_POINT('',(0.0120073282347818,0.0460790356482764,0.044235311364211));
#3842=CARTESIAN_POINT('',(0.0121420271396715,0.04637780542005,0.0443336555070706));
#3843=CARTESIAN_POINT('',(0.0122,0.0466886668494163,0.044463299845011));
#3844=CARTESIAN_POINT('',(0.0122,0.0469907115009564,0.0446227289198863));
#3845=CARTESIAN_POINT('',(0.0122,0.0469907115009564,0.0446227289198863));
#3846=CARTESIAN_POINT('',(0.0122,0.044229721235781,0.0498535335469761));
#3847=CARTESIAN_POINT('',(0.0122,0.0451436256845313,0.0284964088388067));
#3848=CARTESIAN_POINT('',(0.0122,0.047041311612571,0.0450268787363934));
#3849=CARTESIAN_POINT('',(0.0122,0.047041311612571,0.0450268787363934));
#3850=CARTESIAN_POINT('',(0.0122,0.0492085659851211,0.0444755500041772));
#3851=CARTESIAN_POINT('',(0.0122,0.0451436256845313,0.0284964088388067));
#3852=CARTESIAN_POINT('',(0.0122,0.0387778042654201,0.00649225326493244));
#3853=CARTESIAN_POINT('',(0.0122,0.043859968381566,0.00948450652986486));
#3854=CARTESIAN_POINT('',(0.0122,0.0427612312988461,0.0108413084237353));
#3855=CARTESIAN_POINT('',(0.0122,0.0425913578398847,0.00948450652986486));
#3856=CARTESIAN_POINT('',(0.0122,0.0425913578398847,0.00948450652986486));
#3857=CARTESIAN_POINT('',(0.0122,0.0428750025530032,0.0117500145515329));
#3858=CARTESIAN_POINT('',(0.0122,0.0387778042654201,0.00649225326493244));
#3859=CARTESIAN_POINT('',(0.0122,0.0442357354787308,0.00872674617736411));
#3860=CARTESIAN_POINT('',(0.012050891473906,0.0442357354787308,0.00872674617736411));
#3861=CARTESIAN_POINT('',(0.012050891473906,0.0442357354787309,0.00872674617736411));
#3862=CARTESIAN_POINT('',(0.012154385767962,0.0441322411846748,0.00897953943295477));
#3863=CARTESIAN_POINT('',(0.0122,0.044007840402784,0.00923335470096606));
#3864=CARTESIAN_POINT('',(0.0122,0.043859968381566,0.00948450652986486));
#3865=CARTESIAN_POINT('',(0.0122,0.0427612312988461,0.0108413084237353));
#3866=CARTESIAN_POINT('',(0.0122,0.0425065125044467,0.0110746128299759));
#3867=CARTESIAN_POINT('',(0.0121409454531536,0.0422341982862536,0.0112814321926076));
#3868=CARTESIAN_POINT('',(0.0120036859119259,0.0419669691749285,0.0114532208000914));
#3869=CARTESIAN_POINT('',(0.0120036859119256,0.0419669691749285,0.0114532208000912));
#3870=CARTESIAN_POINT('',(0.0122,0.0419669691749285,0.0114532208000912));
#3871=CARTESIAN_POINT('',(-0.0266,0.0451436256845313,0.0284964088388067));
#3872=CARTESIAN_POINT('',(-0.0266,0.047041311612571,0.0450268787363934));
#3873=CARTESIAN_POINT('',(-0.0266,0.0474837407271821,0.044914329011754));
#3874=CARTESIAN_POINT('',(-0.0266,0.047041311612571,0.0450268787363934));
#3875=CARTESIAN_POINT('',(-0.0266,0.0449743279053635,0.0285176051530746));
#3876=CARTESIAN_POINT('',(-0.0266,0.0469907115009564,0.0446227289198863));
#3877=CARTESIAN_POINT('',(-0.0266,0.044229721235781,0.0498535335469761));
#3878=CARTESIAN_POINT('',(-0.0266,0.044229721235781,0.0498535335469761));
#3879=CARTESIAN_POINT('',(-0.0266,0.0469907115009564,0.0446227289198863));
#3880=CARTESIAN_POINT('',(-0.0266,0.0466890048709497,0.0444634782638642));
#3881=CARTESIAN_POINT('',(-0.0265418776962041,0.0463774739460057,0.0443335463978705));
#3882=CARTESIAN_POINT('',(-0.026407328234782,0.0460790356482763,0.0442353113642108));
#3883=CARTESIAN_POINT('',(-0.0264073282347818,0.0460790356482764,0.044235311364211));
#3884=CARTESIAN_POINT('',(-0.0266,0.0460790356482764,0.044235311364211));
#3885=CARTESIAN_POINT('',(-0.0266,0.048448443436408,0.0457078409287138));
#3886=CARTESIAN_POINT('',(-0.0263280751261635,0.048448443436408,0.0457078409287138));
#3887=CARTESIAN_POINT('',(-0.0263280751261635,0.048448443436408,0.0457078409287138));
#3888=CARTESIAN_POINT('',(-0.0265235161089382,0.0481763369974995,0.0454309411243964));
#3889=CARTESIAN_POINT('',(-0.0266,0.0478457487852096,0.0451528251640119));
#3890=CARTESIAN_POINT('',(-0.0266,0.0474837407271822,0.044914329011754));
#3891=CARTESIAN_POINT('',(-0.0266,0.0451436256845313,0.0284964088388067));
#3892=CARTESIAN_POINT('',(-0.0266,0.0449743279053635,0.0285176051530746));
#3893=CARTESIAN_POINT('',(-0.0266,0.0427612312988461,0.0108413084237353));
#3894=CARTESIAN_POINT('',(-0.0266,0.0425913578398847,0.00948450652986486));
#3895=CARTESIAN_POINT('',(-0.0266,0.0451436256845313,0.00948450652986486));
#3896=CARTESIAN_POINT('',(-0.0266,0.043859968381566,0.00948450652986486));
#3897=CARTESIAN_POINT('',(-0.0266,0.0387778042654201,0.00649225326493244));
#3898=CARTESIAN_POINT('',(-0.0266,0.0387778042654201,0.00649225326493244));
#3899=CARTESIAN_POINT('',(-0.0266,0.043859968381566,0.00948450652986486));
#3900=CARTESIAN_POINT('',(-0.0266,0.044007840402784,0.00923335470096605));
#3901=CARTESIAN_POINT('',(-0.026554385767962,0.0441322411846748,0.00897953943295477));
#3902=CARTESIAN_POINT('',(-0.026450891473906,0.0442357354787309,0.00872674617736411));
#3903=CARTESIAN_POINT('',(-0.026450891473906,0.0442357354787308,0.00872674617736411));
#3904=CARTESIAN_POINT('',(-0.0266,0.0442357354787308,0.00872674617736411));
#3905=CARTESIAN_POINT('',(-0.0266,0.0419669691749285,0.0114532208000912));
#3906=CARTESIAN_POINT('',(-0.0264036859119256,0.0419669691749285,0.0114532208000912));
#3907=CARTESIAN_POINT('',(-0.0264036859119256,0.0419669691749285,0.0114532208000912));
#3908=CARTESIAN_POINT('',(-0.0265411042659942,0.0422345074772502,0.0112812334287434));
#3909=CARTESIAN_POINT('',(-0.0266,0.0425062165099731,0.011074883939986));
#3910=CARTESIAN_POINT('',(-0.0266,0.0427612312988461,0.0108413084237353));
#3911=CARTESIAN_POINT('',(-0.0354,0.044229721235781,0.0498535335469761));
#3912=CARTESIAN_POINT('',(-0.0354,0.0460790356482764,0.044235311364211));
#3913=CARTESIAN_POINT('',(-0.0355926717652182,0.0460790356482764,0.044235311364211));
#3914=CARTESIAN_POINT('',(-0.0355926717652182,0.0460790356482764,0.044235311364211));
#3915=CARTESIAN_POINT('',(-0.0354579728603285,0.04637780542005,0.0443336555070706));
#3916=CARTESIAN_POINT('',(-0.0354,0.0466886668494163,0.044463299845011));
#3917=CARTESIAN_POINT('',(-0.0354,0.0469907115009564,0.0446227289198863));
#3918=CARTESIAN_POINT('',(-0.0354,0.0469907115009564,0.0446227289198863));
#3919=CARTESIAN_POINT('',(-0.0354,0.044229721235781,0.0498535335469761));
#3920=CARTESIAN_POINT('',(-0.0354,0.0474837407271821,0.0449143290117539));
#3921=CARTESIAN_POINT('',(-0.0354,0.0474837407271821,0.044914329011754));
#3922=CARTESIAN_POINT('',(-0.0354,0.0478463406769916,0.0451532151108915));
#3923=CARTESIAN_POINT('',(-0.0354758723274041,0.0481754855363233,0.045430074664073));
#3924=CARTESIAN_POINT('',(-0.0356719248738366,0.048448443436408,0.0457078409287138));
#3925=CARTESIAN_POINT('',(-0.0356719248738365,0.048448443436408,0.0457078409287138));
#3926=CARTESIAN_POINT('',(-0.0354,0.048448443436408,0.0457078409287138));
#3927=CARTESIAN_POINT('',(-0.0354,0.0451436256845313,0.0284964088388067));
#3928=CARTESIAN_POINT('',(-0.0354,0.047041311612571,0.0450268787363934));
#3929=CARTESIAN_POINT('',(-0.0354,0.047041311612571,0.0450268787363934));
#3930=CARTESIAN_POINT('',(-0.0354,0.0492085659851211,0.0444755500041772));
#3931=CARTESIAN_POINT('',(-0.0354,0.0451436256845313,0.0284964088388067));
#3932=CARTESIAN_POINT('',(-0.0354,0.0387778042654201,0.00649225326493244));
#3933=CARTESIAN_POINT('',(-0.0354,0.043859968381566,0.00948450652986486));
#3934=CARTESIAN_POINT('',(-0.0354,0.0427612312988461,0.0108413084237353));
#3935=CARTESIAN_POINT('',(-0.0354,0.0425913578398847,0.00948450652986486));
#3936=CARTESIAN_POINT('',(-0.0354,0.0425913578398847,0.00948450652986486));
#3937=CARTESIAN_POINT('',(-0.0354,0.0428750025530032,0.0117500145515329));
#3938=CARTESIAN_POINT('',(-0.0354,0.0387778042654201,0.00649225326493244));
#3939=CARTESIAN_POINT('',(-0.0354,0.0442357354787308,0.00872674617736411));
#3940=CARTESIAN_POINT('',(-0.035549108526094,0.0442357354787308,0.00872674617736411));
#3941=CARTESIAN_POINT('',(-0.035549108526094,0.0442357354787309,0.00872674617736411));
#3942=CARTESIAN_POINT('',(-0.035445614232038,0.0441322411846748,0.00897953943295477));
#3943=CARTESIAN_POINT('',(-0.0354,0.044007840402784,0.00923335470096604));
#3944=CARTESIAN_POINT('',(-0.0354,0.043859968381566,0.00948450652986485));
#3945=CARTESIAN_POINT('',(-0.0354,0.0427612312988461,0.0108413084237353));
#3946=CARTESIAN_POINT('',(-0.0354,0.0425065125044467,0.011074612829976));
#3947=CARTESIAN_POINT('',(-0.0354590545468464,0.0422341982862536,0.0112814321926076));
#3948=CARTESIAN_POINT('',(-0.035596314088074,0.0419669691749285,0.0114532208000914));
#3949=CARTESIAN_POINT('',(-0.0355963140880744,0.0419669691749285,0.0114532208000912));
#3950=CARTESIAN_POINT('',(-0.0354,0.0419669691749285,0.0114532208000912));
#3951=CARTESIAN_POINT('',(-0.0354,0.0430484775174106,0.0131355821480607));
#3952=CARTESIAN_POINT('',(-0.0374,0.0430484775174106,0.0131355821480607));
#3953=CARTESIAN_POINT('',(-0.0374,0.0433330168019991,0.0154082352309529));
#3954=CARTESIAN_POINT('',(-0.0374,0.0425913578398847,0.00948450652986486));
#3955=CARTESIAN_POINT('',(-0.0374,0.0425913578398847,0.00948450652986486));
#3956=CARTESIAN_POINT('',(-0.0374,0.0425913578398847,0.00948450652986486));
#3957=CARTESIAN_POINT('',(-0.0374,0.0454895781141443,0.00948450652986486));
#3958=CARTESIAN_POINT('',(-0.0374,0.0460866269526368,0.00948450652986486));
#3959=CARTESIAN_POINT('',(-0.0354,0.0460866269526368,0.00948450652986486));
#3960=CARTESIAN_POINT('',(-0.0266,0.0430484775174106,0.0131355821480607));
#3961=CARTESIAN_POINT('',(-0.0246,0.0430484775174106,0.0131355821480607));
#3962=CARTESIAN_POINT('',(-0.0246,0.0449743279053635,0.0285176051530746));
#3963=CARTESIAN_POINT('',(-0.0246,0.0425913578398847,0.00948450652986486));
#3964=CARTESIAN_POINT('',(-0.0246,0.0425913578398847,0.00948450652986486));
#3965=CARTESIAN_POINT('',(-0.0246,0.0425913578398847,0.00948450652986486));
#3966=CARTESIAN_POINT('',(-0.0246,0.0451436256845313,0.00948450652986486));
#3967=CARTESIAN_POINT('',(-0.0246,0.0460866269526368,0.00948450652986486));
#3968=CARTESIAN_POINT('',(-0.0266,0.0460866269526368,0.00948450652986486));
#3969=CARTESIAN_POINT('',(-0.0266,0.0498749501061878,0.0443060282732303));
#3970=CARTESIAN_POINT('',(-0.0246,0.0498749501061878,0.0443060282732303));
#3971=CARTESIAN_POINT('',(-0.0246,0.0492085659851211,0.0444755500041772));
#3972=CARTESIAN_POINT('',(-0.0246,0.047041311612571,0.0450268787363934));
#3973=CARTESIAN_POINT('',(-0.0246,0.047041311612571,0.0450268787363934));
#3974=CARTESIAN_POINT('',(-0.0246,0.047041311612571,0.0450268787363934));
#3975=CARTESIAN_POINT('',(-0.0246,0.0449743279053635,0.0285176051530746));
#3976=CARTESIAN_POINT('',(-0.0246,0.0467043575392396,0.042335581769589));
#3977=CARTESIAN_POINT('',(-0.0266,0.0467043575392396,0.042335581769589));
#3978=CARTESIAN_POINT('',(-0.0354,0.0498749501061878,0.0443060282732303));
#3979=CARTESIAN_POINT('',(-0.0374,0.0498749501061878,0.0443060282732303));
#3980=CARTESIAN_POINT('',(-0.0374,0.0498500727637369,0.0443123568306198));
#3981=CARTESIAN_POINT('',(-0.0374,0.047041311612571,0.0450268787363934));
#3982=CARTESIAN_POINT('',(-0.0374,0.047041311612571,0.0450268787363934));
#3983=CARTESIAN_POINT('',(-0.0374,0.047041311612571,0.0450268787363934));
#3984=CARTESIAN_POINT('',(-0.0374,0.0433330168019991,0.0154082352309529));
#3985=CARTESIAN_POINT('',(-0.0374,0.0467043575392396,0.042335581769589));
#3986=CARTESIAN_POINT('',(-0.0354,0.0467043575392396,0.042335581769589));
#3987=CARTESIAN_POINT('',(0.0122,0.0498749501061878,0.0443060282732303));
#3988=CARTESIAN_POINT('',(0.0102,0.0498749501061878,0.0443060282732303));
#3989=CARTESIAN_POINT('',(0.0102,0.0498500727637369,0.0443123568306198));
#3990=CARTESIAN_POINT('',(0.0102,0.047041311612571,0.0450268787363934));
#3991=CARTESIAN_POINT('',(0.0102,0.047041311612571,0.0450268787363934));
#3992=CARTESIAN_POINT('',(0.0102,0.047041311612571,0.0450268787363934));
#3993=CARTESIAN_POINT('',(0.0122,0.0467043575392396,0.042335581769589));
#3994=CARTESIAN_POINT('',(0.0102,0.0467043575392396,0.042335581769589));
#3995=CARTESIAN_POINT('',(0.0102,0.0433330168019991,0.0154082352309529));
#3996=CARTESIAN_POINT('',(0.0122,0.0430484775174106,0.0131355821480607));
#3997=CARTESIAN_POINT('',(0.0102,0.0430484775174106,0.0131355821480607));
#3998=CARTESIAN_POINT('',(0.0102,0.0433330168019991,0.0154082352309529));
#3999=CARTESIAN_POINT('',(0.0102,0.0425913578398847,0.00948450652986486));
#4000=CARTESIAN_POINT('',(0.0102,0.0425913578398847,0.00948450652986486));
#4001=CARTESIAN_POINT('',(0.0102,0.0425913578398847,0.00948450652986486));
#4002=CARTESIAN_POINT('',(0.0102,0.0454895781141443,0.00948450652986486));
#4003=CARTESIAN_POINT('',(0.0102,0.0460866269526368,0.00948450652986486));
#4004=CARTESIAN_POINT('',(0.0122,0.0460866269526368,0.00948450652986486));
#4005=MECHANICAL_DESIGN_GEOMETRIC_PRESENTATION_REPRESENTATION('',(#2329),
#4006);
#4006=(
GEOMETRIC_REPRESENTATION_CONTEXT(3)
GLOBAL_UNCERTAINTY_ASSIGNED_CONTEXT((#4007))
GLOBAL_UNIT_ASSIGNED_CONTEXT((#4010,#4009,#4008))
REPRESENTATION_CONTEXT('firewall','TOP_LEVEL_ASSEMBLY_PART')
);
#4007=UNCERTAINTY_MEASURE_WITH_UNIT(LENGTH_MEASURE(2.E-5),#4010,
'DISTANCE_ACCURACY_VALUE','Maximum Tolerance applied to model');
#4008=(
NAMED_UNIT(*)
SI_UNIT($,.STERADIAN.)
SOLID_ANGLE_UNIT()
);
#4009=(
NAMED_UNIT(*)
PLANE_ANGLE_UNIT()
SI_UNIT($,.RADIAN.)
);
#4010=(
LENGTH_UNIT()
NAMED_UNIT(*)
SI_UNIT($,.METRE.)
);
#4011=PRODUCT_DEFINITION_SHAPE('','',#4012);
#4012=PRODUCT_DEFINITION('','',#4014,#4013);
#4013=PRODUCT_DEFINITION_CONTEXT('',#4020,'design');
#4014=PRODUCT_DEFINITION_FORMATION_WITH_SPECIFIED_SOURCE('','',#4016,
 .NOT_KNOWN.);
#4015=PRODUCT_RELATED_PRODUCT_CATEGORY('','',(#4016));
#4016=PRODUCT('firewall','firewall','firewall',(#4018));
#4017=PRODUCT_CATEGORY('','');
#4018=PRODUCT_CONTEXT('',#4020,'mechanical');
#4019=APPLICATION_PROTOCOL_DEFINITION('international standard',
'ap242_managed_model_based_3d_engineering',2020,#4020);
#4020=APPLICATION_CONTEXT('managed model based 3d engineering');
ENDSEC;
END-ISO-10303-21;
