ISO-10303-21;
HEADER;
/* Generated by software containing ST-Developer
 * from STEP Tools, Inc. (www.steptools.com) 
 */
/* OPTION: using custom renumber hook */

FILE_DESCRIPTION(
/* description */ ('STEP AP242 Edition 2',
'CAx-IF Rec.Pracs.---Representation and Presentation of Product Manufa
cturing Information (PMI)---4.0---2014-10-13',
'CAx-IF Rec.Pracs.---3D Tessellated Geometry---0.4---2014-09-14','2;1',
'CAx-IF Rec.Pracs.---User Defined Attributes---1.5---2016-08-15'),
/* implementation_level */ '2;1');

FILE_NAME(
/* name */ '697ef883652f463f3cc1b2c3',
/* time_stamp */ '2026-02-01T06:53:56Z',
/* author */ (''),
/* organization */ (''),
/* preprocessor_version */ 'ST-DEVELOPER v20',
/* originating_system */ 'ONSHAPE BY PTC INC, 1.210',
/* authorisation */ '  ');

FILE_SCHEMA (('AP242_MANAGED_MODEL_BASED_3D_ENGINEERING_MIM_LF { 1 0 10303 442 3 1 4 }'));
ENDSEC;

DATA;
#10=SHAPE_REPRESENTATION_RELATIONSHIP('','',#1533,#11);
#11=ADVANCED_BREP_SHAPE_REPRESENTATION('',(#1531),#3645);
#12=B_SPLINE_SURFACE_WITH_KNOTS('',3,3,((#2482,#2483,#2484,#2485,#2486,
#2487,#2488,#2489),(#2490,#2491,#2492,#2493,#2494,#2495,#2496,#2497),(#2498,
#2499,#2500,#2501,#2502,#2503,#2504,#2505),(#2506,#2507,#2508,#2509,#2510,
#2511,#2512,#2513),(#2514,#2515,#2516,#2517,#2518,#2519,#2520,#2521),(#2522,
#2523,#2524,#2525,#2526,#2527,#2528,#2529)),.UNSPECIFIED.,.F.,.F.,.F.,(4,
2,4),(4,1,1,1,1,4),(0.608951886296964,0.75,1.),(0.0301076707780513,0.137121694372025,
0.28290227470307,0.440440325927692,0.495346359615663,0.498121143048102),
 .UNSPECIFIED.);
#13=B_SPLINE_SURFACE_WITH_KNOTS('',3,3,((#2545,#2546,#2547,#2548,#2549,
#2550,#2551,#2552),(#2553,#2554,#2555,#2556,#2557,#2558,#2559,#2560),(#2561,
#2562,#2563,#2564,#2565,#2566,#2567,#2568),(#2569,#2570,#2571,#2572,#2573,
#2574,#2575,#2576),(#2577,#2578,#2579,#2580,#2581,#2582,#2583,#2584),(#2585,
#2586,#2587,#2588,#2589,#2590,#2591,#2592)),.UNSPECIFIED.,.F.,.F.,.F.,(4,
2,4),(4,1,1,1,1,4),(0.,0.25,0.354252893654085),(0.0301076707780515,0.137121694372025,
0.28290227470307,0.440440325927692,0.495346359615663,0.498121143048092),
 .UNSPECIFIED.);
#14=B_SPLINE_SURFACE_WITH_KNOTS('',3,3,((#2608,#2609,#2610,#2611,#2612,
#2613,#2614),(#2615,#2616,#2617,#2618,#2619,#2620,#2621),(#2622,#2623,#2624,
#2625,#2626,#2627,#2628),(#2629,#2630,#2631,#2632,#2633,#2634,#2635),(#2636,
#2637,#2638,#2639,#2640,#2641,#2642),(#2643,#2644,#2645,#2646,#2647,#2648,
#2649),(#2650,#2651,#2652,#2653,#2654,#2655,#2656),(#2657,#2658,#2659,#2660,
#2661,#2662,#2663)),.UNSPECIFIED.,.F.,.F.,.F.,(4,2,2,4),(4,1,1,1,4),(0.,
0.25,0.5,0.694491797262999),(0.493063800470556,0.495346359615663,0.606807841988653,
0.802768727399112,0.878055436458062),.UNSPECIFIED.);
#15=B_SPLINE_SURFACE_WITH_KNOTS('',3,3,((#2674,#2675,#2676,#2677,#2678,
#2679,#2680,#2681,#2682,#2683),(#2684,#2685,#2686,#2687,#2688,#2689,#2690,
#2691,#2692,#2693),(#2694,#2695,#2696,#2697,#2698,#2699,#2700,#2701,#2702,
#2703),(#2704,#2705,#2706,#2707,#2708,#2709,#2710,#2711,#2712,#2713),(#2714,
#2715,#2716,#2717,#2718,#2719,#2720,#2721,#2722,#2723),(#2724,#2725,#2726,
#2727,#2728,#2729,#2730,#2731,#2732,#2733),(#2734,#2735,#2736,#2737,#2738,
#2739,#2740,#2741,#2742,#2743),(#2744,#2745,#2746,#2747,#2748,#2749,#2750,
#2751,#2752,#2753),(#2754,#2755,#2756,#2757,#2758,#2759,#2760,#2761,#2762,
#2763),(#2764,#2765,#2766,#2767,#2768,#2769,#2770,#2771,#2772,#2773),(#2774,
#2775,#2776,#2777,#2778,#2779,#2780,#2781,#2782,#2783),(#2784,#2785,#2786,
#2787,#2788,#2789,#2790,#2791,#2792,#2793),(#2794,#2795,#2796,#2797,#2798,
#2799,#2800,#2801,#2802,#2803),(#2804,#2805,#2806,#2807,#2808,#2809,#2810,
#2811,#2812,#2813),(#2814,#2815,#2816,#2817,#2818,#2819,#2820,#2821,#2822,
#2823),(#2824,#2825,#2826,#2827,#2828,#2829,#2830,#2831,#2832,#2833),(#2834,
#2835,#2836,#2837,#2838,#2839,#2840,#2841,#2842,#2843),(#2844,#2845,#2846,
#2847,#2848,#2849,#2850,#2851,#2852,#2853)),.UNSPECIFIED.,.F.,.F.,.F.,(4,
2,2,2,2,2,2,2,4),(4,1,1,1,1,1,1,4),(0.,0.125289314900829,0.250578629801658,
0.375289316207479,0.500000002613301,0.624710689019123,0.749421375424945,
0.874710687712472,1.),(0.0269934078380557,0.137121694372025,0.28290227470307,
0.440440325927692,0.495346359615663,0.606807841988653,0.802768727399112,
1.),.UNSPECIFIED.);
#16=B_SPLINE_SURFACE_WITH_KNOTS('',3,3,((#2884,#2885,#2886,#2887,#2888,
#2889,#2890),(#2891,#2892,#2893,#2894,#2895,#2896,#2897),(#2898,#2899,#2900,
#2901,#2902,#2903,#2904),(#2905,#2906,#2907,#2908,#2909,#2910,#2911),(#2912,
#2913,#2914,#2915,#2916,#2917,#2918),(#2919,#2920,#2921,#2922,#2923,#2924,
#2925)),.UNSPECIFIED.,.F.,.F.,.F.,(4,2,4),(4,1,1,1,4),(0.507270079837577,
0.75,1.),(0.493063799254837,0.495346359615663,0.606807841988653,0.802768727399112,
0.878055437993391),.UNSPECIFIED.);
#17=B_SPLINE_SURFACE_WITH_KNOTS('',3,3,((#2927,#2928,#2929,#2930,#2931,
#2932,#2933,#2934),(#2935,#2936,#2937,#2938,#2939,#2940,#2941,#2942),(#2943,
#2944,#2945,#2946,#2947,#2948,#2949,#2950),(#2951,#2952,#2953,#2954,#2955,
#2956,#2957,#2958),(#2959,#2960,#2961,#2962,#2963,#2964,#2965,#2966),(#2967,
#2968,#2969,#2970,#2971,#2972,#2973,#2974)),.UNSPECIFIED.,.F.,.F.,.F.,(4,
2,4),(4,1,1,1,1,4),(0.608951886296963,0.75,1.),(0.0301076707780501,0.137121694372025,
0.28290227470307,0.440440325927692,0.495346359615663,0.498121143048102),
 .UNSPECIFIED.);
#18=B_SPLINE_SURFACE_WITH_KNOTS('',3,3,((#2990,#2991,#2992,#2993,#2994,
#2995,#2996,#2997),(#2998,#2999,#3000,#3001,#3002,#3003,#3004,#3005),(#3006,
#3007,#3008,#3009,#3010,#3011,#3012,#3013),(#3014,#3015,#3016,#3017,#3018,
#3019,#3020,#3021),(#3022,#3023,#3024,#3025,#3026,#3027,#3028,#3029),(#3030,
#3031,#3032,#3033,#3034,#3035,#3036,#3037)),.UNSPECIFIED.,.F.,.F.,.F.,(4,
2,4),(4,1,1,1,1,4),(0.,0.25,0.354252893654074),(0.0301076707780522,0.137121694372025,
0.28290227470307,0.440440325927692,0.495346359615663,0.498121143048089),
 .UNSPECIFIED.);
#19=B_SPLINE_SURFACE_WITH_KNOTS('',3,3,((#3053,#3054,#3055,#3056,#3057,
#3058,#3059),(#3060,#3061,#3062,#3063,#3064,#3065,#3066),(#3067,#3068,#3069,
#3070,#3071,#3072,#3073),(#3074,#3075,#3076,#3077,#3078,#3079,#3080),(#3081,
#3082,#3083,#3084,#3085,#3086,#3087),(#3088,#3089,#3090,#3091,#3092,#3093,
#3094),(#3095,#3096,#3097,#3098,#3099,#3100,#3101),(#3102,#3103,#3104,#3105,
#3106,#3107,#3108)),.UNSPECIFIED.,.F.,.F.,.F.,(4,2,2,4),(4,1,1,1,4),(0.,
0.25,0.5,0.694491797262589),(0.49306380047055,0.495346359615663,0.606807841988653,
0.802768727399112,0.878055436458068),.UNSPECIFIED.);
#20=B_SPLINE_SURFACE_WITH_KNOTS('',3,3,((#3119,#3120,#3121,#3122,#3123,
#3124,#3125,#3126,#3127,#3128),(#3129,#3130,#3131,#3132,#3133,#3134,#3135,
#3136,#3137,#3138),(#3139,#3140,#3141,#3142,#3143,#3144,#3145,#3146,#3147,
#3148),(#3149,#3150,#3151,#3152,#3153,#3154,#3155,#3156,#3157,#3158),(#3159,
#3160,#3161,#3162,#3163,#3164,#3165,#3166,#3167,#3168),(#3169,#3170,#3171,
#3172,#3173,#3174,#3175,#3176,#3177,#3178),(#3179,#3180,#3181,#3182,#3183,
#3184,#3185,#3186,#3187,#3188),(#3189,#3190,#3191,#3192,#3193,#3194,#3195,
#3196,#3197,#3198),(#3199,#3200,#3201,#3202,#3203,#3204,#3205,#3206,#3207,
#3208),(#3209,#3210,#3211,#3212,#3213,#3214,#3215,#3216,#3217,#3218),(#3219,
#3220,#3221,#3222,#3223,#3224,#3225,#3226,#3227,#3228),(#3229,#3230,#3231,
#3232,#3233,#3234,#3235,#3236,#3237,#3238),(#3239,#3240,#3241,#3242,#3243,
#3244,#3245,#3246,#3247,#3248),(#3249,#3250,#3251,#3252,#3253,#3254,#3255,
#3256,#3257,#3258),(#3259,#3260,#3261,#3262,#3263,#3264,#3265,#3266,#3267,
#3268),(#3269,#3270,#3271,#3272,#3273,#3274,#3275,#3276,#3277,#3278),(#3279,
#3280,#3281,#3282,#3283,#3284,#3285,#3286,#3287,#3288),(#3289,#3290,#3291,
#3292,#3293,#3294,#3295,#3296,#3297,#3298)),.UNSPECIFIED.,.F.,.F.,.F.,(4,
2,2,2,2,2,2,2,4),(4,1,1,1,1,1,1,4),(0.,0.125289314900829,0.250578629801658,
0.375289316207479,0.500000002613301,0.624710689019123,0.749421375424945,
0.874710687712472,1.),(0.0269934078380588,0.137121694372025,0.28290227470307,
0.440440325927692,0.495346359615663,0.606807841988653,0.802768727399112,
1.),.UNSPECIFIED.);
#21=B_SPLINE_SURFACE_WITH_KNOTS('',3,3,((#3329,#3330,#3331,#3332,#3333,
#3334,#3335),(#3336,#3337,#3338,#3339,#3340,#3341,#3342),(#3343,#3344,#3345,
#3346,#3347,#3348,#3349),(#3350,#3351,#3352,#3353,#3354,#3355,#3356),(#3357,
#3358,#3359,#3360,#3361,#3362,#3363),(#3364,#3365,#3366,#3367,#3368,#3369,
#3370)),.UNSPECIFIED.,.F.,.F.,.F.,(4,2,4),(4,1,1,1,4),(0.50727007983759,
0.75,1.),(0.493063799254826,0.495346359615663,0.606807841988653,0.802768727399112,
0.8780554379934),.UNSPECIFIED.);
#22=LINE('',#2334,#98);
#23=LINE('',#2335,#99);
#24=LINE('',#2380,#100);
#25=LINE('',#2384,#101);
#26=LINE('',#2402,#102);
#27=LINE('',#2404,#103);
#28=LINE('',#2406,#104);
#29=LINE('',#2407,#105);
#30=LINE('',#2409,#106);
#31=LINE('',#2411,#107);
#32=LINE('',#2412,#108);
#33=LINE('',#2414,#109);
#34=LINE('',#2416,#110);
#35=LINE('',#2417,#111);
#36=LINE('',#2419,#112);
#37=LINE('',#2421,#113);
#38=LINE('',#3373,#114);
#39=LINE('',#3374,#115);
#40=LINE('',#3378,#116);
#41=LINE('',#3379,#117);
#42=LINE('',#3459,#118);
#43=LINE('',#3460,#119);
#44=LINE('',#3462,#120);
#45=LINE('',#3468,#121);
#46=LINE('',#3536,#122);
#47=LINE('',#3537,#123);
#48=LINE('',#3540,#124);
#49=LINE('',#3541,#125);
#50=LINE('',#3544,#126);
#51=LINE('',#3545,#127);
#52=LINE('',#3548,#128);
#53=LINE('',#3549,#129);
#54=LINE('',#3552,#130);
#55=LINE('',#3553,#131);
#56=LINE('',#3556,#132);
#57=LINE('',#3557,#133);
#58=LINE('',#3560,#134);
#59=LINE('',#3561,#135);
#60=LINE('',#3564,#136);
#61=LINE('',#3565,#137);
#62=LINE('',#3568,#138);
#63=LINE('',#3569,#139);
#64=LINE('',#3572,#140);
#65=LINE('',#3573,#141);
#66=LINE('',#3576,#142);
#67=LINE('',#3577,#143);
#68=LINE('',#3580,#144);
#69=LINE('',#3581,#145);
#70=LINE('',#3584,#146);
#71=LINE('',#3585,#147);
#72=LINE('',#3588,#148);
#73=LINE('',#3589,#149);
#74=LINE('',#3592,#150);
#75=LINE('',#3593,#151);
#76=LINE('',#3596,#152);
#77=LINE('',#3597,#153);
#78=LINE('',#3601,#154);
#79=LINE('',#3603,#155);
#80=LINE('',#3605,#156);
#81=LINE('',#3607,#157);
#82=LINE('',#3608,#158);
#83=LINE('',#3612,#159);
#84=LINE('',#3614,#160);
#85=LINE('',#3616,#161);
#86=LINE('',#3618,#162);
#87=LINE('',#3619,#163);
#88=LINE('',#3623,#164);
#89=LINE('',#3625,#165);
#90=LINE('',#3627,#166);
#91=LINE('',#3629,#167);
#92=LINE('',#3631,#168);
#93=LINE('',#3634,#169);
#94=LINE('',#3636,#170);
#95=LINE('',#3638,#171);
#96=LINE('',#3640,#172);
#97=LINE('',#3642,#173);
#98=VECTOR('',#1784,1.);
#99=VECTOR('',#1785,1.);
#100=VECTOR('',#1792,1.);
#101=VECTOR('',#1795,1.);
#102=VECTOR('',#1818,1.);
#103=VECTOR('',#1819,1.);
#104=VECTOR('',#1820,1.);
#105=VECTOR('',#1821,1.);
#106=VECTOR('',#1822,1.);
#107=VECTOR('',#1823,1.);
#108=VECTOR('',#1824,1.);
#109=VECTOR('',#1825,1.);
#110=VECTOR('',#1826,1.);
#111=VECTOR('',#1827,1.);
#112=VECTOR('',#1828,1.);
#113=VECTOR('',#1829,1.);
#114=VECTOR('',#1876,1.);
#115=VECTOR('',#1877,1.);
#116=VECTOR('',#1884,1.);
#117=VECTOR('',#1885,1.);
#118=VECTOR('',#1968,1.);
#119=VECTOR('',#1969,1.);
#120=VECTOR('',#1972,1.);
#121=VECTOR('',#1979,1.);
#122=VECTOR('',#2050,1.);
#123=VECTOR('',#2051,1.);
#124=VECTOR('',#2056,1.);
#125=VECTOR('',#2057,1.);
#126=VECTOR('',#2062,1.);
#127=VECTOR('',#2063,1.);
#128=VECTOR('',#2068,1.);
#129=VECTOR('',#2069,1.);
#130=VECTOR('',#2074,1.);
#131=VECTOR('',#2075,1.);
#132=VECTOR('',#2080,1.);
#133=VECTOR('',#2081,1.);
#134=VECTOR('',#2086,1.);
#135=VECTOR('',#2087,1.);
#136=VECTOR('',#2092,1.);
#137=VECTOR('',#2093,1.);
#138=VECTOR('',#2098,1.);
#139=VECTOR('',#2099,1.);
#140=VECTOR('',#2104,1.);
#141=VECTOR('',#2105,1.);
#142=VECTOR('',#2110,1.);
#143=VECTOR('',#2111,1.);
#144=VECTOR('',#2116,1.);
#145=VECTOR('',#2117,1.);
#146=VECTOR('',#2122,1.);
#147=VECTOR('',#2123,1.);
#148=VECTOR('',#2128,1.);
#149=VECTOR('',#2129,1.);
#150=VECTOR('',#2134,1.);
#151=VECTOR('',#2135,1.);
#152=VECTOR('',#2140,1.);
#153=VECTOR('',#2141,1.);
#154=VECTOR('',#2148,1.);
#155=VECTOR('',#2149,1.);
#156=VECTOR('',#2150,1.);
#157=VECTOR('',#2153,1.);
#158=VECTOR('',#2154,1.);
#159=VECTOR('',#2161,1.);
#160=VECTOR('',#2162,1.);
#161=VECTOR('',#2163,1.);
#162=VECTOR('',#2166,1.);
#163=VECTOR('',#2167,1.);
#164=VECTOR('',#2174,1.);
#165=VECTOR('',#2175,1.);
#166=VECTOR('',#2176,1.);
#167=VECTOR('',#2179,1.);
#168=VECTOR('',#2182,1.);
#169=VECTOR('',#2187,1.);
#170=VECTOR('',#2188,1.);
#171=VECTOR('',#2189,1.);
#172=VECTOR('',#2192,1.);
#173=VECTOR('',#2195,1.);
#174=CYLINDRICAL_SURFACE('',#1559,0.0036);
#175=CYLINDRICAL_SURFACE('',#1563,0.0036);
#176=CYLINDRICAL_SURFACE('',#1573,0.00225);
#177=CYLINDRICAL_SURFACE('',#1578,0.01);
#178=CYLINDRICAL_SURFACE('',#1587,0.01);
#179=CYLINDRICAL_SURFACE('',#1598,0.0008);
#180=CYLINDRICAL_SURFACE('',#1599,0.0012);
#181=CYLINDRICAL_SURFACE('',#1600,0.00120000000000002);
#182=CYLINDRICAL_SURFACE('',#1601,0.0008);
#183=CYLINDRICAL_SURFACE('',#1602,0.00120000000000005);
#184=CYLINDRICAL_SURFACE('',#1603,0.00120000000000003);
#185=CYLINDRICAL_SURFACE('',#1641,0.000800240688861391);
#186=CYLINDRICAL_SURFACE('',#1643,0.000458767014898178);
#187=CYLINDRICAL_SURFACE('',#1645,0.000800240688861414);
#188=CYLINDRICAL_SURFACE('',#1681,0.000800240688861391);
#189=CYLINDRICAL_SURFACE('',#1682,0.000458767014898178);
#190=CYLINDRICAL_SURFACE('',#1683,0.000800240688861391);
#191=CYLINDRICAL_SURFACE('',#1684,0.000458767014898178);
#192=CYLINDRICAL_SURFACE('',#1685,0.000800240688861391);
#193=CYLINDRICAL_SURFACE('',#1686,0.000458767014898178);
#194=CYLINDRICAL_SURFACE('',#1687,0.000800240688861391);
#195=CYLINDRICAL_SURFACE('',#1688,0.000458767014898178);
#196=CYLINDRICAL_SURFACE('',#1689,0.000800240688861391);
#197=CYLINDRICAL_SURFACE('',#1690,0.000458767014898178);
#198=CYLINDRICAL_SURFACE('',#1691,0.000800240688861391);
#199=CYLINDRICAL_SURFACE('',#1692,0.000458767014898178);
#200=CYLINDRICAL_SURFACE('',#1693,0.000800240688861391);
#201=CYLINDRICAL_SURFACE('',#1694,0.000458767014898178);
#202=CYLINDRICAL_SURFACE('',#1695,0.000800240688861391);
#203=CYLINDRICAL_SURFACE('',#1696,0.000458767014898178);
#204=CYLINDRICAL_SURFACE('',#1697,0.000800240688861391);
#205=CYLINDRICAL_SURFACE('',#1698,0.000458767014898178);
#206=CYLINDRICAL_SURFACE('',#1699,0.000800240688861391);
#207=CYLINDRICAL_SURFACE('',#1700,0.000458767014898178);
#208=CYLINDRICAL_SURFACE('',#1701,0.000800240688861391);
#209=CYLINDRICAL_SURFACE('',#1702,0.000458767014898178);
#210=CYLINDRICAL_SURFACE('',#1703,0.000800240688861391);
#211=CYLINDRICAL_SURFACE('',#1704,0.000458767014898178);
#212=CYLINDRICAL_SURFACE('',#1705,0.000800240688861391);
#213=CYLINDRICAL_SURFACE('',#1706,0.000458767014898178);
#214=CYLINDRICAL_SURFACE('',#1707,0.000800240688861391);
#215=CYLINDRICAL_SURFACE('',#1708,0.000458767014898178);
#216=CYLINDRICAL_SURFACE('',#1709,0.000800240688861391);
#217=CYLINDRICAL_SURFACE('',#1710,0.000458767014898178);
#218=CYLINDRICAL_SURFACE('',#1711,0.000800240688861391);
#219=CYLINDRICAL_SURFACE('',#1712,0.000458767014898178);
#220=CYLINDRICAL_SURFACE('',#1713,0.000458767014898178);
#221=PLANE('',#1549);
#222=PLANE('',#1565);
#223=PLANE('',#1575);
#224=PLANE('',#1593);
#225=PLANE('',#1597);
#226=PLANE('',#1604);
#227=PLANE('',#1647);
#228=PLANE('',#1714);
#229=PLANE('',#1715);
#230=PLANE('',#1716);
#231=PLANE('',#1717);
#232=PLANE('',#1718);
#233=PLANE('',#1719);
#234=PLANE('',#1720);
#235=PLANE('',#1721);
#236=PLANE('',#1722);
#237=PLANE('',#1723);
#238=PLANE('',#1724);
#239=PLANE('',#1725);
#240=PLANE('',#1726);
#241=PLANE('',#1727);
#242=PLANE('',#1728);
#243=PLANE('',#1729);
#244=B_SPLINE_CURVE_WITH_KNOTS('',3,(#2203,#2204,#2205,#2206,#2207,#2208,
#2209,#2210,#2211,#2212),.UNSPECIFIED.,.F.,.F.,(4,1,1,1,1,1,1,4),(5.48131278828629E-14,
0.000876988974419682,0.00175397794878455,0.00263096692314942,0.00350795589751429,
0.00438494487187916,0.00526193384624403,0.00701591179497377),
 .UNSPECIFIED.);
#245=B_SPLINE_CURVE_WITH_KNOTS('',3,(#2216,#2217,#2218,#2219,#2220,#2221,
#2222,#2223,#2224,#2225,#2226),.UNSPECIFIED.,.F.,.F.,(4,1,1,1,1,1,1,1,4),
(6.87791060272024E-17,0.000901340224958076,0.00180268044991608,0.00270402067487409,
0.0036053608998321,0.0045067011247901,0.00540804134974811,0.00630938157470612,
0.00721072179966412),.UNSPECIFIED.);
#246=B_SPLINE_CURVE_WITH_KNOTS('',3,(#2230,#2231,#2232,#2233),
 .UNSPECIFIED.,.F.,.F.,(4,4),(0.00141569102811582,0.00181772306841105),
 .UNSPECIFIED.);
#247=B_SPLINE_CURVE_WITH_KNOTS('',3,(#2237,#2238,#2239,#2240),
 .UNSPECIFIED.,.F.,.F.,(4,4),(0.0013737104653559,0.001775742505654),
 .UNSPECIFIED.);
#248=B_SPLINE_CURVE_WITH_KNOTS('',3,(#2244,#2245,#2246,#2247),
 .UNSPECIFIED.,.F.,.F.,(4,4),(0.0013737104653559,0.00177574250565399),
 .UNSPECIFIED.);
#249=B_SPLINE_CURVE_WITH_KNOTS('',3,(#2251,#2252,#2253,#2254),
 .UNSPECIFIED.,.F.,.F.,(4,4),(0.00152492674929573,0.00192695878958236),
 .UNSPECIFIED.);
#250=B_SPLINE_CURVE_WITH_KNOTS('',3,(#2259,#2260,#2261,#2262,#2263,#2264,
#2265,#2266,#2267,#2268),.UNSPECIFIED.,.F.,.F.,(4,1,1,1,1,1,1,4),(5.48316647411382E-14,
0.000876988974419682,0.00175397794878453,0.00263096692314938,0.00350795589751423,
0.00438494487187908,0.00526193384624393,0.00701591179497364),
 .UNSPECIFIED.);
#251=B_SPLINE_CURVE_WITH_KNOTS('',3,(#2272,#2273,#2274,#2275,#2276,#2277,
#2278,#2279,#2280,#2281,#2282),.UNSPECIFIED.,.F.,.F.,(4,1,1,1,1,1,1,1,4),
(0.,0.000901340224958034,0.00180268044991607,0.0027040206748741,0.00360536089983213,
0.00450670112479017,0.0054080413497482,0.00630938157470624,0.00721072179966427),
 .UNSPECIFIED.);
#252=B_SPLINE_CURVE_WITH_KNOTS('',3,(#2286,#2287,#2288,#2289),
 .UNSPECIFIED.,.F.,.F.,(4,4),(0.00141569102811503,0.00181772306841025),
 .UNSPECIFIED.);
#253=B_SPLINE_CURVE_WITH_KNOTS('',3,(#2293,#2294,#2295,#2296),
 .UNSPECIFIED.,.F.,.F.,(4,4),(0.0013737104653559,0.00177574250565398),
 .UNSPECIFIED.);
#254=B_SPLINE_CURVE_WITH_KNOTS('',3,(#2300,#2301,#2302,#2303),
 .UNSPECIFIED.,.F.,.F.,(4,4),(0.0013737104653559,0.001775742505654),
 .UNSPECIFIED.);
#255=B_SPLINE_CURVE_WITH_KNOTS('',3,(#2307,#2308,#2309,#2310),
 .UNSPECIFIED.,.F.,.F.,(4,4),(0.00152492674929624,0.00192695878958286),
 .UNSPECIFIED.);
#256=B_SPLINE_CURVE_WITH_KNOTS('',3,(#2337,#2338,#2339,#2340,#2341,#2342,
#2343,#2344,#2345,#2346,#2347),.UNSPECIFIED.,.F.,.F.,(4,1,1,1,1,1,1,1,4),
(0.,0.00077201043598632,0.00154402087197264,0.00231603130795896,0.00308804174394528,
0.0038600521799316,0.00463206261591792,0.00540407305190424,0.00617608348789056),
 .UNSPECIFIED.);
#257=B_SPLINE_CURVE_WITH_KNOTS('',3,(#2349,#2350,#2351,#2352,#2353,#2354,
#2355,#2356,#2357,#2358,#2359,#2360),.UNSPECIFIED.,.F.,.F.,(4,1,1,1,1,1,
1,1,1,4),(0.,0.000442763358231148,0.000885526716462296,0.00177105343292459,
0.00265658014938689,0.00354210686584918,0.00442763358231148,0.00531316029877377,
0.00619868701523607,0.00708421373169836),.UNSPECIFIED.);
#258=B_SPLINE_CURVE_WITH_KNOTS('',3,(#2362,#2363,#2364,#2365,#2366,#2367,
#2368),.UNSPECIFIED.,.F.,.F.,(4,1,1,1,4),(1.04083408558608E-17,0.000412708088156237,
0.000825416176312463,0.00123812426446869,0.00165083235262491),
 .UNSPECIFIED.);
#259=B_SPLINE_CURVE_WITH_KNOTS('',3,(#2372,#2373,#2374,#2375,#2376,#2377,
#2378),.UNSPECIFIED.,.F.,.F.,(4,1,1,1,4),(0.,0.000412841231557404,0.000825682463114808,
0.00123852369467221,0.00165136492622962),.UNSPECIFIED.);
#260=B_SPLINE_CURVE_WITH_KNOTS('',3,(#2423,#2424,#2425,#2426,#2427,#2428,
#2429),.UNSPECIFIED.,.F.,.F.,(4,1,1,1,4),(0.,0.000412708088156204,0.000825416176312409,
0.00123812426446861,0.00165083235262482),.UNSPECIFIED.);
#261=B_SPLINE_CURVE_WITH_KNOTS('',3,(#2434,#2435,#2436,#2437,#2438,#2439,
#2440),.UNSPECIFIED.,.F.,.F.,(4,1,1,1,4),(2.8609792490764E-17,0.00041284123155754,
0.000825682463115051,0.00123852369467256,0.00165136492623007),
 .UNSPECIFIED.);
#262=B_SPLINE_CURVE_WITH_KNOTS('',3,(#2442,#2443,#2444,#2445,#2446,#2447,
#2448,#2449,#2450,#2451,#2452),.UNSPECIFIED.,.F.,.F.,(4,1,1,1,1,1,1,1,4),
(0.,0.000772010435986387,0.00154402087197277,0.00231603130795916,0.00308804174394555,
0.00386005217993194,0.00463206261591832,0.00540407305190471,0.0061760834878911),
 .UNSPECIFIED.);
#263=B_SPLINE_CURVE_WITH_KNOTS('',3,(#2453,#2454,#2455,#2456,#2457,#2458,
#2459,#2460,#2461,#2462,#2463,#2464),.UNSPECIFIED.,.F.,.F.,(4,1,1,1,1,1,
1,1,1,4),(0.,0.00044276335823082,0.000885526716461641,0.00177105343292328,
0.00265658014938492,0.00354210686584656,0.0044276335823082,0.00531316029876984,
0.00619868701523148,0.00708421373169313),.UNSPECIFIED.);
#264=B_SPLINE_CURVE_WITH_KNOTS('',3,(#2530,#2531,#2532,#2533,#2534,#2535,
#2536,#2537,#2538,#2539),.UNSPECIFIED.,.F.,.F.,(4,1,1,1,1,1,1,4),(0.,0.137121694372025,
0.28290227470307,0.440440325927692,0.495346359615663,0.606807841988653,
0.802768727399112,1.),.UNSPECIFIED.);
#265=B_SPLINE_CURVE_WITH_KNOTS('',3,(#2541,#2542,#2543,#2544),
 .UNSPECIFIED.,.F.,.F.,(4,4),(0.,0.000700743740961784),.UNSPECIFIED.);
#266=B_SPLINE_CURVE_WITH_KNOTS('',3,(#2593,#2594,#2595,#2596),
 .UNSPECIFIED.,.F.,.F.,(4,4),(0.,0.00068120150123758),.UNSPECIFIED.);
#267=B_SPLINE_CURVE_WITH_KNOTS('',3,(#2598,#2599,#2600,#2601,#2602,#2603,
#2604,#2605,#2606,#2607),.UNSPECIFIED.,.F.,.F.,(4,1,1,1,1,1,1,4),(0.,0.137121694372025,
0.28290227470307,0.440440325927692,0.495346359615663,0.606807841988653,
0.802768727399112,1.),.UNSPECIFIED.);
#268=B_SPLINE_CURVE_WITH_KNOTS('',3,(#2664,#2665,#2666,#2667,#2668,#2669,
#2670,#2671,#2672,#2673),.UNSPECIFIED.,.F.,.F.,(4,1,1,1,1,1,1,4),(0.,0.137121694372025,
0.28290227470307,0.440440325927692,0.495346359615663,0.606807841988653,
0.802768727399112,1.),.UNSPECIFIED.);
#269=B_SPLINE_CURVE_WITH_KNOTS('',3,(#2854,#2855,#2856,#2857,#2858,#2859,
#2860,#2861,#2862,#2863,#2864,#2865,#2866,#2867,#2868),.UNSPECIFIED.,.F.,
 .F.,(4,1,1,1,1,1,1,1,1,1,1,1,4),(9.61123036993126E-15,0.000490650301320325,
0.000735975451975682,0.000981300602631039,0.0012266257532864,0.00147195090394175,
0.00196260120525247,0.00245325150656318,0.00269857665721854,0.00294390180787389,
0.00318922695852925,0.00343455210918461,0.00392520241049532),
 .UNSPECIFIED.);
#270=B_SPLINE_CURVE_WITH_KNOTS('',3,(#2869,#2870,#2871,#2872,#2873,#2874,
#2875,#2876,#2877,#2878),.UNSPECIFIED.,.F.,.F.,(4,1,1,1,1,1,1,4),(0.,0.137121694372025,
0.28290227470307,0.440440325927692,0.495346359615663,0.606807841988653,
0.802768727399112,1.),.UNSPECIFIED.);
#271=B_SPLINE_CURVE_WITH_KNOTS('',3,(#2975,#2976,#2977,#2978,#2979,#2980,
#2981,#2982,#2983,#2984),.UNSPECIFIED.,.F.,.F.,(4,1,1,1,1,1,1,4),(0.,0.137121694372025,
0.28290227470307,0.440440325927692,0.495346359615663,0.606807841988653,
0.802768727399112,1.),.UNSPECIFIED.);
#272=B_SPLINE_CURVE_WITH_KNOTS('',3,(#2986,#2987,#2988,#2989),
 .UNSPECIFIED.,.F.,.F.,(4,4),(0.,0.000700743740962226),.UNSPECIFIED.);
#273=B_SPLINE_CURVE_WITH_KNOTS('',3,(#3038,#3039,#3040,#3041),
 .UNSPECIFIED.,.F.,.F.,(4,4),(0.,0.000681201501238),.UNSPECIFIED.);
#274=B_SPLINE_CURVE_WITH_KNOTS('',3,(#3043,#3044,#3045,#3046,#3047,#3048,
#3049,#3050,#3051,#3052),.UNSPECIFIED.,.F.,.F.,(4,1,1,1,1,1,1,4),(0.,0.137121694372025,
0.28290227470307,0.440440325927692,0.495346359615663,0.606807841988653,
0.802768727399112,1.),.UNSPECIFIED.);
#275=B_SPLINE_CURVE_WITH_KNOTS('',3,(#3109,#3110,#3111,#3112,#3113,#3114,
#3115,#3116,#3117,#3118),.UNSPECIFIED.,.F.,.F.,(4,1,1,1,1,1,1,4),(0.,0.137121694372025,
0.28290227470307,0.440440325927692,0.495346359615663,0.606807841988653,
0.802768727399112,1.),.UNSPECIFIED.);
#276=B_SPLINE_CURVE_WITH_KNOTS('',3,(#3299,#3300,#3301,#3302,#3303,#3304,
#3305,#3306,#3307,#3308,#3309,#3310,#3311,#3312,#3313),.UNSPECIFIED.,.F.,
 .F.,(4,1,1,1,1,1,1,1,1,1,1,1,4),(9.65683648366287E-15,0.000490650301320332,
0.00073597545197567,0.000981300602631008,0.00122662575328635,0.00147195090394168,
0.00196260120525236,0.00245325150656303,0.00269857665721837,0.00294390180787371,
0.00318922695852905,0.00343455210918439,0.00392520241049506),
 .UNSPECIFIED.);
#277=B_SPLINE_CURVE_WITH_KNOTS('',3,(#3314,#3315,#3316,#3317,#3318,#3319,
#3320,#3321,#3322,#3323),.UNSPECIFIED.,.F.,.F.,(4,1,1,1,1,1,1,4),(0.,0.137121694372025,
0.28290227470307,0.440440325927692,0.495346359615663,0.606807841988653,
0.802768727399112,1.),.UNSPECIFIED.);
#278=ORIENTED_EDGE('',*,*,#734,.F.);
#279=ORIENTED_EDGE('',*,*,#735,.F.);
#280=ORIENTED_EDGE('',*,*,#736,.F.);
#281=ORIENTED_EDGE('',*,*,#737,.F.);
#282=ORIENTED_EDGE('',*,*,#738,.F.);
#283=ORIENTED_EDGE('',*,*,#739,.T.);
#284=ORIENTED_EDGE('',*,*,#740,.T.);
#285=ORIENTED_EDGE('',*,*,#741,.F.);
#286=ORIENTED_EDGE('',*,*,#742,.F.);
#287=ORIENTED_EDGE('',*,*,#743,.T.);
#288=ORIENTED_EDGE('',*,*,#744,.T.);
#289=ORIENTED_EDGE('',*,*,#745,.F.);
#290=ORIENTED_EDGE('',*,*,#746,.F.);
#291=ORIENTED_EDGE('',*,*,#747,.F.);
#292=ORIENTED_EDGE('',*,*,#748,.F.);
#293=ORIENTED_EDGE('',*,*,#749,.F.);
#294=ORIENTED_EDGE('',*,*,#750,.F.);
#295=ORIENTED_EDGE('',*,*,#751,.T.);
#296=ORIENTED_EDGE('',*,*,#752,.T.);
#297=ORIENTED_EDGE('',*,*,#753,.F.);
#298=ORIENTED_EDGE('',*,*,#754,.F.);
#299=ORIENTED_EDGE('',*,*,#755,.T.);
#300=ORIENTED_EDGE('',*,*,#756,.T.);
#301=ORIENTED_EDGE('',*,*,#757,.F.);
#302=ORIENTED_EDGE('',*,*,#758,.F.);
#303=ORIENTED_EDGE('',*,*,#759,.T.);
#304=ORIENTED_EDGE('',*,*,#760,.F.);
#305=ORIENTED_EDGE('',*,*,#761,.F.);
#306=ORIENTED_EDGE('',*,*,#762,.T.);
#307=ORIENTED_EDGE('',*,*,#763,.F.);
#308=ORIENTED_EDGE('',*,*,#764,.T.);
#309=ORIENTED_EDGE('',*,*,#765,.F.);
#310=ORIENTED_EDGE('',*,*,#766,.T.);
#311=ORIENTED_EDGE('',*,*,#767,.F.);
#312=ORIENTED_EDGE('',*,*,#768,.T.);
#313=ORIENTED_EDGE('',*,*,#765,.T.);
#314=ORIENTED_EDGE('',*,*,#769,.F.);
#315=ORIENTED_EDGE('',*,*,#770,.F.);
#316=ORIENTED_EDGE('',*,*,#736,.T.);
#317=ORIENTED_EDGE('',*,*,#771,.F.);
#318=ORIENTED_EDGE('',*,*,#772,.F.);
#319=ORIENTED_EDGE('',*,*,#773,.F.);
#320=ORIENTED_EDGE('',*,*,#774,.F.);
#321=ORIENTED_EDGE('',*,*,#775,.F.);
#322=ORIENTED_EDGE('',*,*,#776,.F.);
#323=ORIENTED_EDGE('',*,*,#777,.T.);
#324=ORIENTED_EDGE('',*,*,#761,.T.);
#325=ORIENTED_EDGE('',*,*,#778,.F.);
#326=ORIENTED_EDGE('',*,*,#776,.T.);
#327=ORIENTED_EDGE('',*,*,#779,.T.);
#328=ORIENTED_EDGE('',*,*,#780,.F.);
#329=ORIENTED_EDGE('',*,*,#781,.T.);
#330=ORIENTED_EDGE('',*,*,#767,.T.);
#331=ORIENTED_EDGE('',*,*,#782,.F.);
#332=ORIENTED_EDGE('',*,*,#783,.T.);
#333=ORIENTED_EDGE('',*,*,#784,.F.);
#334=ORIENTED_EDGE('',*,*,#785,.F.);
#335=ORIENTED_EDGE('',*,*,#778,.T.);
#336=ORIENTED_EDGE('',*,*,#744,.F.);
#337=ORIENTED_EDGE('',*,*,#786,.F.);
#338=ORIENTED_EDGE('',*,*,#787,.T.);
#339=ORIENTED_EDGE('',*,*,#788,.T.);
#340=ORIENTED_EDGE('',*,*,#740,.F.);
#341=ORIENTED_EDGE('',*,*,#789,.F.);
#342=ORIENTED_EDGE('',*,*,#790,.T.);
#343=ORIENTED_EDGE('',*,*,#791,.T.);
#344=ORIENTED_EDGE('',*,*,#756,.F.);
#345=ORIENTED_EDGE('',*,*,#792,.F.);
#346=ORIENTED_EDGE('',*,*,#793,.T.);
#347=ORIENTED_EDGE('',*,*,#794,.T.);
#348=ORIENTED_EDGE('',*,*,#752,.F.);
#349=ORIENTED_EDGE('',*,*,#795,.F.);
#350=ORIENTED_EDGE('',*,*,#796,.T.);
#351=ORIENTED_EDGE('',*,*,#797,.T.);
#352=ORIENTED_EDGE('',*,*,#785,.T.);
#353=ORIENTED_EDGE('',*,*,#798,.F.);
#354=ORIENTED_EDGE('',*,*,#799,.F.);
#355=ORIENTED_EDGE('',*,*,#800,.F.);
#356=ORIENTED_EDGE('',*,*,#801,.F.);
#357=ORIENTED_EDGE('',*,*,#748,.T.);
#358=ORIENTED_EDGE('',*,*,#802,.F.);
#359=ORIENTED_EDGE('',*,*,#803,.T.);
#360=ORIENTED_EDGE('',*,*,#773,.T.);
#361=ORIENTED_EDGE('',*,*,#804,.T.);
#362=ORIENTED_EDGE('',*,*,#799,.T.);
#363=ORIENTED_EDGE('',*,*,#805,.F.);
#364=ORIENTED_EDGE('',*,*,#805,.T.);
#365=ORIENTED_EDGE('',*,*,#806,.F.);
#366=ORIENTED_EDGE('',*,*,#807,.F.);
#367=ORIENTED_EDGE('',*,*,#808,.F.);
#368=ORIENTED_EDGE('',*,*,#807,.T.);
#369=ORIENTED_EDGE('',*,*,#809,.F.);
#370=ORIENTED_EDGE('',*,*,#809,.T.);
#371=ORIENTED_EDGE('',*,*,#766,.F.);
#372=ORIENTED_EDGE('',*,*,#810,.F.);
#373=ORIENTED_EDGE('',*,*,#811,.T.);
#374=ORIENTED_EDGE('',*,*,#749,.T.);
#375=ORIENTED_EDGE('',*,*,#735,.T.);
#376=ORIENTED_EDGE('',*,*,#812,.T.);
#377=ORIENTED_EDGE('',*,*,#813,.T.);
#378=ORIENTED_EDGE('',*,*,#771,.T.);
#379=ORIENTED_EDGE('',*,*,#814,.T.);
#380=ORIENTED_EDGE('',*,*,#813,.F.);
#381=ORIENTED_EDGE('',*,*,#815,.T.);
#382=ORIENTED_EDGE('',*,*,#810,.T.);
#383=ORIENTED_EDGE('',*,*,#816,.T.);
#384=ORIENTED_EDGE('',*,*,#800,.T.);
#385=ORIENTED_EDGE('',*,*,#817,.T.);
#386=ORIENTED_EDGE('',*,*,#818,.T.);
#387=ORIENTED_EDGE('',*,*,#819,.T.);
#388=ORIENTED_EDGE('',*,*,#772,.T.);
#389=ORIENTED_EDGE('',*,*,#814,.F.);
#390=ORIENTED_EDGE('',*,*,#801,.T.);
#391=ORIENTED_EDGE('',*,*,#816,.F.);
#392=ORIENTED_EDGE('',*,*,#819,.F.);
#393=ORIENTED_EDGE('',*,*,#818,.F.);
#394=ORIENTED_EDGE('',*,*,#817,.F.);
#395=ORIENTED_EDGE('',*,*,#804,.F.);
#396=ORIENTED_EDGE('',*,*,#820,.F.);
#397=ORIENTED_EDGE('',*,*,#821,.T.);
#398=ORIENTED_EDGE('',*,*,#737,.T.);
#399=ORIENTED_EDGE('',*,*,#747,.T.);
#400=ORIENTED_EDGE('',*,*,#822,.T.);
#401=ORIENTED_EDGE('',*,*,#823,.T.);
#402=ORIENTED_EDGE('',*,*,#802,.T.);
#403=ORIENTED_EDGE('',*,*,#824,.T.);
#404=ORIENTED_EDGE('',*,*,#823,.F.);
#405=ORIENTED_EDGE('',*,*,#825,.T.);
#406=ORIENTED_EDGE('',*,*,#820,.T.);
#407=ORIENTED_EDGE('',*,*,#826,.T.);
#408=ORIENTED_EDGE('',*,*,#774,.T.);
#409=ORIENTED_EDGE('',*,*,#827,.T.);
#410=ORIENTED_EDGE('',*,*,#828,.T.);
#411=ORIENTED_EDGE('',*,*,#829,.T.);
#412=ORIENTED_EDGE('',*,*,#798,.T.);
#413=ORIENTED_EDGE('',*,*,#824,.F.);
#414=ORIENTED_EDGE('',*,*,#770,.T.);
#415=ORIENTED_EDGE('',*,*,#826,.F.);
#416=ORIENTED_EDGE('',*,*,#829,.F.);
#417=ORIENTED_EDGE('',*,*,#828,.F.);
#418=ORIENTED_EDGE('',*,*,#827,.F.);
#419=ORIENTED_EDGE('',*,*,#803,.F.);
#420=ORIENTED_EDGE('',*,*,#830,.T.);
#421=ORIENTED_EDGE('',*,*,#763,.T.);
#422=ORIENTED_EDGE('',*,*,#831,.F.);
#423=ORIENTED_EDGE('',*,*,#783,.F.);
#424=ORIENTED_EDGE('',*,*,#782,.T.);
#425=ORIENTED_EDGE('',*,*,#769,.T.);
#426=ORIENTED_EDGE('',*,*,#764,.F.);
#427=ORIENTED_EDGE('',*,*,#830,.F.);
#428=ORIENTED_EDGE('',*,*,#784,.T.);
#429=ORIENTED_EDGE('',*,*,#831,.T.);
#430=ORIENTED_EDGE('',*,*,#762,.F.);
#431=ORIENTED_EDGE('',*,*,#777,.F.);
#432=ORIENTED_EDGE('',*,*,#780,.T.);
#433=ORIENTED_EDGE('',*,*,#832,.T.);
#434=ORIENTED_EDGE('',*,*,#759,.F.);
#435=ORIENTED_EDGE('',*,*,#833,.F.);
#436=ORIENTED_EDGE('',*,*,#775,.T.);
#437=ORIENTED_EDGE('',*,*,#760,.T.);
#438=ORIENTED_EDGE('',*,*,#832,.F.);
#439=ORIENTED_EDGE('',*,*,#779,.F.);
#440=ORIENTED_EDGE('',*,*,#833,.T.);
#441=ORIENTED_EDGE('',*,*,#758,.T.);
#442=ORIENTED_EDGE('',*,*,#768,.F.);
#443=ORIENTED_EDGE('',*,*,#781,.F.);
#444=ORIENTED_EDGE('',*,*,#834,.T.);
#445=ORIENTED_EDGE('',*,*,#835,.F.);
#446=ORIENTED_EDGE('',*,*,#836,.F.);
#447=ORIENTED_EDGE('',*,*,#837,.F.);
#448=ORIENTED_EDGE('',*,*,#838,.T.);
#449=ORIENTED_EDGE('',*,*,#839,.F.);
#450=ORIENTED_EDGE('',*,*,#840,.T.);
#451=ORIENTED_EDGE('',*,*,#841,.F.);
#452=ORIENTED_EDGE('',*,*,#842,.T.);
#453=ORIENTED_EDGE('',*,*,#843,.F.);
#454=ORIENTED_EDGE('',*,*,#844,.T.);
#455=ORIENTED_EDGE('',*,*,#845,.F.);
#456=ORIENTED_EDGE('',*,*,#846,.T.);
#457=ORIENTED_EDGE('',*,*,#847,.F.);
#458=ORIENTED_EDGE('',*,*,#848,.T.);
#459=ORIENTED_EDGE('',*,*,#849,.F.);
#460=ORIENTED_EDGE('',*,*,#850,.T.);
#461=ORIENTED_EDGE('',*,*,#851,.F.);
#462=ORIENTED_EDGE('',*,*,#852,.T.);
#463=ORIENTED_EDGE('',*,*,#853,.F.);
#464=ORIENTED_EDGE('',*,*,#854,.T.);
#465=ORIENTED_EDGE('',*,*,#855,.F.);
#466=ORIENTED_EDGE('',*,*,#856,.T.);
#467=ORIENTED_EDGE('',*,*,#857,.F.);
#468=ORIENTED_EDGE('',*,*,#858,.T.);
#469=ORIENTED_EDGE('',*,*,#859,.F.);
#470=ORIENTED_EDGE('',*,*,#860,.T.);
#471=ORIENTED_EDGE('',*,*,#861,.F.);
#472=ORIENTED_EDGE('',*,*,#862,.T.);
#473=ORIENTED_EDGE('',*,*,#863,.F.);
#474=ORIENTED_EDGE('',*,*,#864,.T.);
#475=ORIENTED_EDGE('',*,*,#865,.F.);
#476=ORIENTED_EDGE('',*,*,#866,.T.);
#477=ORIENTED_EDGE('',*,*,#867,.F.);
#478=ORIENTED_EDGE('',*,*,#868,.T.);
#479=ORIENTED_EDGE('',*,*,#869,.F.);
#480=ORIENTED_EDGE('',*,*,#808,.T.);
#481=ORIENTED_EDGE('',*,*,#870,.T.);
#482=ORIENTED_EDGE('',*,*,#871,.T.);
#483=ORIENTED_EDGE('',*,*,#834,.F.);
#484=ORIENTED_EDGE('',*,*,#872,.F.);
#485=ORIENTED_EDGE('',*,*,#873,.T.);
#486=ORIENTED_EDGE('',*,*,#835,.T.);
#487=ORIENTED_EDGE('',*,*,#871,.F.);
#488=ORIENTED_EDGE('',*,*,#874,.F.);
#489=ORIENTED_EDGE('',*,*,#836,.T.);
#490=ORIENTED_EDGE('',*,*,#873,.F.);
#491=ORIENTED_EDGE('',*,*,#875,.F.);
#492=ORIENTED_EDGE('',*,*,#876,.T.);
#493=ORIENTED_EDGE('',*,*,#806,.T.);
#494=ORIENTED_EDGE('',*,*,#877,.T.);
#495=ORIENTED_EDGE('',*,*,#878,.F.);
#496=ORIENTED_EDGE('',*,*,#879,.T.);
#497=ORIENTED_EDGE('',*,*,#880,.F.);
#498=ORIENTED_EDGE('',*,*,#881,.T.);
#499=ORIENTED_EDGE('',*,*,#882,.F.);
#500=ORIENTED_EDGE('',*,*,#883,.T.);
#501=ORIENTED_EDGE('',*,*,#884,.F.);
#502=ORIENTED_EDGE('',*,*,#885,.T.);
#503=ORIENTED_EDGE('',*,*,#886,.F.);
#504=ORIENTED_EDGE('',*,*,#887,.T.);
#505=ORIENTED_EDGE('',*,*,#888,.F.);
#506=ORIENTED_EDGE('',*,*,#889,.T.);
#507=ORIENTED_EDGE('',*,*,#890,.F.);
#508=ORIENTED_EDGE('',*,*,#891,.T.);
#509=ORIENTED_EDGE('',*,*,#892,.F.);
#510=ORIENTED_EDGE('',*,*,#893,.T.);
#511=ORIENTED_EDGE('',*,*,#894,.F.);
#512=ORIENTED_EDGE('',*,*,#895,.T.);
#513=ORIENTED_EDGE('',*,*,#896,.F.);
#514=ORIENTED_EDGE('',*,*,#897,.T.);
#515=ORIENTED_EDGE('',*,*,#898,.F.);
#516=ORIENTED_EDGE('',*,*,#899,.T.);
#517=ORIENTED_EDGE('',*,*,#900,.F.);
#518=ORIENTED_EDGE('',*,*,#901,.T.);
#519=ORIENTED_EDGE('',*,*,#902,.F.);
#520=ORIENTED_EDGE('',*,*,#903,.T.);
#521=ORIENTED_EDGE('',*,*,#904,.F.);
#522=ORIENTED_EDGE('',*,*,#905,.T.);
#523=ORIENTED_EDGE('',*,*,#906,.F.);
#524=ORIENTED_EDGE('',*,*,#907,.T.);
#525=ORIENTED_EDGE('',*,*,#908,.F.);
#526=ORIENTED_EDGE('',*,*,#909,.T.);
#527=ORIENTED_EDGE('',*,*,#875,.T.);
#528=ORIENTED_EDGE('',*,*,#874,.T.);
#529=ORIENTED_EDGE('',*,*,#870,.F.);
#530=ORIENTED_EDGE('',*,*,#878,.T.);
#531=ORIENTED_EDGE('',*,*,#910,.T.);
#532=ORIENTED_EDGE('',*,*,#868,.F.);
#533=ORIENTED_EDGE('',*,*,#911,.F.);
#534=ORIENTED_EDGE('',*,*,#872,.T.);
#535=ORIENTED_EDGE('',*,*,#869,.T.);
#536=ORIENTED_EDGE('',*,*,#910,.F.);
#537=ORIENTED_EDGE('',*,*,#877,.F.);
#538=ORIENTED_EDGE('',*,*,#880,.T.);
#539=ORIENTED_EDGE('',*,*,#912,.T.);
#540=ORIENTED_EDGE('',*,*,#866,.F.);
#541=ORIENTED_EDGE('',*,*,#913,.F.);
#542=ORIENTED_EDGE('',*,*,#911,.T.);
#543=ORIENTED_EDGE('',*,*,#867,.T.);
#544=ORIENTED_EDGE('',*,*,#912,.F.);
#545=ORIENTED_EDGE('',*,*,#879,.F.);
#546=ORIENTED_EDGE('',*,*,#882,.T.);
#547=ORIENTED_EDGE('',*,*,#914,.T.);
#548=ORIENTED_EDGE('',*,*,#864,.F.);
#549=ORIENTED_EDGE('',*,*,#915,.F.);
#550=ORIENTED_EDGE('',*,*,#913,.T.);
#551=ORIENTED_EDGE('',*,*,#865,.T.);
#552=ORIENTED_EDGE('',*,*,#914,.F.);
#553=ORIENTED_EDGE('',*,*,#881,.F.);
#554=ORIENTED_EDGE('',*,*,#884,.T.);
#555=ORIENTED_EDGE('',*,*,#916,.T.);
#556=ORIENTED_EDGE('',*,*,#862,.F.);
#557=ORIENTED_EDGE('',*,*,#917,.F.);
#558=ORIENTED_EDGE('',*,*,#915,.T.);
#559=ORIENTED_EDGE('',*,*,#863,.T.);
#560=ORIENTED_EDGE('',*,*,#916,.F.);
#561=ORIENTED_EDGE('',*,*,#883,.F.);
#562=ORIENTED_EDGE('',*,*,#886,.T.);
#563=ORIENTED_EDGE('',*,*,#918,.T.);
#564=ORIENTED_EDGE('',*,*,#860,.F.);
#565=ORIENTED_EDGE('',*,*,#919,.F.);
#566=ORIENTED_EDGE('',*,*,#917,.T.);
#567=ORIENTED_EDGE('',*,*,#861,.T.);
#568=ORIENTED_EDGE('',*,*,#918,.F.);
#569=ORIENTED_EDGE('',*,*,#885,.F.);
#570=ORIENTED_EDGE('',*,*,#888,.T.);
#571=ORIENTED_EDGE('',*,*,#920,.T.);
#572=ORIENTED_EDGE('',*,*,#858,.F.);
#573=ORIENTED_EDGE('',*,*,#921,.F.);
#574=ORIENTED_EDGE('',*,*,#919,.T.);
#575=ORIENTED_EDGE('',*,*,#859,.T.);
#576=ORIENTED_EDGE('',*,*,#920,.F.);
#577=ORIENTED_EDGE('',*,*,#887,.F.);
#578=ORIENTED_EDGE('',*,*,#890,.T.);
#579=ORIENTED_EDGE('',*,*,#922,.T.);
#580=ORIENTED_EDGE('',*,*,#856,.F.);
#581=ORIENTED_EDGE('',*,*,#923,.F.);
#582=ORIENTED_EDGE('',*,*,#921,.T.);
#583=ORIENTED_EDGE('',*,*,#857,.T.);
#584=ORIENTED_EDGE('',*,*,#922,.F.);
#585=ORIENTED_EDGE('',*,*,#889,.F.);
#586=ORIENTED_EDGE('',*,*,#892,.T.);
#587=ORIENTED_EDGE('',*,*,#924,.T.);
#588=ORIENTED_EDGE('',*,*,#854,.F.);
#589=ORIENTED_EDGE('',*,*,#925,.F.);
#590=ORIENTED_EDGE('',*,*,#923,.T.);
#591=ORIENTED_EDGE('',*,*,#855,.T.);
#592=ORIENTED_EDGE('',*,*,#924,.F.);
#593=ORIENTED_EDGE('',*,*,#891,.F.);
#594=ORIENTED_EDGE('',*,*,#894,.T.);
#595=ORIENTED_EDGE('',*,*,#926,.T.);
#596=ORIENTED_EDGE('',*,*,#852,.F.);
#597=ORIENTED_EDGE('',*,*,#927,.F.);
#598=ORIENTED_EDGE('',*,*,#925,.T.);
#599=ORIENTED_EDGE('',*,*,#853,.T.);
#600=ORIENTED_EDGE('',*,*,#926,.F.);
#601=ORIENTED_EDGE('',*,*,#893,.F.);
#602=ORIENTED_EDGE('',*,*,#896,.T.);
#603=ORIENTED_EDGE('',*,*,#928,.T.);
#604=ORIENTED_EDGE('',*,*,#850,.F.);
#605=ORIENTED_EDGE('',*,*,#929,.F.);
#606=ORIENTED_EDGE('',*,*,#927,.T.);
#607=ORIENTED_EDGE('',*,*,#851,.T.);
#608=ORIENTED_EDGE('',*,*,#928,.F.);
#609=ORIENTED_EDGE('',*,*,#895,.F.);
#610=ORIENTED_EDGE('',*,*,#898,.T.);
#611=ORIENTED_EDGE('',*,*,#930,.T.);
#612=ORIENTED_EDGE('',*,*,#848,.F.);
#613=ORIENTED_EDGE('',*,*,#931,.F.);
#614=ORIENTED_EDGE('',*,*,#929,.T.);
#615=ORIENTED_EDGE('',*,*,#849,.T.);
#616=ORIENTED_EDGE('',*,*,#930,.F.);
#617=ORIENTED_EDGE('',*,*,#897,.F.);
#618=ORIENTED_EDGE('',*,*,#900,.T.);
#619=ORIENTED_EDGE('',*,*,#932,.T.);
#620=ORIENTED_EDGE('',*,*,#846,.F.);
#621=ORIENTED_EDGE('',*,*,#933,.F.);
#622=ORIENTED_EDGE('',*,*,#931,.T.);
#623=ORIENTED_EDGE('',*,*,#847,.T.);
#624=ORIENTED_EDGE('',*,*,#932,.F.);
#625=ORIENTED_EDGE('',*,*,#899,.F.);
#626=ORIENTED_EDGE('',*,*,#902,.T.);
#627=ORIENTED_EDGE('',*,*,#934,.T.);
#628=ORIENTED_EDGE('',*,*,#844,.F.);
#629=ORIENTED_EDGE('',*,*,#935,.F.);
#630=ORIENTED_EDGE('',*,*,#933,.T.);
#631=ORIENTED_EDGE('',*,*,#845,.T.);
#632=ORIENTED_EDGE('',*,*,#934,.F.);
#633=ORIENTED_EDGE('',*,*,#901,.F.);
#634=ORIENTED_EDGE('',*,*,#904,.T.);
#635=ORIENTED_EDGE('',*,*,#936,.T.);
#636=ORIENTED_EDGE('',*,*,#842,.F.);
#637=ORIENTED_EDGE('',*,*,#937,.F.);
#638=ORIENTED_EDGE('',*,*,#935,.T.);
#639=ORIENTED_EDGE('',*,*,#843,.T.);
#640=ORIENTED_EDGE('',*,*,#936,.F.);
#641=ORIENTED_EDGE('',*,*,#903,.F.);
#642=ORIENTED_EDGE('',*,*,#906,.T.);
#643=ORIENTED_EDGE('',*,*,#938,.T.);
#644=ORIENTED_EDGE('',*,*,#840,.F.);
#645=ORIENTED_EDGE('',*,*,#939,.F.);
#646=ORIENTED_EDGE('',*,*,#937,.T.);
#647=ORIENTED_EDGE('',*,*,#841,.T.);
#648=ORIENTED_EDGE('',*,*,#938,.F.);
#649=ORIENTED_EDGE('',*,*,#905,.F.);
#650=ORIENTED_EDGE('',*,*,#908,.T.);
#651=ORIENTED_EDGE('',*,*,#940,.T.);
#652=ORIENTED_EDGE('',*,*,#838,.F.);
#653=ORIENTED_EDGE('',*,*,#941,.F.);
#654=ORIENTED_EDGE('',*,*,#939,.T.);
#655=ORIENTED_EDGE('',*,*,#839,.T.);
#656=ORIENTED_EDGE('',*,*,#940,.F.);
#657=ORIENTED_EDGE('',*,*,#907,.F.);
#658=ORIENTED_EDGE('',*,*,#941,.T.);
#659=ORIENTED_EDGE('',*,*,#837,.T.);
#660=ORIENTED_EDGE('',*,*,#876,.F.);
#661=ORIENTED_EDGE('',*,*,#909,.F.);
#662=ORIENTED_EDGE('',*,*,#942,.F.);
#663=ORIENTED_EDGE('',*,*,#943,.T.);
#664=ORIENTED_EDGE('',*,*,#944,.T.);
#665=ORIENTED_EDGE('',*,*,#790,.F.);
#666=ORIENTED_EDGE('',*,*,#945,.T.);
#667=ORIENTED_EDGE('',*,*,#738,.T.);
#668=ORIENTED_EDGE('',*,*,#821,.F.);
#669=ORIENTED_EDGE('',*,*,#825,.F.);
#670=ORIENTED_EDGE('',*,*,#822,.F.);
#671=ORIENTED_EDGE('',*,*,#746,.T.);
#672=ORIENTED_EDGE('',*,*,#946,.F.);
#673=ORIENTED_EDGE('',*,*,#943,.F.);
#674=ORIENTED_EDGE('',*,*,#946,.T.);
#675=ORIENTED_EDGE('',*,*,#757,.T.);
#676=ORIENTED_EDGE('',*,*,#791,.F.);
#677=ORIENTED_EDGE('',*,*,#944,.F.);
#678=ORIENTED_EDGE('',*,*,#739,.F.);
#679=ORIENTED_EDGE('',*,*,#945,.F.);
#680=ORIENTED_EDGE('',*,*,#942,.T.);
#681=ORIENTED_EDGE('',*,*,#789,.T.);
#682=ORIENTED_EDGE('',*,*,#947,.F.);
#683=ORIENTED_EDGE('',*,*,#948,.T.);
#684=ORIENTED_EDGE('',*,*,#949,.T.);
#685=ORIENTED_EDGE('',*,*,#796,.F.);
#686=ORIENTED_EDGE('',*,*,#812,.F.);
#687=ORIENTED_EDGE('',*,*,#734,.T.);
#688=ORIENTED_EDGE('',*,*,#950,.F.);
#689=ORIENTED_EDGE('',*,*,#948,.F.);
#690=ORIENTED_EDGE('',*,*,#951,.T.);
#691=ORIENTED_EDGE('',*,*,#750,.T.);
#692=ORIENTED_EDGE('',*,*,#811,.F.);
#693=ORIENTED_EDGE('',*,*,#815,.F.);
#694=ORIENTED_EDGE('',*,*,#751,.F.);
#695=ORIENTED_EDGE('',*,*,#951,.F.);
#696=ORIENTED_EDGE('',*,*,#947,.T.);
#697=ORIENTED_EDGE('',*,*,#795,.T.);
#698=ORIENTED_EDGE('',*,*,#950,.T.);
#699=ORIENTED_EDGE('',*,*,#745,.T.);
#700=ORIENTED_EDGE('',*,*,#797,.F.);
#701=ORIENTED_EDGE('',*,*,#949,.F.);
#702=ORIENTED_EDGE('',*,*,#952,.F.);
#703=ORIENTED_EDGE('',*,*,#953,.T.);
#704=ORIENTED_EDGE('',*,*,#954,.T.);
#705=ORIENTED_EDGE('',*,*,#793,.F.);
#706=ORIENTED_EDGE('',*,*,#955,.T.);
#707=ORIENTED_EDGE('',*,*,#753,.T.);
#708=ORIENTED_EDGE('',*,*,#794,.F.);
#709=ORIENTED_EDGE('',*,*,#954,.F.);
#710=ORIENTED_EDGE('',*,*,#755,.F.);
#711=ORIENTED_EDGE('',*,*,#956,.F.);
#712=ORIENTED_EDGE('',*,*,#952,.T.);
#713=ORIENTED_EDGE('',*,*,#792,.T.);
#714=ORIENTED_EDGE('',*,*,#956,.T.);
#715=ORIENTED_EDGE('',*,*,#754,.T.);
#716=ORIENTED_EDGE('',*,*,#955,.F.);
#717=ORIENTED_EDGE('',*,*,#953,.F.);
#718=ORIENTED_EDGE('',*,*,#957,.T.);
#719=ORIENTED_EDGE('',*,*,#742,.T.);
#720=ORIENTED_EDGE('',*,*,#958,.F.);
#721=ORIENTED_EDGE('',*,*,#959,.F.);
#722=ORIENTED_EDGE('',*,*,#743,.F.);
#723=ORIENTED_EDGE('',*,*,#957,.F.);
#724=ORIENTED_EDGE('',*,*,#960,.T.);
#725=ORIENTED_EDGE('',*,*,#786,.T.);
#726=ORIENTED_EDGE('',*,*,#960,.F.);
#727=ORIENTED_EDGE('',*,*,#959,.T.);
#728=ORIENTED_EDGE('',*,*,#961,.T.);
#729=ORIENTED_EDGE('',*,*,#787,.F.);
#730=ORIENTED_EDGE('',*,*,#958,.T.);
#731=ORIENTED_EDGE('',*,*,#741,.T.);
#732=ORIENTED_EDGE('',*,*,#788,.F.);
#733=ORIENTED_EDGE('',*,*,#961,.F.);
#734=EDGE_CURVE('',#962,#963,#1114,.F.);
#735=EDGE_CURVE('',#964,#962,#244,.T.);
#736=EDGE_CURVE('',#965,#964,#1115,.T.);
#737=EDGE_CURVE('',#966,#965,#245,.T.);
#738=EDGE_CURVE('',#967,#966,#1116,.F.);
#739=EDGE_CURVE('',#967,#968,#246,.T.);
#740=EDGE_CURVE('',#968,#969,#1117,.T.);
#741=EDGE_CURVE('',#970,#969,#247,.T.);
#742=EDGE_CURVE('',#971,#970,#1118,.F.);
#743=EDGE_CURVE('',#971,#972,#248,.T.);
#744=EDGE_CURVE('',#972,#973,#1119,.T.);
#745=EDGE_CURVE('',#963,#973,#249,.T.);
#746=EDGE_CURVE('',#974,#975,#1120,.F.);
#747=EDGE_CURVE('',#976,#974,#250,.T.);
#748=EDGE_CURVE('',#977,#976,#1121,.T.);
#749=EDGE_CURVE('',#978,#977,#251,.T.);
#750=EDGE_CURVE('',#979,#978,#1122,.F.);
#751=EDGE_CURVE('',#979,#980,#252,.T.);
#752=EDGE_CURVE('',#980,#981,#1123,.T.);
#753=EDGE_CURVE('',#982,#981,#253,.T.);
#754=EDGE_CURVE('',#983,#982,#1124,.F.);
#755=EDGE_CURVE('',#983,#984,#254,.T.);
#756=EDGE_CURVE('',#984,#985,#1125,.T.);
#757=EDGE_CURVE('',#975,#985,#255,.T.);
#758=EDGE_CURVE('',#986,#987,#1126,.T.);
#759=EDGE_CURVE('',#986,#988,#1127,.T.);
#760=EDGE_CURVE('',#989,#988,#1128,.T.);
#761=EDGE_CURVE('',#990,#989,#1129,.T.);
#762=EDGE_CURVE('',#990,#991,#1130,.T.);
#763=EDGE_CURVE('',#992,#991,#1131,.T.);
#764=EDGE_CURVE('',#992,#993,#1132,.T.);
#765=EDGE_CURVE('',#987,#993,#1133,.T.);
#766=EDGE_CURVE('',#994,#994,#1134,.T.);
#767=EDGE_CURVE('',#995,#996,#1135,.T.);
#768=EDGE_CURVE('',#995,#987,#22,.T.);
#769=EDGE_CURVE('',#996,#993,#23,.T.);
#770=EDGE_CURVE('',#965,#997,#256,.T.);
#771=EDGE_CURVE('',#998,#964,#257,.T.);
#772=EDGE_CURVE('',#999,#998,#258,.T.);
#773=EDGE_CURVE('',#1000,#999,#1136,.T.);
#774=EDGE_CURVE('',#997,#1000,#259,.T.);
#775=EDGE_CURVE('',#1001,#989,#24,.T.);
#776=EDGE_CURVE('',#1002,#1001,#1137,.T.);
#777=EDGE_CURVE('',#1002,#990,#25,.T.);
#778=EDGE_CURVE('',#1003,#1003,#1138,.T.);
#779=EDGE_CURVE('',#1001,#1004,#1139,.T.);
#780=EDGE_CURVE('',#1005,#1004,#1140,.T.);
#781=EDGE_CURVE('',#1005,#995,#1141,.T.);
#782=EDGE_CURVE('',#1006,#996,#1142,.F.);
#783=EDGE_CURVE('',#1006,#1007,#1143,.F.);
#784=EDGE_CURVE('',#1002,#1007,#1144,.F.);
#785=EDGE_CURVE('',#1008,#1008,#1145,.T.);
#786=EDGE_CURVE('',#1009,#972,#26,.T.);
#787=EDGE_CURVE('',#1009,#1010,#27,.T.);
#788=EDGE_CURVE('',#1010,#969,#28,.T.);
#789=EDGE_CURVE('',#1011,#968,#29,.T.);
#790=EDGE_CURVE('',#1011,#1012,#30,.T.);
#791=EDGE_CURVE('',#1012,#985,#31,.T.);
#792=EDGE_CURVE('',#1013,#984,#32,.T.);
#793=EDGE_CURVE('',#1013,#1014,#33,.T.);
#794=EDGE_CURVE('',#1014,#981,#34,.T.);
#795=EDGE_CURVE('',#1015,#980,#35,.T.);
#796=EDGE_CURVE('',#1015,#1016,#36,.T.);
#797=EDGE_CURVE('',#1016,#973,#37,.T.);
#798=EDGE_CURVE('',#1017,#1018,#260,.T.);
#799=EDGE_CURVE('',#1019,#1017,#1146,.T.);
#800=EDGE_CURVE('',#1020,#1019,#261,.T.);
#801=EDGE_CURVE('',#977,#1020,#262,.T.);
#802=EDGE_CURVE('',#1018,#976,#263,.T.);
#803=EDGE_CURVE('',#1017,#1000,#1147,.T.);
#804=EDGE_CURVE('',#999,#1019,#1148,.T.);
#805=EDGE_CURVE('',#1021,#1021,#1149,.T.);
#806=EDGE_CURVE('',#1022,#1022,#1150,.F.);
#807=EDGE_CURVE('',#1023,#1023,#1151,.T.);
#808=EDGE_CURVE('',#1024,#1024,#1152,.T.);
#809=EDGE_CURVE('',#1025,#1025,#1153,.T.);
#810=EDGE_CURVE('',#1026,#977,#264,.T.);
#811=EDGE_CURVE('',#1026,#978,#265,.T.);
#812=EDGE_CURVE('',#962,#1027,#266,.T.);
#813=EDGE_CURVE('',#1027,#964,#267,.T.);
#814=EDGE_CURVE('',#964,#998,#268,.T.);
#815=EDGE_CURVE('',#1027,#1026,#269,.T.);
#816=EDGE_CURVE('',#977,#1020,#270,.T.);
#817=EDGE_CURVE('',#1019,#1028,#1154,.T.);
#818=EDGE_CURVE('',#1028,#1029,#1155,.F.);
#819=EDGE_CURVE('',#1029,#999,#1156,.T.);
#820=EDGE_CURVE('',#1030,#965,#271,.T.);
#821=EDGE_CURVE('',#1030,#966,#272,.T.);
#822=EDGE_CURVE('',#974,#1031,#273,.T.);
#823=EDGE_CURVE('',#1031,#976,#274,.T.);
#824=EDGE_CURVE('',#976,#1018,#275,.T.);
#825=EDGE_CURVE('',#1031,#1030,#276,.T.);
#826=EDGE_CURVE('',#965,#997,#277,.T.);
#827=EDGE_CURVE('',#1000,#1032,#1157,.T.);
#828=EDGE_CURVE('',#1032,#1033,#1158,.F.);
#829=EDGE_CURVE('',#1033,#1017,#1159,.T.);
#830=EDGE_CURVE('',#1006,#992,#38,.T.);
#831=EDGE_CURVE('',#1007,#991,#39,.T.);
#832=EDGE_CURVE('',#1004,#988,#40,.T.);
#833=EDGE_CURVE('',#1005,#986,#41,.T.);
#834=EDGE_CURVE('',#1034,#1035,#1160,.T.);
#835=EDGE_CURVE('',#1036,#1035,#1161,.T.);
#836=EDGE_CURVE('',#1037,#1036,#1162,.T.);
#837=EDGE_CURVE('',#1038,#1037,#1163,.T.);
#838=EDGE_CURVE('',#1038,#1039,#1164,.T.);
#839=EDGE_CURVE('',#1040,#1039,#1165,.T.);
#840=EDGE_CURVE('',#1040,#1041,#1166,.T.);
#841=EDGE_CURVE('',#1042,#1041,#1167,.T.);
#842=EDGE_CURVE('',#1042,#1043,#1168,.T.);
#843=EDGE_CURVE('',#1044,#1043,#1169,.T.);
#844=EDGE_CURVE('',#1044,#1045,#1170,.T.);
#845=EDGE_CURVE('',#1046,#1045,#1171,.T.);
#846=EDGE_CURVE('',#1046,#1047,#1172,.T.);
#847=EDGE_CURVE('',#1048,#1047,#1173,.T.);
#848=EDGE_CURVE('',#1048,#1049,#1174,.T.);
#849=EDGE_CURVE('',#1050,#1049,#1175,.T.);
#850=EDGE_CURVE('',#1050,#1051,#1176,.T.);
#851=EDGE_CURVE('',#1052,#1051,#1177,.T.);
#852=EDGE_CURVE('',#1052,#1053,#1178,.T.);
#853=EDGE_CURVE('',#1054,#1053,#1179,.T.);
#854=EDGE_CURVE('',#1054,#1055,#1180,.T.);
#855=EDGE_CURVE('',#1056,#1055,#1181,.T.);
#856=EDGE_CURVE('',#1056,#1057,#1182,.T.);
#857=EDGE_CURVE('',#1058,#1057,#1183,.T.);
#858=EDGE_CURVE('',#1058,#1059,#1184,.T.);
#859=EDGE_CURVE('',#1060,#1059,#1185,.T.);
#860=EDGE_CURVE('',#1060,#1061,#1186,.T.);
#861=EDGE_CURVE('',#1062,#1061,#1187,.T.);
#862=EDGE_CURVE('',#1062,#1063,#1188,.T.);
#863=EDGE_CURVE('',#1064,#1063,#1189,.T.);
#864=EDGE_CURVE('',#1064,#1065,#1190,.T.);
#865=EDGE_CURVE('',#1066,#1065,#1191,.T.);
#866=EDGE_CURVE('',#1066,#1067,#1192,.T.);
#867=EDGE_CURVE('',#1068,#1067,#1193,.T.);
#868=EDGE_CURVE('',#1068,#1069,#1194,.T.);
#869=EDGE_CURVE('',#1034,#1069,#1195,.T.);
#870=EDGE_CURVE('',#1070,#1071,#1196,.T.);
#871=EDGE_CURVE('',#1071,#1035,#42,.T.);
#872=EDGE_CURVE('',#1070,#1034,#43,.T.);
#873=EDGE_CURVE('',#1072,#1036,#44,.T.);
#874=EDGE_CURVE('',#1072,#1071,#1197,.T.);
#875=EDGE_CURVE('',#1073,#1072,#1198,.F.);
#876=EDGE_CURVE('',#1073,#1037,#45,.T.);
#877=EDGE_CURVE('',#1070,#1074,#1199,.T.);
#878=EDGE_CURVE('',#1075,#1074,#1200,.T.);
#879=EDGE_CURVE('',#1075,#1076,#1201,.T.);
#880=EDGE_CURVE('',#1077,#1076,#1202,.T.);
#881=EDGE_CURVE('',#1077,#1078,#1203,.T.);
#882=EDGE_CURVE('',#1079,#1078,#1204,.T.);
#883=EDGE_CURVE('',#1079,#1080,#1205,.T.);
#884=EDGE_CURVE('',#1081,#1080,#1206,.T.);
#885=EDGE_CURVE('',#1081,#1082,#1207,.T.);
#886=EDGE_CURVE('',#1083,#1082,#1208,.T.);
#887=EDGE_CURVE('',#1083,#1084,#1209,.T.);
#888=EDGE_CURVE('',#1085,#1084,#1210,.T.);
#889=EDGE_CURVE('',#1085,#1086,#1211,.T.);
#890=EDGE_CURVE('',#1087,#1086,#1212,.T.);
#891=EDGE_CURVE('',#1087,#1088,#1213,.T.);
#892=EDGE_CURVE('',#1089,#1088,#1214,.T.);
#893=EDGE_CURVE('',#1089,#1090,#1215,.T.);
#894=EDGE_CURVE('',#1091,#1090,#1216,.T.);
#895=EDGE_CURVE('',#1091,#1092,#1217,.T.);
#896=EDGE_CURVE('',#1093,#1092,#1218,.T.);
#897=EDGE_CURVE('',#1093,#1094,#1219,.T.);
#898=EDGE_CURVE('',#1095,#1094,#1220,.T.);
#899=EDGE_CURVE('',#1095,#1096,#1221,.T.);
#900=EDGE_CURVE('',#1097,#1096,#1222,.T.);
#901=EDGE_CURVE('',#1097,#1098,#1223,.T.);
#902=EDGE_CURVE('',#1099,#1098,#1224,.T.);
#903=EDGE_CURVE('',#1099,#1100,#1225,.T.);
#904=EDGE_CURVE('',#1101,#1100,#1226,.T.);
#905=EDGE_CURVE('',#1101,#1102,#1227,.T.);
#906=EDGE_CURVE('',#1103,#1102,#1228,.T.);
#907=EDGE_CURVE('',#1103,#1104,#1229,.T.);
#908=EDGE_CURVE('',#1105,#1104,#1230,.T.);
#909=EDGE_CURVE('',#1105,#1073,#1231,.T.);
#910=EDGE_CURVE('',#1074,#1069,#46,.T.);
#911=EDGE_CURVE('',#1075,#1068,#47,.T.);
#912=EDGE_CURVE('',#1076,#1067,#48,.T.);
#913=EDGE_CURVE('',#1077,#1066,#49,.T.);
#914=EDGE_CURVE('',#1078,#1065,#50,.T.);
#915=EDGE_CURVE('',#1079,#1064,#51,.T.);
#916=EDGE_CURVE('',#1080,#1063,#52,.T.);
#917=EDGE_CURVE('',#1081,#1062,#53,.T.);
#918=EDGE_CURVE('',#1082,#1061,#54,.T.);
#919=EDGE_CURVE('',#1083,#1060,#55,.T.);
#920=EDGE_CURVE('',#1084,#1059,#56,.T.);
#921=EDGE_CURVE('',#1085,#1058,#57,.T.);
#922=EDGE_CURVE('',#1086,#1057,#58,.T.);
#923=EDGE_CURVE('',#1087,#1056,#59,.T.);
#924=EDGE_CURVE('',#1088,#1055,#60,.T.);
#925=EDGE_CURVE('',#1089,#1054,#61,.T.);
#926=EDGE_CURVE('',#1090,#1053,#62,.T.);
#927=EDGE_CURVE('',#1091,#1052,#63,.T.);
#928=EDGE_CURVE('',#1092,#1051,#64,.T.);
#929=EDGE_CURVE('',#1093,#1050,#65,.T.);
#930=EDGE_CURVE('',#1094,#1049,#66,.T.);
#931=EDGE_CURVE('',#1095,#1048,#67,.T.);
#932=EDGE_CURVE('',#1096,#1047,#68,.T.);
#933=EDGE_CURVE('',#1097,#1046,#69,.T.);
#934=EDGE_CURVE('',#1098,#1045,#70,.T.);
#935=EDGE_CURVE('',#1099,#1044,#71,.T.);
#936=EDGE_CURVE('',#1100,#1043,#72,.T.);
#937=EDGE_CURVE('',#1101,#1042,#73,.T.);
#938=EDGE_CURVE('',#1102,#1041,#74,.T.);
#939=EDGE_CURVE('',#1103,#1040,#75,.T.);
#940=EDGE_CURVE('',#1104,#1039,#76,.T.);
#941=EDGE_CURVE('',#1105,#1038,#77,.T.);
#942=EDGE_CURVE('',#1106,#1011,#78,.T.);
#943=EDGE_CURVE('',#1106,#1107,#79,.T.);
#944=EDGE_CURVE('',#1107,#1012,#80,.T.);
#945=EDGE_CURVE('',#1106,#967,#81,.T.);
#946=EDGE_CURVE('',#1107,#975,#82,.T.);
#947=EDGE_CURVE('',#1108,#1015,#83,.T.);
#948=EDGE_CURVE('',#1108,#1109,#84,.T.);
#949=EDGE_CURVE('',#1109,#1016,#85,.T.);
#950=EDGE_CURVE('',#1109,#963,#86,.T.);
#951=EDGE_CURVE('',#1108,#979,#87,.T.);
#952=EDGE_CURVE('',#1110,#1013,#88,.T.);
#953=EDGE_CURVE('',#1110,#1111,#89,.T.);
#954=EDGE_CURVE('',#1111,#1014,#90,.T.);
#955=EDGE_CURVE('',#1111,#982,#91,.T.);
#956=EDGE_CURVE('',#1110,#983,#92,.T.);
#957=EDGE_CURVE('',#1112,#971,#93,.T.);
#958=EDGE_CURVE('',#1113,#970,#94,.T.);
#959=EDGE_CURVE('',#1112,#1113,#95,.T.);
#960=EDGE_CURVE('',#1112,#1009,#96,.T.);
#961=EDGE_CURVE('',#1113,#1010,#97,.T.);
#962=VERTEX_POINT('',#2201);
#963=VERTEX_POINT('',#2202);
#964=VERTEX_POINT('',#2213);
#965=VERTEX_POINT('',#2215);
#966=VERTEX_POINT('',#2227);
#967=VERTEX_POINT('',#2229);
#968=VERTEX_POINT('',#2234);
#969=VERTEX_POINT('',#2236);
#970=VERTEX_POINT('',#2241);
#971=VERTEX_POINT('',#2243);
#972=VERTEX_POINT('',#2248);
#973=VERTEX_POINT('',#2250);
#974=VERTEX_POINT('',#2257);
#975=VERTEX_POINT('',#2258);
#976=VERTEX_POINT('',#2269);
#977=VERTEX_POINT('',#2271);
#978=VERTEX_POINT('',#2283);
#979=VERTEX_POINT('',#2285);
#980=VERTEX_POINT('',#2290);
#981=VERTEX_POINT('',#2292);
#982=VERTEX_POINT('',#2297);
#983=VERTEX_POINT('',#2299);
#984=VERTEX_POINT('',#2304);
#985=VERTEX_POINT('',#2306);
#986=VERTEX_POINT('',#2313);
#987=VERTEX_POINT('',#2314);
#988=VERTEX_POINT('',#2316);
#989=VERTEX_POINT('',#2318);
#990=VERTEX_POINT('',#2320);
#991=VERTEX_POINT('',#2322);
#992=VERTEX_POINT('',#2324);
#993=VERTEX_POINT('',#2326);
#994=VERTEX_POINT('',#2329);
#995=VERTEX_POINT('',#2332);
#996=VERTEX_POINT('',#2333);
#997=VERTEX_POINT('',#2348);
#998=VERTEX_POINT('',#2361);
#999=VERTEX_POINT('',#2369);
#1000=VERTEX_POINT('',#2371);
#1001=VERTEX_POINT('',#2381);
#1002=VERTEX_POINT('',#2383);
#1003=VERTEX_POINT('',#2387);
#1004=VERTEX_POINT('',#2389);
#1005=VERTEX_POINT('',#2391);
#1006=VERTEX_POINT('',#2394);
#1007=VERTEX_POINT('',#2396);
#1008=VERTEX_POINT('',#2400);
#1009=VERTEX_POINT('',#2403);
#1010=VERTEX_POINT('',#2405);
#1011=VERTEX_POINT('',#2408);
#1012=VERTEX_POINT('',#2410);
#1013=VERTEX_POINT('',#2413);
#1014=VERTEX_POINT('',#2415);
#1015=VERTEX_POINT('',#2418);
#1016=VERTEX_POINT('',#2420);
#1017=VERTEX_POINT('',#2430);
#1018=VERTEX_POINT('',#2431);
#1019=VERTEX_POINT('',#2433);
#1020=VERTEX_POINT('',#2441);
#1021=VERTEX_POINT('',#2469);
#1022=VERTEX_POINT('',#2472);
#1023=VERTEX_POINT('',#2475);
#1024=VERTEX_POINT('',#2477);
#1025=VERTEX_POINT('',#2480);
#1026=VERTEX_POINT('',#2540);
#1027=VERTEX_POINT('',#2597);
#1028=VERTEX_POINT('',#2880);
#1029=VERTEX_POINT('',#2882);
#1030=VERTEX_POINT('',#2985);
#1031=VERTEX_POINT('',#3042);
#1032=VERTEX_POINT('',#3325);
#1033=VERTEX_POINT('',#3327);
#1034=VERTEX_POINT('',#3384);
#1035=VERTEX_POINT('',#3385);
#1036=VERTEX_POINT('',#3387);
#1037=VERTEX_POINT('',#3389);
#1038=VERTEX_POINT('',#3391);
#1039=VERTEX_POINT('',#3393);
#1040=VERTEX_POINT('',#3395);
#1041=VERTEX_POINT('',#3397);
#1042=VERTEX_POINT('',#3399);
#1043=VERTEX_POINT('',#3401);
#1044=VERTEX_POINT('',#3403);
#1045=VERTEX_POINT('',#3405);
#1046=VERTEX_POINT('',#3407);
#1047=VERTEX_POINT('',#3409);
#1048=VERTEX_POINT('',#3411);
#1049=VERTEX_POINT('',#3413);
#1050=VERTEX_POINT('',#3415);
#1051=VERTEX_POINT('',#3417);
#1052=VERTEX_POINT('',#3419);
#1053=VERTEX_POINT('',#3421);
#1054=VERTEX_POINT('',#3423);
#1055=VERTEX_POINT('',#3425);
#1056=VERTEX_POINT('',#3427);
#1057=VERTEX_POINT('',#3429);
#1058=VERTEX_POINT('',#3431);
#1059=VERTEX_POINT('',#3433);
#1060=VERTEX_POINT('',#3435);
#1061=VERTEX_POINT('',#3437);
#1062=VERTEX_POINT('',#3439);
#1063=VERTEX_POINT('',#3441);
#1064=VERTEX_POINT('',#3443);
#1065=VERTEX_POINT('',#3445);
#1066=VERTEX_POINT('',#3447);
#1067=VERTEX_POINT('',#3449);
#1068=VERTEX_POINT('',#3451);
#1069=VERTEX_POINT('',#3453);
#1070=VERTEX_POINT('',#3457);
#1071=VERTEX_POINT('',#3458);
#1072=VERTEX_POINT('',#3463);
#1073=VERTEX_POINT('',#3467);
#1074=VERTEX_POINT('',#3471);
#1075=VERTEX_POINT('',#3473);
#1076=VERTEX_POINT('',#3475);
#1077=VERTEX_POINT('',#3477);
#1078=VERTEX_POINT('',#3479);
#1079=VERTEX_POINT('',#3481);
#1080=VERTEX_POINT('',#3483);
#1081=VERTEX_POINT('',#3485);
#1082=VERTEX_POINT('',#3487);
#1083=VERTEX_POINT('',#3489);
#1084=VERTEX_POINT('',#3491);
#1085=VERTEX_POINT('',#3493);
#1086=VERTEX_POINT('',#3495);
#1087=VERTEX_POINT('',#3497);
#1088=VERTEX_POINT('',#3499);
#1089=VERTEX_POINT('',#3501);
#1090=VERTEX_POINT('',#3503);
#1091=VERTEX_POINT('',#3505);
#1092=VERTEX_POINT('',#3507);
#1093=VERTEX_POINT('',#3509);
#1094=VERTEX_POINT('',#3511);
#1095=VERTEX_POINT('',#3513);
#1096=VERTEX_POINT('',#3515);
#1097=VERTEX_POINT('',#3517);
#1098=VERTEX_POINT('',#3519);
#1099=VERTEX_POINT('',#3521);
#1100=VERTEX_POINT('',#3523);
#1101=VERTEX_POINT('',#3525);
#1102=VERTEX_POINT('',#3527);
#1103=VERTEX_POINT('',#3529);
#1104=VERTEX_POINT('',#3531);
#1105=VERTEX_POINT('',#3533);
#1106=VERTEX_POINT('',#3602);
#1107=VERTEX_POINT('',#3604);
#1108=VERTEX_POINT('',#3613);
#1109=VERTEX_POINT('',#3615);
#1110=VERTEX_POINT('',#3624);
#1111=VERTEX_POINT('',#3626);
#1112=VERTEX_POINT('',#3635);
#1113=VERTEX_POINT('',#3637);
#1114=CIRCLE('',#1536,0.00603499546541038);
#1115=CIRCLE('',#1537,0.00650290250799912);
#1116=CIRCLE('',#1538,0.00603499546541038);
#1117=CIRCLE('',#1539,0.006);
#1118=CIRCLE('',#1540,0.00603499546541038);
#1119=CIRCLE('',#1541,0.006);
#1120=CIRCLE('',#1543,0.00603499546541038);
#1121=CIRCLE('',#1544,0.00650290250799912);
#1122=CIRCLE('',#1545,0.00603499546541038);
#1123=CIRCLE('',#1546,0.006);
#1124=CIRCLE('',#1547,0.00603499546541038);
#1125=CIRCLE('',#1548,0.006);
#1126=CIRCLE('',#1550,0.00120000000000003);
#1127=CIRCLE('',#1551,0.0008);
#1128=CIRCLE('',#1552,0.00120000000000005);
#1129=CIRCLE('',#1553,0.0036);
#1130=CIRCLE('',#1554,0.00120000000000002);
#1131=CIRCLE('',#1555,0.0008);
#1132=CIRCLE('',#1556,0.0012);
#1133=CIRCLE('',#1557,0.0036);
#1134=CIRCLE('',#1558,0.0076);
#1135=CIRCLE('',#1560,0.0036);
#1136=CIRCLE('',#1562,0.01);
#1137=CIRCLE('',#1564,0.0036);
#1138=CIRCLE('',#1566,0.00225);
#1139=CIRCLE('',#1567,0.00120000000000005);
#1140=CIRCLE('',#1568,0.0008);
#1141=CIRCLE('',#1569,0.00120000000000003);
#1142=CIRCLE('',#1570,0.0012);
#1143=CIRCLE('',#1571,0.0008);
#1144=CIRCLE('',#1572,0.00120000000000002);
#1145=CIRCLE('',#1574,0.00225);
#1146=CIRCLE('',#1577,0.01);
#1147=CIRCLE('',#1579,0.01);
#1148=CIRCLE('',#1580,0.01);
#1149=CIRCLE('',#1581,0.01);
#1150=CIRCLE('',#1583,0.008);
#1151=CIRCLE('',#1585,0.01);
#1152=CIRCLE('',#1586,0.008);
#1153=CIRCLE('',#1588,0.01);
#1154=CIRCLE('',#1590,0.0008);
#1155=CIRCLE('',#1591,0.001);
#1156=CIRCLE('',#1592,0.0008);
#1157=CIRCLE('',#1594,0.0008);
#1158=CIRCLE('',#1595,0.001);
#1159=CIRCLE('',#1596,0.0008);
#1160=CIRCLE('',#1605,0.000800240688861391);
#1161=CIRCLE('',#1606,0.000458767014898178);
#1162=CIRCLE('',#1607,0.000800240688861414);
#1163=CIRCLE('',#1608,0.000458767014898178);
#1164=CIRCLE('',#1609,0.000800240688861391);
#1165=CIRCLE('',#1610,0.000458767014898178);
#1166=CIRCLE('',#1611,0.000800240688861391);
#1167=CIRCLE('',#1612,0.000458767014898178);
#1168=CIRCLE('',#1613,0.000800240688861391);
#1169=CIRCLE('',#1614,0.000458767014898178);
#1170=CIRCLE('',#1615,0.000800240688861391);
#1171=CIRCLE('',#1616,0.000458767014898178);
#1172=CIRCLE('',#1617,0.000800240688861391);
#1173=CIRCLE('',#1618,0.000458767014898178);
#1174=CIRCLE('',#1619,0.000800240688861391);
#1175=CIRCLE('',#1620,0.000458767014898178);
#1176=CIRCLE('',#1621,0.000800240688861391);
#1177=CIRCLE('',#1622,0.000458767014898178);
#1178=CIRCLE('',#1623,0.000800240688861391);
#1179=CIRCLE('',#1624,0.000458767014898178);
#1180=CIRCLE('',#1625,0.000800240688861391);
#1181=CIRCLE('',#1626,0.000458767014898178);
#1182=CIRCLE('',#1627,0.000800240688861391);
#1183=CIRCLE('',#1628,0.000458767014898178);
#1184=CIRCLE('',#1629,0.000800240688861391);
#1185=CIRCLE('',#1630,0.000458767014898178);
#1186=CIRCLE('',#1631,0.000800240688861391);
#1187=CIRCLE('',#1632,0.000458767014898178);
#1188=CIRCLE('',#1633,0.000800240688861391);
#1189=CIRCLE('',#1634,0.000458767014898178);
#1190=CIRCLE('',#1635,0.000800240688861391);
#1191=CIRCLE('',#1636,0.000458767014898178);
#1192=CIRCLE('',#1637,0.000800240688861391);
#1193=CIRCLE('',#1638,0.000458767014898178);
#1194=CIRCLE('',#1639,0.000800240688861391);
#1195=CIRCLE('',#1640,0.000458767014898178);
#1196=CIRCLE('',#1642,0.000800240688861391);
#1197=CIRCLE('',#1644,0.000458767014898178);
#1198=CIRCLE('',#1646,0.000800240688861414);
#1199=CIRCLE('',#1648,0.000458767014898178);
#1200=CIRCLE('',#1649,0.000800240688861391);
#1201=CIRCLE('',#1650,0.000458767014898178);
#1202=CIRCLE('',#1651,0.000800240688861391);
#1203=CIRCLE('',#1652,0.000458767014898178);
#1204=CIRCLE('',#1653,0.000800240688861391);
#1205=CIRCLE('',#1654,0.000458767014898178);
#1206=CIRCLE('',#1655,0.000800240688861391);
#1207=CIRCLE('',#1656,0.000458767014898178);
#1208=CIRCLE('',#1657,0.000800240688861391);
#1209=CIRCLE('',#1658,0.000458767014898178);
#1210=CIRCLE('',#1659,0.000800240688861391);
#1211=CIRCLE('',#1660,0.000458767014898178);
#1212=CIRCLE('',#1661,0.000800240688861391);
#1213=CIRCLE('',#1662,0.000458767014898178);
#1214=CIRCLE('',#1663,0.000800240688861391);
#1215=CIRCLE('',#1664,0.000458767014898178);
#1216=CIRCLE('',#1665,0.000800240688861391);
#1217=CIRCLE('',#1666,0.000458767014898178);
#1218=CIRCLE('',#1667,0.000800240688861391);
#1219=CIRCLE('',#1668,0.000458767014898178);
#1220=CIRCLE('',#1669,0.000800240688861391);
#1221=CIRCLE('',#1670,0.000458767014898178);
#1222=CIRCLE('',#1671,0.000800240688861391);
#1223=CIRCLE('',#1672,0.000458767014898178);
#1224=CIRCLE('',#1673,0.000800240688861391);
#1225=CIRCLE('',#1674,0.000458767014898178);
#1226=CIRCLE('',#1675,0.000800240688861391);
#1227=CIRCLE('',#1676,0.000458767014898178);
#1228=CIRCLE('',#1677,0.000800240688861391);
#1229=CIRCLE('',#1678,0.000458767014898178);
#1230=CIRCLE('',#1679,0.000800240688861391);
#1231=CIRCLE('',#1680,0.000458767014898178);
#1232=EDGE_LOOP('',(#278,#279,#280,#281,#282,#283,#284,#285,#286,#287,#288,
#289));
#1233=EDGE_LOOP('',(#290,#291,#292,#293,#294,#295,#296,#297,#298,#299,#300,
#301));
#1234=EDGE_LOOP('',(#302,#303,#304,#305,#306,#307,#308,#309));
#1235=EDGE_LOOP('',(#310));
#1236=EDGE_LOOP('',(#311,#312,#313,#314));
#1237=EDGE_LOOP('',(#315,#316,#317,#318,#319,#320));
#1238=EDGE_LOOP('',(#321,#322,#323,#324));
#1239=EDGE_LOOP('',(#325));
#1240=EDGE_LOOP('',(#326,#327,#328,#329,#330,#331,#332,#333));
#1241=EDGE_LOOP('',(#334));
#1242=EDGE_LOOP('',(#335));
#1243=EDGE_LOOP('',(#336,#337,#338,#339,#340,#341,#342,#343,#344,#345,#346,
#347,#348,#349,#350,#351));
#1244=EDGE_LOOP('',(#352));
#1245=EDGE_LOOP('',(#353,#354,#355,#356,#357,#358));
#1246=EDGE_LOOP('',(#359,#360,#361,#362));
#1247=EDGE_LOOP('',(#363));
#1248=EDGE_LOOP('',(#364));
#1249=EDGE_LOOP('',(#365));
#1250=EDGE_LOOP('',(#366));
#1251=EDGE_LOOP('',(#367));
#1252=EDGE_LOOP('',(#368));
#1253=EDGE_LOOP('',(#369));
#1254=EDGE_LOOP('',(#370));
#1255=EDGE_LOOP('',(#371));
#1256=EDGE_LOOP('',(#372,#373,#374));
#1257=EDGE_LOOP('',(#375,#376,#377));
#1258=EDGE_LOOP('',(#378,#379));
#1259=EDGE_LOOP('',(#380,#381,#382,#383,#384,#385,#386,#387,#388,#389));
#1260=EDGE_LOOP('',(#390,#391));
#1261=EDGE_LOOP('',(#392,#393,#394,#395));
#1262=EDGE_LOOP('',(#396,#397,#398));
#1263=EDGE_LOOP('',(#399,#400,#401));
#1264=EDGE_LOOP('',(#402,#403));
#1265=EDGE_LOOP('',(#404,#405,#406,#407,#408,#409,#410,#411,#412,#413));
#1266=EDGE_LOOP('',(#414,#415));
#1267=EDGE_LOOP('',(#416,#417,#418,#419));
#1268=EDGE_LOOP('',(#420,#421,#422,#423));
#1269=EDGE_LOOP('',(#424,#425,#426,#427));
#1270=EDGE_LOOP('',(#428,#429,#430,#431));
#1271=EDGE_LOOP('',(#432,#433,#434,#435));
#1272=EDGE_LOOP('',(#436,#437,#438,#439));
#1273=EDGE_LOOP('',(#440,#441,#442,#443));
#1274=EDGE_LOOP('',(#444,#445,#446,#447,#448,#449,#450,#451,#452,#453,#454,
#455,#456,#457,#458,#459,#460,#461,#462,#463,#464,#465,#466,#467,#468,#469,
#470,#471,#472,#473,#474,#475,#476,#477,#478,#479));
#1275=EDGE_LOOP('',(#480));
#1276=EDGE_LOOP('',(#481,#482,#483,#484));
#1277=EDGE_LOOP('',(#485,#486,#487,#488));
#1278=EDGE_LOOP('',(#489,#490,#491,#492));
#1279=EDGE_LOOP('',(#493));
#1280=EDGE_LOOP('',(#494,#495,#496,#497,#498,#499,#500,#501,#502,#503,#504,
#505,#506,#507,#508,#509,#510,#511,#512,#513,#514,#515,#516,#517,#518,#519,
#520,#521,#522,#523,#524,#525,#526,#527,#528,#529));
#1281=EDGE_LOOP('',(#530,#531,#532,#533));
#1282=EDGE_LOOP('',(#534,#535,#536,#537));
#1283=EDGE_LOOP('',(#538,#539,#540,#541));
#1284=EDGE_LOOP('',(#542,#543,#544,#545));
#1285=EDGE_LOOP('',(#546,#547,#548,#549));
#1286=EDGE_LOOP('',(#550,#551,#552,#553));
#1287=EDGE_LOOP('',(#554,#555,#556,#557));
#1288=EDGE_LOOP('',(#558,#559,#560,#561));
#1289=EDGE_LOOP('',(#562,#563,#564,#565));
#1290=EDGE_LOOP('',(#566,#567,#568,#569));
#1291=EDGE_LOOP('',(#570,#571,#572,#573));
#1292=EDGE_LOOP('',(#574,#575,#576,#577));
#1293=EDGE_LOOP('',(#578,#579,#580,#581));
#1294=EDGE_LOOP('',(#582,#583,#584,#585));
#1295=EDGE_LOOP('',(#586,#587,#588,#589));
#1296=EDGE_LOOP('',(#590,#591,#592,#593));
#1297=EDGE_LOOP('',(#594,#595,#596,#597));
#1298=EDGE_LOOP('',(#598,#599,#600,#601));
#1299=EDGE_LOOP('',(#602,#603,#604,#605));
#1300=EDGE_LOOP('',(#606,#607,#608,#609));
#1301=EDGE_LOOP('',(#610,#611,#612,#613));
#1302=EDGE_LOOP('',(#614,#615,#616,#617));
#1303=EDGE_LOOP('',(#618,#619,#620,#621));
#1304=EDGE_LOOP('',(#622,#623,#624,#625));
#1305=EDGE_LOOP('',(#626,#627,#628,#629));
#1306=EDGE_LOOP('',(#630,#631,#632,#633));
#1307=EDGE_LOOP('',(#634,#635,#636,#637));
#1308=EDGE_LOOP('',(#638,#639,#640,#641));
#1309=EDGE_LOOP('',(#642,#643,#644,#645));
#1310=EDGE_LOOP('',(#646,#647,#648,#649));
#1311=EDGE_LOOP('',(#650,#651,#652,#653));
#1312=EDGE_LOOP('',(#654,#655,#656,#657));
#1313=EDGE_LOOP('',(#658,#659,#660,#661));
#1314=EDGE_LOOP('',(#662,#663,#664,#665));
#1315=EDGE_LOOP('',(#666,#667,#668,#669,#670,#671,#672,#673));
#1316=EDGE_LOOP('',(#674,#675,#676,#677));
#1317=EDGE_LOOP('',(#678,#679,#680,#681));
#1318=EDGE_LOOP('',(#682,#683,#684,#685));
#1319=EDGE_LOOP('',(#686,#687,#688,#689,#690,#691,#692,#693));
#1320=EDGE_LOOP('',(#694,#695,#696,#697));
#1321=EDGE_LOOP('',(#698,#699,#700,#701));
#1322=EDGE_LOOP('',(#702,#703,#704,#705));
#1323=EDGE_LOOP('',(#706,#707,#708,#709));
#1324=EDGE_LOOP('',(#710,#711,#712,#713));
#1325=EDGE_LOOP('',(#714,#715,#716,#717));
#1326=EDGE_LOOP('',(#718,#719,#720,#721));
#1327=EDGE_LOOP('',(#722,#723,#724,#725));
#1328=EDGE_LOOP('',(#726,#727,#728,#729));
#1329=EDGE_LOOP('',(#730,#731,#732,#733));
#1330=FACE_BOUND('',#1232,.T.);
#1331=FACE_BOUND('',#1233,.T.);
#1332=FACE_BOUND('',#1234,.T.);
#1333=FACE_BOUND('',#1235,.T.);
#1334=FACE_BOUND('',#1236,.T.);
#1335=FACE_BOUND('',#1237,.T.);
#1336=FACE_BOUND('',#1238,.T.);
#1337=FACE_BOUND('',#1239,.T.);
#1338=FACE_BOUND('',#1240,.T.);
#1339=FACE_BOUND('',#1241,.T.);
#1340=FACE_BOUND('',#1242,.T.);
#1341=FACE_BOUND('',#1243,.T.);
#1342=FACE_BOUND('',#1244,.T.);
#1343=FACE_BOUND('',#1245,.T.);
#1344=FACE_BOUND('',#1246,.T.);
#1345=FACE_BOUND('',#1247,.T.);
#1346=FACE_BOUND('',#1248,.T.);
#1347=FACE_BOUND('',#1249,.T.);
#1348=FACE_BOUND('',#1250,.T.);
#1349=FACE_BOUND('',#1251,.T.);
#1350=FACE_BOUND('',#1252,.T.);
#1351=FACE_BOUND('',#1253,.T.);
#1352=FACE_BOUND('',#1254,.T.);
#1353=FACE_BOUND('',#1255,.T.);
#1354=FACE_BOUND('',#1256,.T.);
#1355=FACE_BOUND('',#1257,.T.);
#1356=FACE_BOUND('',#1258,.T.);
#1357=FACE_BOUND('',#1259,.T.);
#1358=FACE_BOUND('',#1260,.T.);
#1359=FACE_BOUND('',#1261,.T.);
#1360=FACE_BOUND('',#1262,.T.);
#1361=FACE_BOUND('',#1263,.T.);
#1362=FACE_BOUND('',#1264,.T.);
#1363=FACE_BOUND('',#1265,.T.);
#1364=FACE_BOUND('',#1266,.T.);
#1365=FACE_BOUND('',#1267,.T.);
#1366=FACE_BOUND('',#1268,.T.);
#1367=FACE_BOUND('',#1269,.T.);
#1368=FACE_BOUND('',#1270,.T.);
#1369=FACE_BOUND('',#1271,.T.);
#1370=FACE_BOUND('',#1272,.T.);
#1371=FACE_BOUND('',#1273,.T.);
#1372=FACE_BOUND('',#1274,.T.);
#1373=FACE_BOUND('',#1275,.T.);
#1374=FACE_BOUND('',#1276,.T.);
#1375=FACE_BOUND('',#1277,.T.);
#1376=FACE_BOUND('',#1278,.T.);
#1377=FACE_BOUND('',#1279,.T.);
#1378=FACE_BOUND('',#1280,.T.);
#1379=FACE_BOUND('',#1281,.T.);
#1380=FACE_BOUND('',#1282,.T.);
#1381=FACE_BOUND('',#1283,.T.);
#1382=FACE_BOUND('',#1284,.T.);
#1383=FACE_BOUND('',#1285,.T.);
#1384=FACE_BOUND('',#1286,.T.);
#1385=FACE_BOUND('',#1287,.T.);
#1386=FACE_BOUND('',#1288,.T.);
#1387=FACE_BOUND('',#1289,.T.);
#1388=FACE_BOUND('',#1290,.T.);
#1389=FACE_BOUND('',#1291,.T.);
#1390=FACE_BOUND('',#1292,.T.);
#1391=FACE_BOUND('',#1293,.T.);
#1392=FACE_BOUND('',#1294,.T.);
#1393=FACE_BOUND('',#1295,.T.);
#1394=FACE_BOUND('',#1296,.T.);
#1395=FACE_BOUND('',#1297,.T.);
#1396=FACE_BOUND('',#1298,.T.);
#1397=FACE_BOUND('',#1299,.T.);
#1398=FACE_BOUND('',#1300,.T.);
#1399=FACE_BOUND('',#1301,.T.);
#1400=FACE_BOUND('',#1302,.T.);
#1401=FACE_BOUND('',#1303,.T.);
#1402=FACE_BOUND('',#1304,.T.);
#1403=FACE_BOUND('',#1305,.T.);
#1404=FACE_BOUND('',#1306,.T.);
#1405=FACE_BOUND('',#1307,.T.);
#1406=FACE_BOUND('',#1308,.T.);
#1407=FACE_BOUND('',#1309,.T.);
#1408=FACE_BOUND('',#1310,.T.);
#1409=FACE_BOUND('',#1311,.T.);
#1410=FACE_BOUND('',#1312,.T.);
#1411=FACE_BOUND('',#1313,.T.);
#1412=FACE_BOUND('',#1314,.T.);
#1413=FACE_BOUND('',#1315,.T.);
#1414=FACE_BOUND('',#1316,.T.);
#1415=FACE_BOUND('',#1317,.T.);
#1416=FACE_BOUND('',#1318,.T.);
#1417=FACE_BOUND('',#1319,.T.);
#1418=FACE_BOUND('',#1320,.T.);
#1419=FACE_BOUND('',#1321,.T.);
#1420=FACE_BOUND('',#1322,.T.);
#1421=FACE_BOUND('',#1323,.T.);
#1422=FACE_BOUND('',#1324,.T.);
#1423=FACE_BOUND('',#1325,.T.);
#1424=FACE_BOUND('',#1326,.T.);
#1425=FACE_BOUND('',#1327,.T.);
#1426=FACE_BOUND('',#1328,.T.);
#1427=FACE_BOUND('',#1329,.T.);
#1428=CONICAL_SURFACE('',#1535,0.00650290250799912,0.0872664625997135);
#1429=CONICAL_SURFACE('',#1542,0.00650290250799912,0.0872664625997135);
#1430=CONICAL_SURFACE('',#1561,0.01,0.785398163397449);
#1431=CONICAL_SURFACE('',#1576,0.01,0.785398163397449);
#1432=CONICAL_SURFACE('',#1582,0.008,1.0471975511966);
#1433=CONICAL_SURFACE('',#1584,0.008,0.78539816339745);
#1434=CONICAL_SURFACE('',#1589,0.0076,1.04272187836854);
#1435=ADVANCED_FACE('',(#1330),#1428,.T.);
#1436=ADVANCED_FACE('',(#1331),#1429,.T.);
#1437=ADVANCED_FACE('',(#1332,#1333),#221,.T.);
#1438=ADVANCED_FACE('',(#1334),#174,.F.);
#1439=ADVANCED_FACE('',(#1335),#1430,.T.);
#1440=ADVANCED_FACE('',(#1336),#175,.F.);
#1441=ADVANCED_FACE('',(#1337,#1338),#222,.F.);
#1442=ADVANCED_FACE('',(#1339,#1340),#176,.F.);
#1443=ADVANCED_FACE('',(#1341,#1342),#223,.T.);
#1444=ADVANCED_FACE('',(#1343),#1431,.T.);
#1445=ADVANCED_FACE('',(#1344,#1345),#177,.T.);
#1446=ADVANCED_FACE('',(#1346,#1347),#1432,.T.);
#1447=ADVANCED_FACE('',(#1348,#1349),#1433,.T.);
#1448=ADVANCED_FACE('',(#1350,#1351),#178,.T.);
#1449=ADVANCED_FACE('',(#1352,#1353),#1434,.T.);
#1450=ADVANCED_FACE('',(#1354),#12,.F.);
#1451=ADVANCED_FACE('',(#1355),#13,.F.);
#1452=ADVANCED_FACE('',(#1356),#14,.F.);
#1453=ADVANCED_FACE('',(#1357),#15,.F.);
#1454=ADVANCED_FACE('',(#1358),#16,.F.);
#1455=ADVANCED_FACE('',(#1359),#224,.T.);
#1456=ADVANCED_FACE('',(#1360),#17,.F.);
#1457=ADVANCED_FACE('',(#1361),#18,.F.);
#1458=ADVANCED_FACE('',(#1362),#19,.F.);
#1459=ADVANCED_FACE('',(#1363),#20,.F.);
#1460=ADVANCED_FACE('',(#1364),#21,.F.);
#1461=ADVANCED_FACE('',(#1365),#225,.T.);
#1462=ADVANCED_FACE('',(#1366),#179,.F.);
#1463=ADVANCED_FACE('',(#1367),#180,.T.);
#1464=ADVANCED_FACE('',(#1368),#181,.T.);
#1465=ADVANCED_FACE('',(#1369),#182,.F.);
#1466=ADVANCED_FACE('',(#1370),#183,.T.);
#1467=ADVANCED_FACE('',(#1371),#184,.T.);
#1468=ADVANCED_FACE('',(#1372,#1373),#226,.T.);
#1469=ADVANCED_FACE('',(#1374),#185,.F.);
#1470=ADVANCED_FACE('',(#1375),#186,.T.);
#1471=ADVANCED_FACE('',(#1376),#187,.F.);
#1472=ADVANCED_FACE('',(#1377,#1378),#227,.F.);
#1473=ADVANCED_FACE('',(#1379),#188,.F.);
#1474=ADVANCED_FACE('',(#1380),#189,.T.);
#1475=ADVANCED_FACE('',(#1381),#190,.F.);
#1476=ADVANCED_FACE('',(#1382),#191,.T.);
#1477=ADVANCED_FACE('',(#1383),#192,.F.);
#1478=ADVANCED_FACE('',(#1384),#193,.T.);
#1479=ADVANCED_FACE('',(#1385),#194,.F.);
#1480=ADVANCED_FACE('',(#1386),#195,.T.);
#1481=ADVANCED_FACE('',(#1387),#196,.F.);
#1482=ADVANCED_FACE('',(#1388),#197,.T.);
#1483=ADVANCED_FACE('',(#1389),#198,.F.);
#1484=ADVANCED_FACE('',(#1390),#199,.T.);
#1485=ADVANCED_FACE('',(#1391),#200,.F.);
#1486=ADVANCED_FACE('',(#1392),#201,.T.);
#1487=ADVANCED_FACE('',(#1393),#202,.F.);
#1488=ADVANCED_FACE('',(#1394),#203,.T.);
#1489=ADVANCED_FACE('',(#1395),#204,.F.);
#1490=ADVANCED_FACE('',(#1396),#205,.T.);
#1491=ADVANCED_FACE('',(#1397),#206,.F.);
#1492=ADVANCED_FACE('',(#1398),#207,.T.);
#1493=ADVANCED_FACE('',(#1399),#208,.F.);
#1494=ADVANCED_FACE('',(#1400),#209,.T.);
#1495=ADVANCED_FACE('',(#1401),#210,.F.);
#1496=ADVANCED_FACE('',(#1402),#211,.T.);
#1497=ADVANCED_FACE('',(#1403),#212,.F.);
#1498=ADVANCED_FACE('',(#1404),#213,.T.);
#1499=ADVANCED_FACE('',(#1405),#214,.F.);
#1500=ADVANCED_FACE('',(#1406),#215,.T.);
#1501=ADVANCED_FACE('',(#1407),#216,.F.);
#1502=ADVANCED_FACE('',(#1408),#217,.T.);
#1503=ADVANCED_FACE('',(#1409),#218,.F.);
#1504=ADVANCED_FACE('',(#1410),#219,.T.);
#1505=ADVANCED_FACE('',(#1411),#220,.T.);
#1506=ADVANCED_FACE('',(#1412),#228,.T.);
#1507=ADVANCED_FACE('',(#1413),#229,.T.);
#1508=ADVANCED_FACE('',(#1414),#230,.T.);
#1509=ADVANCED_FACE('',(#1415),#231,.F.);
#1510=ADVANCED_FACE('',(#1416),#232,.T.);
#1511=ADVANCED_FACE('',(#1417),#233,.T.);
#1512=ADVANCED_FACE('',(#1418),#234,.F.);
#1513=ADVANCED_FACE('',(#1419),#235,.T.);
#1514=ADVANCED_FACE('',(#1420),#236,.T.);
#1515=ADVANCED_FACE('',(#1421),#237,.T.);
#1516=ADVANCED_FACE('',(#1422),#238,.F.);
#1517=ADVANCED_FACE('',(#1423),#239,.T.);
#1518=ADVANCED_FACE('',(#1424),#240,.T.);
#1519=ADVANCED_FACE('',(#1425),#241,.F.);
#1520=ADVANCED_FACE('',(#1426),#242,.T.);
#1521=ADVANCED_FACE('',(#1427),#243,.T.);
#1522=CLOSED_SHELL('',(#1435,#1436,#1437,#1438,#1439,#1440,#1441,#1442,
#1443,#1444,#1445,#1446,#1447,#1448,#1449,#1450,#1451,#1452,#1453,#1454,
#1455,#1456,#1457,#1458,#1459,#1460,#1461,#1462,#1463,#1464,#1465,#1466,
#1467,#1468,#1469,#1470,#1471,#1472,#1473,#1474,#1475,#1476,#1477,#1478,
#1479,#1480,#1481,#1482,#1483,#1484,#1485,#1486,#1487,#1488,#1489,#1490,
#1491,#1492,#1493,#1494,#1495,#1496,#1497,#1498,#1499,#1500,#1501,#1502,
#1503,#1504,#1505,#1506,#1507,#1508,#1509,#1510,#1511,#1512,#1513,#1514,
#1515,#1516,#1517,#1518,#1519,#1520,#1521));
#1523=STYLED_ITEM('',(#1524),#1531);
#1524=PRESENTATION_STYLE_ASSIGNMENT((#1525));
#1525=SURFACE_STYLE_USAGE(.BOTH.,#1526);
#1526=SURFACE_SIDE_STYLE('',(#1527));
#1527=SURFACE_STYLE_FILL_AREA(#1528);
#1528=FILL_AREA_STYLE('',(#1529));
#1529=FILL_AREA_STYLE_COLOUR('',#1530);
#1530=COLOUR_RGB('',0.682352941176471,0.333333333333334,0.737254901960784);
#1531=MANIFOLD_SOLID_BREP('hub-front',#1522);
#1532=SHAPE_DEFINITION_REPRESENTATION(#3650,#1533);
#1533=SHAPE_REPRESENTATION('hub-front',(#1534),#3645);
#1534=AXIS2_PLACEMENT_3D('',#2198,#1730,#1731);
#1535=AXIS2_PLACEMENT_3D('',#2199,#1732,#1733);
#1536=AXIS2_PLACEMENT_3D('',#2200,#1734,#1735);
#1537=AXIS2_PLACEMENT_3D('',#2214,#1736,#1737);
#1538=AXIS2_PLACEMENT_3D('',#2228,#1738,#1739);
#1539=AXIS2_PLACEMENT_3D('',#2235,#1740,#1741);
#1540=AXIS2_PLACEMENT_3D('',#2242,#1742,#1743);
#1541=AXIS2_PLACEMENT_3D('',#2249,#1744,#1745);
#1542=AXIS2_PLACEMENT_3D('',#2255,#1746,#1747);
#1543=AXIS2_PLACEMENT_3D('',#2256,#1748,#1749);
#1544=AXIS2_PLACEMENT_3D('',#2270,#1750,#1751);
#1545=AXIS2_PLACEMENT_3D('',#2284,#1752,#1753);
#1546=AXIS2_PLACEMENT_3D('',#2291,#1754,#1755);
#1547=AXIS2_PLACEMENT_3D('',#2298,#1756,#1757);
#1548=AXIS2_PLACEMENT_3D('',#2305,#1758,#1759);
#1549=AXIS2_PLACEMENT_3D('',#2311,#1760,#1761);
#1550=AXIS2_PLACEMENT_3D('',#2312,#1762,#1763);
#1551=AXIS2_PLACEMENT_3D('',#2315,#1764,#1765);
#1552=AXIS2_PLACEMENT_3D('',#2317,#1766,#1767);
#1553=AXIS2_PLACEMENT_3D('',#2319,#1768,#1769);
#1554=AXIS2_PLACEMENT_3D('',#2321,#1770,#1771);
#1555=AXIS2_PLACEMENT_3D('',#2323,#1772,#1773);
#1556=AXIS2_PLACEMENT_3D('',#2325,#1774,#1775);
#1557=AXIS2_PLACEMENT_3D('',#2327,#1776,#1777);
#1558=AXIS2_PLACEMENT_3D('',#2328,#1778,#1779);
#1559=AXIS2_PLACEMENT_3D('',#2330,#1780,#1781);
#1560=AXIS2_PLACEMENT_3D('',#2331,#1782,#1783);
#1561=AXIS2_PLACEMENT_3D('',#2336,#1786,#1787);
#1562=AXIS2_PLACEMENT_3D('',#2370,#1788,#1789);
#1563=AXIS2_PLACEMENT_3D('',#2379,#1790,#1791);
#1564=AXIS2_PLACEMENT_3D('',#2382,#1793,#1794);
#1565=AXIS2_PLACEMENT_3D('',#2385,#1796,#1797);
#1566=AXIS2_PLACEMENT_3D('',#2386,#1798,#1799);
#1567=AXIS2_PLACEMENT_3D('',#2388,#1800,#1801);
#1568=AXIS2_PLACEMENT_3D('',#2390,#1802,#1803);
#1569=AXIS2_PLACEMENT_3D('',#2392,#1804,#1805);
#1570=AXIS2_PLACEMENT_3D('',#2393,#1806,#1807);
#1571=AXIS2_PLACEMENT_3D('',#2395,#1808,#1809);
#1572=AXIS2_PLACEMENT_3D('',#2397,#1810,#1811);
#1573=AXIS2_PLACEMENT_3D('',#2398,#1812,#1813);
#1574=AXIS2_PLACEMENT_3D('',#2399,#1814,#1815);
#1575=AXIS2_PLACEMENT_3D('',#2401,#1816,#1817);
#1576=AXIS2_PLACEMENT_3D('',#2422,#1830,#1831);
#1577=AXIS2_PLACEMENT_3D('',#2432,#1832,#1833);
#1578=AXIS2_PLACEMENT_3D('',#2465,#1834,#1835);
#1579=AXIS2_PLACEMENT_3D('',#2466,#1836,#1837);
#1580=AXIS2_PLACEMENT_3D('',#2467,#1838,#1839);
#1581=AXIS2_PLACEMENT_3D('',#2468,#1840,#1841);
#1582=AXIS2_PLACEMENT_3D('',#2470,#1842,#1843);
#1583=AXIS2_PLACEMENT_3D('',#2471,#1844,#1845);
#1584=AXIS2_PLACEMENT_3D('',#2473,#1846,#1847);
#1585=AXIS2_PLACEMENT_3D('',#2474,#1848,#1849);
#1586=AXIS2_PLACEMENT_3D('',#2476,#1850,#1851);
#1587=AXIS2_PLACEMENT_3D('',#2478,#1852,#1853);
#1588=AXIS2_PLACEMENT_3D('',#2479,#1854,#1855);
#1589=AXIS2_PLACEMENT_3D('',#2481,#1856,#1857);
#1590=AXIS2_PLACEMENT_3D('',#2879,#1858,#1859);
#1591=AXIS2_PLACEMENT_3D('',#2881,#1860,#1861);
#1592=AXIS2_PLACEMENT_3D('',#2883,#1862,#1863);
#1593=AXIS2_PLACEMENT_3D('',#2926,#1864,#1865);
#1594=AXIS2_PLACEMENT_3D('',#3324,#1866,#1867);
#1595=AXIS2_PLACEMENT_3D('',#3326,#1868,#1869);
#1596=AXIS2_PLACEMENT_3D('',#3328,#1870,#1871);
#1597=AXIS2_PLACEMENT_3D('',#3371,#1872,#1873);
#1598=AXIS2_PLACEMENT_3D('',#3372,#1874,#1875);
#1599=AXIS2_PLACEMENT_3D('',#3375,#1878,#1879);
#1600=AXIS2_PLACEMENT_3D('',#3376,#1880,#1881);
#1601=AXIS2_PLACEMENT_3D('',#3377,#1882,#1883);
#1602=AXIS2_PLACEMENT_3D('',#3380,#1886,#1887);
#1603=AXIS2_PLACEMENT_3D('',#3381,#1888,#1889);
#1604=AXIS2_PLACEMENT_3D('',#3382,#1890,#1891);
#1605=AXIS2_PLACEMENT_3D('',#3383,#1892,#1893);
#1606=AXIS2_PLACEMENT_3D('',#3386,#1894,#1895);
#1607=AXIS2_PLACEMENT_3D('',#3388,#1896,#1897);
#1608=AXIS2_PLACEMENT_3D('',#3390,#1898,#1899);
#1609=AXIS2_PLACEMENT_3D('',#3392,#1900,#1901);
#1610=AXIS2_PLACEMENT_3D('',#3394,#1902,#1903);
#1611=AXIS2_PLACEMENT_3D('',#3396,#1904,#1905);
#1612=AXIS2_PLACEMENT_3D('',#3398,#1906,#1907);
#1613=AXIS2_PLACEMENT_3D('',#3400,#1908,#1909);
#1614=AXIS2_PLACEMENT_3D('',#3402,#1910,#1911);
#1615=AXIS2_PLACEMENT_3D('',#3404,#1912,#1913);
#1616=AXIS2_PLACEMENT_3D('',#3406,#1914,#1915);
#1617=AXIS2_PLACEMENT_3D('',#3408,#1916,#1917);
#1618=AXIS2_PLACEMENT_3D('',#3410,#1918,#1919);
#1619=AXIS2_PLACEMENT_3D('',#3412,#1920,#1921);
#1620=AXIS2_PLACEMENT_3D('',#3414,#1922,#1923);
#1621=AXIS2_PLACEMENT_3D('',#3416,#1924,#1925);
#1622=AXIS2_PLACEMENT_3D('',#3418,#1926,#1927);
#1623=AXIS2_PLACEMENT_3D('',#3420,#1928,#1929);
#1624=AXIS2_PLACEMENT_3D('',#3422,#1930,#1931);
#1625=AXIS2_PLACEMENT_3D('',#3424,#1932,#1933);
#1626=AXIS2_PLACEMENT_3D('',#3426,#1934,#1935);
#1627=AXIS2_PLACEMENT_3D('',#3428,#1936,#1937);
#1628=AXIS2_PLACEMENT_3D('',#3430,#1938,#1939);
#1629=AXIS2_PLACEMENT_3D('',#3432,#1940,#1941);
#1630=AXIS2_PLACEMENT_3D('',#3434,#1942,#1943);
#1631=AXIS2_PLACEMENT_3D('',#3436,#1944,#1945);
#1632=AXIS2_PLACEMENT_3D('',#3438,#1946,#1947);
#1633=AXIS2_PLACEMENT_3D('',#3440,#1948,#1949);
#1634=AXIS2_PLACEMENT_3D('',#3442,#1950,#1951);
#1635=AXIS2_PLACEMENT_3D('',#3444,#1952,#1953);
#1636=AXIS2_PLACEMENT_3D('',#3446,#1954,#1955);
#1637=AXIS2_PLACEMENT_3D('',#3448,#1956,#1957);
#1638=AXIS2_PLACEMENT_3D('',#3450,#1958,#1959);
#1639=AXIS2_PLACEMENT_3D('',#3452,#1960,#1961);
#1640=AXIS2_PLACEMENT_3D('',#3454,#1962,#1963);
#1641=AXIS2_PLACEMENT_3D('',#3455,#1964,#1965);
#1642=AXIS2_PLACEMENT_3D('',#3456,#1966,#1967);
#1643=AXIS2_PLACEMENT_3D('',#3461,#1970,#1971);
#1644=AXIS2_PLACEMENT_3D('',#3464,#1973,#1974);
#1645=AXIS2_PLACEMENT_3D('',#3465,#1975,#1976);
#1646=AXIS2_PLACEMENT_3D('',#3466,#1977,#1978);
#1647=AXIS2_PLACEMENT_3D('',#3469,#1980,#1981);
#1648=AXIS2_PLACEMENT_3D('',#3470,#1982,#1983);
#1649=AXIS2_PLACEMENT_3D('',#3472,#1984,#1985);
#1650=AXIS2_PLACEMENT_3D('',#3474,#1986,#1987);
#1651=AXIS2_PLACEMENT_3D('',#3476,#1988,#1989);
#1652=AXIS2_PLACEMENT_3D('',#3478,#1990,#1991);
#1653=AXIS2_PLACEMENT_3D('',#3480,#1992,#1993);
#1654=AXIS2_PLACEMENT_3D('',#3482,#1994,#1995);
#1655=AXIS2_PLACEMENT_3D('',#3484,#1996,#1997);
#1656=AXIS2_PLACEMENT_3D('',#3486,#1998,#1999);
#1657=AXIS2_PLACEMENT_3D('',#3488,#2000,#2001);
#1658=AXIS2_PLACEMENT_3D('',#3490,#2002,#2003);
#1659=AXIS2_PLACEMENT_3D('',#3492,#2004,#2005);
#1660=AXIS2_PLACEMENT_3D('',#3494,#2006,#2007);
#1661=AXIS2_PLACEMENT_3D('',#3496,#2008,#2009);
#1662=AXIS2_PLACEMENT_3D('',#3498,#2010,#2011);
#1663=AXIS2_PLACEMENT_3D('',#3500,#2012,#2013);
#1664=AXIS2_PLACEMENT_3D('',#3502,#2014,#2015);
#1665=AXIS2_PLACEMENT_3D('',#3504,#2016,#2017);
#1666=AXIS2_PLACEMENT_3D('',#3506,#2018,#2019);
#1667=AXIS2_PLACEMENT_3D('',#3508,#2020,#2021);
#1668=AXIS2_PLACEMENT_3D('',#3510,#2022,#2023);
#1669=AXIS2_PLACEMENT_3D('',#3512,#2024,#2025);
#1670=AXIS2_PLACEMENT_3D('',#3514,#2026,#2027);
#1671=AXIS2_PLACEMENT_3D('',#3516,#2028,#2029);
#1672=AXIS2_PLACEMENT_3D('',#3518,#2030,#2031);
#1673=AXIS2_PLACEMENT_3D('',#3520,#2032,#2033);
#1674=AXIS2_PLACEMENT_3D('',#3522,#2034,#2035);
#1675=AXIS2_PLACEMENT_3D('',#3524,#2036,#2037);
#1676=AXIS2_PLACEMENT_3D('',#3526,#2038,#2039);
#1677=AXIS2_PLACEMENT_3D('',#3528,#2040,#2041);
#1678=AXIS2_PLACEMENT_3D('',#3530,#2042,#2043);
#1679=AXIS2_PLACEMENT_3D('',#3532,#2044,#2045);
#1680=AXIS2_PLACEMENT_3D('',#3534,#2046,#2047);
#1681=AXIS2_PLACEMENT_3D('',#3535,#2048,#2049);
#1682=AXIS2_PLACEMENT_3D('',#3538,#2052,#2053);
#1683=AXIS2_PLACEMENT_3D('',#3539,#2054,#2055);
#1684=AXIS2_PLACEMENT_3D('',#3542,#2058,#2059);
#1685=AXIS2_PLACEMENT_3D('',#3543,#2060,#2061);
#1686=AXIS2_PLACEMENT_3D('',#3546,#2064,#2065);
#1687=AXIS2_PLACEMENT_3D('',#3547,#2066,#2067);
#1688=AXIS2_PLACEMENT_3D('',#3550,#2070,#2071);
#1689=AXIS2_PLACEMENT_3D('',#3551,#2072,#2073);
#1690=AXIS2_PLACEMENT_3D('',#3554,#2076,#2077);
#1691=AXIS2_PLACEMENT_3D('',#3555,#2078,#2079);
#1692=AXIS2_PLACEMENT_3D('',#3558,#2082,#2083);
#1693=AXIS2_PLACEMENT_3D('',#3559,#2084,#2085);
#1694=AXIS2_PLACEMENT_3D('',#3562,#2088,#2089);
#1695=AXIS2_PLACEMENT_3D('',#3563,#2090,#2091);
#1696=AXIS2_PLACEMENT_3D('',#3566,#2094,#2095);
#1697=AXIS2_PLACEMENT_3D('',#3567,#2096,#2097);
#1698=AXIS2_PLACEMENT_3D('',#3570,#2100,#2101);
#1699=AXIS2_PLACEMENT_3D('',#3571,#2102,#2103);
#1700=AXIS2_PLACEMENT_3D('',#3574,#2106,#2107);
#1701=AXIS2_PLACEMENT_3D('',#3575,#2108,#2109);
#1702=AXIS2_PLACEMENT_3D('',#3578,#2112,#2113);
#1703=AXIS2_PLACEMENT_3D('',#3579,#2114,#2115);
#1704=AXIS2_PLACEMENT_3D('',#3582,#2118,#2119);
#1705=AXIS2_PLACEMENT_3D('',#3583,#2120,#2121);
#1706=AXIS2_PLACEMENT_3D('',#3586,#2124,#2125);
#1707=AXIS2_PLACEMENT_3D('',#3587,#2126,#2127);
#1708=AXIS2_PLACEMENT_3D('',#3590,#2130,#2131);
#1709=AXIS2_PLACEMENT_3D('',#3591,#2132,#2133);
#1710=AXIS2_PLACEMENT_3D('',#3594,#2136,#2137);
#1711=AXIS2_PLACEMENT_3D('',#3595,#2138,#2139);
#1712=AXIS2_PLACEMENT_3D('',#3598,#2142,#2143);
#1713=AXIS2_PLACEMENT_3D('',#3599,#2144,#2145);
#1714=AXIS2_PLACEMENT_3D('',#3600,#2146,#2147);
#1715=AXIS2_PLACEMENT_3D('',#3606,#2151,#2152);
#1716=AXIS2_PLACEMENT_3D('',#3609,#2155,#2156);
#1717=AXIS2_PLACEMENT_3D('',#3610,#2157,#2158);
#1718=AXIS2_PLACEMENT_3D('',#3611,#2159,#2160);
#1719=AXIS2_PLACEMENT_3D('',#3617,#2164,#2165);
#1720=AXIS2_PLACEMENT_3D('',#3620,#2168,#2169);
#1721=AXIS2_PLACEMENT_3D('',#3621,#2170,#2171);
#1722=AXIS2_PLACEMENT_3D('',#3622,#2172,#2173);
#1723=AXIS2_PLACEMENT_3D('',#3628,#2177,#2178);
#1724=AXIS2_PLACEMENT_3D('',#3630,#2180,#2181);
#1725=AXIS2_PLACEMENT_3D('',#3632,#2183,#2184);
#1726=AXIS2_PLACEMENT_3D('',#3633,#2185,#2186);
#1727=AXIS2_PLACEMENT_3D('',#3639,#2190,#2191);
#1728=AXIS2_PLACEMENT_3D('',#3641,#2193,#2194);
#1729=AXIS2_PLACEMENT_3D('',#3643,#2196,#2197);
#1730=DIRECTION('',(0.,0.,1.));
#1731=DIRECTION('',(1.,0.,0.));
#1732=DIRECTION('',(-1.,0.,0.));
#1733=DIRECTION('',(0.,0.,1.));
#1734=DIRECTION('',(-1.,0.,0.));
#1735=DIRECTION('',(0.,0.,1.));
#1736=DIRECTION('',(-1.,0.,0.));
#1737=DIRECTION('',(0.,0.,1.));
#1738=DIRECTION('',(-1.,0.,0.));
#1739=DIRECTION('',(0.,0.,1.));
#1740=DIRECTION('',(-1.,0.,0.));
#1741=DIRECTION('',(0.,0.,1.));
#1742=DIRECTION('',(-1.,0.,0.));
#1743=DIRECTION('',(0.,0.,1.));
#1744=DIRECTION('',(-1.,0.,0.));
#1745=DIRECTION('',(0.,0.,1.));
#1746=DIRECTION('',(-1.,0.,0.));
#1747=DIRECTION('',(0.,0.,1.));
#1748=DIRECTION('',(-1.,0.,0.));
#1749=DIRECTION('',(0.,0.,1.));
#1750=DIRECTION('',(-1.,0.,0.));
#1751=DIRECTION('',(0.,0.,1.));
#1752=DIRECTION('',(-1.,0.,0.));
#1753=DIRECTION('',(0.,0.,1.));
#1754=DIRECTION('',(-1.,0.,0.));
#1755=DIRECTION('',(0.,0.,1.));
#1756=DIRECTION('',(-1.,0.,0.));
#1757=DIRECTION('',(0.,0.,1.));
#1758=DIRECTION('',(-1.,0.,0.));
#1759=DIRECTION('',(0.,0.,1.));
#1760=DIRECTION('',(-1.,0.,0.));
#1761=DIRECTION('',(0.,0.,1.));
#1762=DIRECTION('',(1.,0.,0.));
#1763=DIRECTION('',(0.,0.,-1.));
#1764=DIRECTION('',(1.,0.,0.));
#1765=DIRECTION('',(0.,0.,-1.));
#1766=DIRECTION('',(1.,0.,0.));
#1767=DIRECTION('',(0.,0.,-1.));
#1768=DIRECTION('',(-1.,0.,0.));
#1769=DIRECTION('',(0.,0.,1.));
#1770=DIRECTION('',(-1.,0.,0.));
#1771=DIRECTION('',(0.,0.,-1.));
#1772=DIRECTION('',(-1.,0.,0.));
#1773=DIRECTION('',(0.,0.,-1.));
#1774=DIRECTION('',(-1.,0.,0.));
#1775=DIRECTION('',(0.,0.,-1.));
#1776=DIRECTION('',(-1.,0.,0.));
#1777=DIRECTION('',(0.,0.,1.));
#1778=DIRECTION('',(-1.,0.,0.));
#1779=DIRECTION('',(0.,0.,1.));
#1780=DIRECTION('',(-1.,0.,0.));
#1781=DIRECTION('',(0.,0.,1.));
#1782=DIRECTION('',(-1.,0.,0.));
#1783=DIRECTION('',(0.,0.,1.));
#1784=DIRECTION('',(-1.,0.,0.));
#1785=DIRECTION('',(-1.,0.,0.));
#1786=DIRECTION('',(-1.,0.,0.));
#1787=DIRECTION('',(0.,0.,1.));
#1788=DIRECTION('',(-1.,0.,0.));
#1789=DIRECTION('',(0.,0.,1.));
#1790=DIRECTION('',(-1.,0.,0.));
#1791=DIRECTION('',(0.,0.,1.));
#1792=DIRECTION('',(-1.,0.,0.));
#1793=DIRECTION('',(-1.,0.,0.));
#1794=DIRECTION('',(0.,0.,1.));
#1795=DIRECTION('',(-1.,0.,0.));
#1796=DIRECTION('',(1.,0.,0.));
#1797=DIRECTION('',(0.,0.,-1.));
#1798=DIRECTION('',(-1.,0.,0.));
#1799=DIRECTION('',(0.,0.,1.));
#1800=DIRECTION('',(1.,0.,0.));
#1801=DIRECTION('',(0.,0.,-1.));
#1802=DIRECTION('',(1.,0.,0.));
#1803=DIRECTION('',(0.,0.,-1.));
#1804=DIRECTION('',(1.,0.,0.));
#1805=DIRECTION('',(0.,0.,-1.));
#1806=DIRECTION('',(1.,0.,0.));
#1807=DIRECTION('',(0.,0.,-1.));
#1808=DIRECTION('',(1.,0.,0.));
#1809=DIRECTION('',(0.,0.,-1.));
#1810=DIRECTION('',(1.,0.,0.));
#1811=DIRECTION('',(0.,0.,-1.));
#1812=DIRECTION('',(-1.,0.,0.));
#1813=DIRECTION('',(0.,0.,1.));
#1814=DIRECTION('',(-1.,0.,0.));
#1815=DIRECTION('',(0.,0.,1.));
#1816=DIRECTION('',(1.,0.,0.));
#1817=DIRECTION('',(0.,0.,-1.));
#1818=DIRECTION('',(0.,0.,1.));
#1819=DIRECTION('',(0.,1.,0.));
#1820=DIRECTION('',(0.,0.,1.));
#1821=DIRECTION('',(0.,-1.,0.));
#1822=DIRECTION('',(0.,0.,1.));
#1823=DIRECTION('',(0.,-1.,0.));
#1824=DIRECTION('',(0.,0.,-1.));
#1825=DIRECTION('',(0.,-1.,0.));
#1826=DIRECTION('',(0.,0.,-1.));
#1827=DIRECTION('',(0.,1.,0.));
#1828=DIRECTION('',(0.,0.,-1.));
#1829=DIRECTION('',(0.,1.,0.));
#1830=DIRECTION('',(-1.,0.,0.));
#1831=DIRECTION('',(0.,0.,1.));
#1832=DIRECTION('',(-1.,0.,0.));
#1833=DIRECTION('',(0.,0.,1.));
#1834=DIRECTION('',(-1.,0.,0.));
#1835=DIRECTION('',(0.,0.,1.));
#1836=DIRECTION('',(-1.,0.,0.));
#1837=DIRECTION('',(0.,0.,1.));
#1838=DIRECTION('',(-1.,0.,0.));
#1839=DIRECTION('',(0.,0.,1.));
#1840=DIRECTION('',(-1.,0.,0.));
#1841=DIRECTION('',(0.,0.,1.));
#1842=DIRECTION('',(1.,0.,0.));
#1843=DIRECTION('',(0.,0.,-1.));
#1844=DIRECTION('',(1.,0.,0.));
#1845=DIRECTION('',(0.,0.,-1.));
#1846=DIRECTION('',(-1.,0.,0.));
#1847=DIRECTION('',(0.,0.,1.));
#1848=DIRECTION('',(-1.,0.,0.));
#1849=DIRECTION('',(0.,0.,1.));
#1850=DIRECTION('',(1.,0.,0.));
#1851=DIRECTION('',(0.,0.,-1.));
#1852=DIRECTION('',(-1.,0.,0.));
#1853=DIRECTION('',(0.,0.,1.));
#1854=DIRECTION('',(-1.,0.,0.));
#1855=DIRECTION('',(0.,0.,1.));
#1856=DIRECTION('',(1.,0.,0.));
#1857=DIRECTION('',(0.,0.,-1.));
#1858=DIRECTION('',(1.,0.,0.));
#1859=DIRECTION('',(0.,1.22464679914735E-16,1.));
#1860=DIRECTION('',(1.,0.,0.));
#1861=DIRECTION('',(0.,1.22464679914735E-16,1.));
#1862=DIRECTION('',(1.,0.,0.));
#1863=DIRECTION('',(0.,1.22464679914735E-16,1.));
#1864=DIRECTION('',(1.,0.,0.));
#1865=DIRECTION('',(0.,-1.,1.22464679914735E-16));
#1866=DIRECTION('',(1.,0.,0.));
#1867=DIRECTION('',(0.,0.,-1.));
#1868=DIRECTION('',(1.,0.,0.));
#1869=DIRECTION('',(0.,0.,-1.));
#1870=DIRECTION('',(1.,0.,0.));
#1871=DIRECTION('',(0.,0.,-1.));
#1872=DIRECTION('',(1.,0.,0.));
#1873=DIRECTION('',(0.,1.,0.));
#1874=DIRECTION('',(-1.,0.,0.));
#1875=DIRECTION('',(0.,0.,1.));
#1876=DIRECTION('',(-1.,0.,0.));
#1877=DIRECTION('',(-1.,0.,0.));
#1878=DIRECTION('',(-1.,0.,0.));
#1879=DIRECTION('',(0.,0.,1.));
#1880=DIRECTION('',(-1.,0.,0.));
#1881=DIRECTION('',(0.,0.,1.));
#1882=DIRECTION('',(-1.,0.,0.));
#1883=DIRECTION('',(0.,0.,1.));
#1884=DIRECTION('',(-1.,0.,0.));
#1885=DIRECTION('',(-1.,0.,0.));
#1886=DIRECTION('',(-1.,0.,0.));
#1887=DIRECTION('',(0.,0.,1.));
#1888=DIRECTION('',(-1.,0.,0.));
#1889=DIRECTION('',(0.,0.,1.));
#1890=DIRECTION('',(1.,0.,0.));
#1891=DIRECTION('',(0.,1.,0.));
#1892=DIRECTION('',(1.,0.,0.));
#1893=DIRECTION('',(0.,0.,-1.));
#1894=DIRECTION('',(1.,0.,0.));
#1895=DIRECTION('',(0.,0.,-1.));
#1896=DIRECTION('',(-1.,0.,0.));
#1897=DIRECTION('',(0.,0.,-1.));
#1898=DIRECTION('',(1.,0.,0.));
#1899=DIRECTION('',(0.,-0.342020143325669,-0.939692620785908));
#1900=DIRECTION('',(1.,0.,0.));
#1901=DIRECTION('',(0.,-0.64278760968654,-0.766044443118978));
#1902=DIRECTION('',(1.,0.,0.));
#1903=DIRECTION('',(0.,-0.64278760968654,-0.766044443118978));
#1904=DIRECTION('',(1.,0.,0.));
#1905=DIRECTION('',(0.,-0.866025403784439,-0.5));
#1906=DIRECTION('',(1.,0.,0.));
#1907=DIRECTION('',(0.,-0.866025403784439,-0.5));
#1908=DIRECTION('',(1.,0.,0.));
#1909=DIRECTION('',(0.,-0.984807753012208,-0.17364817766693));
#1910=DIRECTION('',(1.,0.,0.));
#1911=DIRECTION('',(0.,-0.984807753012208,-0.17364817766693));
#1912=DIRECTION('',(1.,0.,0.));
#1913=DIRECTION('',(0.,-0.984807753012208,0.17364817766693));
#1914=DIRECTION('',(1.,0.,0.));
#1915=DIRECTION('',(0.,-0.984807753012208,0.17364817766693));
#1916=DIRECTION('',(1.,0.,0.));
#1917=DIRECTION('',(0.,-0.866025403784438,0.5));
#1918=DIRECTION('',(1.,0.,0.));
#1919=DIRECTION('',(0.,-0.866025403784438,0.5));
#1920=DIRECTION('',(1.,0.,0.));
#1921=DIRECTION('',(0.,-0.642787609686539,0.766044443118978));
#1922=DIRECTION('',(1.,0.,0.));
#1923=DIRECTION('',(0.,-0.642787609686539,0.766044443118978));
#1924=DIRECTION('',(1.,0.,0.));
#1925=DIRECTION('',(0.,-0.342020143325668,0.939692620785908));
#1926=DIRECTION('',(1.,0.,0.));
#1927=DIRECTION('',(0.,-0.342020143325668,0.939692620785908));
#1928=DIRECTION('',(1.,0.,0.));
#1929=DIRECTION('',(0.,1.22464679914735E-16,1.));
#1930=DIRECTION('',(1.,0.,0.));
#1931=DIRECTION('',(0.,1.22464679914735E-16,1.));
#1932=DIRECTION('',(1.,0.,0.));
#1933=DIRECTION('',(0.,0.342020143325669,0.939692620785908));
#1934=DIRECTION('',(1.,0.,0.));
#1935=DIRECTION('',(0.,0.342020143325669,0.939692620785908));
#1936=DIRECTION('',(1.,0.,0.));
#1937=DIRECTION('',(0.,0.64278760968654,0.766044443118978));
#1938=DIRECTION('',(1.,0.,0.));
#1939=DIRECTION('',(0.,0.64278760968654,0.766044443118978));
#1940=DIRECTION('',(1.,0.,0.));
#1941=DIRECTION('',(0.,0.866025403784439,0.5));
#1942=DIRECTION('',(1.,0.,0.));
#1943=DIRECTION('',(0.,0.866025403784439,0.5));
#1944=DIRECTION('',(1.,0.,0.));
#1945=DIRECTION('',(0.,0.984807753012208,0.17364817766693));
#1946=DIRECTION('',(1.,0.,0.));
#1947=DIRECTION('',(0.,0.984807753012208,0.17364817766693));
#1948=DIRECTION('',(1.,0.,0.));
#1949=DIRECTION('',(0.,0.984807753012208,-0.17364817766693));
#1950=DIRECTION('',(1.,0.,0.));
#1951=DIRECTION('',(0.,0.984807753012208,-0.17364817766693));
#1952=DIRECTION('',(1.,0.,0.));
#1953=DIRECTION('',(0.,0.866025403784439,-0.5));
#1954=DIRECTION('',(1.,0.,0.));
#1955=DIRECTION('',(0.,0.866025403784439,-0.5));
#1956=DIRECTION('',(1.,0.,0.));
#1957=DIRECTION('',(0.,0.642787609686539,-0.766044443118978));
#1958=DIRECTION('',(1.,0.,0.));
#1959=DIRECTION('',(0.,0.642787609686539,-0.766044443118978));
#1960=DIRECTION('',(1.,0.,0.));
#1961=DIRECTION('',(0.,0.342020143325668,-0.939692620785908));
#1962=DIRECTION('',(1.,0.,0.));
#1963=DIRECTION('',(0.,0.342020143325668,-0.939692620785908));
#1964=DIRECTION('',(-1.,0.,0.));
#1965=DIRECTION('',(0.,0.,1.));
#1966=DIRECTION('',(1.,0.,0.));
#1967=DIRECTION('',(0.,0.,-1.));
#1968=DIRECTION('',(-1.,0.,0.));
#1969=DIRECTION('',(-1.,0.,0.));
#1970=DIRECTION('',(-1.,0.,0.));
#1971=DIRECTION('',(0.,0.,1.));
#1972=DIRECTION('',(-1.,0.,0.));
#1973=DIRECTION('',(1.,0.,0.));
#1974=DIRECTION('',(0.,0.,-1.));
#1975=DIRECTION('',(-1.,0.,0.));
#1976=DIRECTION('',(0.,0.,1.));
#1977=DIRECTION('',(1.,0.,0.));
#1978=DIRECTION('',(0.,0.,-1.));
#1979=DIRECTION('',(-1.,0.,0.));
#1980=DIRECTION('',(1.,0.,0.));
#1981=DIRECTION('',(0.,1.,0.));
#1982=DIRECTION('',(1.,0.,0.));
#1983=DIRECTION('',(0.,0.342020143325668,-0.939692620785908));
#1984=DIRECTION('',(1.,0.,0.));
#1985=DIRECTION('',(0.,0.342020143325668,-0.939692620785908));
#1986=DIRECTION('',(1.,0.,0.));
#1987=DIRECTION('',(0.,0.642787609686539,-0.766044443118978));
#1988=DIRECTION('',(1.,0.,0.));
#1989=DIRECTION('',(0.,0.642787609686539,-0.766044443118978));
#1990=DIRECTION('',(1.,0.,0.));
#1991=DIRECTION('',(0.,0.866025403784439,-0.5));
#1992=DIRECTION('',(1.,0.,0.));
#1993=DIRECTION('',(0.,0.866025403784439,-0.5));
#1994=DIRECTION('',(1.,0.,0.));
#1995=DIRECTION('',(0.,0.984807753012208,-0.17364817766693));
#1996=DIRECTION('',(1.,0.,0.));
#1997=DIRECTION('',(0.,0.984807753012208,-0.17364817766693));
#1998=DIRECTION('',(1.,0.,0.));
#1999=DIRECTION('',(0.,0.984807753012208,0.17364817766693));
#2000=DIRECTION('',(1.,0.,0.));
#2001=DIRECTION('',(0.,0.984807753012208,0.17364817766693));
#2002=DIRECTION('',(1.,0.,0.));
#2003=DIRECTION('',(0.,0.866025403784439,0.5));
#2004=DIRECTION('',(1.,0.,0.));
#2005=DIRECTION('',(0.,0.866025403784439,0.5));
#2006=DIRECTION('',(1.,0.,0.));
#2007=DIRECTION('',(0.,0.64278760968654,0.766044443118978));
#2008=DIRECTION('',(1.,0.,0.));
#2009=DIRECTION('',(0.,0.64278760968654,0.766044443118978));
#2010=DIRECTION('',(1.,0.,0.));
#2011=DIRECTION('',(0.,0.342020143325669,0.939692620785908));
#2012=DIRECTION('',(1.,0.,0.));
#2013=DIRECTION('',(0.,0.342020143325669,0.939692620785908));
#2014=DIRECTION('',(1.,0.,0.));
#2015=DIRECTION('',(0.,1.22464679914735E-16,1.));
#2016=DIRECTION('',(1.,0.,0.));
#2017=DIRECTION('',(0.,1.22464679914735E-16,1.));
#2018=DIRECTION('',(1.,0.,0.));
#2019=DIRECTION('',(0.,-0.342020143325668,0.939692620785908));
#2020=DIRECTION('',(1.,0.,0.));
#2021=DIRECTION('',(0.,-0.342020143325668,0.939692620785908));
#2022=DIRECTION('',(1.,0.,0.));
#2023=DIRECTION('',(0.,-0.642787609686539,0.766044443118978));
#2024=DIRECTION('',(1.,0.,0.));
#2025=DIRECTION('',(0.,-0.642787609686539,0.766044443118978));
#2026=DIRECTION('',(1.,0.,0.));
#2027=DIRECTION('',(0.,-0.866025403784438,0.5));
#2028=DIRECTION('',(1.,0.,0.));
#2029=DIRECTION('',(0.,-0.866025403784438,0.5));
#2030=DIRECTION('',(1.,0.,0.));
#2031=DIRECTION('',(0.,-0.984807753012208,0.17364817766693));
#2032=DIRECTION('',(1.,0.,0.));
#2033=DIRECTION('',(0.,-0.984807753012208,0.17364817766693));
#2034=DIRECTION('',(1.,0.,0.));
#2035=DIRECTION('',(0.,-0.984807753012208,-0.17364817766693));
#2036=DIRECTION('',(1.,0.,0.));
#2037=DIRECTION('',(0.,-0.984807753012208,-0.17364817766693));
#2038=DIRECTION('',(1.,0.,0.));
#2039=DIRECTION('',(0.,-0.866025403784439,-0.5));
#2040=DIRECTION('',(1.,0.,0.));
#2041=DIRECTION('',(0.,-0.866025403784439,-0.5));
#2042=DIRECTION('',(1.,0.,0.));
#2043=DIRECTION('',(0.,-0.64278760968654,-0.766044443118978));
#2044=DIRECTION('',(1.,0.,0.));
#2045=DIRECTION('',(0.,-0.64278760968654,-0.766044443118978));
#2046=DIRECTION('',(1.,0.,0.));
#2047=DIRECTION('',(0.,-0.342020143325669,-0.939692620785908));
#2048=DIRECTION('',(-1.,0.,0.));
#2049=DIRECTION('',(0.,-0.342020143325668,0.939692620785908));
#2050=DIRECTION('',(-1.,0.,0.));
#2051=DIRECTION('',(-1.,0.,0.));
#2052=DIRECTION('',(-1.,0.,0.));
#2053=DIRECTION('',(0.,-0.342020143325668,0.939692620785908));
#2054=DIRECTION('',(-1.,0.,0.));
#2055=DIRECTION('',(0.,-0.642787609686539,0.766044443118978));
#2056=DIRECTION('',(-1.,0.,0.));
#2057=DIRECTION('',(-1.,0.,0.));
#2058=DIRECTION('',(-1.,0.,0.));
#2059=DIRECTION('',(0.,-0.642787609686539,0.766044443118978));
#2060=DIRECTION('',(-1.,0.,0.));
#2061=DIRECTION('',(0.,-0.866025403784439,0.5));
#2062=DIRECTION('',(-1.,0.,0.));
#2063=DIRECTION('',(-1.,0.,0.));
#2064=DIRECTION('',(-1.,0.,0.));
#2065=DIRECTION('',(0.,-0.866025403784439,0.5));
#2066=DIRECTION('',(-1.,0.,0.));
#2067=DIRECTION('',(0.,-0.984807753012208,0.17364817766693));
#2068=DIRECTION('',(-1.,0.,0.));
#2069=DIRECTION('',(-1.,0.,0.));
#2070=DIRECTION('',(-1.,0.,0.));
#2071=DIRECTION('',(0.,-0.984807753012208,0.17364817766693));
#2072=DIRECTION('',(-1.,0.,0.));
#2073=DIRECTION('',(0.,-0.984807753012208,-0.17364817766693));
#2074=DIRECTION('',(-1.,0.,0.));
#2075=DIRECTION('',(-1.,0.,0.));
#2076=DIRECTION('',(-1.,0.,0.));
#2077=DIRECTION('',(0.,-0.984807753012208,-0.17364817766693));
#2078=DIRECTION('',(-1.,0.,0.));
#2079=DIRECTION('',(0.,-0.866025403784439,-0.5));
#2080=DIRECTION('',(-1.,0.,0.));
#2081=DIRECTION('',(-1.,0.,0.));
#2082=DIRECTION('',(-1.,0.,0.));
#2083=DIRECTION('',(0.,-0.866025403784439,-0.5));
#2084=DIRECTION('',(-1.,0.,0.));
#2085=DIRECTION('',(0.,-0.64278760968654,-0.766044443118978));
#2086=DIRECTION('',(-1.,0.,0.));
#2087=DIRECTION('',(-1.,0.,0.));
#2088=DIRECTION('',(-1.,0.,0.));
#2089=DIRECTION('',(0.,-0.64278760968654,-0.766044443118978));
#2090=DIRECTION('',(-1.,0.,0.));
#2091=DIRECTION('',(0.,-0.342020143325669,-0.939692620785908));
#2092=DIRECTION('',(-1.,0.,0.));
#2093=DIRECTION('',(-1.,0.,0.));
#2094=DIRECTION('',(-1.,0.,0.));
#2095=DIRECTION('',(0.,-0.342020143325669,-0.939692620785908));
#2096=DIRECTION('',(-1.,0.,0.));
#2097=DIRECTION('',(0.,-1.22464679914735E-16,-1.));
#2098=DIRECTION('',(-1.,0.,0.));
#2099=DIRECTION('',(-1.,0.,0.));
#2100=DIRECTION('',(-1.,0.,0.));
#2101=DIRECTION('',(0.,-1.22464679914735E-16,-1.));
#2102=DIRECTION('',(-1.,0.,0.));
#2103=DIRECTION('',(0.,0.342020143325668,-0.939692620785908));
#2104=DIRECTION('',(-1.,0.,0.));
#2105=DIRECTION('',(-1.,0.,0.));
#2106=DIRECTION('',(-1.,0.,0.));
#2107=DIRECTION('',(0.,0.342020143325668,-0.939692620785908));
#2108=DIRECTION('',(-1.,0.,0.));
#2109=DIRECTION('',(0.,0.642787609686539,-0.766044443118978));
#2110=DIRECTION('',(-1.,0.,0.));
#2111=DIRECTION('',(-1.,0.,0.));
#2112=DIRECTION('',(-1.,0.,0.));
#2113=DIRECTION('',(0.,0.642787609686539,-0.766044443118978));
#2114=DIRECTION('',(-1.,0.,0.));
#2115=DIRECTION('',(0.,0.866025403784438,-0.5));
#2116=DIRECTION('',(-1.,0.,0.));
#2117=DIRECTION('',(-1.,0.,0.));
#2118=DIRECTION('',(-1.,0.,0.));
#2119=DIRECTION('',(0.,0.866025403784438,-0.5));
#2120=DIRECTION('',(-1.,0.,0.));
#2121=DIRECTION('',(0.,0.984807753012208,-0.17364817766693));
#2122=DIRECTION('',(-1.,0.,0.));
#2123=DIRECTION('',(-1.,0.,0.));
#2124=DIRECTION('',(-1.,0.,0.));
#2125=DIRECTION('',(0.,0.984807753012208,-0.17364817766693));
#2126=DIRECTION('',(-1.,0.,0.));
#2127=DIRECTION('',(0.,0.984807753012208,0.17364817766693));
#2128=DIRECTION('',(-1.,0.,0.));
#2129=DIRECTION('',(-1.,0.,0.));
#2130=DIRECTION('',(-1.,0.,0.));
#2131=DIRECTION('',(0.,0.984807753012208,0.17364817766693));
#2132=DIRECTION('',(-1.,0.,0.));
#2133=DIRECTION('',(0.,0.866025403784439,0.5));
#2134=DIRECTION('',(-1.,0.,0.));
#2135=DIRECTION('',(-1.,0.,0.));
#2136=DIRECTION('',(-1.,0.,0.));
#2137=DIRECTION('',(0.,0.866025403784439,0.5));
#2138=DIRECTION('',(-1.,0.,0.));
#2139=DIRECTION('',(0.,0.64278760968654,0.766044443118978));
#2140=DIRECTION('',(-1.,0.,0.));
#2141=DIRECTION('',(-1.,0.,0.));
#2142=DIRECTION('',(-1.,0.,0.));
#2143=DIRECTION('',(0.,0.64278760968654,0.766044443118978));
#2144=DIRECTION('',(-1.,0.,0.));
#2145=DIRECTION('',(0.,0.342020143325669,0.939692620785908));
#2146=DIRECTION('',(0.,1.,0.));
#2147=DIRECTION('',(0.,0.,1.));
#2148=DIRECTION('',(1.,0.,0.));
#2149=DIRECTION('',(0.,0.,1.));
#2150=DIRECTION('',(1.,0.,0.));
#2151=DIRECTION('',(-1.,0.,0.));
#2152=DIRECTION('',(0.,-1.,0.));
#2153=DIRECTION('',(0.,-1.,0.));
#2154=DIRECTION('',(0.,-1.,0.));
#2155=DIRECTION('',(0.,0.,1.));
#2156=DIRECTION('',(1.,0.,0.));
#2157=DIRECTION('',(0.,0.,1.));
#2158=DIRECTION('',(1.,0.,0.));
#2159=DIRECTION('',(0.,-1.,0.));
#2160=DIRECTION('',(0.,0.,-1.));
#2161=DIRECTION('',(1.,0.,0.));
#2162=DIRECTION('',(0.,0.,-1.));
#2163=DIRECTION('',(1.,0.,0.));
#2164=DIRECTION('',(-1.,0.,0.));
#2165=DIRECTION('',(0.,-1.,0.));
#2166=DIRECTION('',(0.,1.,0.));
#2167=DIRECTION('',(0.,1.,0.));
#2168=DIRECTION('',(0.,0.,-1.));
#2169=DIRECTION('',(-1.,0.,0.));
#2170=DIRECTION('',(0.,0.,-1.));
#2171=DIRECTION('',(-1.,0.,0.));
#2172=DIRECTION('',(0.,0.,1.));
#2173=DIRECTION('',(1.,0.,0.));
#2174=DIRECTION('',(1.,0.,0.));
#2175=DIRECTION('',(0.,-1.,0.));
#2176=DIRECTION('',(1.,0.,0.));
#2177=DIRECTION('',(0.,-1.,0.));
#2178=DIRECTION('',(0.,0.,-1.));
#2179=DIRECTION('',(0.,0.,-1.));
#2180=DIRECTION('',(0.,-1.,0.));
#2181=DIRECTION('',(0.,0.,-1.));
#2182=DIRECTION('',(0.,0.,-1.));
#2183=DIRECTION('',(-1.,0.,0.));
#2184=DIRECTION('',(0.,-1.,0.));
#2185=DIRECTION('',(-1.,0.,0.));
#2186=DIRECTION('',(0.,-1.,0.));
#2187=DIRECTION('',(0.,0.,1.));
#2188=DIRECTION('',(0.,0.,1.));
#2189=DIRECTION('',(0.,1.,0.));
#2190=DIRECTION('',(0.,1.,0.));
#2191=DIRECTION('',(0.,0.,1.));
#2192=DIRECTION('',(1.,0.,0.));
#2193=DIRECTION('',(0.,0.,-1.));
#2194=DIRECTION('',(-1.,0.,0.));
#2195=DIRECTION('',(1.,0.,0.));
#2196=DIRECTION('',(0.,1.,0.));
#2197=DIRECTION('',(0.,0.,1.));
#2198=CARTESIAN_POINT('',(0.,0.,0.));
#2199=CARTESIAN_POINT('',(0.0706517980303802,0.0384151169633627,0.0215));
#2200=CARTESIAN_POINT('',(0.076,0.0384151169633627,0.0215));
#2201=CARTESIAN_POINT('',(0.076,0.0328634651120659,0.0191334979422118));
#2202=CARTESIAN_POINT('',(0.076,0.0331785942366362,0.0185));
#2203=CARTESIAN_POINT('',(0.0706517980303803,0.0321401685538559,0.0197933179890301));
#2204=CARTESIAN_POINT('',(0.0706517980303803,0.0322174574859647,0.0195091501953281));
#2205=CARTESIAN_POINT('',(0.0707507471801222,0.0324174186792155,0.0189609061144099));
#2206=CARTESIAN_POINT('',(0.071182484685166,0.0328084476654707,0.0182761268222381));
#2207=CARTESIAN_POINT('',(0.0719551777378915,0.0331257520395001,0.0179143018045983));
#2208=CARTESIAN_POINT('',(0.0728382239707892,0.0332335932664832,0.017896600955576));
#2209=CARTESIAN_POINT('',(0.07369846071762,0.0332415689831349,0.0180165017612482));
#2210=CARTESIAN_POINT('',(0.0748273986328532,0.0331600501864776,0.0183203991872121));
#2211=CARTESIAN_POINT('',(0.0755733580433914,0.0329850830310152,0.0187530019262037));
#2212=CARTESIAN_POINT('',(0.0760000000000001,0.0328634651120659,0.0191334979422117));
#2213=CARTESIAN_POINT('',(0.0706517980307892,0.0321401685540599,0.0197933179890283));
#2214=CARTESIAN_POINT('',(0.0706517980303802,0.0384151169633627,0.0215));
#2215=CARTESIAN_POINT('',(0.0706517980435463,0.0446900653663029,0.0197933179889718));
#2216=CARTESIAN_POINT('',(0.076,0.0439590280364273,0.0191154203134563));
#2217=CARTESIAN_POINT('',(0.0757891608366931,0.0438904301243784,0.0189092529648426));
#2218=CARTESIAN_POINT('',(0.0753435069235011,0.0437481580858703,0.0185357187344806));
#2219=CARTESIAN_POINT('',(0.0745899465967309,0.0435280759350245,0.0180602193101246));
#2220=CARTESIAN_POINT('',(0.0737213506311214,0.0434538658726587,0.0178282602154961));
#2221=CARTESIAN_POINT('',(0.0728246981681641,0.0434633919652382,0.0177103798709299));
#2222=CARTESIAN_POINT('',(0.071911832861411,0.0436102453934629,0.0177701284370227));
#2223=CARTESIAN_POINT('',(0.0711659084331104,0.0439856075715493,0.0182057782156646));
#2224=CARTESIAN_POINT('',(0.0707560053096568,0.0444010076097773,0.0189305284854199));
#2225=CARTESIAN_POINT('',(0.07065179803038,0.0446098296795829,0.0194983158546312));
#2226=CARTESIAN_POINT('',(0.0706517980303799,0.0446900653728698,0.0197933179890301));
#2227=CARTESIAN_POINT('',(0.076,0.0439590280364272,0.0191154203134563));
#2228=CARTESIAN_POINT('',(0.076,0.0384151169633627,0.0215));
#2229=CARTESIAN_POINT('',(0.076,0.0436516396900893,0.0185));
#2230=CARTESIAN_POINT('',(0.076,0.0436516396900893,0.0185));
#2231=CARTESIAN_POINT('',(0.0761333346215864,0.0436381956849322,0.0185));
#2232=CARTESIAN_POINT('',(0.0762666679649034,0.0436247390158344,0.0185));
#2233=CARTESIAN_POINT('',(0.0764,0.0436112693860697,0.0185));
#2234=CARTESIAN_POINT('',(0.0764,0.0436112693860694,0.0185));
#2235=CARTESIAN_POINT('',(0.0764,0.0384151169633627,0.0215));
#2236=CARTESIAN_POINT('',(0.0764,0.0414151169633628,0.0163038475772933));
#2237=CARTESIAN_POINT('',(0.076,0.0414151169633628,0.0162634772732734));
#2238=CARTESIAN_POINT('',(0.0761333346215786,0.0414151169633628,0.0162769212784297));
#2239=CARTESIAN_POINT('',(0.0762666679648955,0.0414151169633628,0.0162903779475275));
#2240=CARTESIAN_POINT('',(0.0764000000000001,0.0414151169633628,0.016303847577293));
#2241=CARTESIAN_POINT('',(0.076,0.0414151169633628,0.0162634772732734));
#2242=CARTESIAN_POINT('',(0.076,0.0384151169633627,0.0215));
#2243=CARTESIAN_POINT('',(0.076,0.0354151169633627,0.0162634772732735));
#2244=CARTESIAN_POINT('',(0.076,0.0354151169633627,0.0162634772732735));
#2245=CARTESIAN_POINT('',(0.0761333346215786,0.0354151169633627,0.0162769212784298));
#2246=CARTESIAN_POINT('',(0.0762666679648955,0.0354151169633627,0.0162903779475276));
#2247=CARTESIAN_POINT('',(0.0764,0.0354151169633627,0.0163038475772931));
#2248=CARTESIAN_POINT('',(0.0764,0.0354151169633627,0.0163038475772934));
#2249=CARTESIAN_POINT('',(0.0764,0.0384151169633627,0.0215));
#2250=CARTESIAN_POINT('',(0.0764,0.0332189645406561,0.0185));
#2251=CARTESIAN_POINT('',(0.076,0.0331785942366362,0.0185));
#2252=CARTESIAN_POINT('',(0.0761333346216079,0.0331920382417954,0.0185));
#2253=CARTESIAN_POINT('',(0.0762666679649251,0.0332054949108933,0.0185));
#2254=CARTESIAN_POINT('',(0.0764,0.0332189645406558,0.0185));
#2255=CARTESIAN_POINT('',(0.0706517980303802,0.0384151169633627,0.0215));
#2256=CARTESIAN_POINT('',(0.076,0.0384151169633627,0.0215));
#2257=CARTESIAN_POINT('',(0.076,0.0439667688146595,0.0238665020577886));
#2258=CARTESIAN_POINT('',(0.076,0.0436516396900894,0.0245));
#2259=CARTESIAN_POINT('',(0.0706517980303802,0.0446900653728696,0.0232066820109699));
#2260=CARTESIAN_POINT('',(0.0706517980303802,0.0446127764407609,0.023490849804672));
#2261=CARTESIAN_POINT('',(0.0707507471801223,0.04441281524751,0.0240390938855901));
#2262=CARTESIAN_POINT('',(0.0711824846851659,0.0440217862612548,0.024723873177762));
#2263=CARTESIAN_POINT('',(0.0719551777378915,0.0437044818872255,0.0250856981954016));
#2264=CARTESIAN_POINT('',(0.0728382239707891,0.0435966406602423,0.025103399044424));
#2265=CARTESIAN_POINT('',(0.0736984607176199,0.0435886649435906,0.0249834982387518));
#2266=CARTESIAN_POINT('',(0.074827398632853,0.0436701837402478,0.0246796008127879));
#2267=CARTESIAN_POINT('',(0.0755733580433911,0.0438451508957103,0.0242469980737964));
#2268=CARTESIAN_POINT('',(0.0759999999999999,0.0439667688146595,0.0238665020577885));
#2269=CARTESIAN_POINT('',(0.0706517980307893,0.0446900653726656,0.0232066820109717));
#2270=CARTESIAN_POINT('',(0.0706517980303802,0.0384151169633627,0.0215));
#2271=CARTESIAN_POINT('',(0.0706517980435462,0.0321401685604225,0.0232066820110282));
#2272=CARTESIAN_POINT('',(0.076,0.0328712058902981,0.0238845796865433));
#2273=CARTESIAN_POINT('',(0.0757891608366932,0.032939803802347,0.0240907470351572));
#2274=CARTESIAN_POINT('',(0.0753435069235014,0.0330820758408551,0.0244642812655192));
#2275=CARTESIAN_POINT('',(0.0745899465967311,0.0333021579917009,0.0249397806898753));
#2276=CARTESIAN_POINT('',(0.0737213506311216,0.0333763680540669,0.0251717397845038));
#2277=CARTESIAN_POINT('',(0.0728246981681642,0.0333668419614872,0.0252896201290701));
#2278=CARTESIAN_POINT('',(0.071911832861411,0.0332199885332628,0.0252298715629774));
#2279=CARTESIAN_POINT('',(0.0711659084331104,0.0328446263551762,0.0247942217843354));
#2280=CARTESIAN_POINT('',(0.0707560053096567,0.0324292263169482,0.0240694715145802));
#2281=CARTESIAN_POINT('',(0.0706517980303799,0.0322204042471426,0.0235016841453688));
#2282=CARTESIAN_POINT('',(0.0706517980303799,0.0321401685538557,0.0232066820109699));
#2283=CARTESIAN_POINT('',(0.076,0.0328712058902981,0.0238845796865433));
#2284=CARTESIAN_POINT('',(0.076,0.0384151169633627,0.0215));
#2285=CARTESIAN_POINT('',(0.076,0.0331785942366362,0.0245));
#2286=CARTESIAN_POINT('',(0.076,0.0331785942366362,0.0245));
#2287=CARTESIAN_POINT('',(0.0761333346215864,0.0331920382417933,0.0245));
#2288=CARTESIAN_POINT('',(0.0762666679649034,0.0332054949108911,0.0245));
#2289=CARTESIAN_POINT('',(0.0764,0.0332189645406558,0.0245));
#2290=CARTESIAN_POINT('',(0.0764,0.0332189645406561,0.0245));
#2291=CARTESIAN_POINT('',(0.0764,0.0384151169633627,0.0215));
#2292=CARTESIAN_POINT('',(0.0764,0.0354151169633628,0.0266961524227066));
#2293=CARTESIAN_POINT('',(0.076,0.0354151169633628,0.0267365227267266));
#2294=CARTESIAN_POINT('',(0.0761333346215786,0.0354151169633628,0.0267230787215703));
#2295=CARTESIAN_POINT('',(0.0762666679648955,0.0354151169633628,0.0267096220524725));
#2296=CARTESIAN_POINT('',(0.0764,0.0354151169633628,0.026696152422707));
#2297=CARTESIAN_POINT('',(0.076,0.0354151169633628,0.0267365227267266));
#2298=CARTESIAN_POINT('',(0.076,0.0384151169633627,0.0215));
#2299=CARTESIAN_POINT('',(0.076,0.0414151169633628,0.0267365227267266));
#2300=CARTESIAN_POINT('',(0.076,0.0414151169633628,0.0267365227267266));
#2301=CARTESIAN_POINT('',(0.0761333346215786,0.0414151169633628,0.0267230787215703));
#2302=CARTESIAN_POINT('',(0.0762666679648955,0.0414151169633628,0.0267096220524725));
#2303=CARTESIAN_POINT('',(0.0764000000000001,0.0414151169633628,0.026696152422707));
#2304=CARTESIAN_POINT('',(0.0764,0.0414151169633628,0.0266961524227066));
#2305=CARTESIAN_POINT('',(0.0764,0.0384151169633627,0.0215));
#2306=CARTESIAN_POINT('',(0.0764,0.0436112693860694,0.0245));
#2307=CARTESIAN_POINT('',(0.076,0.0436516396900893,0.0245));
#2308=CARTESIAN_POINT('',(0.076133334621608,0.0436381956849301,0.0245));
#2309=CARTESIAN_POINT('',(0.0762666679649251,0.0436247390158322,0.0245));
#2310=CARTESIAN_POINT('',(0.0764,0.0436112693860697,0.0245));
#2311=CARTESIAN_POINT('',(0.054,0.0440151169633628,0.0215));
#2312=CARTESIAN_POINT('',(0.054,0.0428203801212575,0.0195937847682658));
#2313=CARTESIAN_POINT('',(0.054,0.0424572222265206,0.0207375139073064));
#2314=CARTESIAN_POINT('',(0.054,0.0417190643317839,0.0200703385761994));
#2315=CARTESIAN_POINT('',(0.054,0.0422151169633628,0.0215));
#2316=CARTESIAN_POINT('',(0.054,0.0424572222265206,0.0222624860926937));
#2317=CARTESIAN_POINT('',(0.054,0.0428203801212576,0.0234062152317342));
#2318=CARTESIAN_POINT('',(0.054,0.0417190643317839,0.0229296614238006));
#2319=CARTESIAN_POINT('',(0.054,0.0384151169633627,0.0215));
#2320=CARTESIAN_POINT('',(0.054,0.0351111695949417,0.0229296614238006));
#2321=CARTESIAN_POINT('',(0.054,0.034009853805468,0.0234062152317342));
#2322=CARTESIAN_POINT('',(0.054,0.0343730117002049,0.0222624860926937));
#2323=CARTESIAN_POINT('',(0.054,0.0346151169633628,0.0215));
#2324=CARTESIAN_POINT('',(0.054,0.0343730117002049,0.0207375139073064));
#2325=CARTESIAN_POINT('',(0.054,0.0340098538054681,0.0195937847682658));
#2326=CARTESIAN_POINT('',(0.054,0.0351111695949417,0.0200703385761994));
#2327=CARTESIAN_POINT('',(0.054,0.0384151169633627,0.0215));
#2328=CARTESIAN_POINT('',(0.054,0.0384151169633627,0.0215));
#2329=CARTESIAN_POINT('',(0.054,0.0384151169633627,0.0291));
#2330=CARTESIAN_POINT('',(0.0599,0.0384151169633627,0.0215));
#2331=CARTESIAN_POINT('',(0.066,0.0384151169633627,0.0215));
#2332=CARTESIAN_POINT('',(0.066,0.0417190643317839,0.0200703385761994));
#2333=CARTESIAN_POINT('',(0.066,0.0351111695949417,0.0200703385761994));
#2334=CARTESIAN_POINT('',(0.066002,0.0417190643317839,0.0200703385761994));
#2335=CARTESIAN_POINT('',(0.066002,0.0351111695949417,0.0200703385761994));
#2336=CARTESIAN_POINT('',(0.0671547005383793,0.0384151169633627,0.0215));
#2337=CARTESIAN_POINT('',(0.0706517980303803,0.0446900653724031,0.0197933179873151));
#2338=CARTESIAN_POINT('',(0.070651798030243,0.0446215244624888,0.0195413139986884));
#2339=CARTESIAN_POINT('',(0.0705944977296524,0.0445128778222569,0.0190414840542956));
#2340=CARTESIAN_POINT('',(0.070267789951118,0.044516516528388,0.0182942561304957));
#2341=CARTESIAN_POINT('',(0.0697060735631771,0.0448901633828443,0.0178200067779821));
#2342=CARTESIAN_POINT('',(0.0691653617716083,0.0455165554713002,0.0178287242063344));
#2343=CARTESIAN_POINT('',(0.0688047142536562,0.0461069376297951,0.0182270640919129));
#2344=CARTESIAN_POINT('',(0.068556812120138,0.0465866164578195,0.0187946995763142));
#2345=CARTESIAN_POINT('',(0.0683142774894797,0.0470126342662632,0.0194041599476325));
#2346=CARTESIAN_POINT('',(0.0680640053889769,0.0473356985383609,0.01974648724191));
#2347=CARTESIAN_POINT('',(0.067892999473146,0.0475227740717694,0.0198178321675074));
#2348=CARTESIAN_POINT('',(0.0678929994731483,0.0475227740717934,0.0198178321675057));
#2349=CARTESIAN_POINT('',(0.0678929994820978,0.029307459865273,0.0198178321607102));
#2350=CARTESIAN_POINT('',(0.0679808550954357,0.029409094267874,0.0197512758642497));
#2351=CARTESIAN_POINT('',(0.0681049490886251,0.029578464897717,0.0195340140305749));
#2352=CARTESIAN_POINT('',(0.0682525430731132,0.0298515172050292,0.0190405130227944));
#2353=CARTESIAN_POINT('',(0.068389275164549,0.0302005134021911,0.0184043096672671));
#2354=CARTESIAN_POINT('',(0.0685685632981193,0.0306918220852748,0.0177150052161297));
#2355=CARTESIAN_POINT('',(0.0689348088479195,0.0314099978018272,0.0171889314860091));
#2356=CARTESIAN_POINT('',(0.0696113040759064,0.0320555593442797,0.0174453775269528));
#2357=CARTESIAN_POINT('',(0.0701965406713456,0.0323397984406932,0.0180904018072237));
#2358=CARTESIAN_POINT('',(0.0705731343945757,0.0323400747679908,0.0189219535980326));
#2359=CARTESIAN_POINT('',(0.0706517980303802,0.0322186722953641,0.0195046837122575));
#2360=CARTESIAN_POINT('',(0.0706517980303801,0.0321401685538558,0.0197933179890301));
#2361=CARTESIAN_POINT('',(0.0678929994817844,0.0293074598699032,0.0198178321673671));
#2362=CARTESIAN_POINT('',(0.0671547005383792,0.0285564213111888,0.0198248522340381));
#2363=CARTESIAN_POINT('',(0.0671547005383792,0.0285330475977672,0.0199624128311195));
#2364=CARTESIAN_POINT('',(0.0672226856338789,0.0285586353489617,0.0202664417963609));
#2365=CARTESIAN_POINT('',(0.0675445750291936,0.0288694480577231,0.020391077309876));
#2366=CARTESIAN_POINT('',(0.0678050351597161,0.02915441246243,0.0201995878108956));
#2367=CARTESIAN_POINT('',(0.0679017137922646,0.0292906538952121,0.0199568030433583));
#2368=CARTESIAN_POINT('',(0.0678929994731272,0.0293074598548955,0.0198178321675061));
#2369=CARTESIAN_POINT('',(0.0671547005383793,0.0285564213111888,0.0198248522340381));
#2370=CARTESIAN_POINT('',(0.0671547005383793,0.0384151169633627,0.0215));
#2371=CARTESIAN_POINT('',(0.0671547005383793,0.0482738126155367,0.0198248522340379));
#2372=CARTESIAN_POINT('',(0.0678929994731271,0.0475227740718301,0.0198178321675061));
#2373=CARTESIAN_POINT('',(0.0679017214165462,0.0475395947352866,0.0199569246309541));
#2374=CARTESIAN_POINT('',(0.067805097653861,0.0476756849523014,0.0201991384982861));
#2375=CARTESIAN_POINT('',(0.0675460494780814,0.0479591904128691,0.0203901713039148));
#2376=CARTESIAN_POINT('',(0.0672241397132772,0.0482704976530519,0.0202692802451998));
#2377=CARTESIAN_POINT('',(0.0671547005383793,0.0482972273122626,0.0199626540289));
#2378=CARTESIAN_POINT('',(0.0671547005383793,0.0482738126155367,0.019824852234038));
#2379=CARTESIAN_POINT('',(0.0599,0.0384151169633627,0.0215));
#2380=CARTESIAN_POINT('',(0.066002,0.0417190643317839,0.0229296614238006));
#2381=CARTESIAN_POINT('',(0.066,0.0417190643317839,0.0229296614238006));
#2382=CARTESIAN_POINT('',(0.066,0.0384151169633627,0.0215));
#2383=CARTESIAN_POINT('',(0.066,0.0351111695949417,0.0229296614238006));
#2384=CARTESIAN_POINT('',(0.066002,0.0351111695949417,0.0229296614238006));
#2385=CARTESIAN_POINT('',(0.066,0.0413401169633628,0.0215));
#2386=CARTESIAN_POINT('',(0.066,0.0384151169633627,0.0215));
#2387=CARTESIAN_POINT('',(0.066,0.0384151169633627,0.02375));
#2388=CARTESIAN_POINT('',(0.066,0.0428203801212576,0.0234062152317342));
#2389=CARTESIAN_POINT('',(0.066,0.0424572222265206,0.0222624860926937));
#2390=CARTESIAN_POINT('',(0.066,0.0422151169633628,0.0215));
#2391=CARTESIAN_POINT('',(0.066,0.0424572222265206,0.0207375139073064));
#2392=CARTESIAN_POINT('',(0.066,0.0428203801212575,0.0195937847682658));
#2393=CARTESIAN_POINT('',(0.066,0.0340098538054681,0.0195937847682658));
#2394=CARTESIAN_POINT('',(0.066,0.0343730117002049,0.0207375139073064));
#2395=CARTESIAN_POINT('',(0.066,0.0346151169633628,0.0215));
#2396=CARTESIAN_POINT('',(0.066,0.0343730117002049,0.0222624860926937));
#2397=CARTESIAN_POINT('',(0.066,0.034009853805468,0.0234062152317342));
#2398=CARTESIAN_POINT('',(0.0599,0.0384151169633627,0.0215));
#2399=CARTESIAN_POINT('',(0.0764,0.0384151169633627,0.0215));
#2400=CARTESIAN_POINT('',(0.0764,0.0384151169633627,0.02375));
#2401=CARTESIAN_POINT('',(0.0764,0.0425401169633628,0.0215));
#2402=CARTESIAN_POINT('',(0.0764,0.0354151169633627,0.0123038475772933));
#2403=CARTESIAN_POINT('',(0.0764,0.0354151169633627,0.00830384757729333));
#2404=CARTESIAN_POINT('',(0.0764,0.0384151169633627,0.00830384757729333));
#2405=CARTESIAN_POINT('',(0.0764,0.0414151169633628,0.00830384757729333));
#2406=CARTESIAN_POINT('',(0.0764,0.0414151169633628,0.0123038475772933));
#2407=CARTESIAN_POINT('',(0.0764,0.0476112693860694,0.0185));
#2408=CARTESIAN_POINT('',(0.0764,0.0516112693860694,0.0185));
#2409=CARTESIAN_POINT('',(0.0764,0.0516112693860694,0.0215));
#2410=CARTESIAN_POINT('',(0.0764,0.0516112693860694,0.0245));
#2411=CARTESIAN_POINT('',(0.0764,0.0476112693860694,0.0245));
#2412=CARTESIAN_POINT('',(0.0764,0.0414151169633628,0.0306961524227066));
#2413=CARTESIAN_POINT('',(0.0764,0.0414151169633628,0.0346961524227066));
#2414=CARTESIAN_POINT('',(0.0764,0.0384151169633627,0.0346961524227066));
#2415=CARTESIAN_POINT('',(0.0764,0.0354151169633628,0.0346961524227066));
#2416=CARTESIAN_POINT('',(0.0764,0.0354151169633628,0.0306961524227066));
#2417=CARTESIAN_POINT('',(0.0764,0.0292189645406561,0.0245));
#2418=CARTESIAN_POINT('',(0.0764,0.0252189645406561,0.0245));
#2419=CARTESIAN_POINT('',(0.0764,0.0252189645406561,0.0215));
#2420=CARTESIAN_POINT('',(0.0764,0.0252189645406561,0.0185));
#2421=CARTESIAN_POINT('',(0.0764,0.0292189645406561,0.0185));
#2422=CARTESIAN_POINT('',(0.0671547005383793,0.0384151169633627,0.0215));
#2423=CARTESIAN_POINT('',(0.0671547005383793,0.0482738126155367,0.0231751477659618));
#2424=CARTESIAN_POINT('',(0.0671547005383793,0.0482971863289584,0.0230375871688805));
#2425=CARTESIAN_POINT('',(0.0672226856338789,0.0482715985777638,0.0227335582036391));
#2426=CARTESIAN_POINT('',(0.0675445750291934,0.0479607858690024,0.022608922690124));
#2427=CARTESIAN_POINT('',(0.0678050351597163,0.0476758214642955,0.0228004121891043));
#2428=CARTESIAN_POINT('',(0.0679017137922645,0.0475395800315134,0.0230431969566418));
#2429=CARTESIAN_POINT('',(0.0678929994731271,0.0475227740718301,0.0231821678324939));
#2430=CARTESIAN_POINT('',(0.0671547005383793,0.0482738126155367,0.0231751477659618));
#2431=CARTESIAN_POINT('',(0.0678929994817844,0.0475227740568224,0.0231821678326329));
#2432=CARTESIAN_POINT('',(0.0671547005383793,0.0384151169633627,0.0215));
#2433=CARTESIAN_POINT('',(0.0671547005383793,0.0285564213111889,0.0231751477659621));
#2434=CARTESIAN_POINT('',(0.0678929994731272,0.0293074598548955,0.023182167832494));
#2435=CARTESIAN_POINT('',(0.0679017214165464,0.029290639191439,0.0230430753690459));
#2436=CARTESIAN_POINT('',(0.0678050976538609,0.029154548974424,0.022800861501714));
#2437=CARTESIAN_POINT('',(0.0675460494780815,0.0288710435138564,0.0226098286960852));
#2438=CARTESIAN_POINT('',(0.0672241397132773,0.0285597362736736,0.0227307197548001));
#2439=CARTESIAN_POINT('',(0.0671547005383793,0.0285330066144629,0.0230373459711));
#2440=CARTESIAN_POINT('',(0.0671547005383793,0.0285564213111888,0.023175147765962));
#2441=CARTESIAN_POINT('',(0.0678929994731483,0.0293074598549322,0.0231821678324943));
#2442=CARTESIAN_POINT('',(0.0706517980303803,0.0321401685543224,0.0232066820126849));
#2443=CARTESIAN_POINT('',(0.070651798030243,0.0322087094642368,0.0234586860013116));
#2444=CARTESIAN_POINT('',(0.0705944977296522,0.0323173561044686,0.0239585159457045));
#2445=CARTESIAN_POINT('',(0.0702677899511181,0.0323137173983375,0.0247057438695043));
#2446=CARTESIAN_POINT('',(0.0697060735631771,0.0319400705438812,0.025179993222018));
#2447=CARTESIAN_POINT('',(0.0691653617716083,0.0313136784554253,0.0251712757936656));
#2448=CARTESIAN_POINT('',(0.0688047142536563,0.0307232962969305,0.0247729359080871));
#2449=CARTESIAN_POINT('',(0.068556812120138,0.030243617468906,0.0242053004236859));
#2450=CARTESIAN_POINT('',(0.0683142774894797,0.0298175996604623,0.0235958400523675));
#2451=CARTESIAN_POINT('',(0.068064005388977,0.0294945353883647,0.02325351275809));
#2452=CARTESIAN_POINT('',(0.067892999473146,0.0293074598549562,0.0231821678324926));
#2453=CARTESIAN_POINT('',(0.0678929994820977,0.0475227740614526,0.0231821678392897));
#2454=CARTESIAN_POINT('',(0.0679808550954356,0.0474211396588516,0.0232487241357501));
#2455=CARTESIAN_POINT('',(0.068104949088625,0.0472517690290087,0.0234659859694248));
#2456=CARTESIAN_POINT('',(0.0682525430731131,0.0469787167216966,0.0239594869772049));
#2457=CARTESIAN_POINT('',(0.0683892751645488,0.0466297205245348,0.024595690332732));
#2458=CARTESIAN_POINT('',(0.0685685632981187,0.0461384118414524,0.0252849947838683));
#2459=CARTESIAN_POINT('',(0.0689348088479181,0.0454202361249002,0.0258110685139907));
#2460=CARTESIAN_POINT('',(0.0696113040759051,0.0447746745824467,0.0255546224730483));
#2461=CARTESIAN_POINT('',(0.0701965406713451,0.0444904354860324,0.0249095981927772));
#2462=CARTESIAN_POINT('',(0.0705731343945757,0.0444901591587346,0.0240780464019678));
#2463=CARTESIAN_POINT('',(0.0706517980303802,0.0446115616313614,0.0234953162877427));
#2464=CARTESIAN_POINT('',(0.0706517980303801,0.0446900653728696,0.0232066820109699));
#2465=CARTESIAN_POINT('',(0.0599,0.0384151169633627,0.0215));
#2466=CARTESIAN_POINT('',(0.0671547005383793,0.0384151169633627,0.0215));
#2467=CARTESIAN_POINT('',(0.0671547005383793,0.0384151169633627,0.0215));
#2468=CARTESIAN_POINT('',(0.0651547005383793,0.0384151169633627,0.0215));
#2469=CARTESIAN_POINT('',(0.0651547005383793,0.0384151169633627,0.0315));
#2470=CARTESIAN_POINT('',(0.064,0.0384151169633627,0.0215));
#2471=CARTESIAN_POINT('',(0.064,0.0384151169633627,0.0215));
#2472=CARTESIAN_POINT('',(0.064,0.0384151169633627,0.0135));
#2473=CARTESIAN_POINT('',(0.059,0.0384151169633627,0.0215));
#2474=CARTESIAN_POINT('',(0.057,0.0384151169633627,0.0215));
#2475=CARTESIAN_POINT('',(0.057,0.0384151169633627,0.0315));
#2476=CARTESIAN_POINT('',(0.059,0.0384151169633627,0.0215));
#2477=CARTESIAN_POINT('',(0.059,0.0384151169633627,0.0135));
#2478=CARTESIAN_POINT('',(0.0599,0.0384151169633627,0.0215));
#2479=CARTESIAN_POINT('',(0.0554,0.0384151169633627,0.0215));
#2480=CARTESIAN_POINT('',(0.0554,0.0384151169633627,0.0315));
#2481=CARTESIAN_POINT('',(0.054,0.0384151169633627,0.0215));
#2482=CARTESIAN_POINT('',(0.0760736165900614,0.0332369046742685,0.0251008434626769));
#2483=CARTESIAN_POINT('',(0.0756879190803277,0.0332664290837806,0.0251302028736048));
#2484=CARTESIAN_POINT('',(0.0747872993479163,0.0334359767010885,0.0252999083781625));
#2485=CARTESIAN_POINT('',(0.0734518677849382,0.0334357237306396,0.0253358206601828));
#2486=CARTESIAN_POINT('',(0.0717461918067708,0.0332622678887992,0.0252592073797781));
#2487=CARTESIAN_POINT('',(0.0708590497472745,0.0327922614792312,0.0251314369445497));
#2488=CARTESIAN_POINT('',(0.0706297137313593,0.0326386000861432,0.0250893522794135));
#2489=CARTESIAN_POINT('',(0.0706187016345396,0.0326311460332091,0.0250873102028875));
#2490=CARTESIAN_POINT('',(0.0760688724462212,0.0331684483201155,0.0248739807657895));
#2491=CARTESIAN_POINT('',(0.075677480917582,0.033195070745178,0.0248998198472863));
#2492=CARTESIAN_POINT('',(0.074762895370292,0.0333479819984367,0.0250491726355321));
#2493=CARTESIAN_POINT('',(0.0734068868562347,0.0333486910179506,0.0250806401608782));
#2494=CARTESIAN_POINT('',(0.0717308754466025,0.0331773017227869,0.0250128825415139));
#2495=CARTESIAN_POINT('',(0.0708563285328318,0.0327250329830183,0.0249001211919382));
#2496=CARTESIAN_POINT('',(0.070630004346338,0.0325774888597194,0.0248629867635431));
#2497=CARTESIAN_POINT('',(0.0706191362778467,0.0325703321377974,0.0248611848997668));
#2498=CARTESIAN_POINT('',(0.0760641194415792,0.0330999919659625,0.024647118068902));
#2499=CARTESIAN_POINT('',(0.0756670283467905,0.0331237124065753,0.0246694368209677));
#2500=CARTESIAN_POINT('',(0.0747385007323779,0.0332599872957849,0.0247984368929017));
#2501=CARTESIAN_POINT('',(0.0733619022034525,0.0332616583052616,0.0248254596615737));
#2502=CARTESIAN_POINT('',(0.0717155610840196,0.0330923355567746,0.0247665577032497));
#2503=CARTESIAN_POINT('',(0.0708536060534339,0.0326578044868054,0.0246688054393266));
#2504=CARTESIAN_POINT('',(0.0706302950901682,0.0325163776332957,0.0246366212476728));
#2505=CARTESIAN_POINT('',(0.0706195711217975,0.0325095182423856,0.0246350595966461));
#2506=CARTESIAN_POINT('',(0.0760508846275423,0.0329102005007686,0.0240181537576585));
#2507=CARTESIAN_POINT('',(0.075637955860822,0.0329258753495956,0.024030712590591));
#2508=CARTESIAN_POINT('',(0.0746709282041435,0.033016026837297,0.0241032858793973));
#2509=CARTESIAN_POINT('',(0.0732371617614379,0.0330203649108731,0.0241179858054048));
#2510=CARTESIAN_POINT('',(0.0716731124876584,0.0328567715490374,0.0240836356787537));
#2511=CARTESIAN_POINT('',(0.0708460523985492,0.0324714171900104,0.0240274952767605));
#2512=CARTESIAN_POINT('',(0.0706311017447699,0.0323469501295052,0.0240090353433701));
#2513=CARTESIAN_POINT('',(0.0706207776116059,0.0323409150724222,0.0240081396689393));
#2514=CARTESIAN_POINT('',(0.0760423584810174,0.0327888653897278,0.0236160521433024));
#2515=CARTESIAN_POINT('',(0.0756192638041057,0.0327993966312186,0.0236223713865328));
#2516=CARTESIAN_POINT('',(0.0746277966013904,0.0328600610814609,0.0236588706085233));
#2517=CARTESIAN_POINT('',(0.0731573897306305,0.0328661042291737,0.0236656924485405));
#2518=CARTESIAN_POINT('',(0.0716459813025321,0.0327061737073122,0.0236470384925219));
#2519=CARTESIAN_POINT('',(0.0708412200630332,0.0323522583894283,0.023617500866806));
#2520=CARTESIAN_POINT('',(0.0706316177728719,0.0322386338521384,0.0236078149549377));
#2521=CARTESIAN_POINT('',(0.0706215494412891,0.0322331257978705,0.0236073450443534));
#2522=CARTESIAN_POINT('',(0.0760337014820648,0.032667530278687,0.0232139505289464));
#2523=CARTESIAN_POINT('',(0.0756003589648518,0.0326729179128415,0.0232140301824747));
#2524=CARTESIAN_POINT('',(0.0745848028214369,0.0327040953256249,0.0232144553376494));
#2525=CARTESIAN_POINT('',(0.0730775632512704,0.0327118435474743,0.0232133990916762));
#2526=CARTESIAN_POINT('',(0.0716188780287761,0.0325555758655873,0.0232104413062901));
#2527=CARTESIAN_POINT('',(0.0708363702290079,0.0322330995888463,0.0232075064568514));
#2528=CARTESIAN_POINT('',(0.0706321355832246,0.0321303175747716,0.0232065945665054));
#2529=CARTESIAN_POINT('',(0.0706223240464983,0.0321253365233189,0.0232065504197674));
#2530=CARTESIAN_POINT('',(0.0764,0.0326651169633628,0.0232139136501003));
#2531=CARTESIAN_POINT('',(0.0758434969877925,0.0326651169633628,0.0232139136501003));
#2532=CARTESIAN_POINT('',(0.0746953947331279,0.0327035268090576,0.0232145328384421));
#2533=CARTESIAN_POINT('',(0.0730775632512704,0.0327118435474743,0.0232133990916762));
#2534=CARTESIAN_POINT('',(0.0716188780287761,0.0325555758655873,0.0232104413062901));
#2535=CARTESIAN_POINT('',(0.0704411995346072,0.032070247315367,0.0232060243419242));
#2536=CARTESIAN_POINT('',(0.0692232027788267,0.031231026496798,0.0231988128625879));
#2537=CARTESIAN_POINT('',(0.0683054023124836,0.0302796613785782,0.023191436877506));
#2538=CARTESIAN_POINT('',(0.0675671864092245,0.0285564213111888,0.023175147765962));
#2539=CARTESIAN_POINT('',(0.0671547005383793,0.0285564213111888,0.023175147765962));
#2540=CARTESIAN_POINT('',(0.076,0.0326679649040003,0.0232139569222346));
#2541=CARTESIAN_POINT('',(0.0759999999986381,0.0326679649040549,0.0232139569222354));
#2542=CARTESIAN_POINT('',(0.0759999999986381,0.0327356411062866,0.0234375192984698));
#2543=CARTESIAN_POINT('',(0.076,0.0328033846355591,0.0236610612703654));
#2544=CARTESIAN_POINT('',(0.076,0.0328712058902981,0.0238845796865433));
#2545=CARTESIAN_POINT('',(0.0760337014820648,0.032667530278687,0.0197860494710536));
#2546=CARTESIAN_POINT('',(0.0756003589648518,0.0326729179128415,0.0197859698175253));
#2547=CARTESIAN_POINT('',(0.074584802821437,0.0327040953256249,0.0197855446623506));
#2548=CARTESIAN_POINT('',(0.0730775632512704,0.0327118435474743,0.0197866009083238));
#2549=CARTESIAN_POINT('',(0.0716188780287761,0.0325555758655872,0.0197895586937098));
#2550=CARTESIAN_POINT('',(0.0708363702290079,0.0322330995888462,0.0197924935431485));
#2551=CARTESIAN_POINT('',(0.0706321355832246,0.0321303175747716,0.0197934054334946));
#2552=CARTESIAN_POINT('',(0.0706223240464984,0.0321253365233189,0.0197934495802326));
#2553=CARTESIAN_POINT('',(0.0760400003978656,0.0327878702253833,0.0193837299535574));
#2554=CARTESIAN_POINT('',(0.0756141312464033,0.0327961835392164,0.0193769245232053));
#2555=CARTESIAN_POINT('',(0.0746163546897034,0.0328440631612377,0.0193376154644492));
#2556=CARTESIAN_POINT('',(0.0731400004960767,0.0328485516756548,0.0193302139420019));
#2557=CARTESIAN_POINT('',(0.071639429933484,0.0326909650576989,0.0193501724016479));
#2558=CARTESIAN_POINT('',(0.0708401651328933,0.0323486504463565,0.0193818595797873));
#2559=CARTESIAN_POINT('',(0.0706317308553222,0.0322390156762397,0.0193922527919808));
#2560=CARTESIAN_POINT('',(0.070621718008343,0.0322337015268991,0.0193927570216234));
#2561=CARTESIAN_POINT('',(0.076046202741428,0.0329082101720797,0.0189814104360611));
#2562=CARTESIAN_POINT('',(0.0756277464908552,0.0329194491655913,0.0189678792288852));
#2563=CARTESIAN_POINT('',(0.0746480082888889,0.0329840309968504,0.0188896862665479));
#2564=CARTESIAN_POINT('',(0.073202397479384,0.0329852598038353,0.0188738269756801));
#2565=CARTESIAN_POINT('',(0.0716600026614631,0.0328263542498105,0.0189107861095861));
#2566=CARTESIAN_POINT('',(0.0708439469557601,0.0324642013038667,0.0189712256164261));
#2567=CARTESIAN_POINT('',(0.0706313274597708,0.0323477137777079,0.018991100150467));
#2568=CARTESIAN_POINT('',(0.0706211140450392,0.0323420665304793,0.0189920644630141));
#2569=CARTESIAN_POINT('',(0.0760549235553895,0.0330787332694371,0.0184113190230749));
#2570=CARTESIAN_POINT('',(0.075646928859186,0.0330941179849169,0.0183882573122913));
#2571=CARTESIAN_POINT('',(0.0746929329467007,0.0331823670399878,0.018254965408513));
#2572=CARTESIAN_POINT('',(0.0732907889005409,0.0331789768038111,0.018227121361898));
#2573=CARTESIAN_POINT('',(0.0716891618133774,0.0330182023021107,0.0182881706480065));
#2574=CARTESIAN_POINT('',(0.0708493020666429,0.0326279382064156,0.0183893525374127));
#2575=CARTESIAN_POINT('',(0.0706307562272718,0.032501740245627,0.0184226622142539));
#2576=CARTESIAN_POINT('',(0.0706202588207684,0.0324956209948358,0.0184242784696021));
#2577=CARTESIAN_POINT('',(0.0760574816591119,0.0331289164200982,0.0182435471275849));
#2578=CARTESIAN_POINT('',(0.0756525604638866,0.0331455211778676,0.0182176806900175));
#2579=CARTESIAN_POINT('',(0.0747061625618674,0.0332407352475124,0.0180681737483795));
#2580=CARTESIAN_POINT('',(0.0733167982143843,0.0332359856756064,0.0180368027144377));
#2581=CARTESIAN_POINT('',(0.0716977444741322,0.0330746611622992,0.018104941478489));
#2582=CARTESIAN_POINT('',(0.0708508771640289,0.0326761242514542,0.0182181134217605));
#2583=CARTESIAN_POINT('',(0.0706305882066375,0.032547068612078,0.0182553769195548));
#2584=CARTESIAN_POINT('',(0.0706200072729341,0.0325408104556121,0.0182571850347994));
#2585=CARTESIAN_POINT('',(0.076060034950468,0.0331790995707593,0.0180757752320949));
#2586=CARTESIAN_POINT('',(0.0756581842426972,0.0331969243708182,0.0180471040677437));
#2587=CARTESIAN_POINT('',(0.0747193972422203,0.0332991034550369,0.017881382088246));
#2588=CARTESIAN_POINT('',(0.0733428055447125,0.0332929945474018,0.0178464840669775));
#2589=CARTESIAN_POINT('',(0.0717063281063915,0.0331311200224877,0.0179217123089714));
#2590=CARTESIAN_POINT('',(0.0708524516587951,0.0327243102964928,0.0180468743061083));
#2591=CARTESIAN_POINT('',(0.0706304202473738,0.032592396978529,0.0180880916248556));
#2592=CARTESIAN_POINT('',(0.070619755820683,0.0325859999163884,0.0180900915999967));
#2593=CARTESIAN_POINT('',(0.076,0.0328634651120659,0.0191334979422118));
#2594=CARTESIAN_POINT('',(0.076,0.0327982836223535,0.019351008567243));
#2595=CARTESIAN_POINT('',(0.076,0.0327331173651502,0.0195685237558799));
#2596=CARTESIAN_POINT('',(0.076,0.0326679649040004,0.0197860430777655));
#2597=CARTESIAN_POINT('',(0.0759999999972769,0.0326679649040731,0.0197860430777644));
#2598=CARTESIAN_POINT('',(0.0764,0.0326651169633628,0.0197860863498998));
#2599=CARTESIAN_POINT('',(0.0758434969877925,0.0326651169633628,0.0197860863498998));
#2600=CARTESIAN_POINT('',(0.0746953947331279,0.0327035268090576,0.019785467161558));
#2601=CARTESIAN_POINT('',(0.0730775632512704,0.0327118435474742,0.0197866009083238));
#2602=CARTESIAN_POINT('',(0.0716188780287761,0.0325555758655873,0.0197895586937098));
#2603=CARTESIAN_POINT('',(0.0704411995346072,0.0320702473153669,0.0197939756580757));
#2604=CARTESIAN_POINT('',(0.0692232027788267,0.031231026496798,0.0198011871374121));
#2605=CARTESIAN_POINT('',(0.0683054023124837,0.0302796613785781,0.019808563122494));
#2606=CARTESIAN_POINT('',(0.0675671864092245,0.0285564213111888,0.0198248522340381));
#2607=CARTESIAN_POINT('',(0.0671547005383793,0.0285564213111888,0.0198248522340381));
#2608=CARTESIAN_POINT('',(0.0706761012809207,0.0321522002411307,0.0197932110341756));
#2609=CARTESIAN_POINT('',(0.0706679915492767,0.032148215302334,0.0197932464913279));
#2610=CARTESIAN_POINT('',(0.070264301391898,0.0319483614372452,0.0197950230313915));
#2611=CARTESIAN_POINT('',(0.0692232027788267,0.031231026496798,0.0198011871374121));
#2612=CARTESIAN_POINT('',(0.0685271797224347,0.0305095493548583,0.0198067807886128));
#2613=CARTESIAN_POINT('',(0.0680228622105916,0.0295308567885428,0.0198157624519624));
#2614=CARTESIAN_POINT('',(0.0678800146933783,0.0292850314357511,0.0198180398882724));
#2615=CARTESIAN_POINT('',(0.0706766029015609,0.0322623516630044,0.0193900431483752));
#2616=CARTESIAN_POINT('',(0.0706683254927913,0.0322581032696004,0.0193904448902175));
#2617=CARTESIAN_POINT('',(0.0702563034612601,0.0320450016202227,0.0194106112176673));
#2618=CARTESIAN_POINT('',(0.0691956041043439,0.031275333371281,0.0194856454985115));
#2619=CARTESIAN_POINT('',(0.0685115255076101,0.0305047930589046,0.0195577780995689));
#2620=CARTESIAN_POINT('',(0.068013690880268,0.0294471629701928,0.019676569034065));
#2621=CARTESIAN_POINT('',(0.0678725303450417,0.0291813197718879,0.0197067288553799));
#2622=CARTESIAN_POINT('',(0.0706771030538375,0.0323725030848781,0.0189868752625747));
#2623=CARTESIAN_POINT('',(0.0706686584218395,0.0323679912368667,0.0189876432891071));
#2624=CARTESIAN_POINT('',(0.0702483288755916,0.0321416418032003,0.0190261994039431));
#2625=CARTESIAN_POINT('',(0.0691683439199166,0.031319640245764,0.0191701038596108));
#2626=CARTESIAN_POINT('',(0.0684942079537098,0.030500036762951,0.019308775410525));
#2627=CARTESIAN_POINT('',(0.0680058337283476,0.0293634691518429,0.0195373756161676));
#2628=CARTESIAN_POINT('',(0.0678669242383046,0.0290776081080247,0.0195954178224874));
#2629=CARTESIAN_POINT('',(0.0706781027655027,0.0325928059286255,0.0181805394909737));
#2630=CARTESIAN_POINT('',(0.0706693238694644,0.0325877671713993,0.0181820400868862));
#2631=CARTESIAN_POINT('',(0.0702323891276552,0.0323349221691553,0.0182573757764946));
#2632=CARTESIAN_POINT('',(0.0691139665055287,0.0314082539947301,0.0185390205818096));
#2633=CARTESIAN_POINT('',(0.0684588720329545,0.0304905241710437,0.0188107700324372));
#2634=CARTESIAN_POINT('',(0.0679906730905084,0.029196081515143,0.0192589887803728));
#2635=CARTESIAN_POINT('',(0.0678565033460691,0.0288701847802984,0.0193727957567024));
#2636=CARTESIAN_POINT('',(0.0706786020703279,0.0327029573504992,0.0177773716051733));
#2637=CARTESIAN_POINT('',(0.0706696562124194,0.0326976551386656,0.0177792384857758));
#2638=CARTESIAN_POINT('',(0.070224428013394,0.0324315623521328,0.0178729639627704));
#2639=CARTESIAN_POINT('',(0.069086906110086,0.0314525608692131,0.018223478942909));
#2640=CARTESIAN_POINT('',(0.0684405738916176,0.0304857678750901,0.0185617673433933));
#2641=CARTESIAN_POINT('',(0.0679835906604966,0.0291123876967931,0.0191197953624754));
#2642=CARTESIAN_POINT('',(0.06785200449247,0.0287664731164352,0.0192614847238099));
#2643=CARTESIAN_POINT('',(0.0706794895298655,0.032898802964418,0.0170605523325406));
#2644=CARTESIAN_POINT('',(0.0706702469085772,0.0328930323389367,0.0170630704553039));
#2645=CARTESIAN_POINT('',(0.0702102779941477,0.0326033854266108,0.0171894923708847));
#2646=CARTESIAN_POINT('',(0.0690388577950546,0.0315313370382934,0.017662456262164));
#2647=CARTESIAN_POINT('',(0.0684077244260174,0.0304773113369431,0.0181190487322874));
#2648=CARTESIAN_POINT('',(0.0679712479884004,0.0289635828338404,0.0188723140325218));
#2649=CARTESIAN_POINT('',(0.0678443624851881,0.0285820771809646,0.0190635773595476));
#2650=CARTESIAN_POINT('',(0.0706798777533021,0.0329844971564632,0.0167469009457084));
#2651=CARTESIAN_POINT('',(0.0706705053091883,0.0329785215719415,0.0167497040259424));
#2652=CARTESIAN_POINT('',(0.0702040879963153,0.0326785683181113,0.0168904325927233));
#2653=CARTESIAN_POINT('',(0.0690178545613675,0.0315658063328906,0.0174169752203196));
#2654=CARTESIAN_POINT('',(0.06839324849523,0.0304736110947498,0.0179253328102256));
#2655=CARTESIAN_POINT('',(0.0679659281761189,0.0288984717892377,0.0187640261204656));
#2656=CARTESIAN_POINT('',(0.0678411341941726,0.0285013929093571,0.0189769810281778));
#2657=CARTESIAN_POINT('',(0.0706802662937409,0.0330701913485083,0.0164332495588761));
#2658=CARTESIAN_POINT('',(0.0706707639288475,0.0330640108049464,0.0164363375965809));
#2659=CARTESIAN_POINT('',(0.0701978929586994,0.0327537512096118,0.0165913728145619));
#2660=CARTESIAN_POINT('',(0.0689967779807693,0.0316002756274878,0.0171714941784753));
#2661=CARTESIAN_POINT('',(0.0683791329191145,0.0304699108525564,0.0177316168881637));
#2662=CARTESIAN_POINT('',(0.0679603236547298,0.028833360744635,0.0186557382084095));
#2663=CARTESIAN_POINT('',(0.0678374989924225,0.0284207086377496,0.018890384696808));
#2664=CARTESIAN_POINT('',(0.0764,0.0326651169633628,0.0197860863498998));
#2665=CARTESIAN_POINT('',(0.0758434969877925,0.0326651169633628,0.0197860863498998));
#2666=CARTESIAN_POINT('',(0.0746953947331279,0.0327035268090576,0.019785467161558));
#2667=CARTESIAN_POINT('',(0.0730775632512704,0.0327118435474742,0.0197866009083238));
#2668=CARTESIAN_POINT('',(0.0716188780287761,0.0325555758655873,0.0197895586937098));
#2669=CARTESIAN_POINT('',(0.0704411995346072,0.0320702473153669,0.0197939756580757));
#2670=CARTESIAN_POINT('',(0.0692232027788267,0.031231026496798,0.0198011871374121));
#2671=CARTESIAN_POINT('',(0.0683054023124837,0.0302796613785781,0.019808563122494));
#2672=CARTESIAN_POINT('',(0.0675671864092245,0.0285564213111888,0.0198248522340381));
#2673=CARTESIAN_POINT('',(0.0671547005383793,0.0285564213111888,0.0198248522340381));
#2674=CARTESIAN_POINT('',(0.0760715425881686,0.0326670800679847,0.0232139438369656));
#2675=CARTESIAN_POINT('',(0.0756253941315749,0.0326721457352538,0.0232140195439294));
#2676=CARTESIAN_POINT('',(0.074596242175035,0.0327040365196784,0.0232144633541396));
#2677=CARTESIAN_POINT('',(0.0730775632512704,0.0327118435474743,0.0232133990916762));
#2678=CARTESIAN_POINT('',(0.0716188780287761,0.0325555758655872,0.0232104413062901));
#2679=CARTESIAN_POINT('',(0.0704411995346072,0.032070247315367,0.0232060243419243));
#2680=CARTESIAN_POINT('',(0.0692232027788267,0.031231026496798,0.023198812862588));
#2681=CARTESIAN_POINT('',(0.0683054023124837,0.0302796613785782,0.023191436877506));
#2682=CARTESIAN_POINT('',(0.0675671864092245,0.0285564213111888,0.023175147765962));
#2683=CARTESIAN_POINT('',(0.0671547005383793,0.0285564213111888,0.023175147765962));
#2684=CARTESIAN_POINT('',(0.0760704501133653,0.0326189672945985,0.0230523792785128));
#2685=CARTESIAN_POINT('',(0.0756228035715755,0.0326239148416529,0.0230516551495859));
#2686=CARTESIAN_POINT('',(0.0745899943830063,0.032655164153648,0.0230472080819667));
#2687=CARTESIAN_POINT('',(0.0730620498917431,0.03266646686387,0.0230501124760164));
#2688=CARTESIAN_POINT('',(0.0716142677868565,0.0325080659706216,0.0230423163848867));
#2689=CARTESIAN_POINT('',(0.0704421136428384,0.0320275466419697,0.0230480965858087));
#2690=CARTESIAN_POINT('',(0.0692313057149954,0.0311904776478355,0.0230328962626932));
#2691=CARTESIAN_POINT('',(0.0683111189861974,0.0302447244496434,0.0230316476650812));
#2692=CARTESIAN_POINT('',(0.067569096143803,0.0285296880420208,0.0230178152787209));
#2693=CARTESIAN_POINT('',(0.0671547005383793,0.0285296880420208,0.0230178152787209));
#2694=CARTESIAN_POINT('',(0.0760705858550162,0.0326240597547754,0.0228750762204243));
#2695=CARTESIAN_POINT('',(0.0756231291075828,0.0326302873610681,0.0228747702879718));
#2696=CARTESIAN_POINT('',(0.0745908339993713,0.0326693701384796,0.022872890145999));
#2697=CARTESIAN_POINT('',(0.0730650883373053,0.0326745407696432,0.0228740693304894));
#2698=CARTESIAN_POINT('',(0.07161517080733,0.032526456361775,0.0228703704341648));
#2699=CARTESIAN_POINT('',(0.0704419718941424,0.0320314660354738,0.0228724008051843));
#2700=CARTESIAN_POINT('',(0.0692291819895746,0.0312121912949642,0.0228650188543053));
#2701=CARTESIAN_POINT('',(0.0683090606176323,0.0302613985274733,0.0228635812646418));
#2702=CARTESIAN_POINT('',(0.0675684106448639,0.0285509722933639,0.0228559893020414));
#2703=CARTESIAN_POINT('',(0.0671547005383793,0.0285509722933639,0.0228559893020414));
#2704=CARTESIAN_POINT('',(0.0760726970526037,0.0327375615417511,0.0225574803387795));
#2705=CARTESIAN_POINT('',(0.0756281491509585,0.0327437532417705,0.0225576985518527));
#2706=CARTESIAN_POINT('',(0.0746031502307771,0.0327825159824561,0.0225590439445613));
#2707=CARTESIAN_POINT('',(0.073099432011312,0.0327842473655796,0.0225583591166345));
#2708=CARTESIAN_POINT('',(0.0716253734290971,0.0326424154429042,0.0225605791775395));
#2709=CARTESIAN_POINT('',(0.070440095954932,0.0321487172415321,0.0225591436669099));
#2710=CARTESIAN_POINT('',(0.0692091350553999,0.0313313381576815,0.0225633871428046));
#2711=CARTESIAN_POINT('',(0.068292713040668,0.0303828721294021,0.0225637074247849));
#2712=CARTESIAN_POINT('',(0.0675629563230532,0.0286809187108097,0.0225680759934364));
#2713=CARTESIAN_POINT('',(0.0671547005383793,0.0286809187108097,0.0225680759934364));
#2714=CARTESIAN_POINT('',(0.0760746734908141,0.0328454997542237,0.0224185512203806));
#2715=CARTESIAN_POINT('',(0.0756328462862421,0.0328504923253339,0.0224185431173873));
#2716=CARTESIAN_POINT('',(0.0746146360435653,0.0328818170705099,0.022418513626552));
#2717=CARTESIAN_POINT('',(0.0731307585697715,0.0328857000164941,0.0224192759722609));
#2718=CARTESIAN_POINT('',(0.0716346794577973,0.032740507920081,0.0224211239063889));
#2719=CARTESIAN_POINT('',(0.0704383604949996,0.0322613752872074,0.0224237644636927));
#2720=CARTESIAN_POINT('',(0.0691912004780348,0.0314293121797271,0.0224280096070486));
#2721=CARTESIAN_POINT('',(0.0682784157039225,0.0304874109988079,0.0224323161141409));
#2722=CARTESIAN_POINT('',(0.0675581847260889,0.0287899354081664,0.0224417850847865));
#2723=CARTESIAN_POINT('',(0.0671547005383793,0.0287899354081664,0.0224417850847865));
#2724=CARTESIAN_POINT('',(0.0760798876569067,0.0331174962564927,0.0222322980763629));
#2725=CARTESIAN_POINT('',(0.0756452373804837,0.0331221827736262,0.0222322657318335));
#2726=CARTESIAN_POINT('',(0.0746449298729747,0.0331513552154755,0.0222320969909887));
#2727=CARTESIAN_POINT('',(0.0732134348536461,0.0331466460751725,0.0222333030482772));
#2728=CARTESIAN_POINT('',(0.0716592343936471,0.033013628349497,0.0222363411587571));
#2729=CARTESIAN_POINT('',(0.0704337830381902,0.032536230185642,0.0222407401537086));
#2730=CARTESIAN_POINT('',(0.069143853223693,0.0317021426597509,0.0222478457765745));
#2731=CARTESIAN_POINT('',(0.0682406510477848,0.0307612774718203,0.0222550723841591));
#2732=CARTESIAN_POINT('',(0.067545579190782,0.0290729767487562,0.022270983509717));
#2733=CARTESIAN_POINT('',(0.0671547005383793,0.0290729767487562,0.022270983509717));
#2734=CARTESIAN_POINT('',(0.0760819199873362,0.0332278679904037,0.022106721497006));
#2735=CARTESIAN_POINT('',(0.0756500701653428,0.0332320979163197,0.0221065996860332));
#2736=CARTESIAN_POINT('',(0.074656784998558,0.0332583784234683,0.0221058875756332));
#2737=CARTESIAN_POINT('',(0.07324627794779,0.0332523364174954,0.0221076709232191));
#2738=CARTESIAN_POINT('',(0.0716689817835819,0.0331214937155927,0.022109361652464));
#2739=CARTESIAN_POINT('',(0.0704319836240512,0.0326512307087427,0.0221160870778602));
#2740=CARTESIAN_POINT('',(0.0691248040199492,0.0318122330853441,0.0221208464595791));
#2741=CARTESIAN_POINT('',(0.0682252164929523,0.0308746712406131,0.0221277840410532));
#2742=CARTESIAN_POINT('',(0.0675404338983383,0.0291966958206551,0.0221471130416995));
#2743=CARTESIAN_POINT('',(0.0671547005383793,0.0291966958206551,0.0221471130416995));
#2744=CARTESIAN_POINT('',(0.0760846832351775,0.0333775331785983,0.0218206971781668));
#2745=CARTESIAN_POINT('',(0.07565664123761,0.0333816087692349,0.0218205931670979));
#2746=CARTESIAN_POINT('',(0.0746729128689653,0.0334068061880141,0.0218199794392348));
#2747=CARTESIAN_POINT('',(0.0732912885700865,0.0333965129124099,0.0218212978306287));
#2748=CARTESIAN_POINT('',(0.0716823353209655,0.0332732132479854,0.0218221683543858));
#2749=CARTESIAN_POINT('',(0.0704295299304927,0.0328056365459415,0.0218272209457063));
#2750=CARTESIAN_POINT('',(0.0690985429058579,0.0319682228287756,0.0218299937195713));
#2751=CARTESIAN_POINT('',(0.0682037890874147,0.0310340492457654,0.0218346463136611));
#2752=CARTESIAN_POINT('',(0.0675332871231233,0.0293680630960211,0.0218485892527825));
#2753=CARTESIAN_POINT('',(0.0671547005383793,0.0293680630960211,0.0218485892527825));
#2754=CARTESIAN_POINT('',(0.0760854140913644,0.0334168268187011,0.0216603938237438));
#2755=CARTESIAN_POINT('',(0.075658379300448,0.0334212019742294,0.0216603734058605));
#2756=CARTESIAN_POINT('',(0.0746771842805618,0.0334481907765752,0.0216602577681766));
#2757=CARTESIAN_POINT('',(0.0733034516214378,0.0334349561795833,0.0216606908333088));
#2758=CARTESIAN_POINT('',(0.071685940135181,0.0333171319502176,0.0216617768026893));
#2759=CARTESIAN_POINT('',(0.0704288758600807,0.032844884909202,0.0216634073271059));
#2760=CARTESIAN_POINT('',(0.0690913341349311,0.0320141467970039,0.0216659946621886));
#2761=CARTESIAN_POINT('',(0.0681977999146107,0.0310802368419897,0.0216686772893238));
#2762=CARTESIAN_POINT('',(0.067531285640352,0.0294151169629125,0.0216745061644328));
#2763=CARTESIAN_POINT('',(0.0671547005383793,0.0294151169629125,0.0216745061644328));
#2764=CARTESIAN_POINT('',(0.0760854155948001,0.0334168268195279,0.0213396061813895));
#2765=CARTESIAN_POINT('',(0.0756583820072694,0.0334212019750594,0.0213396265992391));
#2766=CARTESIAN_POINT('',(0.074677182599031,0.0334481907774237,0.0213397422367169));
#2767=CARTESIAN_POINT('',(0.0733034521867706,0.0334349561803804,0.0213393091717382));
#2768=CARTESIAN_POINT('',(0.0716859400844902,0.0333171319511255,0.0213382232022351));
#2769=CARTESIAN_POINT('',(0.0704288758824151,0.0328448849100133,0.0213365926781236));
#2770=CARTESIAN_POINT('',(0.069091334047319,0.0320141467979488,0.0213340053428493));
#2771=CARTESIAN_POINT('',(0.0681978004464837,0.0310802368429789,0.0213313227160691));
#2772=CARTESIAN_POINT('',(0.0675312845194217,0.029415116963813,0.0213254938407268));
#2773=CARTESIAN_POINT('',(0.0671547005383793,0.029415116963813,0.0213254938407268));
#2774=CARTESIAN_POINT('',(0.076084684738627,0.033377533180231,0.0211793028262914));
#2775=CARTESIAN_POINT('',(0.0756566439444645,0.0333816087708597,0.021179406837334));
#2776=CARTESIAN_POINT('',(0.0746729111875173,0.033406806189589,0.0211800205650356));
#2777=CARTESIAN_POINT('',(0.0732912891356482,0.0333965129139632,0.0211787021737634));
#2778=CARTESIAN_POINT('',(0.0716823352703427,0.0332732132496086,0.0211778316498931));
#2779=CARTESIAN_POINT('',(0.0704295299528146,0.0328056365476172,0.0211727790588231));
#2780=CARTESIAN_POINT('',(0.0690985428181131,0.0319682228304528,0.0211700062847737));
#2781=CARTESIAN_POINT('',(0.0682037896191785,0.0310340492475593,0.0211653536909361));
#2782=CARTESIAN_POINT('',(0.0675332860021597,0.0293680630977982,0.0211514107516509));
#2783=CARTESIAN_POINT('',(0.0671547005383793,0.0293680630977982,0.0211514107516509));
#2784=CARTESIAN_POINT('',(0.0760819207390815,0.0332278679923429,0.0208932785053621));
#2785=CARTESIAN_POINT('',(0.075650071518819,0.0332320979182459,0.0208934003163279));
#2786=CARTESIAN_POINT('',(0.074656784157954,0.0332583784253132,0.0208941124266848));
#2787=CARTESIAN_POINT('',(0.0732462782309003,0.033252336419336,0.0208923290791277));
#2788=CARTESIAN_POINT('',(0.0716689817583682,0.0331214937174571,0.0208906383498595));
#2789=CARTESIAN_POINT('',(0.070431983635194,0.0326512307107523,0.0208839129245048));
#2790=CARTESIAN_POINT('',(0.0691248039758872,0.0318122330872439,0.0208791535427468));
#2791=CARTESIAN_POINT('',(0.0682252167586817,0.030874671242624,0.0208722159613416));
#2792=CARTESIAN_POINT('',(0.0675404333378066,0.029196695822731,0.0208528869605792));
#2793=CARTESIAN_POINT('',(0.0671547005383793,0.029196695822731,0.0208528869605792));
#2794=CARTESIAN_POINT('',(0.0760798876569339,0.0331174962579078,0.0207677019246061));
#2795=CARTESIAN_POINT('',(0.0756452373805484,0.0331221827750397,0.0207677342691356));
#2796=CARTESIAN_POINT('',(0.0746449298731322,0.0331513552168778,0.0207679030099812));
#2797=CARTESIAN_POINT('',(0.0732134348540763,0.03314664607653,0.0207666969526903));
#2798=CARTESIAN_POINT('',(0.0716592343937748,0.0330136283509179,0.0207636588422042));
#2799=CARTESIAN_POINT('',(0.0704337830381664,0.0325362301870719,0.0207592598472436));
#2800=CARTESIAN_POINT('',(0.0691438532234466,0.0317021426611704,0.0207521542243628));
#2801=CARTESIAN_POINT('',(0.0682406510475888,0.030761277473245,0.0207449276167631));
#2802=CARTESIAN_POINT('',(0.0675455791907154,0.0290729767502287,0.0207290164911717));
#2803=CARTESIAN_POINT('',(0.0671547005383793,0.0290729767502287,0.0207290164911717));
#2804=CARTESIAN_POINT('',(0.0760746734908412,0.0328454997556454,0.0205814487805928));
#2805=CARTESIAN_POINT('',(0.0756328462863066,0.0328504923267539,0.0205814568835863));
#2806=CARTESIAN_POINT('',(0.0746146360437237,0.0328818170719186,0.0205814863744224));
#2807=CARTESIAN_POINT('',(0.0731307585702036,0.032885700017858,0.020580724028711));
#2808=CARTESIAN_POINT('',(0.0716346794579256,0.0327405079215085,0.0205788760945768));
#2809=CARTESIAN_POINT('',(0.0704383604949757,0.032261375288644,0.0205762355372638));
#2810=CARTESIAN_POINT('',(0.0691912004777874,0.0314293121811531,0.0205719903938931));
#2811=CARTESIAN_POINT('',(0.0682784157037246,0.0304874110002392,0.0205676838867855));
#2812=CARTESIAN_POINT('',(0.0675581847260242,0.0287899354096456,0.0205582149161063));
#2813=CARTESIAN_POINT('',(0.0671547005383793,0.0287899354096456,0.0205582149161063));
#2814=CARTESIAN_POINT('',(0.0760726970526196,0.0327375615425875,0.020442519662754));
#2815=CARTESIAN_POINT('',(0.0756281491509963,0.0327437532426065,0.0204423014496864));
#2816=CARTESIAN_POINT('',(0.0746031502308697,0.0327825159832893,0.0204409560570122));
#2817=CARTESIAN_POINT('',(0.0730994320115666,0.032784247366388,0.0204416408849129));
#2818=CARTESIAN_POINT('',(0.0716253734291727,0.032642415443745,0.0204394208240176));
#2819=CARTESIAN_POINT('',(0.0704400959549179,0.0321487172423962,0.0204408563345982));
#2820=CARTESIAN_POINT('',(0.0692091350552532,0.0313313381585322,0.0204366128587135));
#2821=CARTESIAN_POINT('',(0.0682927130405501,0.0303828721302472,0.02043629257666));
#2822=CARTESIAN_POINT('',(0.0675629563230139,0.0286809187117537,0.0204319240080333));
#2823=CARTESIAN_POINT('',(0.0671547005383793,0.0286809187117537,0.0204319240080333));
#2824=CARTESIAN_POINT('',(0.0760705858550169,0.0326240597548104,0.0201249237804803));
#2825=CARTESIAN_POINT('',(0.0756231291075844,0.032630287361108,0.0201252297129364));
#2826=CARTESIAN_POINT('',(0.0745908339993756,0.0326693701385491,0.0201271098549313));
#2827=CARTESIAN_POINT('',(0.0730650883373212,0.0326745407696898,0.0201259306704254));
#2828=CARTESIAN_POINT('',(0.0716151708073346,0.0325264563618616,0.0201296295667558));
#2829=CARTESIAN_POINT('',(0.0704419718941417,0.0320314660355095,0.0201275991957116));
#2830=CARTESIAN_POINT('',(0.0692291819895635,0.0312121912950688,0.0201349811465969));
#2831=CARTESIAN_POINT('',(0.0683090606176215,0.0302613985275591,0.0201364187362154));
#2832=CARTESIAN_POINT('',(0.0675684106448603,0.0285509722934861,0.0201440106988514));
#2833=CARTESIAN_POINT('',(0.0671547005383793,0.0285509722934861,0.0201440106988514));
#2834=CARTESIAN_POINT('',(0.0760704501133651,0.0326189672945935,0.0199476207215039));
#2835=CARTESIAN_POINT('',(0.0756228035715751,0.0326239148416476,0.0199483448504321));
#2836=CARTESIAN_POINT('',(0.0745899943830054,0.0326551641536405,0.0199527919180592));
#2837=CARTESIAN_POINT('',(0.073062049891741,0.0326664668638646,0.0199498875240028));
#2838=CARTESIAN_POINT('',(0.0716142677868559,0.0325080659706136,0.019957683615142));
#2839=CARTESIAN_POINT('',(0.0704421136428385,0.0320275466419667,0.0199519034142022));
#2840=CARTESIAN_POINT('',(0.0692313057149965,0.0311904776478288,0.0199671037373335));
#2841=CARTESIAN_POINT('',(0.068311118986198,0.0302447244496397,0.0199683523349365));
#2842=CARTESIAN_POINT('',(0.0675690961438032,0.0285296880420184,0.0199821847212933));
#2843=CARTESIAN_POINT('',(0.0671547005383793,0.0285296880420184,0.0199821847212933));
#2844=CARTESIAN_POINT('',(0.0760715425881686,0.0326670800679847,0.0197860561630344));
#2845=CARTESIAN_POINT('',(0.0756253941315749,0.0326721457352538,0.0197859804560706));
#2846=CARTESIAN_POINT('',(0.074596242175035,0.0327040365196784,0.0197855366458604));
#2847=CARTESIAN_POINT('',(0.0730775632512704,0.0327118435474742,0.0197866009083238));
#2848=CARTESIAN_POINT('',(0.0716188780287761,0.0325555758655873,0.0197895586937098));
#2849=CARTESIAN_POINT('',(0.0704411995346072,0.0320702473153669,0.0197939756580757));
#2850=CARTESIAN_POINT('',(0.0692232027788267,0.031231026496798,0.0198011871374121));
#2851=CARTESIAN_POINT('',(0.0683054023124837,0.0302796613785781,0.019808563122494));
#2852=CARTESIAN_POINT('',(0.0675671864092245,0.0285564213111888,0.0198248522340381));
#2853=CARTESIAN_POINT('',(0.0671547005383793,0.0285564213111888,0.0198248522340381));
#2854=CARTESIAN_POINT('',(0.0759999999972769,0.0326679649040731,0.0197860430777644));
#2855=CARTESIAN_POINT('',(0.0759999999972769,0.0326205956654236,0.0199451223558352));
#2856=CARTESIAN_POINT('',(0.0760000000006139,0.0326275560452593,0.0202001648539907));
#2857=CARTESIAN_POINT('',(0.0759999999998844,0.0327796817830425,0.0204978892071905));
#2858=CARTESIAN_POINT('',(0.0760000000000309,0.03296288130213,0.0206665748110826));
#2859=CARTESIAN_POINT('',(0.0759999999999919,0.0331611835335117,0.020811152850375));
#2860=CARTESIAN_POINT('',(0.0760000000000046,0.0333496514952936,0.0210823135740348));
#2861=CARTESIAN_POINT('',(0.0759999999999983,0.0334593557850982,0.021483871274832));
#2862=CARTESIAN_POINT('',(0.0760000000000003,0.0333607088823916,0.0218927154448649));
#2863=CARTESIAN_POINT('',(0.0759999999999998,0.0331810355799437,0.0221653562774319));
#2864=CARTESIAN_POINT('',(0.0760000000000001,0.0329867496044299,0.0223221031491163));
#2865=CARTESIAN_POINT('',(0.076,0.0327960050255739,0.0224784865060222));
#2866=CARTESIAN_POINT('',(0.076,0.0326296851789293,0.0227823778838659));
#2867=CARTESIAN_POINT('',(0.076,0.0326188042931282,0.0230488617104509));
#2868=CARTESIAN_POINT('',(0.076,0.0326679649040004,0.0232139569222346));
#2869=CARTESIAN_POINT('',(0.0764,0.0326651169633628,0.0232139136501003));
#2870=CARTESIAN_POINT('',(0.0758434969877925,0.0326651169633628,0.0232139136501003));
#2871=CARTESIAN_POINT('',(0.0746953947331279,0.0327035268090576,0.0232145328384421));
#2872=CARTESIAN_POINT('',(0.0730775632512704,0.0327118435474743,0.0232133990916762));
#2873=CARTESIAN_POINT('',(0.0716188780287761,0.0325555758655873,0.0232104413062901));
#2874=CARTESIAN_POINT('',(0.0704411995346072,0.032070247315367,0.0232060243419242));
#2875=CARTESIAN_POINT('',(0.0692232027788267,0.031231026496798,0.0231988128625879));
#2876=CARTESIAN_POINT('',(0.0683054023124836,0.0302796613785782,0.023191436877506));
#2877=CARTESIAN_POINT('',(0.0675671864092245,0.0285564213111888,0.023175147765962));
#2878=CARTESIAN_POINT('',(0.0671547005383793,0.0285564213111888,0.023175147765962));
#2879=CARTESIAN_POINT('',(0.0671547005383793,0.0293451169633627,0.023041135944685));
#2880=CARTESIAN_POINT('',(0.0671547005383793,0.0289317836300295,0.0223561866359361));
#2881=CARTESIAN_POINT('',(0.0671547005383793,0.0284151169633627,0.0215));
#2882=CARTESIAN_POINT('',(0.0671547005383793,0.0289317836300295,0.0206438133640639));
#2883=CARTESIAN_POINT('',(0.0671547005383793,0.0293451169633627,0.0199588640553151));
#2884=CARTESIAN_POINT('',(0.0706798931720924,0.0328062455108444,0.0255901351088894));
#2885=CARTESIAN_POINT('',(0.070670513621525,0.0327997954623229,0.0255880954983894));
#2886=CARTESIAN_POINT('',(0.0702038384112491,0.0324759914446131,0.025485697362215));
#2887=CARTESIAN_POINT('',(0.0690307509353159,0.0312698760657512,0.0251026237914177));
#2888=CARTESIAN_POINT('',(0.0684197332733729,0.0300852730628388,0.024732820242171));
#2889=CARTESIAN_POINT('',(0.0679837749653077,0.0283562328517273,0.0241227422966366));
#2890=CARTESIAN_POINT('',(0.0678560394976032,0.0279200582796368,0.0239678360876894));
#2891=CARTESIAN_POINT('',(0.070679271609641,0.0326988463400489,0.0251987716760773));
#2892=CARTESIAN_POINT('',(0.0706701002346763,0.0326928010808137,0.0251970611626869));
#2893=CARTESIAN_POINT('',(0.0702137495199391,0.0323893506138459,0.0251111858523635));
#2894=CARTESIAN_POINT('',(0.0690620996875188,0.0312634966731844,0.0247900036616403));
#2895=CARTESIAN_POINT('',(0.0684386210965343,0.0301549424331315,0.024480006127719));
#2896=CARTESIAN_POINT('',(0.0679892102868519,0.0285491149696638,0.023968632730454));
#2897=CARTESIAN_POINT('',(0.0678585713436336,0.0281441971760176,0.0238387893184345));
#2898=CARTESIAN_POINT('',(0.07067864981759,0.0325914471692534,0.0248074082432654));
#2899=CARTESIAN_POINT('',(0.0706696866894133,0.0325858066993045,0.0248060268269845));
#2900=CARTESIAN_POINT('',(0.0702236642796169,0.0323027097830786,0.024736674342512));
#2901=CARTESIAN_POINT('',(0.0690934998102032,0.0312571172806176,0.0244773835318629));
#2902=CARTESIAN_POINT('',(0.0684572560725303,0.0302246118034241,0.0242271920132669));
#2903=CARTESIAN_POINT('',(0.0679948453878114,0.0287419970876003,0.0238145231642715));
#2904=CARTESIAN_POINT('',(0.0678613887135717,0.0283683360723984,0.0237097425491795));
#2905=CARTESIAN_POINT('',(0.0706773862181477,0.0323734320814713,0.0240129595289292));
#2906=CARTESIAN_POINT('',(0.0706688462505642,0.0323686133140656,0.024012246163758));
#2907=CARTESIAN_POINT('',(0.0702438128860105,0.0321268331148946,0.0239764342113179));
#2908=CARTESIAN_POINT('',(0.069157565006732,0.0312441674242999,0.0238427798889196));
#2909=CARTESIAN_POINT('',(0.0684934906518221,0.0303660372331324,0.0237139916696648));
#2910=CARTESIAN_POINT('',(0.0680075433592268,0.029133538396179,0.023501688248038));
#2911=CARTESIAN_POINT('',(0.0678689072123648,0.0288233271194233,0.0234477838904792));
#2912=CARTESIAN_POINT('',(0.0706767447380517,0.0322628161644846,0.0236098742474051));
#2913=CARTESIAN_POINT('',(0.0706684195827208,0.0322584143103359,0.023609499836234));
#2914=CARTESIAN_POINT('',(0.0702540415279791,0.0320375972774778,0.0235907055899753));
#2915=CARTESIAN_POINT('',(0.0691901574189303,0.031237596960549,0.0235207963757538));
#2916=CARTESIAN_POINT('',(0.0685114480530003,0.0304377932925482,0.0234536054405148));
#2917=CARTESIAN_POINT('',(0.0680143235233918,0.0293321975868213,0.023342962897987));
#2918=CARTESIAN_POINT('',(0.0678732042998936,0.0290541792700675,0.0233148720010338));
#2919=CARTESIAN_POINT('',(0.0706761012938787,0.032152200247498,0.023206788965881));
#2920=CARTESIAN_POINT('',(0.0706679915579061,0.0321482153066062,0.0232067535087101));
#2921=CARTESIAN_POINT('',(0.0702643013959847,0.031948361440061,0.0232049769686326));
#2922=CARTESIAN_POINT('',(0.0692232027788267,0.031231026496798,0.0231988128625879));
#2923=CARTESIAN_POINT('',(0.0685271797196424,0.0305095493519639,0.0231932192113647));
#2924=CARTESIAN_POINT('',(0.0680228622048824,0.0295308567774635,0.023184237547936));
#2925=CARTESIAN_POINT('',(0.067880014684639,0.0292850314207117,0.0231819601115884));
#2926=CARTESIAN_POINT('',(0.0671547005383793,0.0270226218790331,0.0215));
#2927=CARTESIAN_POINT('',(0.0760736165900615,0.043593329252457,0.0178991565373231));
#2928=CARTESIAN_POINT('',(0.0756879190803277,0.0435638048429449,0.0178697971263952));
#2929=CARTESIAN_POINT('',(0.0747872993479163,0.043394257225637,0.0177000916218375));
#2930=CARTESIAN_POINT('',(0.0734518677849382,0.0433945101960859,0.0176641793398172));
#2931=CARTESIAN_POINT('',(0.0717461918067708,0.0435679660379264,0.0177407926202219));
#2932=CARTESIAN_POINT('',(0.0708590497472745,0.0440379724474943,0.0178685630554503));
#2933=CARTESIAN_POINT('',(0.0706297137313593,0.0441916338405823,0.0179106477205865));
#2934=CARTESIAN_POINT('',(0.0706187016345396,0.0441990878935164,0.0179126897971125));
#2935=CARTESIAN_POINT('',(0.0760688724462212,0.04366178560661,0.0181260192342106));
#2936=CARTESIAN_POINT('',(0.075677480917582,0.0436351631815475,0.0181001801527137));
#2937=CARTESIAN_POINT('',(0.074762895370292,0.0434822519282888,0.017950827364468));
#2938=CARTESIAN_POINT('',(0.0734068868562346,0.0434815429087749,0.0179193598391217));
#2939=CARTESIAN_POINT('',(0.0717308754466025,0.0436529322039386,0.0179871174584861));
#2940=CARTESIAN_POINT('',(0.0708563285328318,0.0441052009437072,0.0180998788080618));
#2941=CARTESIAN_POINT('',(0.070630004346338,0.044252745067006,0.0181370132364569));
#2942=CARTESIAN_POINT('',(0.0706191362778466,0.0442599017889281,0.0181388151002332));
#2943=CARTESIAN_POINT('',(0.0760641194415792,0.043730241960763,0.018352881931098));
#2944=CARTESIAN_POINT('',(0.0756670283467905,0.0437065215201502,0.0183305631790323));
#2945=CARTESIAN_POINT('',(0.0747385007323779,0.0435702466309406,0.0182015631070984));
#2946=CARTESIAN_POINT('',(0.0733619022034525,0.0435685756214639,0.0181745403384263));
#2947=CARTESIAN_POINT('',(0.0717155610840196,0.0437378983699509,0.0182334422967503));
#2948=CARTESIAN_POINT('',(0.0708536060534339,0.0441724294399201,0.0183311945606734));
#2949=CARTESIAN_POINT('',(0.0706302950901682,0.0443138562934298,0.0183633787523272));
#2950=CARTESIAN_POINT('',(0.0706195711217975,0.0443207156843399,0.0183649404033539));
#2951=CARTESIAN_POINT('',(0.0760508846275423,0.0439200334259569,0.0189818462423415));
#2952=CARTESIAN_POINT('',(0.075637955860822,0.0439043585771299,0.018969287409409));
#2953=CARTESIAN_POINT('',(0.0746709282041435,0.0438142070894285,0.0188967141206027));
#2954=CARTESIAN_POINT('',(0.0732371617614379,0.0438098690158524,0.0188820141945952));
#2955=CARTESIAN_POINT('',(0.0716731124876584,0.0439734623776881,0.0189163643212463));
#2956=CARTESIAN_POINT('',(0.0708460523985492,0.0443588167367151,0.0189725047232395));
#2957=CARTESIAN_POINT('',(0.0706311017447699,0.0444832837972203,0.0189909646566299));
#2958=CARTESIAN_POINT('',(0.0706207776116059,0.0444893188543033,0.0189918603310607));
#2959=CARTESIAN_POINT('',(0.0760423584810174,0.0440413685369977,0.0193839478566976));
#2960=CARTESIAN_POINT('',(0.0756192638041057,0.0440308372955069,0.0193776286134672));
#2961=CARTESIAN_POINT('',(0.0746277966013904,0.0439701728452646,0.0193411293914767));
#2962=CARTESIAN_POINT('',(0.0731573897306305,0.0439641296975518,0.0193343075514595));
#2963=CARTESIAN_POINT('',(0.0716459813025321,0.0441240602194133,0.0193529615074781));
#2964=CARTESIAN_POINT('',(0.0708412200630332,0.0444779755372972,0.0193824991331941));
#2965=CARTESIAN_POINT('',(0.0706316177728719,0.0445916000745871,0.0193921850450623));
#2966=CARTESIAN_POINT('',(0.0706215494412891,0.044597108128855,0.0193926549556467));
#2967=CARTESIAN_POINT('',(0.0760337014820648,0.0441627036480385,0.0197860494710536));
#2968=CARTESIAN_POINT('',(0.0756003589648518,0.044157316013884,0.0197859698175253));
#2969=CARTESIAN_POINT('',(0.074584802821437,0.0441261386011007,0.0197855446623506));
#2970=CARTESIAN_POINT('',(0.0730775632512704,0.0441183903792511,0.0197866009083238));
#2971=CARTESIAN_POINT('',(0.0716188780287761,0.0442746580611382,0.0197895586937098));
#2972=CARTESIAN_POINT('',(0.0708363702290079,0.0445971343378792,0.0197924935431486));
#2973=CARTESIAN_POINT('',(0.0706321355832246,0.0446999163519539,0.0197934054334946));
#2974=CARTESIAN_POINT('',(0.0706223240464983,0.0447048974034066,0.0197934495802326));
#2975=CARTESIAN_POINT('',(0.0764,0.0441651169633628,0.0197860863498998));
#2976=CARTESIAN_POINT('',(0.0758434969877925,0.0441651169633628,0.0197860863498998));
#2977=CARTESIAN_POINT('',(0.0746953947331279,0.044126707117668,0.019785467161558));
#2978=CARTESIAN_POINT('',(0.0730775632512704,0.0441183903792511,0.0197866009083238));
#2979=CARTESIAN_POINT('',(0.0716188780287761,0.0442746580611382,0.0197895586937098));
#2980=CARTESIAN_POINT('',(0.0704411995346072,0.0447599866113585,0.0197939756580757));
#2981=CARTESIAN_POINT('',(0.0692232027788267,0.0455992074299275,0.0198011871374121));
#2982=CARTESIAN_POINT('',(0.0683054023124836,0.0465505725481474,0.019808563122494));
#2983=CARTESIAN_POINT('',(0.0675671864092245,0.0482738126155367,0.019824852234038));
#2984=CARTESIAN_POINT('',(0.0671547005383793,0.0482738126155367,0.019824852234038));
#2985=CARTESIAN_POINT('',(0.076,0.0441622690227251,0.0197860430777655));
#2986=CARTESIAN_POINT('',(0.0759999999986381,0.0441622690226706,0.0197860430777647));
#2987=CARTESIAN_POINT('',(0.0759999999986381,0.0440945928204389,0.01956248070153));
#2988=CARTESIAN_POINT('',(0.076,0.0440268492911664,0.0193389387296343));
#2989=CARTESIAN_POINT('',(0.076,0.0439590280364273,0.0191154203134563));
#2990=CARTESIAN_POINT('',(0.0760337014820648,0.0441627036480385,0.0232139505289464));
#2991=CARTESIAN_POINT('',(0.0756003589648518,0.044157316013884,0.0232140301824747));
#2992=CARTESIAN_POINT('',(0.0745848028214369,0.0441261386011007,0.0232144553376494));
#2993=CARTESIAN_POINT('',(0.0730775632512704,0.0441183903792511,0.0232133990916762));
#2994=CARTESIAN_POINT('',(0.0716188780287761,0.0442746580611383,0.0232104413062902));
#2995=CARTESIAN_POINT('',(0.070836370229008,0.0445971343378793,0.0232075064568515));
#2996=CARTESIAN_POINT('',(0.0706321355832247,0.0446999163519539,0.0232065945665054));
#2997=CARTESIAN_POINT('',(0.0706223240464984,0.0447048974034066,0.0232065504197674));
#2998=CARTESIAN_POINT('',(0.0760400003978656,0.0440423637013422,0.0236162700464426));
#2999=CARTESIAN_POINT('',(0.0756141312464033,0.0440340503875091,0.0236230754767947));
#3000=CARTESIAN_POINT('',(0.0746163546897034,0.0439861707654878,0.0236623845355508));
#3001=CARTESIAN_POINT('',(0.0731400004960767,0.0439816822510707,0.0236697860579981));
#3002=CARTESIAN_POINT('',(0.071639429933484,0.0441392688690267,0.0236498275983521));
#3003=CARTESIAN_POINT('',(0.0708401651328933,0.044481583480369,0.0236181404202127));
#3004=CARTESIAN_POINT('',(0.0706317308553223,0.0445912182504857,0.0236077472080192));
#3005=CARTESIAN_POINT('',(0.070621718008343,0.0445965323998264,0.0236072429783767));
#3006=CARTESIAN_POINT('',(0.076046202741428,0.0439220237546458,0.0240185895639389));
#3007=CARTESIAN_POINT('',(0.0756277464908552,0.0439107847611342,0.0240321207711148));
#3008=CARTESIAN_POINT('',(0.0746480082888889,0.0438462029298751,0.0241103137334522));
#3009=CARTESIAN_POINT('',(0.073202397479384,0.0438449741228902,0.0241261730243199));
#3010=CARTESIAN_POINT('',(0.0716600026614631,0.0440038796769149,0.0240892138904139));
#3011=CARTESIAN_POINT('',(0.0708439469557601,0.0443660326228588,0.0240287743835739));
#3012=CARTESIAN_POINT('',(0.0706313274597709,0.0444825201490176,0.024008899849533));
#3013=CARTESIAN_POINT('',(0.0706211140450393,0.0444881673962462,0.0240079355369859));
#3014=CARTESIAN_POINT('',(0.0760549235553895,0.0437515006572884,0.0245886809769251));
#3015=CARTESIAN_POINT('',(0.075646928859186,0.0437361159418086,0.0246117426877087));
#3016=CARTESIAN_POINT('',(0.0746929329467007,0.0436478668867377,0.024745034591487));
#3017=CARTESIAN_POINT('',(0.0732907889005409,0.0436512571229144,0.024772878638102));
#3018=CARTESIAN_POINT('',(0.0716891618133774,0.0438120316246148,0.0247118293519934));
#3019=CARTESIAN_POINT('',(0.070849302066643,0.0442022957203099,0.0246106474625873));
#3020=CARTESIAN_POINT('',(0.0706307562272719,0.0443284936810985,0.024577337785746));
#3021=CARTESIAN_POINT('',(0.0706202588207684,0.0443346129318897,0.0245757215303979));
#3022=CARTESIAN_POINT('',(0.0760574816591119,0.0437013175066273,0.0247564528724151));
#3023=CARTESIAN_POINT('',(0.0756525604638866,0.0436847127488579,0.0247823193099825));
#3024=CARTESIAN_POINT('',(0.0747061625618673,0.0435894986792132,0.0249318262516205));
#3025=CARTESIAN_POINT('',(0.0733167982143843,0.0435942482511191,0.0249631972855623));
#3026=CARTESIAN_POINT('',(0.0716977444741322,0.0437555727644263,0.024895058521511));
#3027=CARTESIAN_POINT('',(0.0708508771640289,0.0441541096752713,0.0247818865782395));
#3028=CARTESIAN_POINT('',(0.0706305882066375,0.0442831653146475,0.0247446230804452));
#3029=CARTESIAN_POINT('',(0.0706200072729342,0.0442894234711134,0.0247428149652005));
#3030=CARTESIAN_POINT('',(0.076060034950468,0.0436511343559662,0.0249242247679051));
#3031=CARTESIAN_POINT('',(0.0756581842426972,0.0436333095559073,0.0249528959322563));
#3032=CARTESIAN_POINT('',(0.0747193972422203,0.0435311304716886,0.0251186179117539));
#3033=CARTESIAN_POINT('',(0.0733428055447125,0.0435372393793237,0.0251535159330225));
#3034=CARTESIAN_POINT('',(0.0717063281063915,0.0436991139042378,0.0250782876910285));
#3035=CARTESIAN_POINT('',(0.0708524516587951,0.0441059236302327,0.0249531256938916));
#3036=CARTESIAN_POINT('',(0.0706304202473739,0.0442378369481965,0.0249119083751444));
#3037=CARTESIAN_POINT('',(0.070619755820683,0.0442442340103371,0.0249099084000032));
#3038=CARTESIAN_POINT('',(0.076,0.0439667688146595,0.0238665020577886));
#3039=CARTESIAN_POINT('',(0.076,0.044031950304372,0.0236489914327573));
#3040=CARTESIAN_POINT('',(0.076,0.0440971165615753,0.0234314762441202));
#3041=CARTESIAN_POINT('',(0.076,0.0441622690227251,0.0232139569222345));
#3042=CARTESIAN_POINT('',(0.0759999999972769,0.0441622690226524,0.0232139569222356));
#3043=CARTESIAN_POINT('',(0.0764,0.0441651169633628,0.0232139136501003));
#3044=CARTESIAN_POINT('',(0.0758434969877925,0.0441651169633628,0.0232139136501003));
#3045=CARTESIAN_POINT('',(0.0746953947331279,0.044126707117668,0.0232145328384421));
#3046=CARTESIAN_POINT('',(0.0730775632512704,0.0441183903792512,0.0232133990916762));
#3047=CARTESIAN_POINT('',(0.0716188780287761,0.0442746580611382,0.0232104413062902));
#3048=CARTESIAN_POINT('',(0.0704411995346072,0.0447599866113586,0.0232060243419243));
#3049=CARTESIAN_POINT('',(0.0692232027788267,0.0455992074299275,0.0231988128625879));
#3050=CARTESIAN_POINT('',(0.0683054023124837,0.0465505725481475,0.023191436877506));
#3051=CARTESIAN_POINT('',(0.0675671864092245,0.0482738126155367,0.0231751477659618));
#3052=CARTESIAN_POINT('',(0.0671547005383793,0.0482738126155367,0.0231751477659618));
#3053=CARTESIAN_POINT('',(0.0706761012809207,0.0446780336855948,0.0232067889658244));
#3054=CARTESIAN_POINT('',(0.0706679915492767,0.0446820186243914,0.0232067535086721));
#3055=CARTESIAN_POINT('',(0.070264301391898,0.0448818724894803,0.0232049769686085));
#3056=CARTESIAN_POINT('',(0.0692232027788267,0.0455992074299275,0.0231988128625879));
#3057=CARTESIAN_POINT('',(0.0685271797224347,0.0463206845718673,0.0231932192113872));
#3058=CARTESIAN_POINT('',(0.0680228622105916,0.0472993771381828,0.0231842375480376));
#3059=CARTESIAN_POINT('',(0.0678800146933783,0.0475452024909745,0.0231819601117276));
#3060=CARTESIAN_POINT('',(0.070676602901561,0.0445678822637211,0.0236099568516248));
#3061=CARTESIAN_POINT('',(0.0706683254927913,0.0445721306571251,0.0236095551097825));
#3062=CARTESIAN_POINT('',(0.0702563034612602,0.0447852323065028,0.0235893887823327));
#3063=CARTESIAN_POINT('',(0.0691956041043439,0.0455549005554445,0.0235143545014886));
#3064=CARTESIAN_POINT('',(0.0685115255076101,0.0463254408678209,0.0234422219004311));
#3065=CARTESIAN_POINT('',(0.068013690880268,0.0473830709565327,0.023323430965935));
#3066=CARTESIAN_POINT('',(0.0678725303450417,0.0476489141548376,0.0232932711446201));
#3067=CARTESIAN_POINT('',(0.0706771030538376,0.0444577308418473,0.0240131247374253));
#3068=CARTESIAN_POINT('',(0.0706686584218396,0.0444622426898588,0.0240123567108929));
#3069=CARTESIAN_POINT('',(0.0702483288755916,0.0446885921235252,0.0239738005960569));
#3070=CARTESIAN_POINT('',(0.0691683439199166,0.0455105936809615,0.0238298961403892));
#3071=CARTESIAN_POINT('',(0.0684942079537098,0.0463301971637745,0.023691224589475));
#3072=CARTESIAN_POINT('',(0.0680058337283476,0.0474667647748827,0.0234626243838324));
#3073=CARTESIAN_POINT('',(0.0678669242383045,0.0477526258187009,0.0234045821775126));
#3074=CARTESIAN_POINT('',(0.0706781027655028,0.0442374279981,0.0248194605090263));
#3075=CARTESIAN_POINT('',(0.0706693238694644,0.0442424667553261,0.0248179599131138));
#3076=CARTESIAN_POINT('',(0.0702323891276552,0.0444953117575702,0.0247426242235054));
#3077=CARTESIAN_POINT('',(0.0691139665055287,0.0454219799319955,0.0244609794181904));
#3078=CARTESIAN_POINT('',(0.0684588720329545,0.0463397097556819,0.0241892299675628));
#3079=CARTESIAN_POINT('',(0.0679906730905084,0.0476341524115826,0.0237410112196272));
#3080=CARTESIAN_POINT('',(0.0678565033460691,0.0479600491464272,0.0236272042432975));
#3081=CARTESIAN_POINT('',(0.070678602070328,0.0441272765762263,0.0252226283948267));
#3082=CARTESIAN_POINT('',(0.0706696562124195,0.0441325787880598,0.0252207615142242));
#3083=CARTESIAN_POINT('',(0.070224428013394,0.0443986715745927,0.0251270360372297));
#3084=CARTESIAN_POINT('',(0.069086906110086,0.0453776730575125,0.024776521057091));
#3085=CARTESIAN_POINT('',(0.0684405738916176,0.0463444660516354,0.0244382326566067));
#3086=CARTESIAN_POINT('',(0.0679835906604965,0.0477178462299325,0.0238802046375246));
#3087=CARTESIAN_POINT('',(0.06785200449247,0.0480637608102903,0.02373851527619));
#3088=CARTESIAN_POINT('',(0.0706794895298656,0.0439314309623076,0.0259394476674588));
#3089=CARTESIAN_POINT('',(0.0706702469085773,0.0439372015877889,0.0259369295446954));
#3090=CARTESIAN_POINT('',(0.0702102779941478,0.0442268485001148,0.0258105076291147));
#3091=CARTESIAN_POINT('',(0.0690388577950546,0.0452988968884322,0.0253375437378355));
#3092=CARTESIAN_POINT('',(0.0684077244260175,0.0463529225897824,0.0248809512677121));
#3093=CARTESIAN_POINT('',(0.0679712479884004,0.047866651092885,0.0241276859674779));
#3094=CARTESIAN_POINT('',(0.0678443624851881,0.0482481567457609,0.0239364226404522));
#3095=CARTESIAN_POINT('',(0.0706798777533022,0.0438457367702626,0.0262530990542904));
#3096=CARTESIAN_POINT('',(0.0706705053091884,0.0438517123547843,0.0262502959740563));
#3097=CARTESIAN_POINT('',(0.0702040879963153,0.0441516656086145,0.0261095674072755));
#3098=CARTESIAN_POINT('',(0.0690178545613676,0.045264427593835,0.0255830247796793));
#3099=CARTESIAN_POINT('',(0.0683932484952301,0.0463566228319757,0.0250746671897736));
#3100=CARTESIAN_POINT('',(0.0679659281761189,0.0479317621374876,0.0242359738795339));
#3101=CARTESIAN_POINT('',(0.0678411341941725,0.0483288410173682,0.0240230189718218));
#3102=CARTESIAN_POINT('',(0.070680266293741,0.0437600425782176,0.0265667504411219));
#3103=CARTESIAN_POINT('',(0.0706707639288476,0.0437662231217796,0.0265636624034172));
#3104=CARTESIAN_POINT('',(0.0701978929586994,0.0440764827171141,0.0264086271854363));
#3105=CARTESIAN_POINT('',(0.0689967779807694,0.0452299582992379,0.0258285058215232));
#3106=CARTESIAN_POINT('',(0.0683791329191145,0.0463603230741691,0.0252683831118351));
#3107=CARTESIAN_POINT('',(0.0679603236547298,0.0479968731820902,0.0243442617915898));
#3108=CARTESIAN_POINT('',(0.0678374989924225,0.0484095252889755,0.0241096153031915));
#3109=CARTESIAN_POINT('',(0.0764,0.0441651169633628,0.0232139136501003));
#3110=CARTESIAN_POINT('',(0.0758434969877925,0.0441651169633628,0.0232139136501003));
#3111=CARTESIAN_POINT('',(0.0746953947331279,0.044126707117668,0.0232145328384421));
#3112=CARTESIAN_POINT('',(0.0730775632512704,0.0441183903792512,0.0232133990916762));
#3113=CARTESIAN_POINT('',(0.0716188780287761,0.0442746580611382,0.0232104413062902));
#3114=CARTESIAN_POINT('',(0.0704411995346072,0.0447599866113586,0.0232060243419243));
#3115=CARTESIAN_POINT('',(0.0692232027788267,0.0455992074299275,0.0231988128625879));
#3116=CARTESIAN_POINT('',(0.0683054023124837,0.0465505725481475,0.023191436877506));
#3117=CARTESIAN_POINT('',(0.0675671864092245,0.0482738126155367,0.0231751477659618));
#3118=CARTESIAN_POINT('',(0.0671547005383793,0.0482738126155367,0.0231751477659618));
#3119=CARTESIAN_POINT('',(0.0760715425881686,0.0441631538587408,0.0197860561630344));
#3120=CARTESIAN_POINT('',(0.0756253941315748,0.0441580881914717,0.0197859804560706));
#3121=CARTESIAN_POINT('',(0.0745962421750349,0.0441261974070472,0.0197855366458604));
#3122=CARTESIAN_POINT('',(0.0730775632512704,0.0441183903792511,0.0197866009083238));
#3123=CARTESIAN_POINT('',(0.0716188780287761,0.0442746580611383,0.0197895586937098));
#3124=CARTESIAN_POINT('',(0.0704411995346072,0.0447599866113586,0.0197939756580757));
#3125=CARTESIAN_POINT('',(0.0692232027788267,0.0455992074299275,0.0198011871374121));
#3126=CARTESIAN_POINT('',(0.0683054023124837,0.0465505725481474,0.019808563122494));
#3127=CARTESIAN_POINT('',(0.0675671864092245,0.0482738126155367,0.019824852234038));
#3128=CARTESIAN_POINT('',(0.0671547005383793,0.0482738126155367,0.019824852234038));
#3129=CARTESIAN_POINT('',(0.0760704501133652,0.044211266632127,0.0199476207214872));
#3130=CARTESIAN_POINT('',(0.0756228035715755,0.0442063190850725,0.0199483448504141));
#3131=CARTESIAN_POINT('',(0.0745899943830063,0.0441750697730775,0.0199527919180333));
#3132=CARTESIAN_POINT('',(0.0730620498917431,0.0441637670628555,0.0199498875239836));
#3133=CARTESIAN_POINT('',(0.0716142677868565,0.0443221679561039,0.0199576836151133));
#3134=CARTESIAN_POINT('',(0.0704421136428384,0.0448026872847558,0.0199519034141913));
#3135=CARTESIAN_POINT('',(0.0692313057149954,0.04563975627889,0.0199671037373068));
#3136=CARTESIAN_POINT('',(0.0683111189861974,0.0465855094770821,0.0199683523349188));
#3137=CARTESIAN_POINT('',(0.067569096143803,0.0483005458847047,0.0199821847212791));
#3138=CARTESIAN_POINT('',(0.0671547005383793,0.0483005458847047,0.0199821847212791));
#3139=CARTESIAN_POINT('',(0.0760705858550162,0.0442061741719501,0.0201249237795757));
#3140=CARTESIAN_POINT('',(0.0756231291075828,0.0441999465656574,0.0201252297120282));
#3141=CARTESIAN_POINT('',(0.0745908339993713,0.0441608637882459,0.020127109854001));
#3142=CARTESIAN_POINT('',(0.0730650883373053,0.0441556931570823,0.0201259306695106));
#3143=CARTESIAN_POINT('',(0.07161517080733,0.0443037775649505,0.0201296295658352));
#3144=CARTESIAN_POINT('',(0.0704419718941424,0.0447987678912517,0.0201275991948157));
#3145=CARTESIAN_POINT('',(0.0692291819895746,0.0456180426317613,0.0201349811456948));
#3146=CARTESIAN_POINT('',(0.0683090606176323,0.0465688353992523,0.0201364187353582));
#3147=CARTESIAN_POINT('',(0.0675684106448639,0.0482792616333616,0.0201440106979586));
#3148=CARTESIAN_POINT('',(0.0671547005383793,0.0482792616333616,0.0201440106979586));
#3149=CARTESIAN_POINT('',(0.0760726970526037,0.0440926723849744,0.0204425196612205));
#3150=CARTESIAN_POINT('',(0.0756281491509585,0.044086480684955,0.0204423014481473));
#3151=CARTESIAN_POINT('',(0.0746031502307771,0.0440477179442694,0.0204409560554387));
#3152=CARTESIAN_POINT('',(0.073099432011312,0.0440459865611459,0.0204416408833656));
#3153=CARTESIAN_POINT('',(0.0716253734290971,0.0441878184838213,0.0204394208224605));
#3154=CARTESIAN_POINT('',(0.070440095954932,0.0446815166851934,0.0204408563330901));
#3155=CARTESIAN_POINT('',(0.0692091350553999,0.0454988957690441,0.0204366128571954));
#3156=CARTESIAN_POINT('',(0.068292713040668,0.0464473617973234,0.0204362925752152));
#3157=CARTESIAN_POINT('',(0.0675629563230532,0.0481493152159157,0.0204319240065636));
#3158=CARTESIAN_POINT('',(0.0671547005383793,0.0481493152159157,0.0204319240065636));
#3159=CARTESIAN_POINT('',(0.0760746734908141,0.0439847341725018,0.0205814487796194));
#3160=CARTESIAN_POINT('',(0.0756328462862421,0.0439797416013916,0.0205814568826127));
#3161=CARTESIAN_POINT('',(0.0746146360435652,0.0439484168562156,0.020581486373448));
#3162=CARTESIAN_POINT('',(0.0731307585697715,0.0439445339102314,0.0205807240277391));
#3163=CARTESIAN_POINT('',(0.0716346794577973,0.0440897260066445,0.0205788760936111));
#3164=CARTESIAN_POINT('',(0.0704383604949996,0.0445688586395181,0.0205762355363073));
#3165=CARTESIAN_POINT('',(0.0691912004780348,0.0454009217469985,0.0205719903929514));
#3166=CARTESIAN_POINT('',(0.0682784157039225,0.0463428229279176,0.020567683885859));
#3167=CARTESIAN_POINT('',(0.0675581847260889,0.0480402985185592,0.0205582149152135));
#3168=CARTESIAN_POINT('',(0.0671547005383793,0.0480402985185592,0.0205582149152135));
#3169=CARTESIAN_POINT('',(0.0760798876569067,0.0437127376702328,0.0207677019236371));
#3170=CARTESIAN_POINT('',(0.0756452373804836,0.0437080511530993,0.0207677342681665));
#3171=CARTESIAN_POINT('',(0.0746449298729747,0.04367887871125,0.0207679030090113));
#3172=CARTESIAN_POINT('',(0.0732134348536461,0.043683587851553,0.0207666969517228));
#3173=CARTESIAN_POINT('',(0.0716592343936471,0.0438166055772285,0.020763658841243));
#3174=CARTESIAN_POINT('',(0.0704337830381902,0.0442940037410836,0.0207592598462914));
#3175=CARTESIAN_POINT('',(0.069143853223693,0.0451280912669745,0.0207521542234255));
#3176=CARTESIAN_POINT('',(0.0682406510477848,0.0460689564549052,0.0207449276158409));
#3177=CARTESIAN_POINT('',(0.067545579190782,0.0477572571779693,0.020729016490283));
#3178=CARTESIAN_POINT('',(0.0671547005383793,0.0477572571779693,0.020729016490283));
#3179=CARTESIAN_POINT('',(0.0760819199873362,0.0436023659363218,0.020893278502994));
#3180=CARTESIAN_POINT('',(0.0756500701653428,0.0435981360104059,0.0208934003139668));
#3181=CARTESIAN_POINT('',(0.074656784998558,0.0435718555032573,0.0208941124243669));
#3182=CARTESIAN_POINT('',(0.07324627794779,0.0435778975092301,0.020892329076781));
#3183=CARTESIAN_POINT('',(0.0716689817835819,0.0437087402111328,0.020890638347536));
#3184=CARTESIAN_POINT('',(0.0704319836240512,0.0441790032179828,0.0208839129221398));
#3185=CARTESIAN_POINT('',(0.0691248040199492,0.0450180008413814,0.020879153540421));
#3186=CARTESIAN_POINT('',(0.0682252164929523,0.0459555626861124,0.0208722159589468));
#3187=CARTESIAN_POINT('',(0.0675404338983383,0.0476335381060704,0.0208528869583005));
#3188=CARTESIAN_POINT('',(0.0671547005383793,0.0476335381060704,0.0208528869583005));
#3189=CARTESIAN_POINT('',(0.0760846832351774,0.0434527007481273,0.0211793028218333));
#3190=CARTESIAN_POINT('',(0.07565664123761,0.0434486251574907,0.0211794068329021));
#3191=CARTESIAN_POINT('',(0.0746729128689653,0.0434234277387114,0.0211800205607652));
#3192=CARTESIAN_POINT('',(0.0732912885700865,0.0434337210143157,0.0211787021693713));
#3193=CARTESIAN_POINT('',(0.0716823353209655,0.0435570206787401,0.0211778316456142));
#3194=CARTESIAN_POINT('',(0.0704295299304927,0.044024597380784,0.0211727790542936));
#3195=CARTESIAN_POINT('',(0.0690985429058579,0.0448620110979499,0.0211700062804287));
#3196=CARTESIAN_POINT('',(0.0682037890874147,0.0457961846809601,0.0211653536863389));
#3197=CARTESIAN_POINT('',(0.0675332871231233,0.0474621708307044,0.0211514107472175));
#3198=CARTESIAN_POINT('',(0.0671547005383793,0.0474621708307044,0.0211514107472175));
#3199=CARTESIAN_POINT('',(0.0760854140913644,0.0434134071080244,0.0213396061762562));
#3200=CARTESIAN_POINT('',(0.075658379300448,0.0434090319524961,0.0213396265941395));
#3201=CARTESIAN_POINT('',(0.0746771842805618,0.0433820431501503,0.0213397422318234));
#3202=CARTESIAN_POINT('',(0.0733034516214378,0.0433952777471422,0.0213393091666913));
#3203=CARTESIAN_POINT('',(0.071685940135181,0.0435131019765079,0.0213382231973106));
#3204=CARTESIAN_POINT('',(0.0704288758600807,0.0439853490175235,0.0213365926728941));
#3205=CARTESIAN_POINT('',(0.0690913341349311,0.0448160871297216,0.0213340053378114));
#3206=CARTESIAN_POINT('',(0.0681977999146107,0.0457499970847358,0.0213313227106762));
#3207=CARTESIAN_POINT('',(0.067531285640352,0.047415116963813,0.0213254938355672));
#3208=CARTESIAN_POINT('',(0.0671547005383793,0.047415116963813,0.0213254938355672));
#3209=CARTESIAN_POINT('',(0.0760854155948001,0.0434134071071976,0.0216603938186105));
#3210=CARTESIAN_POINT('',(0.0756583820072694,0.0434090319516661,0.0216603734007609));
#3211=CARTESIAN_POINT('',(0.074677182599031,0.0433820431493018,0.0216602577632831));
#3212=CARTESIAN_POINT('',(0.0733034521867706,0.0433952777463451,0.0216606908282619));
#3213=CARTESIAN_POINT('',(0.0716859400844902,0.0435131019756,0.0216617767977648));
#3214=CARTESIAN_POINT('',(0.0704288758824151,0.0439853490167122,0.0216634073218764));
#3215=CARTESIAN_POINT('',(0.069091334047319,0.0448160871287767,0.0216659946571506));
#3216=CARTESIAN_POINT('',(0.0681978004464837,0.0457499970837466,0.0216686772839309));
#3217=CARTESIAN_POINT('',(0.0675312845194217,0.0474151169629126,0.0216745061592732));
#3218=CARTESIAN_POINT('',(0.0671547005383793,0.0474151169629126,0.0216745061592732));
#3219=CARTESIAN_POINT('',(0.076084684738627,0.0434527007464946,0.0218206971737086));
#3220=CARTESIAN_POINT('',(0.0756566439444645,0.0434486251558658,0.0218205931626661));
#3221=CARTESIAN_POINT('',(0.0746729111875173,0.0434234277371365,0.0218199794349644));
#3222=CARTESIAN_POINT('',(0.0732912891356482,0.0434337210127623,0.0218212978262366));
#3223=CARTESIAN_POINT('',(0.0716823352703427,0.043557020677117,0.0218221683501069));
#3224=CARTESIAN_POINT('',(0.0704295299528146,0.0440245973791084,0.0218272209411769));
#3225=CARTESIAN_POINT('',(0.0690985428181131,0.0448620110962726,0.0218299937152264));
#3226=CARTESIAN_POINT('',(0.0682037896191785,0.0457961846791662,0.0218346463090639));
#3227=CARTESIAN_POINT('',(0.0675332860021597,0.0474621708289274,0.0218485892483491));
#3228=CARTESIAN_POINT('',(0.0671547005383793,0.0474621708289274,0.0218485892483491));
#3229=CARTESIAN_POINT('',(0.0760819207390815,0.0436023659343826,0.022106721494638));
#3230=CARTESIAN_POINT('',(0.0756500715188189,0.0435981360084796,0.0221065996836722));
#3231=CARTESIAN_POINT('',(0.074656784157954,0.0435718555014123,0.0221058875733152));
#3232=CARTESIAN_POINT('',(0.0732462782309003,0.0435778975073894,0.0221076709208724));
#3233=CARTESIAN_POINT('',(0.0716689817583682,0.0437087402092684,0.0221093616501405));
#3234=CARTESIAN_POINT('',(0.070431983635194,0.0441790032159732,0.0221160870754952));
#3235=CARTESIAN_POINT('',(0.0691248039758872,0.0450180008394816,0.0221208464572532));
#3236=CARTESIAN_POINT('',(0.0682252167586817,0.0459555626841015,0.0221277840386584));
#3237=CARTESIAN_POINT('',(0.0675404333378066,0.0476335381039944,0.0221471130394208));
#3238=CARTESIAN_POINT('',(0.0671547005383793,0.0476335381039944,0.0221471130394208));
#3239=CARTESIAN_POINT('',(0.0760798876569339,0.0437127376688177,0.0222322980753939));
#3240=CARTESIAN_POINT('',(0.0756452373805484,0.0437080511516858,0.0222322657308644));
#3241=CARTESIAN_POINT('',(0.0746449298731322,0.0436788787098477,0.0222320969900188));
#3242=CARTESIAN_POINT('',(0.0732134348540763,0.0436835878501955,0.0222333030473097));
#3243=CARTESIAN_POINT('',(0.0716592343937748,0.0438166055758077,0.0222363411577958));
#3244=CARTESIAN_POINT('',(0.0704337830381664,0.0442940037396536,0.0222407401527564));
#3245=CARTESIAN_POINT('',(0.0691438532234466,0.0451280912655551,0.0222478457756372));
#3246=CARTESIAN_POINT('',(0.0682406510475888,0.0460689564534804,0.0222550723832369));
#3247=CARTESIAN_POINT('',(0.0675455791907154,0.0477572571764968,0.0222709835088283));
#3248=CARTESIAN_POINT('',(0.0671547005383793,0.0477572571764968,0.0222709835088283));
#3249=CARTESIAN_POINT('',(0.0760746734908412,0.0439847341710801,0.0224185512194072));
#3250=CARTESIAN_POINT('',(0.0756328462863066,0.0439797415999716,0.0224185431164137));
#3251=CARTESIAN_POINT('',(0.0746146360437237,0.0439484168548069,0.0224185136255776));
#3252=CARTESIAN_POINT('',(0.0731307585702036,0.0439445339088675,0.022419275971289));
#3253=CARTESIAN_POINT('',(0.0716346794579256,0.044089726005217,0.0224211239054232));
#3254=CARTESIAN_POINT('',(0.0704383604949757,0.0445688586380816,0.0224237644627362));
#3255=CARTESIAN_POINT('',(0.0691912004777874,0.0454009217455725,0.0224280096061069));
#3256=CARTESIAN_POINT('',(0.0682784157037246,0.0463428229264863,0.0224323161132146));
#3257=CARTESIAN_POINT('',(0.0675581847260242,0.0480402985170798,0.0224417850838937));
#3258=CARTESIAN_POINT('',(0.0671547005383793,0.0480402985170798,0.0224417850838937));
#3259=CARTESIAN_POINT('',(0.0760726970526195,0.044092672384138,0.022557480337246));
#3260=CARTESIAN_POINT('',(0.0756281491509962,0.044086480684119,0.0225576985503136));
#3261=CARTESIAN_POINT('',(0.0746031502308697,0.0440477179434362,0.0225590439429878));
#3262=CARTESIAN_POINT('',(0.0730994320115666,0.0440459865603375,0.0225583591150872));
#3263=CARTESIAN_POINT('',(0.0716253734291727,0.0441878184829805,0.0225605791759823));
#3264=CARTESIAN_POINT('',(0.0704400959549179,0.0446815166843293,0.0225591436654018));
#3265=CARTESIAN_POINT('',(0.0692091350552532,0.0454988957681933,0.0225633871412865));
#3266=CARTESIAN_POINT('',(0.0682927130405501,0.0464473617964783,0.02256370742334));
#3267=CARTESIAN_POINT('',(0.0675629563230139,0.0481493152149717,0.0225680759919668));
#3268=CARTESIAN_POINT('',(0.0671547005383793,0.0481493152149717,0.0225680759919668));
#3269=CARTESIAN_POINT('',(0.0760705858550169,0.0442061741719151,0.0228750762195197));
#3270=CARTESIAN_POINT('',(0.0756231291075844,0.0441999465656175,0.0228747702870636));
#3271=CARTESIAN_POINT('',(0.0745908339993756,0.0441608637881764,0.0228728901450687));
#3272=CARTESIAN_POINT('',(0.0730650883373212,0.0441556931570357,0.0228740693295746));
#3273=CARTESIAN_POINT('',(0.0716151708073346,0.0443037775648639,0.0228703704332442));
#3274=CARTESIAN_POINT('',(0.0704419718941417,0.044798767891216,0.0228724008042884));
#3275=CARTESIAN_POINT('',(0.0692291819895635,0.0456180426316567,0.0228650188534031));
#3276=CARTESIAN_POINT('',(0.0683090606176215,0.0465688353991665,0.0228635812637846));
#3277=CARTESIAN_POINT('',(0.0675684106448603,0.0482792616332394,0.0228559893011486));
#3278=CARTESIAN_POINT('',(0.0671547005383793,0.0482792616332394,0.0228559893011486));
#3279=CARTESIAN_POINT('',(0.0760704501133651,0.044211266632132,0.0230523792784961));
#3280=CARTESIAN_POINT('',(0.075622803571575,0.0442063190850779,0.0230516551495679));
#3281=CARTESIAN_POINT('',(0.0745899943830054,0.044175069773085,0.0230472080819408));
#3282=CARTESIAN_POINT('',(0.073062049891741,0.0441637670628609,0.0230501124759972));
#3283=CARTESIAN_POINT('',(0.0716142677868559,0.0443221679561119,0.023042316384858));
#3284=CARTESIAN_POINT('',(0.0704421136428385,0.0448026872847588,0.0230480965857978));
#3285=CARTESIAN_POINT('',(0.0692313057149965,0.0456397562788967,0.0230328962626665));
#3286=CARTESIAN_POINT('',(0.068311118986198,0.0465855094770858,0.0230316476650635));
#3287=CARTESIAN_POINT('',(0.0675690961438032,0.0483005458847071,0.0230178152787067));
#3288=CARTESIAN_POINT('',(0.0671547005383793,0.0483005458847071,0.0230178152787067));
#3289=CARTESIAN_POINT('',(0.0760715425881686,0.0441631538587408,0.0232139438369656));
#3290=CARTESIAN_POINT('',(0.0756253941315748,0.0441580881914717,0.0232140195439294));
#3291=CARTESIAN_POINT('',(0.0745962421750349,0.0441261974070471,0.0232144633541396));
#3292=CARTESIAN_POINT('',(0.0730775632512704,0.0441183903792512,0.0232133990916762));
#3293=CARTESIAN_POINT('',(0.0716188780287761,0.0442746580611382,0.0232104413062902));
#3294=CARTESIAN_POINT('',(0.0704411995346072,0.0447599866113586,0.0232060243419243));
#3295=CARTESIAN_POINT('',(0.0692232027788267,0.0455992074299275,0.0231988128625879));
#3296=CARTESIAN_POINT('',(0.0683054023124837,0.0465505725481475,0.023191436877506));
#3297=CARTESIAN_POINT('',(0.0675671864092245,0.0482738126155367,0.0231751477659618));
#3298=CARTESIAN_POINT('',(0.0671547005383793,0.0482738126155367,0.0231751477659618));
#3299=CARTESIAN_POINT('',(0.0759999999972769,0.0441622690226524,0.0232139569222356));
#3300=CARTESIAN_POINT('',(0.0759999999972769,0.0442096382613019,0.0230548776441649));
#3301=CARTESIAN_POINT('',(0.076000000000614,0.0442026778814663,0.0227998351460093));
#3302=CARTESIAN_POINT('',(0.0759999999998844,0.0440505521436831,0.0225021107928096));
#3303=CARTESIAN_POINT('',(0.0760000000000309,0.0438673526245955,0.0223334251889174));
#3304=CARTESIAN_POINT('',(0.0759999999999919,0.0436690503932139,0.022188847149625));
#3305=CARTESIAN_POINT('',(0.0760000000000047,0.0434805824314319,0.0219176864259652));
#3306=CARTESIAN_POINT('',(0.0759999999999982,0.0433708781416273,0.0215161287251681));
#3307=CARTESIAN_POINT('',(0.0760000000000002,0.043469525044334,0.0211072845551352));
#3308=CARTESIAN_POINT('',(0.0759999999999999,0.0436491983467817,0.0208346437225682));
#3309=CARTESIAN_POINT('',(0.076,0.0438434843222956,0.0206778968508837));
#3310=CARTESIAN_POINT('',(0.076,0.0440342289011516,0.0205215134939779));
#3311=CARTESIAN_POINT('',(0.0760000000000001,0.0442005487477962,0.0202176221161342));
#3312=CARTESIAN_POINT('',(0.076,0.0442114296335974,0.0199511382895491));
#3313=CARTESIAN_POINT('',(0.076,0.0441622690227251,0.0197860430777655));
#3314=CARTESIAN_POINT('',(0.0764,0.0441651169633628,0.0197860863498998));
#3315=CARTESIAN_POINT('',(0.0758434969877925,0.0441651169633628,0.0197860863498998));
#3316=CARTESIAN_POINT('',(0.0746953947331279,0.044126707117668,0.019785467161558));
#3317=CARTESIAN_POINT('',(0.0730775632512704,0.0441183903792511,0.0197866009083238));
#3318=CARTESIAN_POINT('',(0.0716188780287761,0.0442746580611382,0.0197895586937098));
#3319=CARTESIAN_POINT('',(0.0704411995346072,0.0447599866113585,0.0197939756580757));
#3320=CARTESIAN_POINT('',(0.0692232027788267,0.0455992074299275,0.0198011871374121));
#3321=CARTESIAN_POINT('',(0.0683054023124836,0.0465505725481474,0.019808563122494));
#3322=CARTESIAN_POINT('',(0.0675671864092245,0.0482738126155367,0.019824852234038));
#3323=CARTESIAN_POINT('',(0.0671547005383793,0.0482738126155367,0.019824852234038));
#3324=CARTESIAN_POINT('',(0.0671547005383793,0.0474851169633628,0.019958864055315));
#3325=CARTESIAN_POINT('',(0.0671547005383793,0.0478984502966961,0.0206438133640639));
#3326=CARTESIAN_POINT('',(0.0671547005383793,0.0484151169633628,0.0215));
#3327=CARTESIAN_POINT('',(0.0671547005383793,0.0478984502966961,0.0223561866359361));
#3328=CARTESIAN_POINT('',(0.0671547005383793,0.0474851169633628,0.0230411359446849));
#3329=CARTESIAN_POINT('',(0.0706798931720925,0.044023988415881,0.0174098648911107));
#3330=CARTESIAN_POINT('',(0.0706705136215251,0.0440304384644025,0.0174119045016107));
#3331=CARTESIAN_POINT('',(0.0702038384112491,0.0443542424821124,0.0175143026377851));
#3332=CARTESIAN_POINT('',(0.0690307509353159,0.0455603578609743,0.0178973762085824));
#3333=CARTESIAN_POINT('',(0.0684197332733729,0.0467449608638867,0.0182671797578291));
#3334=CARTESIAN_POINT('',(0.0679837749653077,0.0484740010749983,0.0188772577033635));
#3335=CARTESIAN_POINT('',(0.0678560394976031,0.0489101756470888,0.0190321639123107));
#3336=CARTESIAN_POINT('',(0.0706792716096411,0.0441313875866765,0.0178012283239227));
#3337=CARTESIAN_POINT('',(0.0706701002346763,0.0441374328459117,0.0178029388373131));
#3338=CARTESIAN_POINT('',(0.0702137495199391,0.0444408833128796,0.0178888141476365));
#3339=CARTESIAN_POINT('',(0.0690620996875188,0.0455667372535411,0.0182099963383598));
#3340=CARTESIAN_POINT('',(0.0684386210965343,0.0466752914935941,0.0185199938722811));
#3341=CARTESIAN_POINT('',(0.0679892102868518,0.0482811189570618,0.019031367269546));
#3342=CARTESIAN_POINT('',(0.0678585713436335,0.0486860367507081,0.0191612106815656));
#3343=CARTESIAN_POINT('',(0.0706786498175901,0.044238786757472,0.0181925917567347));
#3344=CARTESIAN_POINT('',(0.0706696866894134,0.0442444272274209,0.0181939731730155));
#3345=CARTESIAN_POINT('',(0.070223664279617,0.0445275241436469,0.018263325657488));
#3346=CARTESIAN_POINT('',(0.0690934998102032,0.0455731166461079,0.0185226164681372));
#3347=CARTESIAN_POINT('',(0.0684572560725303,0.0466056221233015,0.0187728079867331));
#3348=CARTESIAN_POINT('',(0.0679948453878113,0.0480882368391253,0.0191854768357286));
#3349=CARTESIAN_POINT('',(0.0678613887135717,0.0484618978543273,0.0192902574508205));
#3350=CARTESIAN_POINT('',(0.0706773862181478,0.0444568018452541,0.0189870404710708));
#3351=CARTESIAN_POINT('',(0.0706688462505643,0.0444616206126598,0.018987753836242));
#3352=CARTESIAN_POINT('',(0.0702438128860105,0.0447034008118309,0.0190235657886821));
#3353=CARTESIAN_POINT('',(0.069157565006732,0.0455860665024256,0.0191572201110804));
#3354=CARTESIAN_POINT('',(0.0684934906518221,0.0464641966935931,0.0192860083303352));
#3355=CARTESIAN_POINT('',(0.0680075433592267,0.0476966955305465,0.0194983117519621));
#3356=CARTESIAN_POINT('',(0.0678689072123647,0.0480069068073023,0.0195522161095208));
#3357=CARTESIAN_POINT('',(0.0706767447380518,0.0445674177622408,0.0193901257525949));
#3358=CARTESIAN_POINT('',(0.0706684195827209,0.0445718196163895,0.019390500163766));
#3359=CARTESIAN_POINT('',(0.0702540415279792,0.0447926366492477,0.0194092944100248));
#3360=CARTESIAN_POINT('',(0.0691901574189303,0.0455926369661766,0.0194792036242462));
#3361=CARTESIAN_POINT('',(0.0685114480530003,0.0463924406341773,0.0195463945594853));
#3362=CARTESIAN_POINT('',(0.0680143235233918,0.0474980363399043,0.0196570371020131));
#3363=CARTESIAN_POINT('',(0.0678732042998935,0.0477760546566581,0.0196851279989663));
#3364=CARTESIAN_POINT('',(0.0706761012938788,0.0446780336792274,0.019793211034119));
#3365=CARTESIAN_POINT('',(0.0706679915579062,0.0446820186201192,0.0197932464912899));
#3366=CARTESIAN_POINT('',(0.0702643013959847,0.0448818724866644,0.0197950230313674));
#3367=CARTESIAN_POINT('',(0.0692232027788267,0.0455992074299275,0.0198011871374121));
#3368=CARTESIAN_POINT('',(0.0685271797196423,0.0463206845747617,0.0198067807886353));
#3369=CARTESIAN_POINT('',(0.0680228622048824,0.0472993771492621,0.019815762452064));
#3370=CARTESIAN_POINT('',(0.0678800146846389,0.0475452025060139,0.0198180398884116));
#3371=CARTESIAN_POINT('',(0.0671547005383793,0.0498076120476924,0.0215));
#3372=CARTESIAN_POINT('',(0.066002,0.0346151169633628,0.0215));
#3373=CARTESIAN_POINT('',(0.066002,0.0343730117002049,0.0207375139073064));
#3374=CARTESIAN_POINT('',(0.066002,0.0343730117002049,0.0222624860926937));
#3375=CARTESIAN_POINT('',(0.066002,0.0340098538054681,0.0195937847682658));
#3376=CARTESIAN_POINT('',(0.066002,0.034009853805468,0.0234062152317342));
#3377=CARTESIAN_POINT('',(0.066002,0.0422151169633628,0.0215));
#3378=CARTESIAN_POINT('',(0.066002,0.0424572222265206,0.0222624860926937));
#3379=CARTESIAN_POINT('',(0.066002,0.0424572222265206,0.0207375139073064));
#3380=CARTESIAN_POINT('',(0.066002,0.0428203801212576,0.0234062152317342));
#3381=CARTESIAN_POINT('',(0.066002,0.0428203801212575,0.0195937847682658));
#3382=CARTESIAN_POINT('',(0.059,0.0384151169633627,0.0215));
#3383=CARTESIAN_POINT('',(0.059,0.0384151169633627,0.0286071634182881));
#3384=CARTESIAN_POINT('',(0.059,0.0376151169633627,0.0286267889146986));
#3385=CARTESIAN_POINT('',(0.059,0.0392151169633628,0.0286267889146986));
#3386=CARTESIAN_POINT('',(0.059,0.0396737459946368,0.0286380399427074));
#3387=CARTESIAN_POINT('',(0.059,0.040100868232791,0.0284706070677017));
#3388=CARTESIAN_POINT('',(0.059,0.0408459100143246,0.0281785490188849));
#3389=CARTESIAN_POINT('',(0.059,0.0416043764260485,0.0279233748383806));
#3390=CARTESIAN_POINT('',(0.059,0.042039194820627,0.0277770869793671));
#3391=CARTESIAN_POINT('',(0.059,0.0423832930200872,0.0274736671331361));
#3392=CARTESIAN_POINT('',(0.059,0.0429835135486558,0.0269444030429181));
#3393=CARTESIAN_POINT('',(0.059,0.0436089641290776,0.0264452069576376));
#3394=CARTESIAN_POINT('',(0.059,0.0439675263713384,0.0261590246863777));
#3395=CARTESIAN_POINT('',(0.059,0.0441870972109011,0.025756214780377));
#3396=CARTESIAN_POINT('',(0.059,0.0445701010324477,0.0250535817091441));
#3397=CARTESIAN_POINT('',(0.059,0.0449870972109011,0.0243705741343218));
#3398=CARTESIAN_POINT('',(0.059,0.0452261554026124,0.0239790152563298));
#3399=CARTESIAN_POINT('',(0.059,0.0452947153985059,0.0235254001100641));
#3400=CARTESIAN_POINT('',(0.059,0.0454143065996177,0.0227341459759668));
#3401=CARTESIAN_POINT('',(0.059,0.045572552482773,0.0219497077052446));
#3402=CARTESIAN_POINT('',(0.059,0.0456632726778913,0.0215));
#3403=CARTESIAN_POINT('',(0.059,0.045572552482773,0.0210502922947555));
#3404=CARTESIAN_POINT('',(0.059,0.0454143065996176,0.0202658540240332));
#3405=CARTESIAN_POINT('',(0.059,0.0452947153985059,0.019474599889936));
#3406=CARTESIAN_POINT('',(0.059,0.0452261554026124,0.0190209847436702));
#3407=CARTESIAN_POINT('',(0.059,0.0449870972109011,0.0186294258656782));
#3408=CARTESIAN_POINT('',(0.059,0.0445701010324477,0.0179464182908559));
#3409=CARTESIAN_POINT('',(0.059,0.0441870972109011,0.0172437852196232));
#3410=CARTESIAN_POINT('',(0.059,0.0439675263713384,0.0168409753136224));
#3411=CARTESIAN_POINT('',(0.059,0.0436089641290776,0.0165547930423625));
#3412=CARTESIAN_POINT('',(0.059,0.0429835135486558,0.0160555969570819));
#3413=CARTESIAN_POINT('',(0.059,0.0423832930200873,0.0155263328668639));
#3414=CARTESIAN_POINT('',(0.059,0.0420391948206271,0.0152229130206329));
#3415=CARTESIAN_POINT('',(0.059,0.0416043764260486,0.0150766251616194));
#3416=CARTESIAN_POINT('',(0.059,0.0408459100143246,0.0148214509811151));
#3417=CARTESIAN_POINT('',(0.059,0.040100868232791,0.0145293929322983));
#3418=CARTESIAN_POINT('',(0.059,0.0396737459946368,0.0143619600572926));
#3419=CARTESIAN_POINT('',(0.059,0.0392151169633628,0.0143732110853014));
#3420=CARTESIAN_POINT('',(0.059,0.0384151169633627,0.0143928365817119));
#3421=CARTESIAN_POINT('',(0.059,0.0376151169633628,0.0143732110853013));
#3422=CARTESIAN_POINT('',(0.059,0.0371564879320887,0.0143619600572925));
#3423=CARTESIAN_POINT('',(0.059,0.0367293656939345,0.0145293929322983));
#3424=CARTESIAN_POINT('',(0.059,0.0359843239124008,0.0148214509811151));
#3425=CARTESIAN_POINT('',(0.059,0.035225857500677,0.0150766251616194));
#3426=CARTESIAN_POINT('',(0.059,0.0347910391060985,0.0152229130206329));
#3427=CARTESIAN_POINT('',(0.059,0.0344469409066383,0.0155263328668639));
#3428=CARTESIAN_POINT('',(0.059,0.0338467203780697,0.0160555969570819));
#3429=CARTESIAN_POINT('',(0.059,0.0332212697976478,0.0165547930423624));
#3430=CARTESIAN_POINT('',(0.059,0.0328627075553871,0.0168409753136223));
#3431=CARTESIAN_POINT('',(0.059,0.0326431367158243,0.0172437852196231));
#3432=CARTESIAN_POINT('',(0.059,0.0322601328942778,0.0179464182908559));
#3433=CARTESIAN_POINT('',(0.059,0.0318431367158244,0.0186294258656782));
#3434=CARTESIAN_POINT('',(0.059,0.0316040785241131,0.0190209847436702));
#3435=CARTESIAN_POINT('',(0.059,0.0315355185282196,0.0194745998899359));
#3436=CARTESIAN_POINT('',(0.059,0.0314159273271079,0.0202658540240332));
#3437=CARTESIAN_POINT('',(0.059,0.0312576814439526,0.0210502922947555));
#3438=CARTESIAN_POINT('',(0.059,0.0311669612488342,0.0215));
#3439=CARTESIAN_POINT('',(0.059,0.0312576814439526,0.0219497077052445));
#3440=CARTESIAN_POINT('',(0.059,0.0314159273271079,0.0227341459759668));
#3441=CARTESIAN_POINT('',(0.059,0.0315355185282195,0.0235254001100641));
#3442=CARTESIAN_POINT('',(0.059,0.0316040785241131,0.0239790152563298));
#3443=CARTESIAN_POINT('',(0.059,0.0318431367158244,0.0243705741343218));
#3444=CARTESIAN_POINT('',(0.059,0.0322601328942778,0.0250535817091441));
#3445=CARTESIAN_POINT('',(0.059,0.0326431367158243,0.0257562147803769));
#3446=CARTESIAN_POINT('',(0.059,0.032862707555387,0.0261590246863776));
#3447=CARTESIAN_POINT('',(0.059,0.0332212697976478,0.0264452069576376));
#3448=CARTESIAN_POINT('',(0.059,0.0338467203780697,0.0269444030429181));
#3449=CARTESIAN_POINT('',(0.059,0.0344469409066383,0.0274736671331361));
#3450=CARTESIAN_POINT('',(0.059,0.0347910391060984,0.0277770869793671));
#3451=CARTESIAN_POINT('',(0.059,0.035225857500677,0.0279233748383806));
#3452=CARTESIAN_POINT('',(0.059,0.0359843239124009,0.0281785490188849));
#3453=CARTESIAN_POINT('',(0.059,0.0367293656939345,0.0284706070677017));
#3454=CARTESIAN_POINT('',(0.059,0.0371564879320887,0.0286380399427074));
#3455=CARTESIAN_POINT('',(0.064002,0.0384151169633627,0.0286071634182881));
#3456=CARTESIAN_POINT('',(0.064,0.0384151169633627,0.0286071634182881));
#3457=CARTESIAN_POINT('',(0.064,0.0376151169633627,0.0286267889146986));
#3458=CARTESIAN_POINT('',(0.064,0.0392151169633628,0.0286267889146986));
#3459=CARTESIAN_POINT('',(0.064002,0.0392151169633628,0.0286267889146986));
#3460=CARTESIAN_POINT('',(0.064002,0.0376151169633627,0.0286267889146986));
#3461=CARTESIAN_POINT('',(0.064002,0.0396737459946368,0.0286380399427074));
#3462=CARTESIAN_POINT('',(0.064002,0.040100868232791,0.0284706070677017));
#3463=CARTESIAN_POINT('',(0.064,0.040100868232791,0.0284706070677017));
#3464=CARTESIAN_POINT('',(0.064,0.0396737459946368,0.0286380399427074));
#3465=CARTESIAN_POINT('',(0.064002,0.0408459100143246,0.0281785490188849));
#3466=CARTESIAN_POINT('',(0.064,0.0408459100143246,0.0281785490188849));
#3467=CARTESIAN_POINT('',(0.064,0.0416043764260485,0.0279233748383806));
#3468=CARTESIAN_POINT('',(0.064002,0.0416043764260485,0.0279233748383806));
#3469=CARTESIAN_POINT('',(0.064,0.0464151169633628,0.0215));
#3470=CARTESIAN_POINT('',(0.064,0.0371564879320887,0.0286380399427074));
#3471=CARTESIAN_POINT('',(0.064,0.0367293656939345,0.0284706070677017));
#3472=CARTESIAN_POINT('',(0.064,0.0359843239124009,0.0281785490188849));
#3473=CARTESIAN_POINT('',(0.064,0.035225857500677,0.0279233748383806));
#3474=CARTESIAN_POINT('',(0.064,0.0347910391060984,0.0277770869793671));
#3475=CARTESIAN_POINT('',(0.064,0.0344469409066383,0.0274736671331361));
#3476=CARTESIAN_POINT('',(0.064,0.0338467203780697,0.0269444030429181));
#3477=CARTESIAN_POINT('',(0.064,0.0332212697976478,0.0264452069576376));
#3478=CARTESIAN_POINT('',(0.064,0.032862707555387,0.0261590246863776));
#3479=CARTESIAN_POINT('',(0.064,0.0326431367158243,0.0257562147803769));
#3480=CARTESIAN_POINT('',(0.064,0.0322601328942778,0.0250535817091441));
#3481=CARTESIAN_POINT('',(0.064,0.0318431367158244,0.0243705741343218));
#3482=CARTESIAN_POINT('',(0.064,0.0316040785241131,0.0239790152563298));
#3483=CARTESIAN_POINT('',(0.064,0.0315355185282195,0.0235254001100641));
#3484=CARTESIAN_POINT('',(0.064,0.0314159273271079,0.0227341459759668));
#3485=CARTESIAN_POINT('',(0.064,0.0312576814439526,0.0219497077052445));
#3486=CARTESIAN_POINT('',(0.064,0.0311669612488342,0.0215));
#3487=CARTESIAN_POINT('',(0.064,0.0312576814439526,0.0210502922947555));
#3488=CARTESIAN_POINT('',(0.064,0.0314159273271079,0.0202658540240332));
#3489=CARTESIAN_POINT('',(0.064,0.0315355185282196,0.0194745998899359));
#3490=CARTESIAN_POINT('',(0.064,0.0316040785241131,0.0190209847436702));
#3491=CARTESIAN_POINT('',(0.064,0.0318431367158244,0.0186294258656782));
#3492=CARTESIAN_POINT('',(0.064,0.0322601328942778,0.0179464182908559));
#3493=CARTESIAN_POINT('',(0.064,0.0326431367158243,0.0172437852196231));
#3494=CARTESIAN_POINT('',(0.064,0.0328627075553871,0.0168409753136223));
#3495=CARTESIAN_POINT('',(0.064,0.0332212697976478,0.0165547930423624));
#3496=CARTESIAN_POINT('',(0.064,0.0338467203780697,0.0160555969570819));
#3497=CARTESIAN_POINT('',(0.064,0.0344469409066383,0.0155263328668639));
#3498=CARTESIAN_POINT('',(0.064,0.0347910391060985,0.0152229130206329));
#3499=CARTESIAN_POINT('',(0.064,0.035225857500677,0.0150766251616194));
#3500=CARTESIAN_POINT('',(0.064,0.0359843239124008,0.0148214509811151));
#3501=CARTESIAN_POINT('',(0.064,0.0367293656939345,0.0145293929322983));
#3502=CARTESIAN_POINT('',(0.064,0.0371564879320887,0.0143619600572925));
#3503=CARTESIAN_POINT('',(0.064,0.0376151169633628,0.0143732110853013));
#3504=CARTESIAN_POINT('',(0.064,0.0384151169633627,0.0143928365817119));
#3505=CARTESIAN_POINT('',(0.064,0.0392151169633628,0.0143732110853014));
#3506=CARTESIAN_POINT('',(0.064,0.0396737459946368,0.0143619600572926));
#3507=CARTESIAN_POINT('',(0.064,0.040100868232791,0.0145293929322983));
#3508=CARTESIAN_POINT('',(0.064,0.0408459100143246,0.0148214509811151));
#3509=CARTESIAN_POINT('',(0.064,0.0416043764260486,0.0150766251616194));
#3510=CARTESIAN_POINT('',(0.064,0.0420391948206271,0.0152229130206329));
#3511=CARTESIAN_POINT('',(0.064,0.0423832930200873,0.0155263328668639));
#3512=CARTESIAN_POINT('',(0.064,0.0429835135486558,0.0160555969570819));
#3513=CARTESIAN_POINT('',(0.064,0.0436089641290776,0.0165547930423625));
#3514=CARTESIAN_POINT('',(0.064,0.0439675263713384,0.0168409753136224));
#3515=CARTESIAN_POINT('',(0.064,0.0441870972109011,0.0172437852196232));
#3516=CARTESIAN_POINT('',(0.064,0.0445701010324477,0.0179464182908559));
#3517=CARTESIAN_POINT('',(0.064,0.0449870972109011,0.0186294258656782));
#3518=CARTESIAN_POINT('',(0.064,0.0452261554026124,0.0190209847436702));
#3519=CARTESIAN_POINT('',(0.064,0.0452947153985059,0.019474599889936));
#3520=CARTESIAN_POINT('',(0.064,0.0454143065996176,0.0202658540240332));
#3521=CARTESIAN_POINT('',(0.064,0.045572552482773,0.0210502922947555));
#3522=CARTESIAN_POINT('',(0.064,0.0456632726778913,0.0215));
#3523=CARTESIAN_POINT('',(0.064,0.045572552482773,0.0219497077052446));
#3524=CARTESIAN_POINT('',(0.064,0.0454143065996177,0.0227341459759668));
#3525=CARTESIAN_POINT('',(0.064,0.0452947153985059,0.0235254001100641));
#3526=CARTESIAN_POINT('',(0.064,0.0452261554026124,0.0239790152563298));
#3527=CARTESIAN_POINT('',(0.064,0.0449870972109011,0.0243705741343218));
#3528=CARTESIAN_POINT('',(0.064,0.0445701010324477,0.0250535817091441));
#3529=CARTESIAN_POINT('',(0.064,0.0441870972109011,0.025756214780377));
#3530=CARTESIAN_POINT('',(0.064,0.0439675263713384,0.0261590246863777));
#3531=CARTESIAN_POINT('',(0.064,0.0436089641290776,0.0264452069576376));
#3532=CARTESIAN_POINT('',(0.064,0.0429835135486558,0.0269444030429181));
#3533=CARTESIAN_POINT('',(0.064,0.0423832930200872,0.0274736671331361));
#3534=CARTESIAN_POINT('',(0.064,0.042039194820627,0.0277770869793671));
#3535=CARTESIAN_POINT('',(0.064002,0.0359843239124009,0.0281785490188849));
#3536=CARTESIAN_POINT('',(0.064002,0.0367293656939345,0.0284706070677017));
#3537=CARTESIAN_POINT('',(0.064002,0.035225857500677,0.0279233748383806));
#3538=CARTESIAN_POINT('',(0.064002,0.0371564879320887,0.0286380399427074));
#3539=CARTESIAN_POINT('',(0.064002,0.0338467203780697,0.0269444030429181));
#3540=CARTESIAN_POINT('',(0.064002,0.0344469409066383,0.0274736671331361));
#3541=CARTESIAN_POINT('',(0.064002,0.0332212697976478,0.0264452069576376));
#3542=CARTESIAN_POINT('',(0.064002,0.0347910391060984,0.0277770869793671));
#3543=CARTESIAN_POINT('',(0.064002,0.0322601328942778,0.0250535817091441));
#3544=CARTESIAN_POINT('',(0.064002,0.0326431367158243,0.0257562147803769));
#3545=CARTESIAN_POINT('',(0.064002,0.0318431367158244,0.0243705741343218));
#3546=CARTESIAN_POINT('',(0.064002,0.032862707555387,0.0261590246863776));
#3547=CARTESIAN_POINT('',(0.064002,0.0314159273271079,0.0227341459759668));
#3548=CARTESIAN_POINT('',(0.064002,0.0315355185282195,0.0235254001100641));
#3549=CARTESIAN_POINT('',(0.064002,0.0312576814439526,0.0219497077052445));
#3550=CARTESIAN_POINT('',(0.064002,0.0316040785241131,0.0239790152563298));
#3551=CARTESIAN_POINT('',(0.064002,0.0314159273271079,0.0202658540240332));
#3552=CARTESIAN_POINT('',(0.064002,0.0312576814439526,0.0210502922947555));
#3553=CARTESIAN_POINT('',(0.064002,0.0315355185282196,0.0194745998899359));
#3554=CARTESIAN_POINT('',(0.064002,0.0311669612488342,0.0215));
#3555=CARTESIAN_POINT('',(0.064002,0.0322601328942778,0.0179464182908559));
#3556=CARTESIAN_POINT('',(0.064002,0.0318431367158244,0.0186294258656782));
#3557=CARTESIAN_POINT('',(0.064002,0.0326431367158243,0.0172437852196231));
#3558=CARTESIAN_POINT('',(0.064002,0.0316040785241131,0.0190209847436702));
#3559=CARTESIAN_POINT('',(0.064002,0.0338467203780697,0.0160555969570819));
#3560=CARTESIAN_POINT('',(0.064002,0.0332212697976478,0.0165547930423624));
#3561=CARTESIAN_POINT('',(0.064002,0.0344469409066383,0.0155263328668639));
#3562=CARTESIAN_POINT('',(0.064002,0.0328627075553871,0.0168409753136223));
#3563=CARTESIAN_POINT('',(0.064002,0.0359843239124008,0.0148214509811151));
#3564=CARTESIAN_POINT('',(0.064002,0.035225857500677,0.0150766251616194));
#3565=CARTESIAN_POINT('',(0.064002,0.0367293656939345,0.0145293929322983));
#3566=CARTESIAN_POINT('',(0.064002,0.0347910391060985,0.0152229130206329));
#3567=CARTESIAN_POINT('',(0.064002,0.0384151169633627,0.0143928365817119));
#3568=CARTESIAN_POINT('',(0.064002,0.0376151169633628,0.0143732110853013));
#3569=CARTESIAN_POINT('',(0.064002,0.0392151169633628,0.0143732110853014));
#3570=CARTESIAN_POINT('',(0.064002,0.0371564879320887,0.0143619600572925));
#3571=CARTESIAN_POINT('',(0.064002,0.0408459100143246,0.0148214509811151));
#3572=CARTESIAN_POINT('',(0.064002,0.040100868232791,0.0145293929322983));
#3573=CARTESIAN_POINT('',(0.064002,0.0416043764260486,0.0150766251616194));
#3574=CARTESIAN_POINT('',(0.064002,0.0396737459946368,0.0143619600572926));
#3575=CARTESIAN_POINT('',(0.064002,0.0429835135486558,0.0160555969570819));
#3576=CARTESIAN_POINT('',(0.064002,0.0423832930200873,0.0155263328668639));
#3577=CARTESIAN_POINT('',(0.064002,0.0436089641290776,0.0165547930423625));
#3578=CARTESIAN_POINT('',(0.064002,0.0420391948206271,0.0152229130206329));
#3579=CARTESIAN_POINT('',(0.064002,0.0445701010324477,0.0179464182908559));
#3580=CARTESIAN_POINT('',(0.064002,0.0441870972109011,0.0172437852196232));
#3581=CARTESIAN_POINT('',(0.064002,0.0449870972109011,0.0186294258656782));
#3582=CARTESIAN_POINT('',(0.064002,0.0439675263713384,0.0168409753136224));
#3583=CARTESIAN_POINT('',(0.064002,0.0454143065996176,0.0202658540240332));
#3584=CARTESIAN_POINT('',(0.064002,0.0452947153985059,0.019474599889936));
#3585=CARTESIAN_POINT('',(0.064002,0.045572552482773,0.0210502922947555));
#3586=CARTESIAN_POINT('',(0.064002,0.0452261554026124,0.0190209847436702));
#3587=CARTESIAN_POINT('',(0.064002,0.0454143065996177,0.0227341459759668));
#3588=CARTESIAN_POINT('',(0.064002,0.045572552482773,0.0219497077052446));
#3589=CARTESIAN_POINT('',(0.064002,0.0452947153985059,0.0235254001100641));
#3590=CARTESIAN_POINT('',(0.064002,0.0456632726778913,0.0215));
#3591=CARTESIAN_POINT('',(0.064002,0.0445701010324477,0.0250535817091441));
#3592=CARTESIAN_POINT('',(0.064002,0.0449870972109011,0.0243705741343218));
#3593=CARTESIAN_POINT('',(0.064002,0.0441870972109011,0.025756214780377));
#3594=CARTESIAN_POINT('',(0.064002,0.0452261554026124,0.0239790152563298));
#3595=CARTESIAN_POINT('',(0.064002,0.0429835135486558,0.0269444030429181));
#3596=CARTESIAN_POINT('',(0.064002,0.0436089641290776,0.0264452069576376));
#3597=CARTESIAN_POINT('',(0.064002,0.0423832930200872,0.0274736671331361));
#3598=CARTESIAN_POINT('',(0.064002,0.0439675263713384,0.0261590246863777));
#3599=CARTESIAN_POINT('',(0.064002,0.042039194820627,0.0277770869793671));
#3600=CARTESIAN_POINT('',(0.075998,0.0516112693860694,0.0215));
#3601=CARTESIAN_POINT('',(0.075998,0.0516112693860694,0.0185));
#3602=CARTESIAN_POINT('',(0.076,0.0516112693860694,0.0185));
#3603=CARTESIAN_POINT('',(0.076,0.0516112693860694,0.0215));
#3604=CARTESIAN_POINT('',(0.076,0.0516112693860694,0.0245));
#3605=CARTESIAN_POINT('',(0.075998,0.0516112693860694,0.0245));
#3606=CARTESIAN_POINT('',(0.076,0.0484151169633628,0.0215));
#3607=CARTESIAN_POINT('',(0.076,0.0476112693860694,0.0185));
#3608=CARTESIAN_POINT('',(0.076,0.0476112693860694,0.0245));
#3609=CARTESIAN_POINT('',(0.075998,0.0476112693860694,0.0245));
#3610=CARTESIAN_POINT('',(0.075998,0.0476112693860694,0.0185));
#3611=CARTESIAN_POINT('',(0.075998,0.0252189645406561,0.0215));
#3612=CARTESIAN_POINT('',(0.075998,0.0252189645406561,0.0245));
#3613=CARTESIAN_POINT('',(0.076,0.0252189645406561,0.0245));
#3614=CARTESIAN_POINT('',(0.076,0.0252189645406561,0.0215));
#3615=CARTESIAN_POINT('',(0.076,0.0252189645406561,0.0185));
#3616=CARTESIAN_POINT('',(0.075998,0.0252189645406561,0.0185));
#3617=CARTESIAN_POINT('',(0.076,0.0484151169633628,0.0215));
#3618=CARTESIAN_POINT('',(0.076,0.0292189645406561,0.0185));
#3619=CARTESIAN_POINT('',(0.076,0.0292189645406561,0.0245));
#3620=CARTESIAN_POINT('',(0.075998,0.0292189645406561,0.0245));
#3621=CARTESIAN_POINT('',(0.075998,0.0292189645406561,0.0185));
#3622=CARTESIAN_POINT('',(0.075998,0.0384151169633627,0.0346961524227066));
#3623=CARTESIAN_POINT('',(0.075998,0.0414151169633628,0.0346961524227066));
#3624=CARTESIAN_POINT('',(0.076,0.0414151169633628,0.0346961524227066));
#3625=CARTESIAN_POINT('',(0.076,0.0384151169633627,0.0346961524227066));
#3626=CARTESIAN_POINT('',(0.076,0.0354151169633628,0.0346961524227066));
#3627=CARTESIAN_POINT('',(0.075998,0.0354151169633628,0.0346961524227066));
#3628=CARTESIAN_POINT('',(0.075998,0.0354151169633628,0.0306961524227066));
#3629=CARTESIAN_POINT('',(0.076,0.0354151169633628,0.0306961524227066));
#3630=CARTESIAN_POINT('',(0.075998,0.0414151169633628,0.0306961524227066));
#3631=CARTESIAN_POINT('',(0.076,0.0414151169633628,0.0306961524227066));
#3632=CARTESIAN_POINT('',(0.076,0.0484151169633628,0.0215));
#3633=CARTESIAN_POINT('',(0.076,0.0484151169633628,0.0215));
#3634=CARTESIAN_POINT('',(0.076,0.0354151169633627,0.0123038475772933));
#3635=CARTESIAN_POINT('',(0.076,0.0354151169633627,0.00830384757729333));
#3636=CARTESIAN_POINT('',(0.076,0.0414151169633628,0.0123038475772933));
#3637=CARTESIAN_POINT('',(0.076,0.0414151169633628,0.00830384757729333));
#3638=CARTESIAN_POINT('',(0.076,0.0384151169633627,0.00830384757729333));
#3639=CARTESIAN_POINT('',(0.075998,0.0354151169633627,0.0123038475772933));
#3640=CARTESIAN_POINT('',(0.075998,0.0354151169633627,0.00830384757729333));
#3641=CARTESIAN_POINT('',(0.075998,0.0384151169633627,0.00830384757729333));
#3642=CARTESIAN_POINT('',(0.075998,0.0414151169633628,0.00830384757729333));
#3643=CARTESIAN_POINT('',(0.075998,0.0414151169633628,0.0123038475772933));
#3644=MECHANICAL_DESIGN_GEOMETRIC_PRESENTATION_REPRESENTATION('',(#1523),
#3645);
#3645=(
GEOMETRIC_REPRESENTATION_CONTEXT(3)
GLOBAL_UNCERTAINTY_ASSIGNED_CONTEXT((#3646))
GLOBAL_UNIT_ASSIGNED_CONTEXT((#3649,#3648,#3647))
REPRESENTATION_CONTEXT('hub-front','TOP_LEVEL_ASSEMBLY_PART')
);
#3646=UNCERTAINTY_MEASURE_WITH_UNIT(LENGTH_MEASURE(2.E-5),#3649,
'DISTANCE_ACCURACY_VALUE','Maximum Tolerance applied to model');
#3647=(
NAMED_UNIT(*)
SI_UNIT($,.STERADIAN.)
SOLID_ANGLE_UNIT()
);
#3648=(
NAMED_UNIT(*)
PLANE_ANGLE_UNIT()
SI_UNIT($,.RADIAN.)
);
#3649=(
LENGTH_UNIT()
NAMED_UNIT(*)
SI_UNIT($,.METRE.)
);
#3650=PRODUCT_DEFINITION_SHAPE('','',#3651);
#3651=PRODUCT_DEFINITION('','',#3653,#3652);
#3652=PRODUCT_DEFINITION_CONTEXT('',#3659,'design');
#3653=PRODUCT_DEFINITION_FORMATION_WITH_SPECIFIED_SOURCE('','',#3655,
 .NOT_KNOWN.);
#3654=PRODUCT_RELATED_PRODUCT_CATEGORY('','',(#3655));
#3655=PRODUCT('hub-front','hub-front','hub-front',(#3657));
#3656=PRODUCT_CATEGORY('','');
#3657=PRODUCT_CONTEXT('',#3659,'mechanical');
#3658=APPLICATION_PROTOCOL_DEFINITION('international standard',
'ap242_managed_model_based_3d_engineering',2020,#3659);
#3659=APPLICATION_CONTEXT('managed model based 3d engineering');
ENDSEC;
END-ISO-10303-21;
