ISO-10303-21;
HEADER;
/* Generated by software containing ST-Developer
 * from STEP Tools, Inc. (www.steptools.com) 
 */
/* OPTION: using custom renumber hook */

FILE_DESCRIPTION(
/* description */ ('STEP AP242 Edition 2',
'CAx-IF Rec.Pracs.---Representation and Presentation of Product Manufa
cturing Information (PMI)---4.0---2014-10-13',
'CAx-IF Rec.Pracs.---3D Tessellated Geometry---0.4---2014-09-14','2;1',
'CAx-IF Rec.Pracs.---User Defined Attributes---1.5---2016-08-15'),
/* implementation_level */ '2;1');

FILE_NAME(
/* name */ '697ef889652f463f3cc1b2cf',
/* time_stamp */ '2026-02-01T06:54:01Z',
/* author */ (''),
/* organization */ (''),
/* preprocessor_version */ 'ST-DEVELOPER v20',
/* originating_system */ 'ONSHAPE BY PTC INC, 1.210',
/* authorisation */ '  ');

FILE_SCHEMA (('AP242_MANAGED_MODEL_BASED_3D_ENGINEERING_MIM_LF { 1 0 10303 442 3 1 4 }'));
ENDSEC;

DATA;
#10=SHAPE_REPRESENTATION_RELATIONSHIP('','',#1533,#11);
#11=ADVANCED_BREP_SHAPE_REPRESENTATION('',(#1531),#3643);
#12=B_SPLINE_SURFACE_WITH_KNOTS('',3,3,((#2480,#2481,#2482,#2483,#2484,
#2485,#2486,#2487),(#2488,#2489,#2490,#2491,#2492,#2493,#2494,#2495),(#2496,
#2497,#2498,#2499,#2500,#2501,#2502,#2503),(#2504,#2505,#2506,#2507,#2508,
#2509,#2510,#2511),(#2512,#2513,#2514,#2515,#2516,#2517,#2518,#2519),(#2520,
#2521,#2522,#2523,#2524,#2525,#2526,#2527)),.UNSPECIFIED.,.F.,.F.,.F.,(4,
2,4),(4,1,1,1,1,4),(0.61042393043311,0.75,1.),(0.0301076707780516,0.137121694372025,
0.28290227470307,0.440440325927692,0.495346359615663,0.498121143048093),
 .UNSPECIFIED.);
#13=B_SPLINE_SURFACE_WITH_KNOTS('',3,3,((#2543,#2544,#2545,#2546,#2547,
#2548,#2549),(#2550,#2551,#2552,#2553,#2554,#2555,#2556),(#2557,#2558,#2559,
#2560,#2561,#2562,#2563),(#2564,#2565,#2566,#2567,#2568,#2569,#2570),(#2571,
#2572,#2573,#2574,#2575,#2576,#2577),(#2578,#2579,#2580,#2581,#2582,#2583,
#2584)),.UNSPECIFIED.,.F.,.F.,.F.,(4,2,4),(4,1,1,1,4),(0.505763014674915,
0.75,1.),(0.493063800500084,0.495346359615663,0.606807841988653,0.802768727399112,
0.878055437989698),.UNSPECIFIED.);
#14=B_SPLINE_SURFACE_WITH_KNOTS('',3,3,((#2595,#2596,#2597,#2598,#2599,
#2600,#2601,#2602),(#2603,#2604,#2605,#2606,#2607,#2608,#2609,#2610),(#2611,
#2612,#2613,#2614,#2615,#2616,#2617,#2618),(#2619,#2620,#2621,#2622,#2623,
#2624,#2625,#2626),(#2627,#2628,#2629,#2630,#2631,#2632,#2633,#2634),(#2635,
#2636,#2637,#2638,#2639,#2640,#2641,#2642)),.UNSPECIFIED.,.F.,.F.,.F.,(4,
2,4),(4,1,1,1,1,4),(0.,0.25,0.353745448199813),(0.0301076707780523,0.137121694372025,
0.28290227470307,0.440440325927692,0.495346359615663,0.498121143048135),
 .UNSPECIFIED.);
#15=B_SPLINE_SURFACE_WITH_KNOTS('',3,3,((#2658,#2659,#2660,#2661,#2662,
#2663,#2664),(#2665,#2666,#2667,#2668,#2669,#2670,#2671),(#2672,#2673,#2674,
#2675,#2676,#2677,#2678),(#2679,#2680,#2681,#2682,#2683,#2684,#2685),(#2686,
#2687,#2688,#2689,#2690,#2691,#2692),(#2693,#2694,#2695,#2696,#2697,#2698,
#2699),(#2700,#2701,#2702,#2703,#2704,#2705,#2706),(#2707,#2708,#2709,#2710,
#2711,#2712,#2713)),.UNSPECIFIED.,.F.,.F.,.F.,(4,2,2,4),(4,1,1,1,4),(0.,
0.25,0.5,0.696773635912025),(0.493063800475654,0.495346359615663,0.606807841988653,
0.802768727399112,0.878055435264439),.UNSPECIFIED.);
#16=B_SPLINE_SURFACE_WITH_KNOTS('',3,3,((#2730,#2731,#2732,#2733,#2734,
#2735,#2736,#2737,#2738,#2739),(#2740,#2741,#2742,#2743,#2744,#2745,#2746,
#2747,#2748,#2749),(#2750,#2751,#2752,#2753,#2754,#2755,#2756,#2757,#2758,
#2759),(#2760,#2761,#2762,#2763,#2764,#2765,#2766,#2767,#2768,#2769),(#2770,
#2771,#2772,#2773,#2774,#2775,#2776,#2777,#2778,#2779),(#2780,#2781,#2782,
#2783,#2784,#2785,#2786,#2787,#2788,#2789),(#2790,#2791,#2792,#2793,#2794,
#2795,#2796,#2797,#2798,#2799),(#2800,#2801,#2802,#2803,#2804,#2805,#2806,
#2807,#2808,#2809),(#2810,#2811,#2812,#2813,#2814,#2815,#2816,#2817,#2818,
#2819),(#2820,#2821,#2822,#2823,#2824,#2825,#2826,#2827,#2828,#2829),(#2830,
#2831,#2832,#2833,#2834,#2835,#2836,#2837,#2838,#2839),(#2840,#2841,#2842,
#2843,#2844,#2845,#2846,#2847,#2848,#2849),(#2850,#2851,#2852,#2853,#2854,
#2855,#2856,#2857,#2858,#2859),(#2860,#2861,#2862,#2863,#2864,#2865,#2866,
#2867,#2868,#2869),(#2870,#2871,#2872,#2873,#2874,#2875,#2876,#2877,#2878,
#2879),(#2880,#2881,#2882,#2883,#2884,#2885,#2886,#2887,#2888,#2889),(#2890,
#2891,#2892,#2893,#2894,#2895,#2896,#2897,#2898,#2899),(#2900,#2901,#2902,
#2903,#2904,#2905,#2906,#2907,#2908,#2909)),.UNSPECIFIED.,.F.,.F.,.F.,(4,
2,2,2,2,2,2,2,4),(4,1,1,1,1,1,1,4),(0.,0.125289314900829,0.250578629801658,
0.375289316207479,0.500000002613301,0.624710689019123,0.749421375424945,
0.874710687712472,1.),(0.0269934078380575,0.137121694372025,0.28290227470307,
0.440440325927692,0.495346359615663,0.606807841988653,0.802768727399112,
1.),.UNSPECIFIED.);
#17=B_SPLINE_SURFACE_WITH_KNOTS('',3,3,((#2925,#2926,#2927,#2928,#2929,
#2930,#2931,#2932),(#2933,#2934,#2935,#2936,#2937,#2938,#2939,#2940),(#2941,
#2942,#2943,#2944,#2945,#2946,#2947,#2948),(#2949,#2950,#2951,#2952,#2953,
#2954,#2955,#2956),(#2957,#2958,#2959,#2960,#2961,#2962,#2963,#2964),(#2965,
#2966,#2967,#2968,#2969,#2970,#2971,#2972)),.UNSPECIFIED.,.F.,.F.,.F.,(4,
2,4),(4,1,1,1,1,4),(0.61042393043326,0.75,1.),(0.0301076707780504,0.137121694372025,
0.28290227470307,0.440440325927692,0.495346359615663,0.498121143048099),
 .UNSPECIFIED.);
#18=B_SPLINE_SURFACE_WITH_KNOTS('',3,3,((#2988,#2989,#2990,#2991,#2992,
#2993,#2994),(#2995,#2996,#2997,#2998,#2999,#3000,#3001),(#3002,#3003,#3004,
#3005,#3006,#3007,#3008),(#3009,#3010,#3011,#3012,#3013,#3014,#3015),(#3016,
#3017,#3018,#3019,#3020,#3021,#3022),(#3023,#3024,#3025,#3026,#3027,#3028,
#3029)),.UNSPECIFIED.,.F.,.F.,.F.,(4,2,4),(4,1,1,1,4),(0.505763014674976,
0.75,1.),(0.493063800500121,0.495346359615663,0.606807841988653,0.802768727399112,
0.87805543798973),.UNSPECIFIED.);
#19=B_SPLINE_SURFACE_WITH_KNOTS('',3,3,((#3040,#3041,#3042,#3043,#3044,
#3045,#3046,#3047),(#3048,#3049,#3050,#3051,#3052,#3053,#3054,#3055),(#3056,
#3057,#3058,#3059,#3060,#3061,#3062,#3063),(#3064,#3065,#3066,#3067,#3068,
#3069,#3070,#3071),(#3072,#3073,#3074,#3075,#3076,#3077,#3078,#3079),(#3080,
#3081,#3082,#3083,#3084,#3085,#3086,#3087)),.UNSPECIFIED.,.F.,.F.,.F.,(4,
2,4),(4,1,1,1,1,4),(0.,0.25,0.353745448199758),(0.0301076707780539,0.137121694372025,
0.28290227470307,0.440440325927692,0.495346359615663,0.498121143048051),
 .UNSPECIFIED.);
#20=B_SPLINE_SURFACE_WITH_KNOTS('',3,3,((#3103,#3104,#3105,#3106,#3107,
#3108,#3109),(#3110,#3111,#3112,#3113,#3114,#3115,#3116),(#3117,#3118,#3119,
#3120,#3121,#3122,#3123),(#3124,#3125,#3126,#3127,#3128,#3129,#3130),(#3131,
#3132,#3133,#3134,#3135,#3136,#3137),(#3138,#3139,#3140,#3141,#3142,#3143,
#3144),(#3145,#3146,#3147,#3148,#3149,#3150,#3151),(#3152,#3153,#3154,#3155,
#3156,#3157,#3158)),.UNSPECIFIED.,.F.,.F.,.F.,(4,2,2,4),(4,1,1,1,4),(0.,
0.25,0.5,0.696773635911928),(0.493063800475666,0.495346359615663,0.606807841988653,
0.802768727399112,0.878055435264468),.UNSPECIFIED.);
#21=B_SPLINE_SURFACE_WITH_KNOTS('',3,3,((#3175,#3176,#3177,#3178,#3179,
#3180,#3181,#3182,#3183,#3184),(#3185,#3186,#3187,#3188,#3189,#3190,#3191,
#3192,#3193,#3194),(#3195,#3196,#3197,#3198,#3199,#3200,#3201,#3202,#3203,
#3204),(#3205,#3206,#3207,#3208,#3209,#3210,#3211,#3212,#3213,#3214),(#3215,
#3216,#3217,#3218,#3219,#3220,#3221,#3222,#3223,#3224),(#3225,#3226,#3227,
#3228,#3229,#3230,#3231,#3232,#3233,#3234),(#3235,#3236,#3237,#3238,#3239,
#3240,#3241,#3242,#3243,#3244),(#3245,#3246,#3247,#3248,#3249,#3250,#3251,
#3252,#3253,#3254),(#3255,#3256,#3257,#3258,#3259,#3260,#3261,#3262,#3263,
#3264),(#3265,#3266,#3267,#3268,#3269,#3270,#3271,#3272,#3273,#3274),(#3275,
#3276,#3277,#3278,#3279,#3280,#3281,#3282,#3283,#3284),(#3285,#3286,#3287,
#3288,#3289,#3290,#3291,#3292,#3293,#3294),(#3295,#3296,#3297,#3298,#3299,
#3300,#3301,#3302,#3303,#3304),(#3305,#3306,#3307,#3308,#3309,#3310,#3311,
#3312,#3313,#3314),(#3315,#3316,#3317,#3318,#3319,#3320,#3321,#3322,#3323,
#3324),(#3325,#3326,#3327,#3328,#3329,#3330,#3331,#3332,#3333,#3334),(#3335,
#3336,#3337,#3338,#3339,#3340,#3341,#3342,#3343,#3344),(#3345,#3346,#3347,
#3348,#3349,#3350,#3351,#3352,#3353,#3354)),.UNSPECIFIED.,.F.,.F.,.F.,(4,
2,2,2,2,2,2,2,4),(4,1,1,1,1,1,1,4),(0.,0.125289314900829,0.250578629801658,
0.375289316207479,0.500000002613301,0.624710689019123,0.749421375424945,
0.874710687712472,1.),(0.0269934078380546,0.137121694372025,0.28290227470307,
0.440440325927692,0.495346359615663,0.606807841988653,0.802768727399112,
1.),.UNSPECIFIED.);
#22=LINE('',#2331,#98);
#23=LINE('',#2335,#99);
#24=LINE('',#2340,#100);
#25=LINE('',#2341,#101);
#26=LINE('',#2343,#102);
#27=LINE('',#2345,#103);
#28=LINE('',#2347,#104);
#29=LINE('',#2349,#105);
#30=LINE('',#2350,#106);
#31=LINE('',#2352,#107);
#32=LINE('',#2354,#108);
#33=LINE('',#2355,#109);
#34=LINE('',#2357,#110);
#35=LINE('',#2359,#111);
#36=LINE('',#2360,#112);
#37=LINE('',#2362,#113);
#38=LINE('',#3371,#114);
#39=LINE('',#3372,#115);
#40=LINE('',#3376,#116);
#41=LINE('',#3377,#117);
#42=LINE('',#3384,#118);
#43=LINE('',#3388,#119);
#44=LINE('',#3390,#120);
#45=LINE('',#3400,#121);
#46=LINE('',#3534,#122);
#47=LINE('',#3535,#123);
#48=LINE('',#3538,#124);
#49=LINE('',#3539,#125);
#50=LINE('',#3542,#126);
#51=LINE('',#3543,#127);
#52=LINE('',#3546,#128);
#53=LINE('',#3547,#129);
#54=LINE('',#3550,#130);
#55=LINE('',#3551,#131);
#56=LINE('',#3554,#132);
#57=LINE('',#3555,#133);
#58=LINE('',#3558,#134);
#59=LINE('',#3559,#135);
#60=LINE('',#3562,#136);
#61=LINE('',#3563,#137);
#62=LINE('',#3566,#138);
#63=LINE('',#3567,#139);
#64=LINE('',#3570,#140);
#65=LINE('',#3571,#141);
#66=LINE('',#3574,#142);
#67=LINE('',#3575,#143);
#68=LINE('',#3578,#144);
#69=LINE('',#3579,#145);
#70=LINE('',#3582,#146);
#71=LINE('',#3583,#147);
#72=LINE('',#3586,#148);
#73=LINE('',#3587,#149);
#74=LINE('',#3590,#150);
#75=LINE('',#3591,#151);
#76=LINE('',#3594,#152);
#77=LINE('',#3595,#153);
#78=LINE('',#3599,#154);
#79=LINE('',#3601,#155);
#80=LINE('',#3603,#156);
#81=LINE('',#3605,#157);
#82=LINE('',#3606,#158);
#83=LINE('',#3610,#159);
#84=LINE('',#3612,#160);
#85=LINE('',#3614,#161);
#86=LINE('',#3616,#162);
#87=LINE('',#3617,#163);
#88=LINE('',#3621,#164);
#89=LINE('',#3623,#165);
#90=LINE('',#3625,#166);
#91=LINE('',#3627,#167);
#92=LINE('',#3629,#168);
#93=LINE('',#3632,#169);
#94=LINE('',#3634,#170);
#95=LINE('',#3636,#171);
#96=LINE('',#3638,#172);
#97=LINE('',#3640,#173);
#98=VECTOR('',#1782,1.);
#99=VECTOR('',#1785,1.);
#100=VECTOR('',#1790,1.);
#101=VECTOR('',#1791,1.);
#102=VECTOR('',#1794,1.);
#103=VECTOR('',#1795,1.);
#104=VECTOR('',#1796,1.);
#105=VECTOR('',#1797,1.);
#106=VECTOR('',#1798,1.);
#107=VECTOR('',#1799,1.);
#108=VECTOR('',#1800,1.);
#109=VECTOR('',#1801,1.);
#110=VECTOR('',#1802,1.);
#111=VECTOR('',#1803,1.);
#112=VECTOR('',#1804,1.);
#113=VECTOR('',#1805,1.);
#114=VECTOR('',#1876,1.);
#115=VECTOR('',#1877,1.);
#116=VECTOR('',#1884,1.);
#117=VECTOR('',#1885,1.);
#118=VECTOR('',#1894,1.);
#119=VECTOR('',#1897,1.);
#120=VECTOR('',#1900,1.);
#121=VECTOR('',#1911,1.);
#122=VECTOR('',#2050,1.);
#123=VECTOR('',#2051,1.);
#124=VECTOR('',#2056,1.);
#125=VECTOR('',#2057,1.);
#126=VECTOR('',#2062,1.);
#127=VECTOR('',#2063,1.);
#128=VECTOR('',#2068,1.);
#129=VECTOR('',#2069,1.);
#130=VECTOR('',#2074,1.);
#131=VECTOR('',#2075,1.);
#132=VECTOR('',#2080,1.);
#133=VECTOR('',#2081,1.);
#134=VECTOR('',#2086,1.);
#135=VECTOR('',#2087,1.);
#136=VECTOR('',#2092,1.);
#137=VECTOR('',#2093,1.);
#138=VECTOR('',#2098,1.);
#139=VECTOR('',#2099,1.);
#140=VECTOR('',#2104,1.);
#141=VECTOR('',#2105,1.);
#142=VECTOR('',#2110,1.);
#143=VECTOR('',#2111,1.);
#144=VECTOR('',#2116,1.);
#145=VECTOR('',#2117,1.);
#146=VECTOR('',#2122,1.);
#147=VECTOR('',#2123,1.);
#148=VECTOR('',#2128,1.);
#149=VECTOR('',#2129,1.);
#150=VECTOR('',#2134,1.);
#151=VECTOR('',#2135,1.);
#152=VECTOR('',#2140,1.);
#153=VECTOR('',#2141,1.);
#154=VECTOR('',#2148,1.);
#155=VECTOR('',#2149,1.);
#156=VECTOR('',#2150,1.);
#157=VECTOR('',#2153,1.);
#158=VECTOR('',#2154,1.);
#159=VECTOR('',#2161,1.);
#160=VECTOR('',#2162,1.);
#161=VECTOR('',#2163,1.);
#162=VECTOR('',#2166,1.);
#163=VECTOR('',#2167,1.);
#164=VECTOR('',#2174,1.);
#165=VECTOR('',#2175,1.);
#166=VECTOR('',#2176,1.);
#167=VECTOR('',#2179,1.);
#168=VECTOR('',#2182,1.);
#169=VECTOR('',#2187,1.);
#170=VECTOR('',#2188,1.);
#171=VECTOR('',#2191,1.);
#172=VECTOR('',#2192,1.);
#173=VECTOR('',#2195,1.);
#174=CYLINDRICAL_SURFACE('',#1559,0.00405);
#175=CYLINDRICAL_SURFACE('',#1561,0.00405);
#176=CYLINDRICAL_SURFACE('',#1569,0.01);
#177=CYLINDRICAL_SURFACE('',#1589,0.0036);
#178=CYLINDRICAL_SURFACE('',#1598,0.0008);
#179=CYLINDRICAL_SURFACE('',#1599,0.00120000000000011);
#180=CYLINDRICAL_SURFACE('',#1600,0.00119999999999999);
#181=CYLINDRICAL_SURFACE('',#1601,0.0008);
#182=CYLINDRICAL_SURFACE('',#1602,0.00119999999999996);
#183=CYLINDRICAL_SURFACE('',#1603,0.00119999999999991);
#184=CYLINDRICAL_SURFACE('',#1604,0.000800240688861391);
#185=CYLINDRICAL_SURFACE('',#1607,0.000458767014898178);
#186=CYLINDRICAL_SURFACE('',#1610,0.000800240688861414);
#187=CYLINDRICAL_SURFACE('',#1681,0.000800240688861391);
#188=CYLINDRICAL_SURFACE('',#1682,0.000458767014898178);
#189=CYLINDRICAL_SURFACE('',#1683,0.000800240688861391);
#190=CYLINDRICAL_SURFACE('',#1684,0.000458767014898178);
#191=CYLINDRICAL_SURFACE('',#1685,0.000800240688861391);
#192=CYLINDRICAL_SURFACE('',#1686,0.000458767014898178);
#193=CYLINDRICAL_SURFACE('',#1687,0.000800240688861391);
#194=CYLINDRICAL_SURFACE('',#1688,0.000458767014898178);
#195=CYLINDRICAL_SURFACE('',#1689,0.000800240688861391);
#196=CYLINDRICAL_SURFACE('',#1690,0.000458767014898178);
#197=CYLINDRICAL_SURFACE('',#1691,0.000800240688861391);
#198=CYLINDRICAL_SURFACE('',#1692,0.000458767014898178);
#199=CYLINDRICAL_SURFACE('',#1693,0.000800240688861391);
#200=CYLINDRICAL_SURFACE('',#1694,0.000458767014898178);
#201=CYLINDRICAL_SURFACE('',#1695,0.000800240688861391);
#202=CYLINDRICAL_SURFACE('',#1696,0.000458767014898178);
#203=CYLINDRICAL_SURFACE('',#1697,0.000800240688861391);
#204=CYLINDRICAL_SURFACE('',#1698,0.000458767014898178);
#205=CYLINDRICAL_SURFACE('',#1699,0.000800240688861391);
#206=CYLINDRICAL_SURFACE('',#1700,0.000458767014898178);
#207=CYLINDRICAL_SURFACE('',#1701,0.000800240688861391);
#208=CYLINDRICAL_SURFACE('',#1702,0.000458767014898178);
#209=CYLINDRICAL_SURFACE('',#1703,0.000800240688861391);
#210=CYLINDRICAL_SURFACE('',#1704,0.000458767014898178);
#211=CYLINDRICAL_SURFACE('',#1705,0.000800240688861391);
#212=CYLINDRICAL_SURFACE('',#1706,0.000458767014898178);
#213=CYLINDRICAL_SURFACE('',#1707,0.000800240688861391);
#214=CYLINDRICAL_SURFACE('',#1708,0.000458767014898178);
#215=CYLINDRICAL_SURFACE('',#1709,0.000800240688861391);
#216=CYLINDRICAL_SURFACE('',#1710,0.000458767014898178);
#217=CYLINDRICAL_SURFACE('',#1711,0.000800240688861391);
#218=CYLINDRICAL_SURFACE('',#1712,0.000458767014898178);
#219=CYLINDRICAL_SURFACE('',#1713,0.000458767014898178);
#220=PLANE('',#1549);
#221=PLANE('',#1563);
#222=PLANE('',#1578);
#223=PLANE('',#1581);
#224=PLANE('',#1590);
#225=PLANE('',#1594);
#226=PLANE('',#1613);
#227=PLANE('',#1647);
#228=PLANE('',#1714);
#229=PLANE('',#1715);
#230=PLANE('',#1716);
#231=PLANE('',#1717);
#232=PLANE('',#1718);
#233=PLANE('',#1719);
#234=PLANE('',#1720);
#235=PLANE('',#1721);
#236=PLANE('',#1722);
#237=PLANE('',#1723);
#238=PLANE('',#1724);
#239=PLANE('',#1725);
#240=PLANE('',#1726);
#241=PLANE('',#1727);
#242=PLANE('',#1728);
#243=PLANE('',#1729);
#244=CIRCLE('',#1536,0.00603499546541037);
#245=CIRCLE('',#1537,0.00650290250799912);
#246=CIRCLE('',#1538,0.00603499546541037);
#247=CIRCLE('',#1539,0.006);
#248=CIRCLE('',#1540,0.00603499546541037);
#249=CIRCLE('',#1541,0.006);
#250=CIRCLE('',#1543,0.00603499546541037);
#251=CIRCLE('',#1544,0.00650290250799912);
#252=CIRCLE('',#1545,0.00603499546541037);
#253=CIRCLE('',#1546,0.006);
#254=CIRCLE('',#1547,0.00603499546541037);
#255=CIRCLE('',#1548,0.006);
#256=CIRCLE('',#1550,0.0064);
#257=CIRCLE('',#1551,0.0008);
#258=CIRCLE('',#1552,0.00119999999999996);
#259=CIRCLE('',#1553,0.00405);
#260=CIRCLE('',#1554,0.00119999999999999);
#261=CIRCLE('',#1555,0.0008);
#262=CIRCLE('',#1556,0.00120000000000011);
#263=CIRCLE('',#1557,0.00405);
#264=CIRCLE('',#1558,0.00119999999999991);
#265=CIRCLE('',#1560,0.00405);
#266=CIRCLE('',#1562,0.00405);
#267=CIRCLE('',#1564,0.0036);
#268=CIRCLE('',#1566,0.01);
#269=CIRCLE('',#1568,0.01);
#270=CIRCLE('',#1570,0.01);
#271=CIRCLE('',#1571,0.01);
#272=CIRCLE('',#1572,0.01);
#273=CIRCLE('',#1574,0.008);
#274=CIRCLE('',#1576,0.008);
#275=CIRCLE('',#1577,0.01);
#276=CIRCLE('',#1579,0.00743923048454132);
#277=CIRCLE('',#1582,0.0036);
#278=CIRCLE('',#1583,0.00119999999999996);
#279=CIRCLE('',#1584,0.0008);
#280=CIRCLE('',#1585,0.00119999999999991);
#281=CIRCLE('',#1586,0.00120000000000011);
#282=CIRCLE('',#1587,0.0008);
#283=CIRCLE('',#1588,0.00119999999999999);
#284=CIRCLE('',#1591,0.0008);
#285=CIRCLE('',#1592,0.001);
#286=CIRCLE('',#1593,0.0008);
#287=CIRCLE('',#1595,0.0008);
#288=CIRCLE('',#1596,0.001);
#289=CIRCLE('',#1597,0.0008);
#290=CIRCLE('',#1605,0.000800240688861391);
#291=CIRCLE('',#1606,0.000800240688861391);
#292=CIRCLE('',#1608,0.000458767014898178);
#293=CIRCLE('',#1609,0.000458767014898178);
#294=CIRCLE('',#1611,0.000800240688861414);
#295=CIRCLE('',#1612,0.000800240688861414);
#296=CIRCLE('',#1614,0.000458767014898178);
#297=CIRCLE('',#1615,0.000800240688861391);
#298=CIRCLE('',#1616,0.000458767014898178);
#299=CIRCLE('',#1617,0.000800240688861391);
#300=CIRCLE('',#1618,0.000458767014898178);
#301=CIRCLE('',#1619,0.000800240688861391);
#302=CIRCLE('',#1620,0.000458767014898178);
#303=CIRCLE('',#1621,0.000800240688861391);
#304=CIRCLE('',#1622,0.000458767014898178);
#305=CIRCLE('',#1623,0.000800240688861391);
#306=CIRCLE('',#1624,0.000458767014898178);
#307=CIRCLE('',#1625,0.000800240688861391);
#308=CIRCLE('',#1626,0.000458767014898178);
#309=CIRCLE('',#1627,0.000800240688861391);
#310=CIRCLE('',#1628,0.000458767014898178);
#311=CIRCLE('',#1629,0.000800240688861391);
#312=CIRCLE('',#1630,0.000458767014898178);
#313=CIRCLE('',#1631,0.000800240688861391);
#314=CIRCLE('',#1632,0.000458767014898178);
#315=CIRCLE('',#1633,0.000800240688861391);
#316=CIRCLE('',#1634,0.000458767014898178);
#317=CIRCLE('',#1635,0.000800240688861391);
#318=CIRCLE('',#1636,0.000458767014898178);
#319=CIRCLE('',#1637,0.000800240688861391);
#320=CIRCLE('',#1638,0.000458767014898178);
#321=CIRCLE('',#1639,0.000800240688861391);
#322=CIRCLE('',#1640,0.000458767014898178);
#323=CIRCLE('',#1641,0.000800240688861391);
#324=CIRCLE('',#1642,0.000458767014898178);
#325=CIRCLE('',#1643,0.000800240688861391);
#326=CIRCLE('',#1644,0.000458767014898178);
#327=CIRCLE('',#1645,0.000800240688861391);
#328=CIRCLE('',#1646,0.000458767014898178);
#329=CIRCLE('',#1648,0.000458767014898178);
#330=CIRCLE('',#1649,0.000800240688861391);
#331=CIRCLE('',#1650,0.000458767014898178);
#332=CIRCLE('',#1651,0.000800240688861391);
#333=CIRCLE('',#1652,0.000458767014898178);
#334=CIRCLE('',#1653,0.000800240688861391);
#335=CIRCLE('',#1654,0.000458767014898178);
#336=CIRCLE('',#1655,0.000800240688861391);
#337=CIRCLE('',#1656,0.000458767014898178);
#338=CIRCLE('',#1657,0.000800240688861391);
#339=CIRCLE('',#1658,0.000458767014898178);
#340=CIRCLE('',#1659,0.000800240688861391);
#341=CIRCLE('',#1660,0.000458767014898178);
#342=CIRCLE('',#1661,0.000800240688861391);
#343=CIRCLE('',#1662,0.000458767014898178);
#344=CIRCLE('',#1663,0.000800240688861391);
#345=CIRCLE('',#1664,0.000458767014898178);
#346=CIRCLE('',#1665,0.000800240688861391);
#347=CIRCLE('',#1666,0.000458767014898178);
#348=CIRCLE('',#1667,0.000800240688861391);
#349=CIRCLE('',#1668,0.000458767014898178);
#350=CIRCLE('',#1669,0.000800240688861391);
#351=CIRCLE('',#1670,0.000458767014898178);
#352=CIRCLE('',#1671,0.000800240688861391);
#353=CIRCLE('',#1672,0.000458767014898178);
#354=CIRCLE('',#1673,0.000800240688861391);
#355=CIRCLE('',#1674,0.000458767014898178);
#356=CIRCLE('',#1675,0.000800240688861391);
#357=CIRCLE('',#1676,0.000458767014898178);
#358=CIRCLE('',#1677,0.000800240688861391);
#359=CIRCLE('',#1678,0.000458767014898178);
#360=CIRCLE('',#1679,0.000800240688861391);
#361=CIRCLE('',#1680,0.000458767014898178);
#362=ORIENTED_EDGE('',*,*,#818,.T.);
#363=ORIENTED_EDGE('',*,*,#819,.T.);
#364=ORIENTED_EDGE('',*,*,#820,.T.);
#365=ORIENTED_EDGE('',*,*,#821,.F.);
#366=ORIENTED_EDGE('',*,*,#822,.T.);
#367=ORIENTED_EDGE('',*,*,#823,.T.);
#368=ORIENTED_EDGE('',*,*,#824,.F.);
#369=ORIENTED_EDGE('',*,*,#825,.T.);
#370=ORIENTED_EDGE('',*,*,#826,.T.);
#371=ORIENTED_EDGE('',*,*,#827,.T.);
#372=ORIENTED_EDGE('',*,*,#828,.F.);
#373=ORIENTED_EDGE('',*,*,#829,.T.);
#374=ORIENTED_EDGE('',*,*,#830,.T.);
#375=ORIENTED_EDGE('',*,*,#831,.T.);
#376=ORIENTED_EDGE('',*,*,#832,.T.);
#377=ORIENTED_EDGE('',*,*,#833,.F.);
#378=ORIENTED_EDGE('',*,*,#834,.T.);
#379=ORIENTED_EDGE('',*,*,#835,.T.);
#380=ORIENTED_EDGE('',*,*,#836,.F.);
#381=ORIENTED_EDGE('',*,*,#837,.T.);
#382=ORIENTED_EDGE('',*,*,#838,.T.);
#383=ORIENTED_EDGE('',*,*,#839,.T.);
#384=ORIENTED_EDGE('',*,*,#840,.F.);
#385=ORIENTED_EDGE('',*,*,#841,.T.);
#386=ORIENTED_EDGE('',*,*,#842,.T.);
#387=ORIENTED_EDGE('',*,*,#843,.F.);
#388=ORIENTED_EDGE('',*,*,#844,.T.);
#389=ORIENTED_EDGE('',*,*,#845,.F.);
#390=ORIENTED_EDGE('',*,*,#846,.F.);
#391=ORIENTED_EDGE('',*,*,#847,.T.);
#392=ORIENTED_EDGE('',*,*,#848,.F.);
#393=ORIENTED_EDGE('',*,*,#849,.F.);
#394=ORIENTED_EDGE('',*,*,#850,.T.);
#395=ORIENTED_EDGE('',*,*,#851,.F.);
#396=ORIENTED_EDGE('',*,*,#852,.F.);
#397=ORIENTED_EDGE('',*,*,#853,.T.);
#398=ORIENTED_EDGE('',*,*,#845,.T.);
#399=ORIENTED_EDGE('',*,*,#854,.F.);
#400=ORIENTED_EDGE('',*,*,#855,.T.);
#401=ORIENTED_EDGE('',*,*,#849,.T.);
#402=ORIENTED_EDGE('',*,*,#856,.F.);
#403=ORIENTED_EDGE('',*,*,#857,.T.);
#404=ORIENTED_EDGE('',*,*,#825,.F.);
#405=ORIENTED_EDGE('',*,*,#858,.F.);
#406=ORIENTED_EDGE('',*,*,#859,.T.);
#407=ORIENTED_EDGE('',*,*,#860,.T.);
#408=ORIENTED_EDGE('',*,*,#841,.F.);
#409=ORIENTED_EDGE('',*,*,#861,.F.);
#410=ORIENTED_EDGE('',*,*,#862,.T.);
#411=ORIENTED_EDGE('',*,*,#863,.T.);
#412=ORIENTED_EDGE('',*,*,#837,.F.);
#413=ORIENTED_EDGE('',*,*,#864,.F.);
#414=ORIENTED_EDGE('',*,*,#865,.T.);
#415=ORIENTED_EDGE('',*,*,#866,.T.);
#416=ORIENTED_EDGE('',*,*,#829,.F.);
#417=ORIENTED_EDGE('',*,*,#867,.F.);
#418=ORIENTED_EDGE('',*,*,#868,.T.);
#419=ORIENTED_EDGE('',*,*,#869,.T.);
#420=ORIENTED_EDGE('',*,*,#870,.T.);
#421=ORIENTED_EDGE('',*,*,#871,.T.);
#422=ORIENTED_EDGE('',*,*,#821,.T.);
#423=ORIENTED_EDGE('',*,*,#872,.T.);
#424=ORIENTED_EDGE('',*,*,#873,.T.);
#425=ORIENTED_EDGE('',*,*,#874,.F.);
#426=ORIENTED_EDGE('',*,*,#875,.T.);
#427=ORIENTED_EDGE('',*,*,#876,.T.);
#428=ORIENTED_EDGE('',*,*,#877,.F.);
#429=ORIENTED_EDGE('',*,*,#878,.T.);
#430=ORIENTED_EDGE('',*,*,#879,.T.);
#431=ORIENTED_EDGE('',*,*,#833,.T.);
#432=ORIENTED_EDGE('',*,*,#880,.F.);
#433=ORIENTED_EDGE('',*,*,#881,.T.);
#434=ORIENTED_EDGE('',*,*,#874,.T.);
#435=ORIENTED_EDGE('',*,*,#882,.T.);
#436=ORIENTED_EDGE('',*,*,#877,.T.);
#437=ORIENTED_EDGE('',*,*,#880,.T.);
#438=ORIENTED_EDGE('',*,*,#883,.F.);
#439=ORIENTED_EDGE('',*,*,#884,.T.);
#440=ORIENTED_EDGE('',*,*,#885,.F.);
#441=ORIENTED_EDGE('',*,*,#886,.F.);
#442=ORIENTED_EDGE('',*,*,#885,.T.);
#443=ORIENTED_EDGE('',*,*,#842,.F.);
#444=ORIENTED_EDGE('',*,*,#886,.T.);
#445=ORIENTED_EDGE('',*,*,#887,.F.);
#446=ORIENTED_EDGE('',*,*,#852,.T.);
#447=ORIENTED_EDGE('',*,*,#888,.T.);
#448=ORIENTED_EDGE('',*,*,#889,.F.);
#449=ORIENTED_EDGE('',*,*,#890,.T.);
#450=ORIENTED_EDGE('',*,*,#854,.T.);
#451=ORIENTED_EDGE('',*,*,#891,.F.);
#452=ORIENTED_EDGE('',*,*,#892,.T.);
#453=ORIENTED_EDGE('',*,*,#893,.F.);
#454=ORIENTED_EDGE('',*,*,#887,.T.);
#455=ORIENTED_EDGE('',*,*,#869,.F.);
#456=ORIENTED_EDGE('',*,*,#894,.F.);
#457=ORIENTED_EDGE('',*,*,#895,.T.);
#458=ORIENTED_EDGE('',*,*,#834,.F.);
#459=ORIENTED_EDGE('',*,*,#896,.F.);
#460=ORIENTED_EDGE('',*,*,#879,.F.);
#461=ORIENTED_EDGE('',*,*,#820,.F.);
#462=ORIENTED_EDGE('',*,*,#897,.T.);
#463=ORIENTED_EDGE('',*,*,#898,.T.);
#464=ORIENTED_EDGE('',*,*,#899,.T.);
#465=ORIENTED_EDGE('',*,*,#872,.F.);
#466=ORIENTED_EDGE('',*,*,#882,.F.);
#467=ORIENTED_EDGE('',*,*,#900,.F.);
#468=ORIENTED_EDGE('',*,*,#901,.F.);
#469=ORIENTED_EDGE('',*,*,#902,.F.);
#470=ORIENTED_EDGE('',*,*,#898,.F.);
#471=ORIENTED_EDGE('',*,*,#903,.T.);
#472=ORIENTED_EDGE('',*,*,#894,.T.);
#473=ORIENTED_EDGE('',*,*,#896,.T.);
#474=ORIENTED_EDGE('',*,*,#878,.F.);
#475=ORIENTED_EDGE('',*,*,#902,.T.);
#476=ORIENTED_EDGE('',*,*,#901,.T.);
#477=ORIENTED_EDGE('',*,*,#900,.T.);
#478=ORIENTED_EDGE('',*,*,#873,.F.);
#479=ORIENTED_EDGE('',*,*,#899,.F.);
#480=ORIENTED_EDGE('',*,*,#904,.F.);
#481=ORIENTED_EDGE('',*,*,#905,.T.);
#482=ORIENTED_EDGE('',*,*,#822,.F.);
#483=ORIENTED_EDGE('',*,*,#906,.F.);
#484=ORIENTED_EDGE('',*,*,#871,.F.);
#485=ORIENTED_EDGE('',*,*,#832,.F.);
#486=ORIENTED_EDGE('',*,*,#907,.T.);
#487=ORIENTED_EDGE('',*,*,#908,.T.);
#488=ORIENTED_EDGE('',*,*,#909,.T.);
#489=ORIENTED_EDGE('',*,*,#875,.F.);
#490=ORIENTED_EDGE('',*,*,#881,.F.);
#491=ORIENTED_EDGE('',*,*,#910,.F.);
#492=ORIENTED_EDGE('',*,*,#911,.F.);
#493=ORIENTED_EDGE('',*,*,#912,.F.);
#494=ORIENTED_EDGE('',*,*,#908,.F.);
#495=ORIENTED_EDGE('',*,*,#913,.T.);
#496=ORIENTED_EDGE('',*,*,#904,.T.);
#497=ORIENTED_EDGE('',*,*,#906,.T.);
#498=ORIENTED_EDGE('',*,*,#870,.F.);
#499=ORIENTED_EDGE('',*,*,#912,.T.);
#500=ORIENTED_EDGE('',*,*,#911,.T.);
#501=ORIENTED_EDGE('',*,*,#910,.T.);
#502=ORIENTED_EDGE('',*,*,#876,.F.);
#503=ORIENTED_EDGE('',*,*,#909,.F.);
#504=ORIENTED_EDGE('',*,*,#914,.F.);
#505=ORIENTED_EDGE('',*,*,#892,.F.);
#506=ORIENTED_EDGE('',*,*,#915,.T.);
#507=ORIENTED_EDGE('',*,*,#847,.F.);
#508=ORIENTED_EDGE('',*,*,#848,.T.);
#509=ORIENTED_EDGE('',*,*,#915,.F.);
#510=ORIENTED_EDGE('',*,*,#891,.T.);
#511=ORIENTED_EDGE('',*,*,#856,.T.);
#512=ORIENTED_EDGE('',*,*,#846,.T.);
#513=ORIENTED_EDGE('',*,*,#853,.F.);
#514=ORIENTED_EDGE('',*,*,#893,.T.);
#515=ORIENTED_EDGE('',*,*,#914,.T.);
#516=ORIENTED_EDGE('',*,*,#843,.T.);
#517=ORIENTED_EDGE('',*,*,#916,.F.);
#518=ORIENTED_EDGE('',*,*,#889,.T.);
#519=ORIENTED_EDGE('',*,*,#917,.T.);
#520=ORIENTED_EDGE('',*,*,#917,.F.);
#521=ORIENTED_EDGE('',*,*,#888,.F.);
#522=ORIENTED_EDGE('',*,*,#851,.T.);
#523=ORIENTED_EDGE('',*,*,#844,.F.);
#524=ORIENTED_EDGE('',*,*,#855,.F.);
#525=ORIENTED_EDGE('',*,*,#890,.F.);
#526=ORIENTED_EDGE('',*,*,#916,.T.);
#527=ORIENTED_EDGE('',*,*,#850,.F.);
#528=ORIENTED_EDGE('',*,*,#918,.T.);
#529=ORIENTED_EDGE('',*,*,#919,.T.);
#530=ORIENTED_EDGE('',*,*,#920,.F.);
#531=ORIENTED_EDGE('',*,*,#921,.F.);
#532=ORIENTED_EDGE('',*,*,#922,.T.);
#533=ORIENTED_EDGE('',*,*,#923,.T.);
#534=ORIENTED_EDGE('',*,*,#919,.F.);
#535=ORIENTED_EDGE('',*,*,#924,.F.);
#536=ORIENTED_EDGE('',*,*,#925,.T.);
#537=ORIENTED_EDGE('',*,*,#922,.F.);
#538=ORIENTED_EDGE('',*,*,#926,.F.);
#539=ORIENTED_EDGE('',*,*,#927,.T.);
#540=ORIENTED_EDGE('',*,*,#884,.F.);
#541=ORIENTED_EDGE('',*,*,#920,.T.);
#542=ORIENTED_EDGE('',*,*,#923,.F.);
#543=ORIENTED_EDGE('',*,*,#925,.F.);
#544=ORIENTED_EDGE('',*,*,#928,.F.);
#545=ORIENTED_EDGE('',*,*,#929,.T.);
#546=ORIENTED_EDGE('',*,*,#930,.F.);
#547=ORIENTED_EDGE('',*,*,#931,.T.);
#548=ORIENTED_EDGE('',*,*,#932,.F.);
#549=ORIENTED_EDGE('',*,*,#933,.T.);
#550=ORIENTED_EDGE('',*,*,#934,.F.);
#551=ORIENTED_EDGE('',*,*,#935,.T.);
#552=ORIENTED_EDGE('',*,*,#936,.F.);
#553=ORIENTED_EDGE('',*,*,#937,.T.);
#554=ORIENTED_EDGE('',*,*,#938,.F.);
#555=ORIENTED_EDGE('',*,*,#939,.T.);
#556=ORIENTED_EDGE('',*,*,#940,.F.);
#557=ORIENTED_EDGE('',*,*,#941,.T.);
#558=ORIENTED_EDGE('',*,*,#942,.F.);
#559=ORIENTED_EDGE('',*,*,#943,.T.);
#560=ORIENTED_EDGE('',*,*,#944,.F.);
#561=ORIENTED_EDGE('',*,*,#945,.T.);
#562=ORIENTED_EDGE('',*,*,#946,.F.);
#563=ORIENTED_EDGE('',*,*,#947,.T.);
#564=ORIENTED_EDGE('',*,*,#948,.F.);
#565=ORIENTED_EDGE('',*,*,#949,.T.);
#566=ORIENTED_EDGE('',*,*,#950,.F.);
#567=ORIENTED_EDGE('',*,*,#951,.T.);
#568=ORIENTED_EDGE('',*,*,#952,.F.);
#569=ORIENTED_EDGE('',*,*,#953,.T.);
#570=ORIENTED_EDGE('',*,*,#954,.F.);
#571=ORIENTED_EDGE('',*,*,#955,.T.);
#572=ORIENTED_EDGE('',*,*,#956,.F.);
#573=ORIENTED_EDGE('',*,*,#957,.T.);
#574=ORIENTED_EDGE('',*,*,#958,.F.);
#575=ORIENTED_EDGE('',*,*,#959,.T.);
#576=ORIENTED_EDGE('',*,*,#960,.F.);
#577=ORIENTED_EDGE('',*,*,#883,.T.);
#578=ORIENTED_EDGE('',*,*,#961,.T.);
#579=ORIENTED_EDGE('',*,*,#962,.F.);
#580=ORIENTED_EDGE('',*,*,#963,.T.);
#581=ORIENTED_EDGE('',*,*,#964,.F.);
#582=ORIENTED_EDGE('',*,*,#965,.T.);
#583=ORIENTED_EDGE('',*,*,#966,.F.);
#584=ORIENTED_EDGE('',*,*,#967,.T.);
#585=ORIENTED_EDGE('',*,*,#968,.F.);
#586=ORIENTED_EDGE('',*,*,#969,.T.);
#587=ORIENTED_EDGE('',*,*,#970,.F.);
#588=ORIENTED_EDGE('',*,*,#971,.T.);
#589=ORIENTED_EDGE('',*,*,#972,.F.);
#590=ORIENTED_EDGE('',*,*,#973,.T.);
#591=ORIENTED_EDGE('',*,*,#974,.F.);
#592=ORIENTED_EDGE('',*,*,#975,.T.);
#593=ORIENTED_EDGE('',*,*,#976,.F.);
#594=ORIENTED_EDGE('',*,*,#977,.T.);
#595=ORIENTED_EDGE('',*,*,#978,.F.);
#596=ORIENTED_EDGE('',*,*,#979,.T.);
#597=ORIENTED_EDGE('',*,*,#980,.F.);
#598=ORIENTED_EDGE('',*,*,#981,.T.);
#599=ORIENTED_EDGE('',*,*,#982,.F.);
#600=ORIENTED_EDGE('',*,*,#983,.T.);
#601=ORIENTED_EDGE('',*,*,#984,.F.);
#602=ORIENTED_EDGE('',*,*,#985,.T.);
#603=ORIENTED_EDGE('',*,*,#986,.F.);
#604=ORIENTED_EDGE('',*,*,#987,.T.);
#605=ORIENTED_EDGE('',*,*,#988,.F.);
#606=ORIENTED_EDGE('',*,*,#989,.T.);
#607=ORIENTED_EDGE('',*,*,#990,.F.);
#608=ORIENTED_EDGE('',*,*,#991,.T.);
#609=ORIENTED_EDGE('',*,*,#992,.F.);
#610=ORIENTED_EDGE('',*,*,#993,.T.);
#611=ORIENTED_EDGE('',*,*,#926,.T.);
#612=ORIENTED_EDGE('',*,*,#924,.T.);
#613=ORIENTED_EDGE('',*,*,#918,.F.);
#614=ORIENTED_EDGE('',*,*,#962,.T.);
#615=ORIENTED_EDGE('',*,*,#994,.T.);
#616=ORIENTED_EDGE('',*,*,#959,.F.);
#617=ORIENTED_EDGE('',*,*,#995,.F.);
#618=ORIENTED_EDGE('',*,*,#921,.T.);
#619=ORIENTED_EDGE('',*,*,#960,.T.);
#620=ORIENTED_EDGE('',*,*,#994,.F.);
#621=ORIENTED_EDGE('',*,*,#961,.F.);
#622=ORIENTED_EDGE('',*,*,#964,.T.);
#623=ORIENTED_EDGE('',*,*,#996,.T.);
#624=ORIENTED_EDGE('',*,*,#957,.F.);
#625=ORIENTED_EDGE('',*,*,#997,.F.);
#626=ORIENTED_EDGE('',*,*,#995,.T.);
#627=ORIENTED_EDGE('',*,*,#958,.T.);
#628=ORIENTED_EDGE('',*,*,#996,.F.);
#629=ORIENTED_EDGE('',*,*,#963,.F.);
#630=ORIENTED_EDGE('',*,*,#966,.T.);
#631=ORIENTED_EDGE('',*,*,#998,.T.);
#632=ORIENTED_EDGE('',*,*,#955,.F.);
#633=ORIENTED_EDGE('',*,*,#999,.F.);
#634=ORIENTED_EDGE('',*,*,#997,.T.);
#635=ORIENTED_EDGE('',*,*,#956,.T.);
#636=ORIENTED_EDGE('',*,*,#998,.F.);
#637=ORIENTED_EDGE('',*,*,#965,.F.);
#638=ORIENTED_EDGE('',*,*,#968,.T.);
#639=ORIENTED_EDGE('',*,*,#1000,.T.);
#640=ORIENTED_EDGE('',*,*,#953,.F.);
#641=ORIENTED_EDGE('',*,*,#1001,.F.);
#642=ORIENTED_EDGE('',*,*,#999,.T.);
#643=ORIENTED_EDGE('',*,*,#954,.T.);
#644=ORIENTED_EDGE('',*,*,#1000,.F.);
#645=ORIENTED_EDGE('',*,*,#967,.F.);
#646=ORIENTED_EDGE('',*,*,#970,.T.);
#647=ORIENTED_EDGE('',*,*,#1002,.T.);
#648=ORIENTED_EDGE('',*,*,#951,.F.);
#649=ORIENTED_EDGE('',*,*,#1003,.F.);
#650=ORIENTED_EDGE('',*,*,#1001,.T.);
#651=ORIENTED_EDGE('',*,*,#952,.T.);
#652=ORIENTED_EDGE('',*,*,#1002,.F.);
#653=ORIENTED_EDGE('',*,*,#969,.F.);
#654=ORIENTED_EDGE('',*,*,#972,.T.);
#655=ORIENTED_EDGE('',*,*,#1004,.T.);
#656=ORIENTED_EDGE('',*,*,#949,.F.);
#657=ORIENTED_EDGE('',*,*,#1005,.F.);
#658=ORIENTED_EDGE('',*,*,#1003,.T.);
#659=ORIENTED_EDGE('',*,*,#950,.T.);
#660=ORIENTED_EDGE('',*,*,#1004,.F.);
#661=ORIENTED_EDGE('',*,*,#971,.F.);
#662=ORIENTED_EDGE('',*,*,#974,.T.);
#663=ORIENTED_EDGE('',*,*,#1006,.T.);
#664=ORIENTED_EDGE('',*,*,#947,.F.);
#665=ORIENTED_EDGE('',*,*,#1007,.F.);
#666=ORIENTED_EDGE('',*,*,#1005,.T.);
#667=ORIENTED_EDGE('',*,*,#948,.T.);
#668=ORIENTED_EDGE('',*,*,#1006,.F.);
#669=ORIENTED_EDGE('',*,*,#973,.F.);
#670=ORIENTED_EDGE('',*,*,#976,.T.);
#671=ORIENTED_EDGE('',*,*,#1008,.T.);
#672=ORIENTED_EDGE('',*,*,#945,.F.);
#673=ORIENTED_EDGE('',*,*,#1009,.F.);
#674=ORIENTED_EDGE('',*,*,#1007,.T.);
#675=ORIENTED_EDGE('',*,*,#946,.T.);
#676=ORIENTED_EDGE('',*,*,#1008,.F.);
#677=ORIENTED_EDGE('',*,*,#975,.F.);
#678=ORIENTED_EDGE('',*,*,#978,.T.);
#679=ORIENTED_EDGE('',*,*,#1010,.T.);
#680=ORIENTED_EDGE('',*,*,#943,.F.);
#681=ORIENTED_EDGE('',*,*,#1011,.F.);
#682=ORIENTED_EDGE('',*,*,#1009,.T.);
#683=ORIENTED_EDGE('',*,*,#944,.T.);
#684=ORIENTED_EDGE('',*,*,#1010,.F.);
#685=ORIENTED_EDGE('',*,*,#977,.F.);
#686=ORIENTED_EDGE('',*,*,#980,.T.);
#687=ORIENTED_EDGE('',*,*,#1012,.T.);
#688=ORIENTED_EDGE('',*,*,#941,.F.);
#689=ORIENTED_EDGE('',*,*,#1013,.F.);
#690=ORIENTED_EDGE('',*,*,#1011,.T.);
#691=ORIENTED_EDGE('',*,*,#942,.T.);
#692=ORIENTED_EDGE('',*,*,#1012,.F.);
#693=ORIENTED_EDGE('',*,*,#979,.F.);
#694=ORIENTED_EDGE('',*,*,#982,.T.);
#695=ORIENTED_EDGE('',*,*,#1014,.T.);
#696=ORIENTED_EDGE('',*,*,#939,.F.);
#697=ORIENTED_EDGE('',*,*,#1015,.F.);
#698=ORIENTED_EDGE('',*,*,#1013,.T.);
#699=ORIENTED_EDGE('',*,*,#940,.T.);
#700=ORIENTED_EDGE('',*,*,#1014,.F.);
#701=ORIENTED_EDGE('',*,*,#981,.F.);
#702=ORIENTED_EDGE('',*,*,#984,.T.);
#703=ORIENTED_EDGE('',*,*,#1016,.T.);
#704=ORIENTED_EDGE('',*,*,#937,.F.);
#705=ORIENTED_EDGE('',*,*,#1017,.F.);
#706=ORIENTED_EDGE('',*,*,#1015,.T.);
#707=ORIENTED_EDGE('',*,*,#938,.T.);
#708=ORIENTED_EDGE('',*,*,#1016,.F.);
#709=ORIENTED_EDGE('',*,*,#983,.F.);
#710=ORIENTED_EDGE('',*,*,#986,.T.);
#711=ORIENTED_EDGE('',*,*,#1018,.T.);
#712=ORIENTED_EDGE('',*,*,#935,.F.);
#713=ORIENTED_EDGE('',*,*,#1019,.F.);
#714=ORIENTED_EDGE('',*,*,#1017,.T.);
#715=ORIENTED_EDGE('',*,*,#936,.T.);
#716=ORIENTED_EDGE('',*,*,#1018,.F.);
#717=ORIENTED_EDGE('',*,*,#985,.F.);
#718=ORIENTED_EDGE('',*,*,#988,.T.);
#719=ORIENTED_EDGE('',*,*,#1020,.T.);
#720=ORIENTED_EDGE('',*,*,#933,.F.);
#721=ORIENTED_EDGE('',*,*,#1021,.F.);
#722=ORIENTED_EDGE('',*,*,#1019,.T.);
#723=ORIENTED_EDGE('',*,*,#934,.T.);
#724=ORIENTED_EDGE('',*,*,#1020,.F.);
#725=ORIENTED_EDGE('',*,*,#987,.F.);
#726=ORIENTED_EDGE('',*,*,#990,.T.);
#727=ORIENTED_EDGE('',*,*,#1022,.T.);
#728=ORIENTED_EDGE('',*,*,#931,.F.);
#729=ORIENTED_EDGE('',*,*,#1023,.F.);
#730=ORIENTED_EDGE('',*,*,#1021,.T.);
#731=ORIENTED_EDGE('',*,*,#932,.T.);
#732=ORIENTED_EDGE('',*,*,#1022,.F.);
#733=ORIENTED_EDGE('',*,*,#989,.F.);
#734=ORIENTED_EDGE('',*,*,#992,.T.);
#735=ORIENTED_EDGE('',*,*,#1024,.T.);
#736=ORIENTED_EDGE('',*,*,#929,.F.);
#737=ORIENTED_EDGE('',*,*,#1025,.F.);
#738=ORIENTED_EDGE('',*,*,#1023,.T.);
#739=ORIENTED_EDGE('',*,*,#930,.T.);
#740=ORIENTED_EDGE('',*,*,#1024,.F.);
#741=ORIENTED_EDGE('',*,*,#991,.F.);
#742=ORIENTED_EDGE('',*,*,#1025,.T.);
#743=ORIENTED_EDGE('',*,*,#928,.T.);
#744=ORIENTED_EDGE('',*,*,#927,.F.);
#745=ORIENTED_EDGE('',*,*,#993,.F.);
#746=ORIENTED_EDGE('',*,*,#1026,.F.);
#747=ORIENTED_EDGE('',*,*,#1027,.T.);
#748=ORIENTED_EDGE('',*,*,#1028,.T.);
#749=ORIENTED_EDGE('',*,*,#859,.F.);
#750=ORIENTED_EDGE('',*,*,#823,.F.);
#751=ORIENTED_EDGE('',*,*,#905,.F.);
#752=ORIENTED_EDGE('',*,*,#913,.F.);
#753=ORIENTED_EDGE('',*,*,#907,.F.);
#754=ORIENTED_EDGE('',*,*,#831,.F.);
#755=ORIENTED_EDGE('',*,*,#1029,.F.);
#756=ORIENTED_EDGE('',*,*,#1027,.F.);
#757=ORIENTED_EDGE('',*,*,#1030,.T.);
#758=ORIENTED_EDGE('',*,*,#830,.F.);
#759=ORIENTED_EDGE('',*,*,#860,.F.);
#760=ORIENTED_EDGE('',*,*,#1028,.F.);
#761=ORIENTED_EDGE('',*,*,#1029,.T.);
#762=ORIENTED_EDGE('',*,*,#858,.T.);
#763=ORIENTED_EDGE('',*,*,#824,.T.);
#764=ORIENTED_EDGE('',*,*,#1030,.F.);
#765=ORIENTED_EDGE('',*,*,#1026,.T.);
#766=ORIENTED_EDGE('',*,*,#1031,.F.);
#767=ORIENTED_EDGE('',*,*,#1032,.T.);
#768=ORIENTED_EDGE('',*,*,#1033,.T.);
#769=ORIENTED_EDGE('',*,*,#865,.F.);
#770=ORIENTED_EDGE('',*,*,#819,.F.);
#771=ORIENTED_EDGE('',*,*,#1034,.F.);
#772=ORIENTED_EDGE('',*,*,#1032,.F.);
#773=ORIENTED_EDGE('',*,*,#1035,.T.);
#774=ORIENTED_EDGE('',*,*,#835,.F.);
#775=ORIENTED_EDGE('',*,*,#895,.F.);
#776=ORIENTED_EDGE('',*,*,#903,.F.);
#777=ORIENTED_EDGE('',*,*,#897,.F.);
#778=ORIENTED_EDGE('',*,*,#864,.T.);
#779=ORIENTED_EDGE('',*,*,#836,.T.);
#780=ORIENTED_EDGE('',*,*,#1035,.F.);
#781=ORIENTED_EDGE('',*,*,#1031,.T.);
#782=ORIENTED_EDGE('',*,*,#818,.F.);
#783=ORIENTED_EDGE('',*,*,#866,.F.);
#784=ORIENTED_EDGE('',*,*,#1033,.F.);
#785=ORIENTED_EDGE('',*,*,#1034,.T.);
#786=ORIENTED_EDGE('',*,*,#1036,.F.);
#787=ORIENTED_EDGE('',*,*,#1037,.T.);
#788=ORIENTED_EDGE('',*,*,#1038,.T.);
#789=ORIENTED_EDGE('',*,*,#862,.F.);
#790=ORIENTED_EDGE('',*,*,#838,.F.);
#791=ORIENTED_EDGE('',*,*,#863,.F.);
#792=ORIENTED_EDGE('',*,*,#1038,.F.);
#793=ORIENTED_EDGE('',*,*,#1039,.T.);
#794=ORIENTED_EDGE('',*,*,#861,.T.);
#795=ORIENTED_EDGE('',*,*,#840,.T.);
#796=ORIENTED_EDGE('',*,*,#1040,.F.);
#797=ORIENTED_EDGE('',*,*,#1036,.T.);
#798=ORIENTED_EDGE('',*,*,#839,.F.);
#799=ORIENTED_EDGE('',*,*,#1039,.F.);
#800=ORIENTED_EDGE('',*,*,#1037,.F.);
#801=ORIENTED_EDGE('',*,*,#1040,.T.);
#802=ORIENTED_EDGE('',*,*,#867,.T.);
#803=ORIENTED_EDGE('',*,*,#828,.T.);
#804=ORIENTED_EDGE('',*,*,#1041,.F.);
#805=ORIENTED_EDGE('',*,*,#1042,.T.);
#806=ORIENTED_EDGE('',*,*,#826,.F.);
#807=ORIENTED_EDGE('',*,*,#857,.F.);
#808=ORIENTED_EDGE('',*,*,#1043,.F.);
#809=ORIENTED_EDGE('',*,*,#1044,.T.);
#810=ORIENTED_EDGE('',*,*,#827,.F.);
#811=ORIENTED_EDGE('',*,*,#1044,.F.);
#812=ORIENTED_EDGE('',*,*,#1045,.F.);
#813=ORIENTED_EDGE('',*,*,#1041,.T.);
#814=ORIENTED_EDGE('',*,*,#1042,.F.);
#815=ORIENTED_EDGE('',*,*,#1045,.T.);
#816=ORIENTED_EDGE('',*,*,#1043,.T.);
#817=ORIENTED_EDGE('',*,*,#868,.F.);
#818=EDGE_CURVE('',#1046,#1047,#1198,.T.);
#819=EDGE_CURVE('',#1047,#1048,#244,.T.);
#820=EDGE_CURVE('',#1048,#1049,#1199,.T.);
#821=EDGE_CURVE('',#1050,#1049,#245,.T.);
#822=EDGE_CURVE('',#1050,#1051,#1200,.T.);
#823=EDGE_CURVE('',#1051,#1052,#246,.T.);
#824=EDGE_CURVE('',#1053,#1052,#1201,.T.);
#825=EDGE_CURVE('',#1053,#1054,#247,.T.);
#826=EDGE_CURVE('',#1054,#1055,#1202,.T.);
#827=EDGE_CURVE('',#1055,#1056,#248,.T.);
#828=EDGE_CURVE('',#1057,#1056,#1203,.T.);
#829=EDGE_CURVE('',#1057,#1046,#249,.T.);
#830=EDGE_CURVE('',#1058,#1059,#1204,.T.);
#831=EDGE_CURVE('',#1059,#1060,#250,.T.);
#832=EDGE_CURVE('',#1060,#1061,#1205,.T.);
#833=EDGE_CURVE('',#1062,#1061,#251,.T.);
#834=EDGE_CURVE('',#1062,#1063,#1206,.T.);
#835=EDGE_CURVE('',#1063,#1064,#252,.T.);
#836=EDGE_CURVE('',#1065,#1064,#1207,.T.);
#837=EDGE_CURVE('',#1065,#1066,#253,.T.);
#838=EDGE_CURVE('',#1066,#1067,#1208,.T.);
#839=EDGE_CURVE('',#1067,#1068,#254,.T.);
#840=EDGE_CURVE('',#1069,#1068,#1209,.T.);
#841=EDGE_CURVE('',#1069,#1058,#255,.T.);
#842=EDGE_CURVE('',#1070,#1070,#256,.T.);
#843=EDGE_CURVE('',#1071,#1072,#257,.F.);
#844=EDGE_CURVE('',#1071,#1073,#258,.F.);
#845=EDGE_CURVE('',#1074,#1073,#259,.T.);
#846=EDGE_CURVE('',#1075,#1074,#260,.T.);
#847=EDGE_CURVE('',#1075,#1076,#261,.T.);
#848=EDGE_CURVE('',#1077,#1076,#262,.T.);
#849=EDGE_CURVE('',#1078,#1077,#263,.T.);
#850=EDGE_CURVE('',#1078,#1072,#264,.F.);
#851=EDGE_CURVE('',#1079,#1073,#22,.T.);
#852=EDGE_CURVE('',#1080,#1079,#265,.T.);
#853=EDGE_CURVE('',#1080,#1074,#23,.T.);
#854=EDGE_CURVE('',#1081,#1082,#266,.T.);
#855=EDGE_CURVE('',#1081,#1078,#24,.T.);
#856=EDGE_CURVE('',#1082,#1077,#25,.T.);
#857=EDGE_CURVE('',#1083,#1054,#26,.T.);
#858=EDGE_CURVE('',#1084,#1053,#27,.T.);
#859=EDGE_CURVE('',#1084,#1085,#28,.T.);
#860=EDGE_CURVE('',#1085,#1058,#29,.T.);
#861=EDGE_CURVE('',#1086,#1069,#30,.T.);
#862=EDGE_CURVE('',#1086,#1087,#31,.T.);
#863=EDGE_CURVE('',#1087,#1066,#32,.T.);
#864=EDGE_CURVE('',#1088,#1065,#33,.T.);
#865=EDGE_CURVE('',#1088,#1089,#34,.T.);
#866=EDGE_CURVE('',#1089,#1046,#35,.T.);
#867=EDGE_CURVE('',#1090,#1057,#36,.T.);
#868=EDGE_CURVE('',#1090,#1083,#37,.T.);
#869=EDGE_CURVE('',#1091,#1091,#267,.T.);
#870=EDGE_CURVE('',#1092,#1093,#1210,.T.);
#871=EDGE_CURVE('',#1093,#1050,#1211,.T.);
#872=EDGE_CURVE('',#1049,#1094,#1212,.T.);
#873=EDGE_CURVE('',#1094,#1095,#1213,.T.);
#874=EDGE_CURVE('',#1092,#1095,#268,.T.);
#875=EDGE_CURVE('',#1061,#1096,#1214,.T.);
#876=EDGE_CURVE('',#1096,#1097,#1215,.T.);
#877=EDGE_CURVE('',#1098,#1097,#269,.T.);
#878=EDGE_CURVE('',#1098,#1099,#1216,.T.);
#879=EDGE_CURVE('',#1099,#1062,#1217,.T.);
#880=EDGE_CURVE('',#1100,#1100,#270,.T.);
#881=EDGE_CURVE('',#1097,#1092,#271,.T.);
#882=EDGE_CURVE('',#1095,#1098,#272,.T.);
#883=EDGE_CURVE('',#1101,#1101,#273,.F.);
#884=EDGE_CURVE('',#1102,#1102,#274,.F.);
#885=EDGE_CURVE('',#1103,#1103,#275,.T.);
#886=EDGE_CURVE('',#1104,#1104,#276,.T.);
#887=EDGE_CURVE('',#1105,#1105,#277,.T.);
#888=EDGE_CURVE('',#1079,#1106,#278,.T.);
#889=EDGE_CURVE('',#1107,#1106,#279,.T.);
#890=EDGE_CURVE('',#1107,#1081,#280,.T.);
#891=EDGE_CURVE('',#1108,#1082,#281,.F.);
#892=EDGE_CURVE('',#1108,#1109,#282,.F.);
#893=EDGE_CURVE('',#1080,#1109,#283,.F.);
#894=EDGE_CURVE('',#1110,#1062,#1218,.T.);
#895=EDGE_CURVE('',#1110,#1063,#1219,.T.);
#896=EDGE_CURVE('',#1062,#1099,#1220,.T.);
#897=EDGE_CURVE('',#1048,#1111,#1221,.T.);
#898=EDGE_CURVE('',#1111,#1049,#1222,.T.);
#899=EDGE_CURVE('',#1049,#1094,#1223,.T.);
#900=EDGE_CURVE('',#1112,#1095,#284,.T.);
#901=EDGE_CURVE('',#1113,#1112,#285,.F.);
#902=EDGE_CURVE('',#1098,#1113,#286,.T.);
#903=EDGE_CURVE('',#1111,#1110,#1224,.T.);
#904=EDGE_CURVE('',#1114,#1050,#1225,.T.);
#905=EDGE_CURVE('',#1114,#1051,#1226,.T.);
#906=EDGE_CURVE('',#1050,#1093,#1227,.T.);
#907=EDGE_CURVE('',#1060,#1115,#1228,.T.);
#908=EDGE_CURVE('',#1115,#1061,#1229,.T.);
#909=EDGE_CURVE('',#1061,#1096,#1230,.T.);
#910=EDGE_CURVE('',#1116,#1097,#287,.T.);
#911=EDGE_CURVE('',#1117,#1116,#288,.F.);
#912=EDGE_CURVE('',#1092,#1117,#289,.T.);
#913=EDGE_CURVE('',#1115,#1114,#1231,.T.);
#914=EDGE_CURVE('',#1109,#1075,#38,.T.);
#915=EDGE_CURVE('',#1108,#1076,#39,.T.);
#916=EDGE_CURVE('',#1107,#1072,#40,.T.);
#917=EDGE_CURVE('',#1106,#1071,#41,.T.);
#918=EDGE_CURVE('',#1118,#1119,#290,.T.);
#919=EDGE_CURVE('',#1119,#1120,#42,.T.);
#920=EDGE_CURVE('',#1121,#1120,#291,.T.);
#921=EDGE_CURVE('',#1118,#1121,#43,.T.);
#922=EDGE_CURVE('',#1122,#1123,#44,.T.);
#923=EDGE_CURVE('',#1123,#1120,#292,.T.);
#924=EDGE_CURVE('',#1122,#1119,#293,.T.);
#925=EDGE_CURVE('',#1124,#1123,#294,.T.);
#926=EDGE_CURVE('',#1125,#1122,#295,.F.);
#927=EDGE_CURVE('',#1125,#1124,#45,.T.);
#928=EDGE_CURVE('',#1126,#1124,#296,.T.);
#929=EDGE_CURVE('',#1126,#1127,#297,.T.);
#930=EDGE_CURVE('',#1128,#1127,#298,.T.);
#931=EDGE_CURVE('',#1128,#1129,#299,.T.);
#932=EDGE_CURVE('',#1130,#1129,#300,.T.);
#933=EDGE_CURVE('',#1130,#1131,#301,.T.);
#934=EDGE_CURVE('',#1132,#1131,#302,.T.);
#935=EDGE_CURVE('',#1132,#1133,#303,.T.);
#936=EDGE_CURVE('',#1134,#1133,#304,.T.);
#937=EDGE_CURVE('',#1134,#1135,#305,.T.);
#938=EDGE_CURVE('',#1136,#1135,#306,.T.);
#939=EDGE_CURVE('',#1136,#1137,#307,.T.);
#940=EDGE_CURVE('',#1138,#1137,#308,.T.);
#941=EDGE_CURVE('',#1138,#1139,#309,.T.);
#942=EDGE_CURVE('',#1140,#1139,#310,.T.);
#943=EDGE_CURVE('',#1140,#1141,#311,.T.);
#944=EDGE_CURVE('',#1142,#1141,#312,.T.);
#945=EDGE_CURVE('',#1142,#1143,#313,.T.);
#946=EDGE_CURVE('',#1144,#1143,#314,.T.);
#947=EDGE_CURVE('',#1144,#1145,#315,.T.);
#948=EDGE_CURVE('',#1146,#1145,#316,.T.);
#949=EDGE_CURVE('',#1146,#1147,#317,.T.);
#950=EDGE_CURVE('',#1148,#1147,#318,.T.);
#951=EDGE_CURVE('',#1148,#1149,#319,.T.);
#952=EDGE_CURVE('',#1150,#1149,#320,.T.);
#953=EDGE_CURVE('',#1150,#1151,#321,.T.);
#954=EDGE_CURVE('',#1152,#1151,#322,.T.);
#955=EDGE_CURVE('',#1152,#1153,#323,.T.);
#956=EDGE_CURVE('',#1154,#1153,#324,.T.);
#957=EDGE_CURVE('',#1154,#1155,#325,.T.);
#958=EDGE_CURVE('',#1156,#1155,#326,.T.);
#959=EDGE_CURVE('',#1156,#1157,#327,.T.);
#960=EDGE_CURVE('',#1121,#1157,#328,.T.);
#961=EDGE_CURVE('',#1118,#1158,#329,.T.);
#962=EDGE_CURVE('',#1159,#1158,#330,.T.);
#963=EDGE_CURVE('',#1159,#1160,#331,.T.);
#964=EDGE_CURVE('',#1161,#1160,#332,.T.);
#965=EDGE_CURVE('',#1161,#1162,#333,.T.);
#966=EDGE_CURVE('',#1163,#1162,#334,.T.);
#967=EDGE_CURVE('',#1163,#1164,#335,.T.);
#968=EDGE_CURVE('',#1165,#1164,#336,.T.);
#969=EDGE_CURVE('',#1165,#1166,#337,.T.);
#970=EDGE_CURVE('',#1167,#1166,#338,.T.);
#971=EDGE_CURVE('',#1167,#1168,#339,.T.);
#972=EDGE_CURVE('',#1169,#1168,#340,.T.);
#973=EDGE_CURVE('',#1169,#1170,#341,.T.);
#974=EDGE_CURVE('',#1171,#1170,#342,.T.);
#975=EDGE_CURVE('',#1171,#1172,#343,.T.);
#976=EDGE_CURVE('',#1173,#1172,#344,.T.);
#977=EDGE_CURVE('',#1173,#1174,#345,.T.);
#978=EDGE_CURVE('',#1175,#1174,#346,.T.);
#979=EDGE_CURVE('',#1175,#1176,#347,.T.);
#980=EDGE_CURVE('',#1177,#1176,#348,.T.);
#981=EDGE_CURVE('',#1177,#1178,#349,.T.);
#982=EDGE_CURVE('',#1179,#1178,#350,.T.);
#983=EDGE_CURVE('',#1179,#1180,#351,.T.);
#984=EDGE_CURVE('',#1181,#1180,#352,.T.);
#985=EDGE_CURVE('',#1181,#1182,#353,.T.);
#986=EDGE_CURVE('',#1183,#1182,#354,.T.);
#987=EDGE_CURVE('',#1183,#1184,#355,.T.);
#988=EDGE_CURVE('',#1185,#1184,#356,.T.);
#989=EDGE_CURVE('',#1185,#1186,#357,.T.);
#990=EDGE_CURVE('',#1187,#1186,#358,.T.);
#991=EDGE_CURVE('',#1187,#1188,#359,.T.);
#992=EDGE_CURVE('',#1189,#1188,#360,.T.);
#993=EDGE_CURVE('',#1189,#1125,#361,.T.);
#994=EDGE_CURVE('',#1158,#1157,#46,.T.);
#995=EDGE_CURVE('',#1159,#1156,#47,.T.);
#996=EDGE_CURVE('',#1160,#1155,#48,.T.);
#997=EDGE_CURVE('',#1161,#1154,#49,.T.);
#998=EDGE_CURVE('',#1162,#1153,#50,.T.);
#999=EDGE_CURVE('',#1163,#1152,#51,.T.);
#1000=EDGE_CURVE('',#1164,#1151,#52,.T.);
#1001=EDGE_CURVE('',#1165,#1150,#53,.T.);
#1002=EDGE_CURVE('',#1166,#1149,#54,.T.);
#1003=EDGE_CURVE('',#1167,#1148,#55,.T.);
#1004=EDGE_CURVE('',#1168,#1147,#56,.T.);
#1005=EDGE_CURVE('',#1169,#1146,#57,.T.);
#1006=EDGE_CURVE('',#1170,#1145,#58,.T.);
#1007=EDGE_CURVE('',#1171,#1144,#59,.T.);
#1008=EDGE_CURVE('',#1172,#1143,#60,.T.);
#1009=EDGE_CURVE('',#1173,#1142,#61,.T.);
#1010=EDGE_CURVE('',#1174,#1141,#62,.T.);
#1011=EDGE_CURVE('',#1175,#1140,#63,.T.);
#1012=EDGE_CURVE('',#1176,#1139,#64,.T.);
#1013=EDGE_CURVE('',#1177,#1138,#65,.T.);
#1014=EDGE_CURVE('',#1178,#1137,#66,.T.);
#1015=EDGE_CURVE('',#1179,#1136,#67,.T.);
#1016=EDGE_CURVE('',#1180,#1135,#68,.T.);
#1017=EDGE_CURVE('',#1181,#1134,#69,.T.);
#1018=EDGE_CURVE('',#1182,#1133,#70,.T.);
#1019=EDGE_CURVE('',#1183,#1132,#71,.T.);
#1020=EDGE_CURVE('',#1184,#1131,#72,.T.);
#1021=EDGE_CURVE('',#1185,#1130,#73,.T.);
#1022=EDGE_CURVE('',#1186,#1129,#74,.T.);
#1023=EDGE_CURVE('',#1187,#1128,#75,.T.);
#1024=EDGE_CURVE('',#1188,#1127,#76,.T.);
#1025=EDGE_CURVE('',#1189,#1126,#77,.T.);
#1026=EDGE_CURVE('',#1190,#1084,#78,.T.);
#1027=EDGE_CURVE('',#1190,#1191,#79,.T.);
#1028=EDGE_CURVE('',#1191,#1085,#80,.T.);
#1029=EDGE_CURVE('',#1191,#1059,#81,.T.);
#1030=EDGE_CURVE('',#1190,#1052,#82,.T.);
#1031=EDGE_CURVE('',#1192,#1088,#83,.T.);
#1032=EDGE_CURVE('',#1192,#1193,#84,.T.);
#1033=EDGE_CURVE('',#1193,#1089,#85,.T.);
#1034=EDGE_CURVE('',#1193,#1047,#86,.T.);
#1035=EDGE_CURVE('',#1192,#1064,#87,.T.);
#1036=EDGE_CURVE('',#1194,#1086,#88,.T.);
#1037=EDGE_CURVE('',#1194,#1195,#89,.T.);
#1038=EDGE_CURVE('',#1195,#1087,#90,.T.);
#1039=EDGE_CURVE('',#1195,#1067,#91,.T.);
#1040=EDGE_CURVE('',#1194,#1068,#92,.T.);
#1041=EDGE_CURVE('',#1196,#1056,#93,.T.);
#1042=EDGE_CURVE('',#1196,#1090,#94,.T.);
#1043=EDGE_CURVE('',#1197,#1083,#95,.T.);
#1044=EDGE_CURVE('',#1197,#1055,#96,.T.);
#1045=EDGE_CURVE('',#1196,#1197,#97,.T.);
#1046=VERTEX_POINT('',#2204);
#1047=VERTEX_POINT('',#2205);
#1048=VERTEX_POINT('',#2207);
#1049=VERTEX_POINT('',#2218);
#1050=VERTEX_POINT('',#2220);
#1051=VERTEX_POINT('',#2232);
#1052=VERTEX_POINT('',#2234);
#1053=VERTEX_POINT('',#2239);
#1054=VERTEX_POINT('',#2241);
#1055=VERTEX_POINT('',#2246);
#1056=VERTEX_POINT('',#2248);
#1057=VERTEX_POINT('',#2253);
#1058=VERTEX_POINT('',#2260);
#1059=VERTEX_POINT('',#2261);
#1060=VERTEX_POINT('',#2263);
#1061=VERTEX_POINT('',#2274);
#1062=VERTEX_POINT('',#2276);
#1063=VERTEX_POINT('',#2288);
#1064=VERTEX_POINT('',#2290);
#1065=VERTEX_POINT('',#2295);
#1066=VERTEX_POINT('',#2297);
#1067=VERTEX_POINT('',#2302);
#1068=VERTEX_POINT('',#2304);
#1069=VERTEX_POINT('',#2309);
#1070=VERTEX_POINT('',#2313);
#1071=VERTEX_POINT('',#2315);
#1072=VERTEX_POINT('',#2316);
#1073=VERTEX_POINT('',#2318);
#1074=VERTEX_POINT('',#2320);
#1075=VERTEX_POINT('',#2322);
#1076=VERTEX_POINT('',#2324);
#1077=VERTEX_POINT('',#2326);
#1078=VERTEX_POINT('',#2328);
#1079=VERTEX_POINT('',#2332);
#1080=VERTEX_POINT('',#2334);
#1081=VERTEX_POINT('',#2338);
#1082=VERTEX_POINT('',#2339);
#1083=VERTEX_POINT('',#2344);
#1084=VERTEX_POINT('',#2346);
#1085=VERTEX_POINT('',#2348);
#1086=VERTEX_POINT('',#2351);
#1087=VERTEX_POINT('',#2353);
#1088=VERTEX_POINT('',#2356);
#1089=VERTEX_POINT('',#2358);
#1090=VERTEX_POINT('',#2361);
#1091=VERTEX_POINT('',#2364);
#1092=VERTEX_POINT('',#2373);
#1093=VERTEX_POINT('',#2374);
#1094=VERTEX_POINT('',#2397);
#1095=VERTEX_POINT('',#2405);
#1096=VERTEX_POINT('',#2419);
#1097=VERTEX_POINT('',#2427);
#1098=VERTEX_POINT('',#2429);
#1099=VERTEX_POINT('',#2437);
#1100=VERTEX_POINT('',#2451);
#1101=VERTEX_POINT('',#2456);
#1102=VERTEX_POINT('',#2459);
#1103=VERTEX_POINT('',#2461);
#1104=VERTEX_POINT('',#2464);
#1105=VERTEX_POINT('',#2468);
#1106=VERTEX_POINT('',#2470);
#1107=VERTEX_POINT('',#2472);
#1108=VERTEX_POINT('',#2475);
#1109=VERTEX_POINT('',#2477);
#1110=VERTEX_POINT('',#2538);
#1111=VERTEX_POINT('',#2647);
#1112=VERTEX_POINT('',#2726);
#1113=VERTEX_POINT('',#2728);
#1114=VERTEX_POINT('',#2983);
#1115=VERTEX_POINT('',#3092);
#1116=VERTEX_POINT('',#3171);
#1117=VERTEX_POINT('',#3173);
#1118=VERTEX_POINT('',#3382);
#1119=VERTEX_POINT('',#3383);
#1120=VERTEX_POINT('',#3385);
#1121=VERTEX_POINT('',#3387);
#1122=VERTEX_POINT('',#3391);
#1123=VERTEX_POINT('',#3392);
#1124=VERTEX_POINT('',#3397);
#1125=VERTEX_POINT('',#3399);
#1126=VERTEX_POINT('',#3403);
#1127=VERTEX_POINT('',#3405);
#1128=VERTEX_POINT('',#3407);
#1129=VERTEX_POINT('',#3409);
#1130=VERTEX_POINT('',#3411);
#1131=VERTEX_POINT('',#3413);
#1132=VERTEX_POINT('',#3415);
#1133=VERTEX_POINT('',#3417);
#1134=VERTEX_POINT('',#3419);
#1135=VERTEX_POINT('',#3421);
#1136=VERTEX_POINT('',#3423);
#1137=VERTEX_POINT('',#3425);
#1138=VERTEX_POINT('',#3427);
#1139=VERTEX_POINT('',#3429);
#1140=VERTEX_POINT('',#3431);
#1141=VERTEX_POINT('',#3433);
#1142=VERTEX_POINT('',#3435);
#1143=VERTEX_POINT('',#3437);
#1144=VERTEX_POINT('',#3439);
#1145=VERTEX_POINT('',#3441);
#1146=VERTEX_POINT('',#3443);
#1147=VERTEX_POINT('',#3445);
#1148=VERTEX_POINT('',#3447);
#1149=VERTEX_POINT('',#3449);
#1150=VERTEX_POINT('',#3451);
#1151=VERTEX_POINT('',#3453);
#1152=VERTEX_POINT('',#3455);
#1153=VERTEX_POINT('',#3457);
#1154=VERTEX_POINT('',#3459);
#1155=VERTEX_POINT('',#3461);
#1156=VERTEX_POINT('',#3463);
#1157=VERTEX_POINT('',#3465);
#1158=VERTEX_POINT('',#3469);
#1159=VERTEX_POINT('',#3471);
#1160=VERTEX_POINT('',#3473);
#1161=VERTEX_POINT('',#3475);
#1162=VERTEX_POINT('',#3477);
#1163=VERTEX_POINT('',#3479);
#1164=VERTEX_POINT('',#3481);
#1165=VERTEX_POINT('',#3483);
#1166=VERTEX_POINT('',#3485);
#1167=VERTEX_POINT('',#3487);
#1168=VERTEX_POINT('',#3489);
#1169=VERTEX_POINT('',#3491);
#1170=VERTEX_POINT('',#3493);
#1171=VERTEX_POINT('',#3495);
#1172=VERTEX_POINT('',#3497);
#1173=VERTEX_POINT('',#3499);
#1174=VERTEX_POINT('',#3501);
#1175=VERTEX_POINT('',#3503);
#1176=VERTEX_POINT('',#3505);
#1177=VERTEX_POINT('',#3507);
#1178=VERTEX_POINT('',#3509);
#1179=VERTEX_POINT('',#3511);
#1180=VERTEX_POINT('',#3513);
#1181=VERTEX_POINT('',#3515);
#1182=VERTEX_POINT('',#3517);
#1183=VERTEX_POINT('',#3519);
#1184=VERTEX_POINT('',#3521);
#1185=VERTEX_POINT('',#3523);
#1186=VERTEX_POINT('',#3525);
#1187=VERTEX_POINT('',#3527);
#1188=VERTEX_POINT('',#3529);
#1189=VERTEX_POINT('',#3531);
#1190=VERTEX_POINT('',#3600);
#1191=VERTEX_POINT('',#3602);
#1192=VERTEX_POINT('',#3611);
#1193=VERTEX_POINT('',#3613);
#1194=VERTEX_POINT('',#3622);
#1195=VERTEX_POINT('',#3624);
#1196=VERTEX_POINT('',#3633);
#1197=VERTEX_POINT('',#3637);
#1198=B_SPLINE_CURVE_WITH_KNOTS('',3,(#2200,#2201,#2202,#2203),
 .UNSPECIFIED.,.F.,.F.,(4,4),(0.00144113608654867,0.00184316812684209),
 .UNSPECIFIED.);
#1199=B_SPLINE_CURVE_WITH_KNOTS('',3,(#2208,#2209,#2210,#2211,#2212,#2213,
#2214,#2215,#2216,#2217),.UNSPECIFIED.,.F.,.F.,(4,1,1,1,1,1,1,4),(3.46944695195361E-18,
0.00173736394772541,0.00260604592158811,0.00347472789545081,0.00434340986931351,
0.00521209184317622,0.00608077381703892,0.00694945579090162),
 .UNSPECIFIED.);
#1200=B_SPLINE_CURVE_WITH_KNOTS('',3,(#2221,#2222,#2223,#2224,#2225,#2226,
#2227,#2228,#2229,#2230,#2231),.UNSPECIFIED.,.F.,.F.,(4,1,1,1,1,1,1,1,4),
(8.23947999206564E-17,0.000909040738783666,0.00181808147756725,0.00272712221635083,
0.00363616295513442,0.004545203693918,0.00545424443270159,0.00636328517148517,
0.00727232591026875),.UNSPECIFIED.);
#1201=B_SPLINE_CURVE_WITH_KNOTS('',3,(#2235,#2236,#2237,#2238),
 .UNSPECIFIED.,.F.,.F.,(4,4),(0.0014243355968791,0.00182636763717374),
 .UNSPECIFIED.);
#1202=B_SPLINE_CURVE_WITH_KNOTS('',3,(#2242,#2243,#2244,#2245),
 .UNSPECIFIED.,.F.,.F.,(4,4),(0.00137382828922634,0.00177586032952444),
 .UNSPECIFIED.);
#1203=B_SPLINE_CURVE_WITH_KNOTS('',3,(#2249,#2250,#2251,#2252),
 .UNSPECIFIED.,.F.,.F.,(4,4),(0.00137382828922634,0.00177586032952444),
 .UNSPECIFIED.);
#1204=B_SPLINE_CURVE_WITH_KNOTS('',3,(#2256,#2257,#2258,#2259),
 .UNSPECIFIED.,.F.,.F.,(4,4),(0.0014411360865514,0.00184316812684476),
 .UNSPECIFIED.);
#1205=B_SPLINE_CURVE_WITH_KNOTS('',3,(#2264,#2265,#2266,#2267,#2268,#2269,
#2270,#2271,#2272,#2273),.UNSPECIFIED.,.F.,.F.,(4,1,1,1,1,1,1,4),(1.4304896245382E-17,
0.00173736394772536,0.00260604592158804,0.00347472789545071,0.00434340986931339,
0.00521209184317606,0.00608077381703874,0.00694945579090141),
 .UNSPECIFIED.);
#1206=B_SPLINE_CURVE_WITH_KNOTS('',3,(#2277,#2278,#2279,#2280,#2281,#2282,
#2283,#2284,#2285,#2286,#2287),.UNSPECIFIED.,.F.,.F.,(4,1,1,1,1,1,1,1,4),
(8.88611994741668E-17,0.000909040738783954,0.00181808147756782,0.00272712221635168,
0.00363616295513555,0.00454520369391941,0.00545424443270328,0.00636328517148714,
0.00727232591027101),.UNSPECIFIED.);
#1207=B_SPLINE_CURVE_WITH_KNOTS('',3,(#2291,#2292,#2293,#2294),
 .UNSPECIFIED.,.F.,.F.,(4,4),(0.00142433559688004,0.00182636763717468),
 .UNSPECIFIED.);
#1208=B_SPLINE_CURVE_WITH_KNOTS('',3,(#2298,#2299,#2300,#2301),
 .UNSPECIFIED.,.F.,.F.,(4,4),(0.00137382828922634,0.00177586032952444),
 .UNSPECIFIED.);
#1209=B_SPLINE_CURVE_WITH_KNOTS('',3,(#2305,#2306,#2307,#2308),
 .UNSPECIFIED.,.F.,.F.,(4,4),(0.00137382828922634,0.00177586032952444),
 .UNSPECIFIED.);
#1210=B_SPLINE_CURVE_WITH_KNOTS('',3,(#2366,#2367,#2368,#2369,#2370,#2371,
#2372),.UNSPECIFIED.,.F.,.F.,(4,1,1,1,4),(0.,0.000412708088166639,0.000825416176333279,
0.00123812426449992,0.00165083235266656),.UNSPECIFIED.);
#1211=B_SPLINE_CURVE_WITH_KNOTS('',3,(#2375,#2376,#2377,#2378,#2379,#2380,
#2381,#2382,#2383,#2384,#2385),.UNSPECIFIED.,.F.,.F.,(4,1,1,1,1,1,1,1,4),
(0.,0.000780845229608177,0.00156169045921635,0.00234253568882453,0.00312338091843271,
0.00390422614804088,0.00468507137764906,0.00546591660725724,0.00624676183686541),
 .UNSPECIFIED.);
#1212=B_SPLINE_CURVE_WITH_KNOTS('',3,(#2386,#2387,#2388,#2389,#2390,#2391,
#2392,#2393,#2394,#2395,#2396),.UNSPECIFIED.,.F.,.F.,(4,1,1,1,1,1,1,1,4),
(0.,0.000879168037580757,0.00175833607516151,0.00263750411274227,0.00351667215032303,
0.00439584018790378,0.00527500822548454,0.0061541762630653,0.00703334430064605),
 .UNSPECIFIED.);
#1213=B_SPLINE_CURVE_WITH_KNOTS('',3,(#2398,#2399,#2400,#2401,#2402,#2403,
#2404),.UNSPECIFIED.,.F.,.F.,(4,1,1,1,4),(0.,0.000412841231523882,0.000825682463047765,
0.00123852369457165,0.00165136492609553),.UNSPECIFIED.);
#1214=B_SPLINE_CURVE_WITH_KNOTS('',3,(#2408,#2409,#2410,#2411,#2412,#2413,
#2414,#2415,#2416,#2417,#2418),.UNSPECIFIED.,.F.,.F.,(4,1,1,1,1,1,1,1,4),
(0.,0.000879168037580968,0.00175833607516194,0.0026375041127429,0.00351667215032387,
0.00439584018790484,0.00527500822548581,0.00615417626306678,0.00703334430064774),
 .UNSPECIFIED.);
#1215=B_SPLINE_CURVE_WITH_KNOTS('',3,(#2420,#2421,#2422,#2423,#2424,#2425,
#2426),.UNSPECIFIED.,.F.,.F.,(4,1,1,1,4),(0.,0.000412841231523848,0.000825682463047695,
0.00123852369457154,0.00165136492609539),.UNSPECIFIED.);
#1216=B_SPLINE_CURVE_WITH_KNOTS('',3,(#2430,#2431,#2432,#2433,#2434,#2435,
#2436),.UNSPECIFIED.,.F.,.F.,(4,1,1,1,4),(0.,0.000412708088166732,0.000825416176333464,
0.0012381242645002,0.00165083235266693),.UNSPECIFIED.);
#1217=B_SPLINE_CURVE_WITH_KNOTS('',3,(#2438,#2439,#2440,#2441,#2442,#2443,
#2444,#2445,#2446,#2447,#2448),.UNSPECIFIED.,.F.,.F.,(4,1,1,1,1,1,1,1,4),
(0.,0.000780845229608231,0.00156169045921646,0.00234253568882469,0.00312338091843292,
0.00390422614804115,0.00468507137764939,0.00546591660725762,0.00624676183686585),
 .UNSPECIFIED.);
#1218=B_SPLINE_CURVE_WITH_KNOTS('',3,(#2528,#2529,#2530,#2531,#2532,#2533,
#2534,#2535,#2536,#2537),.UNSPECIFIED.,.F.,.F.,(4,1,1,1,1,1,1,4),(0.,0.137121694372025,
0.28290227470307,0.440440325927692,0.495346359615663,0.606807841988653,
0.802768727399112,1.),.UNSPECIFIED.);
#1219=B_SPLINE_CURVE_WITH_KNOTS('',3,(#2539,#2540,#2541,#2542),
 .UNSPECIFIED.,.F.,.F.,(4,4),(0.,0.00070074374095824),.UNSPECIFIED.);
#1220=B_SPLINE_CURVE_WITH_KNOTS('',3,(#2585,#2586,#2587,#2588,#2589,#2590,
#2591,#2592,#2593,#2594),.UNSPECIFIED.,.F.,.F.,(4,1,1,1,1,1,1,4),(0.,0.137121694372025,
0.28290227470307,0.440440325927692,0.495346359615663,0.606807841988653,
0.802768727399112,1.),.UNSPECIFIED.);
#1221=B_SPLINE_CURVE_WITH_KNOTS('',3,(#2643,#2644,#2645,#2646),
 .UNSPECIFIED.,.F.,.F.,(4,4),(0.,0.000681201501238441),.UNSPECIFIED.);
#1222=B_SPLINE_CURVE_WITH_KNOTS('',3,(#2648,#2649,#2650,#2651,#2652,#2653,
#2654,#2655,#2656,#2657),.UNSPECIFIED.,.F.,.F.,(4,1,1,1,1,1,1,4),(0.,0.137121694372025,
0.28290227470307,0.440440325927692,0.495346359615663,0.606807841988653,
0.802768727399112,1.),.UNSPECIFIED.);
#1223=B_SPLINE_CURVE_WITH_KNOTS('',3,(#2714,#2715,#2716,#2717,#2718,#2719,
#2720,#2721,#2722,#2723),.UNSPECIFIED.,.F.,.F.,(4,1,1,1,1,1,1,4),(0.,0.137121694372025,
0.28290227470307,0.440440325927692,0.495346359615663,0.606807841988653,
0.802768727399112,1.),.UNSPECIFIED.);
#1224=B_SPLINE_CURVE_WITH_KNOTS('',3,(#2910,#2911,#2912,#2913,#2914,#2915,
#2916,#2917,#2918,#2919,#2920,#2921,#2922,#2923,#2924),.UNSPECIFIED.,.F.,
 .F.,(4,1,1,1,1,1,1,1,1,1,1,1,4),(9.62238462038551E-15,0.000490650301320522,
0.000735975451975972,0.000981300602631422,0.00122662575328687,0.00147195090394232,
0.00196260120525322,0.00245325150656412,0.00269857665721957,0.00294390180787502,
0.00318922695853047,0.00343455210918592,0.00392520241049682),
 .UNSPECIFIED.);
#1225=B_SPLINE_CURVE_WITH_KNOTS('',3,(#2973,#2974,#2975,#2976,#2977,#2978,
#2979,#2980,#2981,#2982),.UNSPECIFIED.,.F.,.F.,(4,1,1,1,1,1,1,4),(0.,0.137121694372025,
0.28290227470307,0.440440325927692,0.495346359615663,0.606807841988653,
0.802768727399112,1.),.UNSPECIFIED.);
#1226=B_SPLINE_CURVE_WITH_KNOTS('',3,(#2984,#2985,#2986,#2987),
 .UNSPECIFIED.,.F.,.F.,(4,4),(0.,0.000700743740958675),.UNSPECIFIED.);
#1227=B_SPLINE_CURVE_WITH_KNOTS('',3,(#3030,#3031,#3032,#3033,#3034,#3035,
#3036,#3037,#3038,#3039),.UNSPECIFIED.,.F.,.F.,(4,1,1,1,1,1,1,4),(0.,0.137121694372025,
0.28290227470307,0.440440325927692,0.495346359615663,0.606807841988653,
0.802768727399112,1.),.UNSPECIFIED.);
#1228=B_SPLINE_CURVE_WITH_KNOTS('',3,(#3088,#3089,#3090,#3091),
 .UNSPECIFIED.,.F.,.F.,(4,4),(0.,0.000681201501238081),.UNSPECIFIED.);
#1229=B_SPLINE_CURVE_WITH_KNOTS('',3,(#3093,#3094,#3095,#3096,#3097,#3098,
#3099,#3100,#3101,#3102),.UNSPECIFIED.,.F.,.F.,(4,1,1,1,1,1,1,4),(0.,0.137121694372025,
0.28290227470307,0.440440325927692,0.495346359615663,0.606807841988653,
0.802768727399112,1.),.UNSPECIFIED.);
#1230=B_SPLINE_CURVE_WITH_KNOTS('',3,(#3159,#3160,#3161,#3162,#3163,#3164,
#3165,#3166,#3167,#3168),.UNSPECIFIED.,.F.,.F.,(4,1,1,1,1,1,1,4),(0.,0.137121694372025,
0.28290227470307,0.440440325927692,0.495346359615663,0.606807841988653,
0.802768727399112,1.),.UNSPECIFIED.);
#1231=B_SPLINE_CURVE_WITH_KNOTS('',3,(#3355,#3356,#3357,#3358,#3359,#3360,
#3361,#3362,#3363,#3364,#3365,#3366,#3367,#3368,#3369),.UNSPECIFIED.,.F.,
 .F.,(4,1,1,1,1,1,1,1,1,1,1,1,4),(9.61893952997721E-15,0.000490650301320265,
0.000735975451975589,0.000981300602630912,0.00122662575328623,0.00147195090394156,
0.0019626012052522,0.00245325150656285,0.00269857665721817,0.0029439018078735,
0.00318922695852882,0.00343455210918414,0.00392520241049479),
 .UNSPECIFIED.);
#1232=EDGE_LOOP('',(#362,#363,#364,#365,#366,#367,#368,#369,#370,#371,#372,
#373));
#1233=EDGE_LOOP('',(#374,#375,#376,#377,#378,#379,#380,#381,#382,#383,#384,
#385));
#1234=EDGE_LOOP('',(#386));
#1235=EDGE_LOOP('',(#387,#388,#389,#390,#391,#392,#393,#394));
#1236=EDGE_LOOP('',(#395,#396,#397,#398));
#1237=EDGE_LOOP('',(#399,#400,#401,#402));
#1238=EDGE_LOOP('',(#403,#404,#405,#406,#407,#408,#409,#410,#411,#412,#413,
#414,#415,#416,#417,#418));
#1239=EDGE_LOOP('',(#419));
#1240=EDGE_LOOP('',(#420,#421,#422,#423,#424,#425));
#1241=EDGE_LOOP('',(#426,#427,#428,#429,#430,#431));
#1242=EDGE_LOOP('',(#432));
#1243=EDGE_LOOP('',(#433,#434,#435,#436));
#1244=EDGE_LOOP('',(#437));
#1245=EDGE_LOOP('',(#438));
#1246=EDGE_LOOP('',(#439));
#1247=EDGE_LOOP('',(#440));
#1248=EDGE_LOOP('',(#441));
#1249=EDGE_LOOP('',(#442));
#1250=EDGE_LOOP('',(#443));
#1251=EDGE_LOOP('',(#444));
#1252=EDGE_LOOP('',(#445));
#1253=EDGE_LOOP('',(#446,#447,#448,#449,#450,#451,#452,#453));
#1254=EDGE_LOOP('',(#454));
#1255=EDGE_LOOP('',(#455));
#1256=EDGE_LOOP('',(#456,#457,#458));
#1257=EDGE_LOOP('',(#459,#460));
#1258=EDGE_LOOP('',(#461,#462,#463));
#1259=EDGE_LOOP('',(#464,#465));
#1260=EDGE_LOOP('',(#466,#467,#468,#469));
#1261=EDGE_LOOP('',(#470,#471,#472,#473,#474,#475,#476,#477,#478,#479));
#1262=EDGE_LOOP('',(#480,#481,#482));
#1263=EDGE_LOOP('',(#483,#484));
#1264=EDGE_LOOP('',(#485,#486,#487));
#1265=EDGE_LOOP('',(#488,#489));
#1266=EDGE_LOOP('',(#490,#491,#492,#493));
#1267=EDGE_LOOP('',(#494,#495,#496,#497,#498,#499,#500,#501,#502,#503));
#1268=EDGE_LOOP('',(#504,#505,#506,#507));
#1269=EDGE_LOOP('',(#508,#509,#510,#511));
#1270=EDGE_LOOP('',(#512,#513,#514,#515));
#1271=EDGE_LOOP('',(#516,#517,#518,#519));
#1272=EDGE_LOOP('',(#520,#521,#522,#523));
#1273=EDGE_LOOP('',(#524,#525,#526,#527));
#1274=EDGE_LOOP('',(#528,#529,#530,#531));
#1275=EDGE_LOOP('',(#532,#533,#534,#535));
#1276=EDGE_LOOP('',(#536,#537,#538,#539));
#1277=EDGE_LOOP('',(#540));
#1278=EDGE_LOOP('',(#541,#542,#543,#544,#545,#546,#547,#548,#549,#550,#551,
#552,#553,#554,#555,#556,#557,#558,#559,#560,#561,#562,#563,#564,#565,#566,
#567,#568,#569,#570,#571,#572,#573,#574,#575,#576));
#1279=EDGE_LOOP('',(#577));
#1280=EDGE_LOOP('',(#578,#579,#580,#581,#582,#583,#584,#585,#586,#587,#588,
#589,#590,#591,#592,#593,#594,#595,#596,#597,#598,#599,#600,#601,#602,#603,
#604,#605,#606,#607,#608,#609,#610,#611,#612,#613));
#1281=EDGE_LOOP('',(#614,#615,#616,#617));
#1282=EDGE_LOOP('',(#618,#619,#620,#621));
#1283=EDGE_LOOP('',(#622,#623,#624,#625));
#1284=EDGE_LOOP('',(#626,#627,#628,#629));
#1285=EDGE_LOOP('',(#630,#631,#632,#633));
#1286=EDGE_LOOP('',(#634,#635,#636,#637));
#1287=EDGE_LOOP('',(#638,#639,#640,#641));
#1288=EDGE_LOOP('',(#642,#643,#644,#645));
#1289=EDGE_LOOP('',(#646,#647,#648,#649));
#1290=EDGE_LOOP('',(#650,#651,#652,#653));
#1291=EDGE_LOOP('',(#654,#655,#656,#657));
#1292=EDGE_LOOP('',(#658,#659,#660,#661));
#1293=EDGE_LOOP('',(#662,#663,#664,#665));
#1294=EDGE_LOOP('',(#666,#667,#668,#669));
#1295=EDGE_LOOP('',(#670,#671,#672,#673));
#1296=EDGE_LOOP('',(#674,#675,#676,#677));
#1297=EDGE_LOOP('',(#678,#679,#680,#681));
#1298=EDGE_LOOP('',(#682,#683,#684,#685));
#1299=EDGE_LOOP('',(#686,#687,#688,#689));
#1300=EDGE_LOOP('',(#690,#691,#692,#693));
#1301=EDGE_LOOP('',(#694,#695,#696,#697));
#1302=EDGE_LOOP('',(#698,#699,#700,#701));
#1303=EDGE_LOOP('',(#702,#703,#704,#705));
#1304=EDGE_LOOP('',(#706,#707,#708,#709));
#1305=EDGE_LOOP('',(#710,#711,#712,#713));
#1306=EDGE_LOOP('',(#714,#715,#716,#717));
#1307=EDGE_LOOP('',(#718,#719,#720,#721));
#1308=EDGE_LOOP('',(#722,#723,#724,#725));
#1309=EDGE_LOOP('',(#726,#727,#728,#729));
#1310=EDGE_LOOP('',(#730,#731,#732,#733));
#1311=EDGE_LOOP('',(#734,#735,#736,#737));
#1312=EDGE_LOOP('',(#738,#739,#740,#741));
#1313=EDGE_LOOP('',(#742,#743,#744,#745));
#1314=EDGE_LOOP('',(#746,#747,#748,#749));
#1315=EDGE_LOOP('',(#750,#751,#752,#753,#754,#755,#756,#757));
#1316=EDGE_LOOP('',(#758,#759,#760,#761));
#1317=EDGE_LOOP('',(#762,#763,#764,#765));
#1318=EDGE_LOOP('',(#766,#767,#768,#769));
#1319=EDGE_LOOP('',(#770,#771,#772,#773,#774,#775,#776,#777));
#1320=EDGE_LOOP('',(#778,#779,#780,#781));
#1321=EDGE_LOOP('',(#782,#783,#784,#785));
#1322=EDGE_LOOP('',(#786,#787,#788,#789));
#1323=EDGE_LOOP('',(#790,#791,#792,#793));
#1324=EDGE_LOOP('',(#794,#795,#796,#797));
#1325=EDGE_LOOP('',(#798,#799,#800,#801));
#1326=EDGE_LOOP('',(#802,#803,#804,#805));
#1327=EDGE_LOOP('',(#806,#807,#808,#809));
#1328=EDGE_LOOP('',(#810,#811,#812,#813));
#1329=EDGE_LOOP('',(#814,#815,#816,#817));
#1330=FACE_BOUND('',#1232,.T.);
#1331=FACE_BOUND('',#1233,.T.);
#1332=FACE_BOUND('',#1234,.T.);
#1333=FACE_BOUND('',#1235,.T.);
#1334=FACE_BOUND('',#1236,.T.);
#1335=FACE_BOUND('',#1237,.T.);
#1336=FACE_BOUND('',#1238,.T.);
#1337=FACE_BOUND('',#1239,.T.);
#1338=FACE_BOUND('',#1240,.T.);
#1339=FACE_BOUND('',#1241,.T.);
#1340=FACE_BOUND('',#1242,.T.);
#1341=FACE_BOUND('',#1243,.T.);
#1342=FACE_BOUND('',#1244,.T.);
#1343=FACE_BOUND('',#1245,.T.);
#1344=FACE_BOUND('',#1246,.T.);
#1345=FACE_BOUND('',#1247,.T.);
#1346=FACE_BOUND('',#1248,.T.);
#1347=FACE_BOUND('',#1249,.T.);
#1348=FACE_BOUND('',#1250,.T.);
#1349=FACE_BOUND('',#1251,.T.);
#1350=FACE_BOUND('',#1252,.T.);
#1351=FACE_BOUND('',#1253,.T.);
#1352=FACE_BOUND('',#1254,.T.);
#1353=FACE_BOUND('',#1255,.T.);
#1354=FACE_BOUND('',#1256,.T.);
#1355=FACE_BOUND('',#1257,.T.);
#1356=FACE_BOUND('',#1258,.T.);
#1357=FACE_BOUND('',#1259,.T.);
#1358=FACE_BOUND('',#1260,.T.);
#1359=FACE_BOUND('',#1261,.T.);
#1360=FACE_BOUND('',#1262,.T.);
#1361=FACE_BOUND('',#1263,.T.);
#1362=FACE_BOUND('',#1264,.T.);
#1363=FACE_BOUND('',#1265,.T.);
#1364=FACE_BOUND('',#1266,.T.);
#1365=FACE_BOUND('',#1267,.T.);
#1366=FACE_BOUND('',#1268,.T.);
#1367=FACE_BOUND('',#1269,.T.);
#1368=FACE_BOUND('',#1270,.T.);
#1369=FACE_BOUND('',#1271,.T.);
#1370=FACE_BOUND('',#1272,.T.);
#1371=FACE_BOUND('',#1273,.T.);
#1372=FACE_BOUND('',#1274,.T.);
#1373=FACE_BOUND('',#1275,.T.);
#1374=FACE_BOUND('',#1276,.T.);
#1375=FACE_BOUND('',#1277,.T.);
#1376=FACE_BOUND('',#1278,.T.);
#1377=FACE_BOUND('',#1279,.T.);
#1378=FACE_BOUND('',#1280,.T.);
#1379=FACE_BOUND('',#1281,.T.);
#1380=FACE_BOUND('',#1282,.T.);
#1381=FACE_BOUND('',#1283,.T.);
#1382=FACE_BOUND('',#1284,.T.);
#1383=FACE_BOUND('',#1285,.T.);
#1384=FACE_BOUND('',#1286,.T.);
#1385=FACE_BOUND('',#1287,.T.);
#1386=FACE_BOUND('',#1288,.T.);
#1387=FACE_BOUND('',#1289,.T.);
#1388=FACE_BOUND('',#1290,.T.);
#1389=FACE_BOUND('',#1291,.T.);
#1390=FACE_BOUND('',#1292,.T.);
#1391=FACE_BOUND('',#1293,.T.);
#1392=FACE_BOUND('',#1294,.T.);
#1393=FACE_BOUND('',#1295,.T.);
#1394=FACE_BOUND('',#1296,.T.);
#1395=FACE_BOUND('',#1297,.T.);
#1396=FACE_BOUND('',#1298,.T.);
#1397=FACE_BOUND('',#1299,.T.);
#1398=FACE_BOUND('',#1300,.T.);
#1399=FACE_BOUND('',#1301,.T.);
#1400=FACE_BOUND('',#1302,.T.);
#1401=FACE_BOUND('',#1303,.T.);
#1402=FACE_BOUND('',#1304,.T.);
#1403=FACE_BOUND('',#1305,.T.);
#1404=FACE_BOUND('',#1306,.T.);
#1405=FACE_BOUND('',#1307,.T.);
#1406=FACE_BOUND('',#1308,.T.);
#1407=FACE_BOUND('',#1309,.T.);
#1408=FACE_BOUND('',#1310,.T.);
#1409=FACE_BOUND('',#1311,.T.);
#1410=FACE_BOUND('',#1312,.T.);
#1411=FACE_BOUND('',#1313,.T.);
#1412=FACE_BOUND('',#1314,.T.);
#1413=FACE_BOUND('',#1315,.T.);
#1414=FACE_BOUND('',#1316,.T.);
#1415=FACE_BOUND('',#1317,.T.);
#1416=FACE_BOUND('',#1318,.T.);
#1417=FACE_BOUND('',#1319,.T.);
#1418=FACE_BOUND('',#1320,.T.);
#1419=FACE_BOUND('',#1321,.T.);
#1420=FACE_BOUND('',#1322,.T.);
#1421=FACE_BOUND('',#1323,.T.);
#1422=FACE_BOUND('',#1324,.T.);
#1423=FACE_BOUND('',#1325,.T.);
#1424=FACE_BOUND('',#1326,.T.);
#1425=FACE_BOUND('',#1327,.T.);
#1426=FACE_BOUND('',#1328,.T.);
#1427=FACE_BOUND('',#1329,.T.);
#1428=CONICAL_SURFACE('',#1535,0.006,0.0872664625997147);
#1429=CONICAL_SURFACE('',#1542,0.006,0.0872664625997147);
#1430=CONICAL_SURFACE('',#1565,0.00650290250799912,0.785398163397449);
#1431=CONICAL_SURFACE('',#1567,0.00650290250799912,0.785398163397449);
#1432=CONICAL_SURFACE('',#1573,0.008,1.0471975511966);
#1433=CONICAL_SURFACE('',#1575,0.01,0.785398163397448);
#1434=CONICAL_SURFACE('',#1580,0.00743923048454132,0.523598775598299);
#1435=ADVANCED_FACE('',(#1330),#1428,.T.);
#1436=ADVANCED_FACE('',(#1331),#1429,.T.);
#1437=ADVANCED_FACE('',(#1332,#1333),#220,.F.);
#1438=ADVANCED_FACE('',(#1334),#174,.F.);
#1439=ADVANCED_FACE('',(#1335),#175,.F.);
#1440=ADVANCED_FACE('',(#1336,#1337),#221,.F.);
#1441=ADVANCED_FACE('',(#1338),#1430,.T.);
#1442=ADVANCED_FACE('',(#1339),#1431,.T.);
#1443=ADVANCED_FACE('',(#1340,#1341),#176,.T.);
#1444=ADVANCED_FACE('',(#1342,#1343),#1432,.T.);
#1445=ADVANCED_FACE('',(#1344,#1345),#1433,.T.);
#1446=ADVANCED_FACE('',(#1346,#1347),#222,.F.);
#1447=ADVANCED_FACE('',(#1348,#1349),#1434,.F.);
#1448=ADVANCED_FACE('',(#1350,#1351),#223,.F.);
#1449=ADVANCED_FACE('',(#1352,#1353),#177,.F.);
#1450=ADVANCED_FACE('',(#1354),#12,.F.);
#1451=ADVANCED_FACE('',(#1355),#13,.F.);
#1452=ADVANCED_FACE('',(#1356),#14,.F.);
#1453=ADVANCED_FACE('',(#1357),#15,.F.);
#1454=ADVANCED_FACE('',(#1358),#224,.T.);
#1455=ADVANCED_FACE('',(#1359),#16,.F.);
#1456=ADVANCED_FACE('',(#1360),#17,.F.);
#1457=ADVANCED_FACE('',(#1361),#18,.F.);
#1458=ADVANCED_FACE('',(#1362),#19,.F.);
#1459=ADVANCED_FACE('',(#1363),#20,.F.);
#1460=ADVANCED_FACE('',(#1364),#225,.T.);
#1461=ADVANCED_FACE('',(#1365),#21,.F.);
#1462=ADVANCED_FACE('',(#1366),#178,.F.);
#1463=ADVANCED_FACE('',(#1367),#179,.T.);
#1464=ADVANCED_FACE('',(#1368),#180,.T.);
#1465=ADVANCED_FACE('',(#1369),#181,.F.);
#1466=ADVANCED_FACE('',(#1370),#182,.T.);
#1467=ADVANCED_FACE('',(#1371),#183,.T.);
#1468=ADVANCED_FACE('',(#1372),#184,.F.);
#1469=ADVANCED_FACE('',(#1373),#185,.T.);
#1470=ADVANCED_FACE('',(#1374),#186,.F.);
#1471=ADVANCED_FACE('',(#1375,#1376),#226,.T.);
#1472=ADVANCED_FACE('',(#1377,#1378),#227,.F.);
#1473=ADVANCED_FACE('',(#1379),#187,.F.);
#1474=ADVANCED_FACE('',(#1380),#188,.T.);
#1475=ADVANCED_FACE('',(#1381),#189,.F.);
#1476=ADVANCED_FACE('',(#1382),#190,.T.);
#1477=ADVANCED_FACE('',(#1383),#191,.F.);
#1478=ADVANCED_FACE('',(#1384),#192,.T.);
#1479=ADVANCED_FACE('',(#1385),#193,.F.);
#1480=ADVANCED_FACE('',(#1386),#194,.T.);
#1481=ADVANCED_FACE('',(#1387),#195,.F.);
#1482=ADVANCED_FACE('',(#1388),#196,.T.);
#1483=ADVANCED_FACE('',(#1389),#197,.F.);
#1484=ADVANCED_FACE('',(#1390),#198,.T.);
#1485=ADVANCED_FACE('',(#1391),#199,.F.);
#1486=ADVANCED_FACE('',(#1392),#200,.T.);
#1487=ADVANCED_FACE('',(#1393),#201,.F.);
#1488=ADVANCED_FACE('',(#1394),#202,.T.);
#1489=ADVANCED_FACE('',(#1395),#203,.F.);
#1490=ADVANCED_FACE('',(#1396),#204,.T.);
#1491=ADVANCED_FACE('',(#1397),#205,.F.);
#1492=ADVANCED_FACE('',(#1398),#206,.T.);
#1493=ADVANCED_FACE('',(#1399),#207,.F.);
#1494=ADVANCED_FACE('',(#1400),#208,.T.);
#1495=ADVANCED_FACE('',(#1401),#209,.F.);
#1496=ADVANCED_FACE('',(#1402),#210,.T.);
#1497=ADVANCED_FACE('',(#1403),#211,.F.);
#1498=ADVANCED_FACE('',(#1404),#212,.T.);
#1499=ADVANCED_FACE('',(#1405),#213,.F.);
#1500=ADVANCED_FACE('',(#1406),#214,.T.);
#1501=ADVANCED_FACE('',(#1407),#215,.F.);
#1502=ADVANCED_FACE('',(#1408),#216,.T.);
#1503=ADVANCED_FACE('',(#1409),#217,.F.);
#1504=ADVANCED_FACE('',(#1410),#218,.T.);
#1505=ADVANCED_FACE('',(#1411),#219,.T.);
#1506=ADVANCED_FACE('',(#1412),#228,.T.);
#1507=ADVANCED_FACE('',(#1413),#229,.T.);
#1508=ADVANCED_FACE('',(#1414),#230,.T.);
#1509=ADVANCED_FACE('',(#1415),#231,.F.);
#1510=ADVANCED_FACE('',(#1416),#232,.T.);
#1511=ADVANCED_FACE('',(#1417),#233,.T.);
#1512=ADVANCED_FACE('',(#1418),#234,.F.);
#1513=ADVANCED_FACE('',(#1419),#235,.T.);
#1514=ADVANCED_FACE('',(#1420),#236,.T.);
#1515=ADVANCED_FACE('',(#1421),#237,.T.);
#1516=ADVANCED_FACE('',(#1422),#238,.F.);
#1517=ADVANCED_FACE('',(#1423),#239,.T.);
#1518=ADVANCED_FACE('',(#1424),#240,.F.);
#1519=ADVANCED_FACE('',(#1425),#241,.T.);
#1520=ADVANCED_FACE('',(#1426),#242,.T.);
#1521=ADVANCED_FACE('',(#1427),#243,.T.);
#1522=CLOSED_SHELL('',(#1435,#1436,#1437,#1438,#1439,#1440,#1441,#1442,
#1443,#1444,#1445,#1446,#1447,#1448,#1449,#1450,#1451,#1452,#1453,#1454,
#1455,#1456,#1457,#1458,#1459,#1460,#1461,#1462,#1463,#1464,#1465,#1466,
#1467,#1468,#1469,#1470,#1471,#1472,#1473,#1474,#1475,#1476,#1477,#1478,
#1479,#1480,#1481,#1482,#1483,#1484,#1485,#1486,#1487,#1488,#1489,#1490,
#1491,#1492,#1493,#1494,#1495,#1496,#1497,#1498,#1499,#1500,#1501,#1502,
#1503,#1504,#1505,#1506,#1507,#1508,#1509,#1510,#1511,#1512,#1513,#1514,
#1515,#1516,#1517,#1518,#1519,#1520,#1521));
#1523=STYLED_ITEM('',(#1524),#1531);
#1524=PRESENTATION_STYLE_ASSIGNMENT((#1525));
#1525=SURFACE_STYLE_USAGE(.BOTH.,#1526);
#1526=SURFACE_SIDE_STYLE('',(#1527));
#1527=SURFACE_STYLE_FILL_AREA(#1528);
#1528=FILL_AREA_STYLE('',(#1529));
#1529=FILL_AREA_STYLE_COLOUR('',#1530);
#1530=COLOUR_RGB('',0.682352941176471,0.333333333333334,0.737254901960784);
#1531=MANIFOLD_SOLID_BREP('hub-rear',#1522);
#1532=SHAPE_DEFINITION_REPRESENTATION(#3648,#1533);
#1533=SHAPE_REPRESENTATION('hub-rear',(#1534),#3643);
#1534=AXIS2_PLACEMENT_3D('',#2198,#1730,#1731);
#1535=AXIS2_PLACEMENT_3D('',#2199,#1732,#1733);
#1536=AXIS2_PLACEMENT_3D('',#2206,#1734,#1735);
#1537=AXIS2_PLACEMENT_3D('',#2219,#1736,#1737);
#1538=AXIS2_PLACEMENT_3D('',#2233,#1738,#1739);
#1539=AXIS2_PLACEMENT_3D('',#2240,#1740,#1741);
#1540=AXIS2_PLACEMENT_3D('',#2247,#1742,#1743);
#1541=AXIS2_PLACEMENT_3D('',#2254,#1744,#1745);
#1542=AXIS2_PLACEMENT_3D('',#2255,#1746,#1747);
#1543=AXIS2_PLACEMENT_3D('',#2262,#1748,#1749);
#1544=AXIS2_PLACEMENT_3D('',#2275,#1750,#1751);
#1545=AXIS2_PLACEMENT_3D('',#2289,#1752,#1753);
#1546=AXIS2_PLACEMENT_3D('',#2296,#1754,#1755);
#1547=AXIS2_PLACEMENT_3D('',#2303,#1756,#1757);
#1548=AXIS2_PLACEMENT_3D('',#2310,#1758,#1759);
#1549=AXIS2_PLACEMENT_3D('',#2311,#1760,#1761);
#1550=AXIS2_PLACEMENT_3D('',#2312,#1762,#1763);
#1551=AXIS2_PLACEMENT_3D('',#2314,#1764,#1765);
#1552=AXIS2_PLACEMENT_3D('',#2317,#1766,#1767);
#1553=AXIS2_PLACEMENT_3D('',#2319,#1768,#1769);
#1554=AXIS2_PLACEMENT_3D('',#2321,#1770,#1771);
#1555=AXIS2_PLACEMENT_3D('',#2323,#1772,#1773);
#1556=AXIS2_PLACEMENT_3D('',#2325,#1774,#1775);
#1557=AXIS2_PLACEMENT_3D('',#2327,#1776,#1777);
#1558=AXIS2_PLACEMENT_3D('',#2329,#1778,#1779);
#1559=AXIS2_PLACEMENT_3D('',#2330,#1780,#1781);
#1560=AXIS2_PLACEMENT_3D('',#2333,#1783,#1784);
#1561=AXIS2_PLACEMENT_3D('',#2336,#1786,#1787);
#1562=AXIS2_PLACEMENT_3D('',#2337,#1788,#1789);
#1563=AXIS2_PLACEMENT_3D('',#2342,#1792,#1793);
#1564=AXIS2_PLACEMENT_3D('',#2363,#1806,#1807);
#1565=AXIS2_PLACEMENT_3D('',#2365,#1808,#1809);
#1566=AXIS2_PLACEMENT_3D('',#2406,#1810,#1811);
#1567=AXIS2_PLACEMENT_3D('',#2407,#1812,#1813);
#1568=AXIS2_PLACEMENT_3D('',#2428,#1814,#1815);
#1569=AXIS2_PLACEMENT_3D('',#2449,#1816,#1817);
#1570=AXIS2_PLACEMENT_3D('',#2450,#1818,#1819);
#1571=AXIS2_PLACEMENT_3D('',#2452,#1820,#1821);
#1572=AXIS2_PLACEMENT_3D('',#2453,#1822,#1823);
#1573=AXIS2_PLACEMENT_3D('',#2454,#1824,#1825);
#1574=AXIS2_PLACEMENT_3D('',#2455,#1826,#1827);
#1575=AXIS2_PLACEMENT_3D('',#2457,#1828,#1829);
#1576=AXIS2_PLACEMENT_3D('',#2458,#1830,#1831);
#1577=AXIS2_PLACEMENT_3D('',#2460,#1832,#1833);
#1578=AXIS2_PLACEMENT_3D('',#2462,#1834,#1835);
#1579=AXIS2_PLACEMENT_3D('',#2463,#1836,#1837);
#1580=AXIS2_PLACEMENT_3D('',#2465,#1838,#1839);
#1581=AXIS2_PLACEMENT_3D('',#2466,#1840,#1841);
#1582=AXIS2_PLACEMENT_3D('',#2467,#1842,#1843);
#1583=AXIS2_PLACEMENT_3D('',#2469,#1844,#1845);
#1584=AXIS2_PLACEMENT_3D('',#2471,#1846,#1847);
#1585=AXIS2_PLACEMENT_3D('',#2473,#1848,#1849);
#1586=AXIS2_PLACEMENT_3D('',#2474,#1850,#1851);
#1587=AXIS2_PLACEMENT_3D('',#2476,#1852,#1853);
#1588=AXIS2_PLACEMENT_3D('',#2478,#1854,#1855);
#1589=AXIS2_PLACEMENT_3D('',#2479,#1856,#1857);
#1590=AXIS2_PLACEMENT_3D('',#2724,#1858,#1859);
#1591=AXIS2_PLACEMENT_3D('',#2725,#1860,#1861);
#1592=AXIS2_PLACEMENT_3D('',#2727,#1862,#1863);
#1593=AXIS2_PLACEMENT_3D('',#2729,#1864,#1865);
#1594=AXIS2_PLACEMENT_3D('',#3169,#1866,#1867);
#1595=AXIS2_PLACEMENT_3D('',#3170,#1868,#1869);
#1596=AXIS2_PLACEMENT_3D('',#3172,#1870,#1871);
#1597=AXIS2_PLACEMENT_3D('',#3174,#1872,#1873);
#1598=AXIS2_PLACEMENT_3D('',#3370,#1874,#1875);
#1599=AXIS2_PLACEMENT_3D('',#3373,#1878,#1879);
#1600=AXIS2_PLACEMENT_3D('',#3374,#1880,#1881);
#1601=AXIS2_PLACEMENT_3D('',#3375,#1882,#1883);
#1602=AXIS2_PLACEMENT_3D('',#3378,#1886,#1887);
#1603=AXIS2_PLACEMENT_3D('',#3379,#1888,#1889);
#1604=AXIS2_PLACEMENT_3D('',#3380,#1890,#1891);
#1605=AXIS2_PLACEMENT_3D('',#3381,#1892,#1893);
#1606=AXIS2_PLACEMENT_3D('',#3386,#1895,#1896);
#1607=AXIS2_PLACEMENT_3D('',#3389,#1898,#1899);
#1608=AXIS2_PLACEMENT_3D('',#3393,#1901,#1902);
#1609=AXIS2_PLACEMENT_3D('',#3394,#1903,#1904);
#1610=AXIS2_PLACEMENT_3D('',#3395,#1905,#1906);
#1611=AXIS2_PLACEMENT_3D('',#3396,#1907,#1908);
#1612=AXIS2_PLACEMENT_3D('',#3398,#1909,#1910);
#1613=AXIS2_PLACEMENT_3D('',#3401,#1912,#1913);
#1614=AXIS2_PLACEMENT_3D('',#3402,#1914,#1915);
#1615=AXIS2_PLACEMENT_3D('',#3404,#1916,#1917);
#1616=AXIS2_PLACEMENT_3D('',#3406,#1918,#1919);
#1617=AXIS2_PLACEMENT_3D('',#3408,#1920,#1921);
#1618=AXIS2_PLACEMENT_3D('',#3410,#1922,#1923);
#1619=AXIS2_PLACEMENT_3D('',#3412,#1924,#1925);
#1620=AXIS2_PLACEMENT_3D('',#3414,#1926,#1927);
#1621=AXIS2_PLACEMENT_3D('',#3416,#1928,#1929);
#1622=AXIS2_PLACEMENT_3D('',#3418,#1930,#1931);
#1623=AXIS2_PLACEMENT_3D('',#3420,#1932,#1933);
#1624=AXIS2_PLACEMENT_3D('',#3422,#1934,#1935);
#1625=AXIS2_PLACEMENT_3D('',#3424,#1936,#1937);
#1626=AXIS2_PLACEMENT_3D('',#3426,#1938,#1939);
#1627=AXIS2_PLACEMENT_3D('',#3428,#1940,#1941);
#1628=AXIS2_PLACEMENT_3D('',#3430,#1942,#1943);
#1629=AXIS2_PLACEMENT_3D('',#3432,#1944,#1945);
#1630=AXIS2_PLACEMENT_3D('',#3434,#1946,#1947);
#1631=AXIS2_PLACEMENT_3D('',#3436,#1948,#1949);
#1632=AXIS2_PLACEMENT_3D('',#3438,#1950,#1951);
#1633=AXIS2_PLACEMENT_3D('',#3440,#1952,#1953);
#1634=AXIS2_PLACEMENT_3D('',#3442,#1954,#1955);
#1635=AXIS2_PLACEMENT_3D('',#3444,#1956,#1957);
#1636=AXIS2_PLACEMENT_3D('',#3446,#1958,#1959);
#1637=AXIS2_PLACEMENT_3D('',#3448,#1960,#1961);
#1638=AXIS2_PLACEMENT_3D('',#3450,#1962,#1963);
#1639=AXIS2_PLACEMENT_3D('',#3452,#1964,#1965);
#1640=AXIS2_PLACEMENT_3D('',#3454,#1966,#1967);
#1641=AXIS2_PLACEMENT_3D('',#3456,#1968,#1969);
#1642=AXIS2_PLACEMENT_3D('',#3458,#1970,#1971);
#1643=AXIS2_PLACEMENT_3D('',#3460,#1972,#1973);
#1644=AXIS2_PLACEMENT_3D('',#3462,#1974,#1975);
#1645=AXIS2_PLACEMENT_3D('',#3464,#1976,#1977);
#1646=AXIS2_PLACEMENT_3D('',#3466,#1978,#1979);
#1647=AXIS2_PLACEMENT_3D('',#3467,#1980,#1981);
#1648=AXIS2_PLACEMENT_3D('',#3468,#1982,#1983);
#1649=AXIS2_PLACEMENT_3D('',#3470,#1984,#1985);
#1650=AXIS2_PLACEMENT_3D('',#3472,#1986,#1987);
#1651=AXIS2_PLACEMENT_3D('',#3474,#1988,#1989);
#1652=AXIS2_PLACEMENT_3D('',#3476,#1990,#1991);
#1653=AXIS2_PLACEMENT_3D('',#3478,#1992,#1993);
#1654=AXIS2_PLACEMENT_3D('',#3480,#1994,#1995);
#1655=AXIS2_PLACEMENT_3D('',#3482,#1996,#1997);
#1656=AXIS2_PLACEMENT_3D('',#3484,#1998,#1999);
#1657=AXIS2_PLACEMENT_3D('',#3486,#2000,#2001);
#1658=AXIS2_PLACEMENT_3D('',#3488,#2002,#2003);
#1659=AXIS2_PLACEMENT_3D('',#3490,#2004,#2005);
#1660=AXIS2_PLACEMENT_3D('',#3492,#2006,#2007);
#1661=AXIS2_PLACEMENT_3D('',#3494,#2008,#2009);
#1662=AXIS2_PLACEMENT_3D('',#3496,#2010,#2011);
#1663=AXIS2_PLACEMENT_3D('',#3498,#2012,#2013);
#1664=AXIS2_PLACEMENT_3D('',#3500,#2014,#2015);
#1665=AXIS2_PLACEMENT_3D('',#3502,#2016,#2017);
#1666=AXIS2_PLACEMENT_3D('',#3504,#2018,#2019);
#1667=AXIS2_PLACEMENT_3D('',#3506,#2020,#2021);
#1668=AXIS2_PLACEMENT_3D('',#3508,#2022,#2023);
#1669=AXIS2_PLACEMENT_3D('',#3510,#2024,#2025);
#1670=AXIS2_PLACEMENT_3D('',#3512,#2026,#2027);
#1671=AXIS2_PLACEMENT_3D('',#3514,#2028,#2029);
#1672=AXIS2_PLACEMENT_3D('',#3516,#2030,#2031);
#1673=AXIS2_PLACEMENT_3D('',#3518,#2032,#2033);
#1674=AXIS2_PLACEMENT_3D('',#3520,#2034,#2035);
#1675=AXIS2_PLACEMENT_3D('',#3522,#2036,#2037);
#1676=AXIS2_PLACEMENT_3D('',#3524,#2038,#2039);
#1677=AXIS2_PLACEMENT_3D('',#3526,#2040,#2041);
#1678=AXIS2_PLACEMENT_3D('',#3528,#2042,#2043);
#1679=AXIS2_PLACEMENT_3D('',#3530,#2044,#2045);
#1680=AXIS2_PLACEMENT_3D('',#3532,#2046,#2047);
#1681=AXIS2_PLACEMENT_3D('',#3533,#2048,#2049);
#1682=AXIS2_PLACEMENT_3D('',#3536,#2052,#2053);
#1683=AXIS2_PLACEMENT_3D('',#3537,#2054,#2055);
#1684=AXIS2_PLACEMENT_3D('',#3540,#2058,#2059);
#1685=AXIS2_PLACEMENT_3D('',#3541,#2060,#2061);
#1686=AXIS2_PLACEMENT_3D('',#3544,#2064,#2065);
#1687=AXIS2_PLACEMENT_3D('',#3545,#2066,#2067);
#1688=AXIS2_PLACEMENT_3D('',#3548,#2070,#2071);
#1689=AXIS2_PLACEMENT_3D('',#3549,#2072,#2073);
#1690=AXIS2_PLACEMENT_3D('',#3552,#2076,#2077);
#1691=AXIS2_PLACEMENT_3D('',#3553,#2078,#2079);
#1692=AXIS2_PLACEMENT_3D('',#3556,#2082,#2083);
#1693=AXIS2_PLACEMENT_3D('',#3557,#2084,#2085);
#1694=AXIS2_PLACEMENT_3D('',#3560,#2088,#2089);
#1695=AXIS2_PLACEMENT_3D('',#3561,#2090,#2091);
#1696=AXIS2_PLACEMENT_3D('',#3564,#2094,#2095);
#1697=AXIS2_PLACEMENT_3D('',#3565,#2096,#2097);
#1698=AXIS2_PLACEMENT_3D('',#3568,#2100,#2101);
#1699=AXIS2_PLACEMENT_3D('',#3569,#2102,#2103);
#1700=AXIS2_PLACEMENT_3D('',#3572,#2106,#2107);
#1701=AXIS2_PLACEMENT_3D('',#3573,#2108,#2109);
#1702=AXIS2_PLACEMENT_3D('',#3576,#2112,#2113);
#1703=AXIS2_PLACEMENT_3D('',#3577,#2114,#2115);
#1704=AXIS2_PLACEMENT_3D('',#3580,#2118,#2119);
#1705=AXIS2_PLACEMENT_3D('',#3581,#2120,#2121);
#1706=AXIS2_PLACEMENT_3D('',#3584,#2124,#2125);
#1707=AXIS2_PLACEMENT_3D('',#3585,#2126,#2127);
#1708=AXIS2_PLACEMENT_3D('',#3588,#2130,#2131);
#1709=AXIS2_PLACEMENT_3D('',#3589,#2132,#2133);
#1710=AXIS2_PLACEMENT_3D('',#3592,#2136,#2137);
#1711=AXIS2_PLACEMENT_3D('',#3593,#2138,#2139);
#1712=AXIS2_PLACEMENT_3D('',#3596,#2142,#2143);
#1713=AXIS2_PLACEMENT_3D('',#3597,#2144,#2145);
#1714=AXIS2_PLACEMENT_3D('',#3598,#2146,#2147);
#1715=AXIS2_PLACEMENT_3D('',#3604,#2151,#2152);
#1716=AXIS2_PLACEMENT_3D('',#3607,#2155,#2156);
#1717=AXIS2_PLACEMENT_3D('',#3608,#2157,#2158);
#1718=AXIS2_PLACEMENT_3D('',#3609,#2159,#2160);
#1719=AXIS2_PLACEMENT_3D('',#3615,#2164,#2165);
#1720=AXIS2_PLACEMENT_3D('',#3618,#2168,#2169);
#1721=AXIS2_PLACEMENT_3D('',#3619,#2170,#2171);
#1722=AXIS2_PLACEMENT_3D('',#3620,#2172,#2173);
#1723=AXIS2_PLACEMENT_3D('',#3626,#2177,#2178);
#1724=AXIS2_PLACEMENT_3D('',#3628,#2180,#2181);
#1725=AXIS2_PLACEMENT_3D('',#3630,#2183,#2184);
#1726=AXIS2_PLACEMENT_3D('',#3631,#2185,#2186);
#1727=AXIS2_PLACEMENT_3D('',#3635,#2189,#2190);
#1728=AXIS2_PLACEMENT_3D('',#3639,#2193,#2194);
#1729=AXIS2_PLACEMENT_3D('',#3641,#2196,#2197);
#1730=DIRECTION('',(0.,0.,1.));
#1731=DIRECTION('',(1.,0.,0.));
#1732=DIRECTION('',(-1.,0.,0.));
#1733=DIRECTION('',(0.,0.,1.));
#1734=DIRECTION('',(-1.,0.,0.));
#1735=DIRECTION('',(0.,0.,1.));
#1736=DIRECTION('',(-1.,0.,0.));
#1737=DIRECTION('',(0.,0.,1.));
#1738=DIRECTION('',(-1.,0.,0.));
#1739=DIRECTION('',(0.,0.,1.));
#1740=DIRECTION('',(-1.,0.,0.));
#1741=DIRECTION('',(0.,0.,1.));
#1742=DIRECTION('',(-1.,0.,0.));
#1743=DIRECTION('',(0.,0.,1.));
#1744=DIRECTION('',(-1.,0.,0.));
#1745=DIRECTION('',(0.,0.,1.));
#1746=DIRECTION('',(-1.,0.,0.));
#1747=DIRECTION('',(0.,0.,1.));
#1748=DIRECTION('',(-1.,0.,0.));
#1749=DIRECTION('',(0.,0.,1.));
#1750=DIRECTION('',(-1.,0.,0.));
#1751=DIRECTION('',(0.,0.,1.));
#1752=DIRECTION('',(-1.,0.,0.));
#1753=DIRECTION('',(0.,0.,1.));
#1754=DIRECTION('',(-1.,0.,0.));
#1755=DIRECTION('',(0.,0.,1.));
#1756=DIRECTION('',(-1.,0.,0.));
#1757=DIRECTION('',(0.,0.,1.));
#1758=DIRECTION('',(-1.,0.,0.));
#1759=DIRECTION('',(0.,0.,1.));
#1760=DIRECTION('',(1.,0.,0.));
#1761=DIRECTION('',(0.,0.,-1.));
#1762=DIRECTION('',(-1.,0.,0.));
#1763=DIRECTION('',(0.,0.,1.));
#1764=DIRECTION('',(1.,0.,0.));
#1765=DIRECTION('',(0.,0.,-1.));
#1766=DIRECTION('',(1.,0.,0.));
#1767=DIRECTION('',(0.,0.,-1.));
#1768=DIRECTION('',(-1.,0.,0.));
#1769=DIRECTION('',(0.,0.,1.));
#1770=DIRECTION('',(1.,0.,0.));
#1771=DIRECTION('',(0.,0.,-1.));
#1772=DIRECTION('',(1.,0.,0.));
#1773=DIRECTION('',(0.,0.,-1.));
#1774=DIRECTION('',(1.,0.,0.));
#1775=DIRECTION('',(0.,0.,-1.));
#1776=DIRECTION('',(-1.,0.,0.));
#1777=DIRECTION('',(0.,0.,1.));
#1778=DIRECTION('',(1.,0.,0.));
#1779=DIRECTION('',(0.,0.,-1.));
#1780=DIRECTION('',(-1.,0.,0.));
#1781=DIRECTION('',(0.,0.,1.));
#1782=DIRECTION('',(-1.,0.,0.));
#1783=DIRECTION('',(-1.,0.,0.));
#1784=DIRECTION('',(0.,0.,1.));
#1785=DIRECTION('',(-1.,0.,0.));
#1786=DIRECTION('',(-1.,0.,0.));
#1787=DIRECTION('',(0.,0.,1.));
#1788=DIRECTION('',(-1.,0.,0.));
#1789=DIRECTION('',(0.,0.,1.));
#1790=DIRECTION('',(-1.,0.,0.));
#1791=DIRECTION('',(-1.,0.,0.));
#1792=DIRECTION('',(-1.,0.,0.));
#1793=DIRECTION('',(0.,0.,1.));
#1794=DIRECTION('',(0.,0.,1.));
#1795=DIRECTION('',(0.,-1.,0.));
#1796=DIRECTION('',(0.,0.,1.));
#1797=DIRECTION('',(0.,-1.,0.));
#1798=DIRECTION('',(0.,0.,-1.));
#1799=DIRECTION('',(0.,-1.,0.));
#1800=DIRECTION('',(0.,0.,-1.));
#1801=DIRECTION('',(0.,1.,0.));
#1802=DIRECTION('',(0.,0.,-1.));
#1803=DIRECTION('',(0.,1.,0.));
#1804=DIRECTION('',(0.,0.,1.));
#1805=DIRECTION('',(0.,1.,0.));
#1806=DIRECTION('',(-1.,0.,0.));
#1807=DIRECTION('',(0.,0.,1.));
#1808=DIRECTION('',(-1.,0.,0.));
#1809=DIRECTION('',(0.,0.,1.));
#1810=DIRECTION('',(-1.,0.,0.));
#1811=DIRECTION('',(0.,0.,1.));
#1812=DIRECTION('',(-1.,0.,0.));
#1813=DIRECTION('',(0.,0.,1.));
#1814=DIRECTION('',(-1.,0.,0.));
#1815=DIRECTION('',(0.,0.,1.));
#1816=DIRECTION('',(-1.,0.,0.));
#1817=DIRECTION('',(0.,0.,1.));
#1818=DIRECTION('',(-1.,0.,0.));
#1819=DIRECTION('',(0.,0.,1.));
#1820=DIRECTION('',(-1.,0.,0.));
#1821=DIRECTION('',(0.,0.,1.));
#1822=DIRECTION('',(-1.,0.,0.));
#1823=DIRECTION('',(0.,0.,1.));
#1824=DIRECTION('',(1.,0.,0.));
#1825=DIRECTION('',(0.,0.,-1.));
#1826=DIRECTION('',(1.,0.,0.));
#1827=DIRECTION('',(0.,0.,-1.));
#1828=DIRECTION('',(-1.,0.,0.));
#1829=DIRECTION('',(0.,0.,1.));
#1830=DIRECTION('',(1.,0.,0.));
#1831=DIRECTION('',(0.,0.,-1.));
#1832=DIRECTION('',(-1.,0.,0.));
#1833=DIRECTION('',(0.,0.,1.));
#1834=DIRECTION('',(1.,0.,0.));
#1835=DIRECTION('',(0.,0.,-1.));
#1836=DIRECTION('',(-1.,0.,0.));
#1837=DIRECTION('',(0.,0.,1.));
#1838=DIRECTION('',(-1.,0.,0.));
#1839=DIRECTION('',(0.,0.,1.));
#1840=DIRECTION('',(1.,0.,0.));
#1841=DIRECTION('',(0.,0.,-1.));
#1842=DIRECTION('',(-1.,0.,0.));
#1843=DIRECTION('',(0.,0.,1.));
#1844=DIRECTION('',(1.,0.,0.));
#1845=DIRECTION('',(0.,0.,-1.));
#1846=DIRECTION('',(1.,0.,0.));
#1847=DIRECTION('',(0.,0.,-1.));
#1848=DIRECTION('',(1.,0.,0.));
#1849=DIRECTION('',(0.,0.,-1.));
#1850=DIRECTION('',(1.,0.,0.));
#1851=DIRECTION('',(0.,0.,-1.));
#1852=DIRECTION('',(1.,0.,0.));
#1853=DIRECTION('',(0.,0.,-1.));
#1854=DIRECTION('',(1.,0.,0.));
#1855=DIRECTION('',(0.,0.,-1.));
#1856=DIRECTION('',(-1.,0.,0.));
#1857=DIRECTION('',(0.,0.,1.));
#1858=DIRECTION('',(1.,0.,0.));
#1859=DIRECTION('',(0.,-1.,1.22464679914735E-16));
#1860=DIRECTION('',(1.,0.,0.));
#1861=DIRECTION('',(0.,1.22464679914735E-16,1.));
#1862=DIRECTION('',(1.,0.,0.));
#1863=DIRECTION('',(0.,1.22464679914735E-16,1.));
#1864=DIRECTION('',(1.,0.,0.));
#1865=DIRECTION('',(0.,1.22464679914735E-16,1.));
#1866=DIRECTION('',(1.,0.,0.));
#1867=DIRECTION('',(0.,1.,0.));
#1868=DIRECTION('',(1.,0.,0.));
#1869=DIRECTION('',(0.,0.,-1.));
#1870=DIRECTION('',(1.,0.,0.));
#1871=DIRECTION('',(0.,0.,-1.));
#1872=DIRECTION('',(1.,0.,0.));
#1873=DIRECTION('',(0.,0.,-1.));
#1874=DIRECTION('',(-1.,0.,0.));
#1875=DIRECTION('',(0.,0.,1.));
#1876=DIRECTION('',(-1.,0.,0.));
#1877=DIRECTION('',(-1.,0.,0.));
#1878=DIRECTION('',(-1.,0.,0.));
#1879=DIRECTION('',(0.,0.,1.));
#1880=DIRECTION('',(-1.,0.,0.));
#1881=DIRECTION('',(0.,0.,1.));
#1882=DIRECTION('',(-1.,0.,0.));
#1883=DIRECTION('',(0.,0.,1.));
#1884=DIRECTION('',(-1.,0.,0.));
#1885=DIRECTION('',(-1.,0.,0.));
#1886=DIRECTION('',(-1.,0.,0.));
#1887=DIRECTION('',(0.,0.,1.));
#1888=DIRECTION('',(-1.,0.,0.));
#1889=DIRECTION('',(0.,0.,1.));
#1890=DIRECTION('',(-1.,0.,0.));
#1891=DIRECTION('',(0.,0.,1.));
#1892=DIRECTION('',(1.,0.,0.));
#1893=DIRECTION('',(0.,0.,-1.));
#1894=DIRECTION('',(-1.,0.,0.));
#1895=DIRECTION('',(1.,0.,0.));
#1896=DIRECTION('',(0.,0.,-1.));
#1897=DIRECTION('',(-1.,0.,0.));
#1898=DIRECTION('',(-1.,0.,0.));
#1899=DIRECTION('',(0.,0.,1.));
#1900=DIRECTION('',(-1.,0.,0.));
#1901=DIRECTION('',(1.,0.,0.));
#1902=DIRECTION('',(0.,0.,-1.));
#1903=DIRECTION('',(1.,0.,0.));
#1904=DIRECTION('',(0.,0.,-1.));
#1905=DIRECTION('',(-1.,0.,0.));
#1906=DIRECTION('',(0.,0.,1.));
#1907=DIRECTION('',(-1.,0.,0.));
#1908=DIRECTION('',(0.,0.,-1.));
#1909=DIRECTION('',(1.,0.,0.));
#1910=DIRECTION('',(0.,0.,-1.));
#1911=DIRECTION('',(-1.,0.,0.));
#1912=DIRECTION('',(1.,0.,0.));
#1913=DIRECTION('',(0.,1.,0.));
#1914=DIRECTION('',(1.,0.,0.));
#1915=DIRECTION('',(0.,-0.342020143325669,-0.939692620785908));
#1916=DIRECTION('',(1.,0.,0.));
#1917=DIRECTION('',(0.,-0.64278760968654,-0.766044443118978));
#1918=DIRECTION('',(1.,0.,0.));
#1919=DIRECTION('',(0.,-0.64278760968654,-0.766044443118978));
#1920=DIRECTION('',(1.,0.,0.));
#1921=DIRECTION('',(0.,-0.866025403784439,-0.5));
#1922=DIRECTION('',(1.,0.,0.));
#1923=DIRECTION('',(0.,-0.866025403784439,-0.5));
#1924=DIRECTION('',(1.,0.,0.));
#1925=DIRECTION('',(0.,-0.984807753012208,-0.17364817766693));
#1926=DIRECTION('',(1.,0.,0.));
#1927=DIRECTION('',(0.,-0.984807753012208,-0.17364817766693));
#1928=DIRECTION('',(1.,0.,0.));
#1929=DIRECTION('',(0.,-0.984807753012208,0.17364817766693));
#1930=DIRECTION('',(1.,0.,0.));
#1931=DIRECTION('',(0.,-0.984807753012208,0.17364817766693));
#1932=DIRECTION('',(1.,0.,0.));
#1933=DIRECTION('',(0.,-0.866025403784438,0.5));
#1934=DIRECTION('',(1.,0.,0.));
#1935=DIRECTION('',(0.,-0.866025403784438,0.5));
#1936=DIRECTION('',(1.,0.,0.));
#1937=DIRECTION('',(0.,-0.642787609686539,0.766044443118978));
#1938=DIRECTION('',(1.,0.,0.));
#1939=DIRECTION('',(0.,-0.642787609686539,0.766044443118978));
#1940=DIRECTION('',(1.,0.,0.));
#1941=DIRECTION('',(0.,-0.342020143325668,0.939692620785908));
#1942=DIRECTION('',(1.,0.,0.));
#1943=DIRECTION('',(0.,-0.342020143325668,0.939692620785908));
#1944=DIRECTION('',(1.,0.,0.));
#1945=DIRECTION('',(0.,1.22464679914735E-16,1.));
#1946=DIRECTION('',(1.,0.,0.));
#1947=DIRECTION('',(0.,1.22464679914735E-16,1.));
#1948=DIRECTION('',(1.,0.,0.));
#1949=DIRECTION('',(0.,0.342020143325669,0.939692620785908));
#1950=DIRECTION('',(1.,0.,0.));
#1951=DIRECTION('',(0.,0.342020143325669,0.939692620785908));
#1952=DIRECTION('',(1.,0.,0.));
#1953=DIRECTION('',(0.,0.64278760968654,0.766044443118978));
#1954=DIRECTION('',(1.,0.,0.));
#1955=DIRECTION('',(0.,0.64278760968654,0.766044443118978));
#1956=DIRECTION('',(1.,0.,0.));
#1957=DIRECTION('',(0.,0.866025403784439,0.5));
#1958=DIRECTION('',(1.,0.,0.));
#1959=DIRECTION('',(0.,0.866025403784439,0.5));
#1960=DIRECTION('',(1.,0.,0.));
#1961=DIRECTION('',(0.,0.984807753012208,0.17364817766693));
#1962=DIRECTION('',(1.,0.,0.));
#1963=DIRECTION('',(0.,0.984807753012208,0.17364817766693));
#1964=DIRECTION('',(1.,0.,0.));
#1965=DIRECTION('',(0.,0.984807753012208,-0.17364817766693));
#1966=DIRECTION('',(1.,0.,0.));
#1967=DIRECTION('',(0.,0.984807753012208,-0.17364817766693));
#1968=DIRECTION('',(1.,0.,0.));
#1969=DIRECTION('',(0.,0.866025403784439,-0.5));
#1970=DIRECTION('',(1.,0.,0.));
#1971=DIRECTION('',(0.,0.866025403784439,-0.5));
#1972=DIRECTION('',(1.,0.,0.));
#1973=DIRECTION('',(0.,0.642787609686539,-0.766044443118978));
#1974=DIRECTION('',(1.,0.,0.));
#1975=DIRECTION('',(0.,0.642787609686539,-0.766044443118978));
#1976=DIRECTION('',(1.,0.,0.));
#1977=DIRECTION('',(0.,0.342020143325668,-0.939692620785908));
#1978=DIRECTION('',(1.,0.,0.));
#1979=DIRECTION('',(0.,0.342020143325668,-0.939692620785908));
#1980=DIRECTION('',(1.,0.,0.));
#1981=DIRECTION('',(0.,1.,0.));
#1982=DIRECTION('',(1.,0.,0.));
#1983=DIRECTION('',(0.,0.342020143325668,-0.939692620785908));
#1984=DIRECTION('',(1.,0.,0.));
#1985=DIRECTION('',(0.,0.342020143325668,-0.939692620785908));
#1986=DIRECTION('',(1.,0.,0.));
#1987=DIRECTION('',(0.,0.642787609686539,-0.766044443118978));
#1988=DIRECTION('',(1.,0.,0.));
#1989=DIRECTION('',(0.,0.642787609686539,-0.766044443118978));
#1990=DIRECTION('',(1.,0.,0.));
#1991=DIRECTION('',(0.,0.866025403784439,-0.5));
#1992=DIRECTION('',(1.,0.,0.));
#1993=DIRECTION('',(0.,0.866025403784439,-0.5));
#1994=DIRECTION('',(1.,0.,0.));
#1995=DIRECTION('',(0.,0.984807753012208,-0.17364817766693));
#1996=DIRECTION('',(1.,0.,0.));
#1997=DIRECTION('',(0.,0.984807753012208,-0.17364817766693));
#1998=DIRECTION('',(1.,0.,0.));
#1999=DIRECTION('',(0.,0.984807753012208,0.17364817766693));
#2000=DIRECTION('',(1.,0.,0.));
#2001=DIRECTION('',(0.,0.984807753012208,0.17364817766693));
#2002=DIRECTION('',(1.,0.,0.));
#2003=DIRECTION('',(0.,0.866025403784439,0.5));
#2004=DIRECTION('',(1.,0.,0.));
#2005=DIRECTION('',(0.,0.866025403784439,0.5));
#2006=DIRECTION('',(1.,0.,0.));
#2007=DIRECTION('',(0.,0.64278760968654,0.766044443118978));
#2008=DIRECTION('',(1.,0.,0.));
#2009=DIRECTION('',(0.,0.64278760968654,0.766044443118978));
#2010=DIRECTION('',(1.,0.,0.));
#2011=DIRECTION('',(0.,0.342020143325669,0.939692620785908));
#2012=DIRECTION('',(1.,0.,0.));
#2013=DIRECTION('',(0.,0.342020143325669,0.939692620785908));
#2014=DIRECTION('',(1.,0.,0.));
#2015=DIRECTION('',(0.,1.22464679914735E-16,1.));
#2016=DIRECTION('',(1.,0.,0.));
#2017=DIRECTION('',(0.,1.22464679914735E-16,1.));
#2018=DIRECTION('',(1.,0.,0.));
#2019=DIRECTION('',(0.,-0.342020143325668,0.939692620785908));
#2020=DIRECTION('',(1.,0.,0.));
#2021=DIRECTION('',(0.,-0.342020143325668,0.939692620785908));
#2022=DIRECTION('',(1.,0.,0.));
#2023=DIRECTION('',(0.,-0.642787609686539,0.766044443118978));
#2024=DIRECTION('',(1.,0.,0.));
#2025=DIRECTION('',(0.,-0.642787609686539,0.766044443118978));
#2026=DIRECTION('',(1.,0.,0.));
#2027=DIRECTION('',(0.,-0.866025403784438,0.5));
#2028=DIRECTION('',(1.,0.,0.));
#2029=DIRECTION('',(0.,-0.866025403784438,0.5));
#2030=DIRECTION('',(1.,0.,0.));
#2031=DIRECTION('',(0.,-0.984807753012208,0.17364817766693));
#2032=DIRECTION('',(1.,0.,0.));
#2033=DIRECTION('',(0.,-0.984807753012208,0.17364817766693));
#2034=DIRECTION('',(1.,0.,0.));
#2035=DIRECTION('',(0.,-0.984807753012208,-0.17364817766693));
#2036=DIRECTION('',(1.,0.,0.));
#2037=DIRECTION('',(0.,-0.984807753012208,-0.17364817766693));
#2038=DIRECTION('',(1.,0.,0.));
#2039=DIRECTION('',(0.,-0.866025403784439,-0.5));
#2040=DIRECTION('',(1.,0.,0.));
#2041=DIRECTION('',(0.,-0.866025403784439,-0.5));
#2042=DIRECTION('',(1.,0.,0.));
#2043=DIRECTION('',(0.,-0.64278760968654,-0.766044443118978));
#2044=DIRECTION('',(1.,0.,0.));
#2045=DIRECTION('',(0.,-0.64278760968654,-0.766044443118978));
#2046=DIRECTION('',(1.,0.,0.));
#2047=DIRECTION('',(0.,-0.342020143325669,-0.939692620785908));
#2048=DIRECTION('',(-1.,0.,0.));
#2049=DIRECTION('',(0.,-0.342020143325668,0.939692620785908));
#2050=DIRECTION('',(-1.,0.,0.));
#2051=DIRECTION('',(-1.,0.,0.));
#2052=DIRECTION('',(-1.,0.,0.));
#2053=DIRECTION('',(0.,-0.342020143325668,0.939692620785908));
#2054=DIRECTION('',(-1.,0.,0.));
#2055=DIRECTION('',(0.,-0.642787609686539,0.766044443118978));
#2056=DIRECTION('',(-1.,0.,0.));
#2057=DIRECTION('',(-1.,0.,0.));
#2058=DIRECTION('',(-1.,0.,0.));
#2059=DIRECTION('',(0.,-0.642787609686539,0.766044443118978));
#2060=DIRECTION('',(-1.,0.,0.));
#2061=DIRECTION('',(0.,-0.866025403784439,0.5));
#2062=DIRECTION('',(-1.,0.,0.));
#2063=DIRECTION('',(-1.,0.,0.));
#2064=DIRECTION('',(-1.,0.,0.));
#2065=DIRECTION('',(0.,-0.866025403784439,0.5));
#2066=DIRECTION('',(-1.,0.,0.));
#2067=DIRECTION('',(0.,-0.984807753012208,0.17364817766693));
#2068=DIRECTION('',(-1.,0.,0.));
#2069=DIRECTION('',(-1.,0.,0.));
#2070=DIRECTION('',(-1.,0.,0.));
#2071=DIRECTION('',(0.,-0.984807753012208,0.17364817766693));
#2072=DIRECTION('',(-1.,0.,0.));
#2073=DIRECTION('',(0.,-0.984807753012208,-0.17364817766693));
#2074=DIRECTION('',(-1.,0.,0.));
#2075=DIRECTION('',(-1.,0.,0.));
#2076=DIRECTION('',(-1.,0.,0.));
#2077=DIRECTION('',(0.,-0.984807753012208,-0.17364817766693));
#2078=DIRECTION('',(-1.,0.,0.));
#2079=DIRECTION('',(0.,-0.866025403784439,-0.5));
#2080=DIRECTION('',(-1.,0.,0.));
#2081=DIRECTION('',(-1.,0.,0.));
#2082=DIRECTION('',(-1.,0.,0.));
#2083=DIRECTION('',(0.,-0.866025403784439,-0.5));
#2084=DIRECTION('',(-1.,0.,0.));
#2085=DIRECTION('',(0.,-0.64278760968654,-0.766044443118978));
#2086=DIRECTION('',(-1.,0.,0.));
#2087=DIRECTION('',(-1.,0.,0.));
#2088=DIRECTION('',(-1.,0.,0.));
#2089=DIRECTION('',(0.,-0.64278760968654,-0.766044443118978));
#2090=DIRECTION('',(-1.,0.,0.));
#2091=DIRECTION('',(0.,-0.342020143325669,-0.939692620785908));
#2092=DIRECTION('',(-1.,0.,0.));
#2093=DIRECTION('',(-1.,0.,0.));
#2094=DIRECTION('',(-1.,0.,0.));
#2095=DIRECTION('',(0.,-0.342020143325669,-0.939692620785908));
#2096=DIRECTION('',(-1.,0.,0.));
#2097=DIRECTION('',(0.,-1.22464679914735E-16,-1.));
#2098=DIRECTION('',(-1.,0.,0.));
#2099=DIRECTION('',(-1.,0.,0.));
#2100=DIRECTION('',(-1.,0.,0.));
#2101=DIRECTION('',(0.,-1.22464679914735E-16,-1.));
#2102=DIRECTION('',(-1.,0.,0.));
#2103=DIRECTION('',(0.,0.342020143325668,-0.939692620785908));
#2104=DIRECTION('',(-1.,0.,0.));
#2105=DIRECTION('',(-1.,0.,0.));
#2106=DIRECTION('',(-1.,0.,0.));
#2107=DIRECTION('',(0.,0.342020143325668,-0.939692620785908));
#2108=DIRECTION('',(-1.,0.,0.));
#2109=DIRECTION('',(0.,0.642787609686539,-0.766044443118978));
#2110=DIRECTION('',(-1.,0.,0.));
#2111=DIRECTION('',(-1.,0.,0.));
#2112=DIRECTION('',(-1.,0.,0.));
#2113=DIRECTION('',(0.,0.642787609686539,-0.766044443118978));
#2114=DIRECTION('',(-1.,0.,0.));
#2115=DIRECTION('',(0.,0.866025403784438,-0.5));
#2116=DIRECTION('',(-1.,0.,0.));
#2117=DIRECTION('',(-1.,0.,0.));
#2118=DIRECTION('',(-1.,0.,0.));
#2119=DIRECTION('',(0.,0.866025403784438,-0.5));
#2120=DIRECTION('',(-1.,0.,0.));
#2121=DIRECTION('',(0.,0.984807753012208,-0.17364817766693));
#2122=DIRECTION('',(-1.,0.,0.));
#2123=DIRECTION('',(-1.,0.,0.));
#2124=DIRECTION('',(-1.,0.,0.));
#2125=DIRECTION('',(0.,0.984807753012208,-0.17364817766693));
#2126=DIRECTION('',(-1.,0.,0.));
#2127=DIRECTION('',(0.,0.984807753012208,0.17364817766693));
#2128=DIRECTION('',(-1.,0.,0.));
#2129=DIRECTION('',(-1.,0.,0.));
#2130=DIRECTION('',(-1.,0.,0.));
#2131=DIRECTION('',(0.,0.984807753012208,0.17364817766693));
#2132=DIRECTION('',(-1.,0.,0.));
#2133=DIRECTION('',(0.,0.866025403784439,0.5));
#2134=DIRECTION('',(-1.,0.,0.));
#2135=DIRECTION('',(-1.,0.,0.));
#2136=DIRECTION('',(-1.,0.,0.));
#2137=DIRECTION('',(0.,0.866025403784439,0.5));
#2138=DIRECTION('',(-1.,0.,0.));
#2139=DIRECTION('',(0.,0.64278760968654,0.766044443118978));
#2140=DIRECTION('',(-1.,0.,0.));
#2141=DIRECTION('',(-1.,0.,0.));
#2142=DIRECTION('',(-1.,0.,0.));
#2143=DIRECTION('',(0.,0.64278760968654,0.766044443118978));
#2144=DIRECTION('',(-1.,0.,0.));
#2145=DIRECTION('',(0.,0.342020143325669,0.939692620785908));
#2146=DIRECTION('',(0.,1.,0.));
#2147=DIRECTION('',(0.,0.,1.));
#2148=DIRECTION('',(1.,0.,0.));
#2149=DIRECTION('',(0.,0.,1.));
#2150=DIRECTION('',(1.,0.,0.));
#2151=DIRECTION('',(-1.,0.,0.));
#2152=DIRECTION('',(0.,-1.,0.));
#2153=DIRECTION('',(0.,-1.,0.));
#2154=DIRECTION('',(0.,-1.,0.));
#2155=DIRECTION('',(0.,0.,1.));
#2156=DIRECTION('',(1.,0.,0.));
#2157=DIRECTION('',(0.,0.,1.));
#2158=DIRECTION('',(1.,0.,0.));
#2159=DIRECTION('',(0.,-1.,0.));
#2160=DIRECTION('',(0.,0.,-1.));
#2161=DIRECTION('',(1.,0.,0.));
#2162=DIRECTION('',(0.,0.,-1.));
#2163=DIRECTION('',(1.,0.,0.));
#2164=DIRECTION('',(-1.,0.,0.));
#2165=DIRECTION('',(0.,-1.,0.));
#2166=DIRECTION('',(0.,1.,0.));
#2167=DIRECTION('',(0.,1.,0.));
#2168=DIRECTION('',(0.,0.,-1.));
#2169=DIRECTION('',(-1.,0.,0.));
#2170=DIRECTION('',(0.,0.,-1.));
#2171=DIRECTION('',(-1.,0.,0.));
#2172=DIRECTION('',(0.,0.,1.));
#2173=DIRECTION('',(1.,0.,0.));
#2174=DIRECTION('',(1.,0.,0.));
#2175=DIRECTION('',(0.,-1.,0.));
#2176=DIRECTION('',(1.,0.,0.));
#2177=DIRECTION('',(0.,-1.,0.));
#2178=DIRECTION('',(0.,0.,-1.));
#2179=DIRECTION('',(0.,0.,-1.));
#2180=DIRECTION('',(0.,-1.,0.));
#2181=DIRECTION('',(0.,0.,-1.));
#2182=DIRECTION('',(0.,0.,-1.));
#2183=DIRECTION('',(-1.,0.,0.));
#2184=DIRECTION('',(0.,-1.,0.));
#2185=DIRECTION('',(0.,1.,0.));
#2186=DIRECTION('',(0.,0.,1.));
#2187=DIRECTION('',(0.,0.,1.));
#2188=DIRECTION('',(1.,0.,0.));
#2189=DIRECTION('',(0.,1.,0.));
#2190=DIRECTION('',(0.,0.,1.));
#2191=DIRECTION('',(1.,0.,0.));
#2192=DIRECTION('',(0.,0.,1.));
#2193=DIRECTION('',(-1.,0.,0.));
#2194=DIRECTION('',(0.,-1.,0.));
#2195=DIRECTION('',(0.,1.,0.));
#2196=DIRECTION('',(0.,0.,-1.));
#2197=DIRECTION('',(-1.,0.,0.));
#2198=CARTESIAN_POINT('',(0.,0.,0.));
#2199=CARTESIAN_POINT('',(0.0714,0.17119966188999,0.0215));
#2200=CARTESIAN_POINT('',(0.0714,0.166003509467283,0.0185));
#2201=CARTESIAN_POINT('',(0.0712666679649083,0.165990039837519,0.0185));
#2202=CARTESIAN_POINT('',(0.0711333346215914,0.16597658316842,0.0185));
#2203=CARTESIAN_POINT('',(0.071,0.165963139163262,0.0185));
#2204=CARTESIAN_POINT('',(0.0714,0.166003509467283,0.0185));
#2205=CARTESIAN_POINT('',(0.071,0.165963139163263,0.0185));
#2206=CARTESIAN_POINT('',(0.071,0.17119966188999,0.0215));
#2207=CARTESIAN_POINT('',(0.071,0.165648010038693,0.0191334979422111));
#2208=CARTESIAN_POINT('',(0.071,0.165648010038693,0.019133497942211));
#2209=CARTESIAN_POINT('',(0.0705705696234151,0.165770422820476,0.0187505151039968));
#2210=CARTESIAN_POINT('',(0.0698173056479728,0.165945904653468,0.0183167207861051));
#2211=CARTESIAN_POINT('',(0.06869722872402,0.166026065115727,0.0180164043698027));
#2212=CARTESIAN_POINT('',(0.0678296207119249,0.166017911117454,0.0178955837873952));
#2213=CARTESIAN_POINT('',(0.0669504353341027,0.165908684056971,0.0179159699945348));
#2214=CARTESIAN_POINT('',(0.0661821990704944,0.165592616141468,0.0182767072541526));
#2215=CARTESIAN_POINT('',(0.0657498781939486,0.165201026371737,0.0189629042512611));
#2216=CARTESIAN_POINT('',(0.0656517980303796,0.165001811131685,0.0195098534767885));
#2217=CARTESIAN_POINT('',(0.0656517980303795,0.164924713480482,0.0197933179890301));
#2218=CARTESIAN_POINT('',(0.0656517980308106,0.164924713480698,0.0197933179890282));
#2219=CARTESIAN_POINT('',(0.0656517980303801,0.17119966188999,0.0215));
#2220=CARTESIAN_POINT('',(0.06565179803038,0.177474610299496,0.0197933179890302));
#2221=CARTESIAN_POINT('',(0.0656517980303802,0.177474610299496,0.0197933179890302));
#2222=CARTESIAN_POINT('',(0.0656517980303798,0.177394427215225,0.0194985092819096));
#2223=CARTESIAN_POINT('',(0.0657560467136031,0.177185739893721,0.018931373028984));
#2224=CARTESIAN_POINT('',(0.0661631278130641,0.17677279326938,0.0182098532192611));
#2225=CARTESIAN_POINT('',(0.0669048604956994,0.176396645183186,0.0177715145073362));
#2226=CARTESIAN_POINT('',(0.0678228241097087,0.176248069063077,0.0177103482478418));
#2227=CARTESIAN_POINT('',(0.0687148510379137,0.176237739042445,0.0178262292720847));
#2228=CARTESIAN_POINT('',(0.0696016586799477,0.176314702688928,0.0180653072892001));
#2229=CARTESIAN_POINT('',(0.070337682151995,0.17653133961558,0.0185323871792035));
#2230=CARTESIAN_POINT('',(0.0707896203726826,0.176675124564069,0.0189097023183447));
#2231=CARTESIAN_POINT('',(0.0710000000000034,0.176743572963055,0.0191154203134592));
#2232=CARTESIAN_POINT('',(0.071,0.176743572963055,0.0191154203134597));
#2233=CARTESIAN_POINT('',(0.071,0.17119966188999,0.0215));
#2234=CARTESIAN_POINT('',(0.071,0.176436184616716,0.0185));
#2235=CARTESIAN_POINT('',(0.0714,0.176395814312696,0.0185));
#2236=CARTESIAN_POINT('',(0.071266667964905,0.176409283942461,0.0185));
#2237=CARTESIAN_POINT('',(0.0711333346215882,0.176422740611559,0.0185));
#2238=CARTESIAN_POINT('',(0.0710000000000001,0.176436184616717,0.0185));
#2239=CARTESIAN_POINT('',(0.0714,0.176395814312696,0.0185));
#2240=CARTESIAN_POINT('',(0.0714,0.17119966188999,0.0215));
#2241=CARTESIAN_POINT('',(0.0714,0.174199661889989,0.0163038475772933));
#2242=CARTESIAN_POINT('',(0.0714,0.174199661889989,0.0163038475772934));
#2243=CARTESIAN_POINT('',(0.0712666679648954,0.17419966188999,0.0162903779475279));
#2244=CARTESIAN_POINT('',(0.0711333346215786,0.17419966188999,0.0162769212784292));
#2245=CARTESIAN_POINT('',(0.071,0.174199661889989,0.0162634772732729));
#2246=CARTESIAN_POINT('',(0.071,0.174199661889989,0.0162634772732735));
#2247=CARTESIAN_POINT('',(0.071,0.17119966188999,0.0215));
#2248=CARTESIAN_POINT('',(0.071,0.168199661889989,0.0162634772732735));
#2249=CARTESIAN_POINT('',(0.0714,0.168199661889989,0.0163038475772934));
#2250=CARTESIAN_POINT('',(0.0712666679648955,0.168199661889989,0.0162903779475279));
#2251=CARTESIAN_POINT('',(0.0711333346215786,0.168199661889989,0.0162769212784292));
#2252=CARTESIAN_POINT('',(0.071,0.168199661889989,0.0162634772732729));
#2253=CARTESIAN_POINT('',(0.0714,0.168199661889989,0.0163038475772933));
#2254=CARTESIAN_POINT('',(0.0714,0.17119966188999,0.0215));
#2255=CARTESIAN_POINT('',(0.0714,0.17119966188999,0.0215));
#2256=CARTESIAN_POINT('',(0.0714,0.176395814312696,0.0245));
#2257=CARTESIAN_POINT('',(0.0712666679649083,0.17640928394246,0.0245));
#2258=CARTESIAN_POINT('',(0.0711333346215914,0.176422740611559,0.0245));
#2259=CARTESIAN_POINT('',(0.0710000000000001,0.176436184616717,0.0245));
#2260=CARTESIAN_POINT('',(0.0714,0.176395814312697,0.0245));
#2261=CARTESIAN_POINT('',(0.071,0.176436184616716,0.0245));
#2262=CARTESIAN_POINT('',(0.071,0.17119966188999,0.0215));
#2263=CARTESIAN_POINT('',(0.071,0.176751313741286,0.0238665020577887));
#2264=CARTESIAN_POINT('',(0.071,0.176751313741286,0.0238665020577886));
#2265=CARTESIAN_POINT('',(0.0705705696234148,0.176628900959503,0.0242494848960025));
#2266=CARTESIAN_POINT('',(0.0698173056479725,0.176453419126511,0.024683279213894));
#2267=CARTESIAN_POINT('',(0.0686972287240197,0.176373258664253,0.0249835956301965));
#2268=CARTESIAN_POINT('',(0.0678296207119248,0.176381412662525,0.0251044162126043));
#2269=CARTESIAN_POINT('',(0.0669504353341026,0.176490639723008,0.0250840300054646));
#2270=CARTESIAN_POINT('',(0.0661821990704943,0.176806707638511,0.0247232927458472));
#2271=CARTESIAN_POINT('',(0.0657498781939488,0.177198297408242,0.0240370957487381));
#2272=CARTESIAN_POINT('',(0.0656517980303805,0.177397512648294,0.0234901465232115));
#2273=CARTESIAN_POINT('',(0.0656517980303803,0.177474610299497,0.0232066820109699));
#2274=CARTESIAN_POINT('',(0.0656517980308105,0.177474610299282,0.0232066820109718));
#2275=CARTESIAN_POINT('',(0.0656517980303801,0.17119966188999,0.0215));
#2276=CARTESIAN_POINT('',(0.0656517980303801,0.164924713480483,0.0232066820109698));
#2277=CARTESIAN_POINT('',(0.0656517980303801,0.164924713480483,0.0232066820109698));
#2278=CARTESIAN_POINT('',(0.0656517980303803,0.165004896564754,0.0235014907180904));
#2279=CARTESIAN_POINT('',(0.0657560467136019,0.165213583886258,0.0240686269710166));
#2280=CARTESIAN_POINT('',(0.0661631278130641,0.165626530510599,0.0247901467807393));
#2281=CARTESIAN_POINT('',(0.0669048604956993,0.166002678596794,0.0252284854926646));
#2282=CARTESIAN_POINT('',(0.0678228241097089,0.166151254716903,0.0252896517521588));
#2283=CARTESIAN_POINT('',(0.0687148510379144,0.166161584737535,0.0251737707279164));
#2284=CARTESIAN_POINT('',(0.0696016586799481,0.166084621091051,0.0249346927107998));
#2285=CARTESIAN_POINT('',(0.0703376821519956,0.1658679841644,0.0244676128207971));
#2286=CARTESIAN_POINT('',(0.0707896203726831,0.16572419921591,0.0240902976816551));
#2287=CARTESIAN_POINT('',(0.0710000000000036,0.165655750816924,0.0238845796865404));
#2288=CARTESIAN_POINT('',(0.071,0.165655750816924,0.0238845796865399));
#2289=CARTESIAN_POINT('',(0.071,0.17119966188999,0.0215));
#2290=CARTESIAN_POINT('',(0.071,0.165963139163263,0.0245));
#2291=CARTESIAN_POINT('',(0.0714,0.166003509467283,0.0245));
#2292=CARTESIAN_POINT('',(0.0712666679649051,0.165990039837518,0.0245));
#2293=CARTESIAN_POINT('',(0.0711333346215881,0.16597658316842,0.0245));
#2294=CARTESIAN_POINT('',(0.0710000000000001,0.165963139163262,0.0245));
#2295=CARTESIAN_POINT('',(0.0714,0.166003509467283,0.0245));
#2296=CARTESIAN_POINT('',(0.0714,0.17119966188999,0.0215));
#2297=CARTESIAN_POINT('',(0.0714,0.168199661889989,0.0266961524227066));
#2298=CARTESIAN_POINT('',(0.0714,0.168199661889989,0.0266961524227066));
#2299=CARTESIAN_POINT('',(0.0712666679648955,0.168199661889989,0.0267096220524721));
#2300=CARTESIAN_POINT('',(0.0711333346215786,0.168199661889989,0.0267230787215708));
#2301=CARTESIAN_POINT('',(0.071,0.168199661889989,0.0267365227267271));
#2302=CARTESIAN_POINT('',(0.071,0.168199661889989,0.0267365227267266));
#2303=CARTESIAN_POINT('',(0.071,0.17119966188999,0.0215));
#2304=CARTESIAN_POINT('',(0.071,0.174199661889989,0.0267365227267266));
#2305=CARTESIAN_POINT('',(0.0714,0.174199661889989,0.0266961524227066));
#2306=CARTESIAN_POINT('',(0.0712666679648955,0.174199661889989,0.0267096220524721));
#2307=CARTESIAN_POINT('',(0.0711333346215786,0.174199661889989,0.0267230787215708));
#2308=CARTESIAN_POINT('',(0.071,0.174199661889989,0.0267365227267271));
#2309=CARTESIAN_POINT('',(0.0714,0.174199661889989,0.0266961524227066));
#2310=CARTESIAN_POINT('',(0.0714,0.17119966188999,0.0215));
#2311=CARTESIAN_POINT('',(0.0538,0.176424661889989,0.0215));
#2312=CARTESIAN_POINT('',(0.0538,0.17119966188999,0.0215));
#2313=CARTESIAN_POINT('',(0.0538,0.17119966188999,0.0279));
#2314=CARTESIAN_POINT('',(0.0538,0.175449661889989,0.0215));
#2315=CARTESIAN_POINT('',(0.0538,0.175708485419402,0.0222569744913951));
#2316=CARTESIAN_POINT('',(0.0538,0.175708485419402,0.020743025508605));
#2317=CARTESIAN_POINT('',(0.0538,0.176096720713519,0.0233924362284876));
#2318=CARTESIAN_POINT('',(0.0538,0.174977392982427,0.022959879376262));
#2319=CARTESIAN_POINT('',(0.0538,0.17119966188999,0.0215));
#2320=CARTESIAN_POINT('',(0.0538,0.167421930797552,0.022959879376262));
#2321=CARTESIAN_POINT('',(0.0538,0.16630260306646,0.0233924362284877));
#2322=CARTESIAN_POINT('',(0.0538,0.166690838360578,0.0222569744913951));
#2323=CARTESIAN_POINT('',(0.0538,0.166949661889989,0.0215));
#2324=CARTESIAN_POINT('',(0.0538,0.166690838360578,0.0207430255086049));
#2325=CARTESIAN_POINT('',(0.0538,0.16630260306646,0.0196075637715122));
#2326=CARTESIAN_POINT('',(0.0538,0.167421930797552,0.0200401206237381));
#2327=CARTESIAN_POINT('',(0.0538,0.17119966188999,0.0215));
#2328=CARTESIAN_POINT('',(0.0538,0.174977392982427,0.0200401206237381));
#2329=CARTESIAN_POINT('',(0.0538,0.176096720713519,0.0196075637715124));
#2330=CARTESIAN_POINT('',(0.0555,0.17119966188999,0.0215));
#2331=CARTESIAN_POINT('',(0.067002,0.174977392982427,0.022959879376262));
#2332=CARTESIAN_POINT('',(0.067,0.174977392982427,0.022959879376262));
#2333=CARTESIAN_POINT('',(0.067,0.17119966188999,0.0215));
#2334=CARTESIAN_POINT('',(0.067,0.167421930797552,0.022959879376262));
#2335=CARTESIAN_POINT('',(0.067002,0.167421930797552,0.022959879376262));
#2336=CARTESIAN_POINT('',(0.0555,0.17119966188999,0.0215));
#2337=CARTESIAN_POINT('',(0.067,0.17119966188999,0.0215));
#2338=CARTESIAN_POINT('',(0.067,0.174977392982427,0.0200401206237381));
#2339=CARTESIAN_POINT('',(0.067,0.167421930797552,0.0200401206237381));
#2340=CARTESIAN_POINT('',(0.067002,0.174977392982427,0.0200401206237381));
#2341=CARTESIAN_POINT('',(0.067002,0.167421930797552,0.0200401206237381));
#2342=CARTESIAN_POINT('',(0.0714,0.17599966188999,0.0215));
#2343=CARTESIAN_POINT('',(0.0714,0.174199661889989,0.0123038475772933));
#2344=CARTESIAN_POINT('',(0.0714,0.174199661889989,0.00830384757729333));
#2345=CARTESIAN_POINT('',(0.0714,0.180395814312697,0.0185));
#2346=CARTESIAN_POINT('',(0.0714,0.184395814312696,0.0185));
#2347=CARTESIAN_POINT('',(0.0714,0.184395814312696,0.0215));
#2348=CARTESIAN_POINT('',(0.0714,0.184395814312696,0.0245));
#2349=CARTESIAN_POINT('',(0.0714,0.180395814312697,0.0245));
#2350=CARTESIAN_POINT('',(0.0714,0.174199661889989,0.0306961524227066));
#2351=CARTESIAN_POINT('',(0.0714,0.174199661889989,0.0346961524227066));
#2352=CARTESIAN_POINT('',(0.0714,0.17119966188999,0.0346961524227066));
#2353=CARTESIAN_POINT('',(0.0714,0.168199661889989,0.0346961524227066));
#2354=CARTESIAN_POINT('',(0.0714,0.168199661889989,0.0306961524227066));
#2355=CARTESIAN_POINT('',(0.0714,0.162003509467283,0.0245));
#2356=CARTESIAN_POINT('',(0.0714,0.158003509467283,0.0245));
#2357=CARTESIAN_POINT('',(0.0714,0.158003509467283,0.0215));
#2358=CARTESIAN_POINT('',(0.0714,0.158003509467283,0.0185));
#2359=CARTESIAN_POINT('',(0.0714,0.162003509467283,0.0185));
#2360=CARTESIAN_POINT('',(0.0714,0.168199661889989,0.0123038475772933));
#2361=CARTESIAN_POINT('',(0.0714,0.168199661889989,0.00830384757729333));
#2362=CARTESIAN_POINT('',(0.0714,0.17119966188999,0.00830384757729333));
#2363=CARTESIAN_POINT('',(0.0714,0.17119966188999,0.0215));
#2364=CARTESIAN_POINT('',(0.0714,0.17119966188999,0.0251));
#2365=CARTESIAN_POINT('',(0.0656517980303801,0.17119966188999,0.0215));
#2366=CARTESIAN_POINT('',(0.0621547005383792,0.181058357542163,0.019824852234038));
#2367=CARTESIAN_POINT('',(0.0621547005383792,0.181081731255585,0.0199624128311209));
#2368=CARTESIAN_POINT('',(0.0622226856338442,0.181056143504427,0.0202664417963736));
#2369=CARTESIAN_POINT('',(0.0625445750291957,0.180745330795627,0.0203910773098788));
#2370=CARTESIAN_POINT('',(0.0628050351597792,0.180460366390864,0.0201995878109317));
#2371=CARTESIAN_POINT('',(0.0629017137922651,0.180324124958141,0.0199568030433653));
#2372=CARTESIAN_POINT('',(0.0628929994731272,0.180307318998457,0.0198178321675061));
#2373=CARTESIAN_POINT('',(0.0621547005383792,0.181058357542163,0.0198248522340379));
#2374=CARTESIAN_POINT('',(0.0628929994731272,0.180307318998457,0.0198178321675061));
#2375=CARTESIAN_POINT('',(0.062892999473127,0.180307318998457,0.019817832167506));
#2376=CARTESIAN_POINT('',(0.0630644842559002,0.180119719598444,0.0197462874551061));
#2377=CARTESIAN_POINT('',(0.0633149330547852,0.179796027422448,0.0194024526211407));
#2378=CARTESIAN_POINT('',(0.063555806243014,0.179372998895356,0.0187972542468287));
#2379=CARTESIAN_POINT('',(0.0638039890067687,0.178892796183971,0.0182282395834557));
#2380=CARTESIAN_POINT('',(0.0641636044393275,0.178304008009406,0.0178305758819433));
#2381=CARTESIAN_POINT('',(0.0646996124753396,0.177680938968272,0.017817780929699));
#2382=CARTESIAN_POINT('',(0.0652633662538182,0.177302662071519,0.0182883542804409));
#2383=CARTESIAN_POINT('',(0.0655922902326642,0.177295723275525,0.0190308811387782));
#2384=CARTESIAN_POINT('',(0.0656517980303801,0.177405853183342,0.0195405190763538));
#2385=CARTESIAN_POINT('',(0.0656517980303799,0.177474610299497,0.0197933179890302));
#2386=CARTESIAN_POINT('',(0.0656517980303804,0.164924713480498,0.019793317988974));
#2387=CARTESIAN_POINT('',(0.0656517980303751,0.165002771767231,0.0195063215133266));
#2388=CARTESIAN_POINT('',(0.0655756819185978,0.165122647693073,0.0189339666541397));
#2389=CARTESIAN_POINT('',(0.0652039601255359,0.165125689553924,0.018102870774464));
#2390=CARTESIAN_POINT('',(0.0646293205221714,0.164851487399345,0.0174607572799756));
#2391=CARTESIAN_POINT('',(0.0639527003737141,0.164218056035462,0.0171861683323473));
#2392=CARTESIAN_POINT('',(0.0635774088971437,0.163499908531721,0.0176866482874111));
#2393=CARTESIAN_POINT('',(0.0633927185074078,0.162993185021212,0.0183929629854019));
#2394=CARTESIAN_POINT('',(0.06322517478988,0.162569416132442,0.019148540801903));
#2395=CARTESIAN_POINT('',(0.0630691051827451,0.162295729939534,0.0196844207217092));
#2396=CARTESIAN_POINT('',(0.0628929994890876,0.162092004799986,0.019817832155415));
#2397=CARTESIAN_POINT('',(0.0628929994885299,0.162092004808224,0.0198178321672588));
#2398=CARTESIAN_POINT('',(0.0628929994731272,0.162092004781522,0.0198178321675061));
#2399=CARTESIAN_POINT('',(0.0629017214165467,0.162075184118066,0.0199569246309578));
#2400=CARTESIAN_POINT('',(0.0628050976537955,0.161939093900991,0.0201991384982437));
#2401=CARTESIAN_POINT('',(0.0625460494780909,0.161655588440493,0.0203901713039098));
#2402=CARTESIAN_POINT('',(0.0622241397133122,0.161344281200336,0.0202692802451967));
#2403=CARTESIAN_POINT('',(0.0621547005383791,0.16131755154109,0.0199626540288947));
#2404=CARTESIAN_POINT('',(0.0621547005383792,0.161340966237815,0.0198248522340381));
#2405=CARTESIAN_POINT('',(0.0621547005383792,0.161340966237815,0.0198248522340381));
#2406=CARTESIAN_POINT('',(0.0621547005383792,0.17119966188999,0.0215));
#2407=CARTESIAN_POINT('',(0.0656517980303801,0.17119966188999,0.0215));
#2408=CARTESIAN_POINT('',(0.0656517980303797,0.177474610299482,0.0232066820110261));
#2409=CARTESIAN_POINT('',(0.0656517980303746,0.177396552012749,0.0234936784866736));
#2410=CARTESIAN_POINT('',(0.0655756819185975,0.177276676086906,0.0240660333458606));
#2411=CARTESIAN_POINT('',(0.0652039601255354,0.177273634226056,0.0248971292255365));
#2412=CARTESIAN_POINT('',(0.0646293205221705,0.177547836380635,0.0255392427200241));
#2413=CARTESIAN_POINT('',(0.0639527003737139,0.178181267744518,0.0258138316676522));
#2414=CARTESIAN_POINT('',(0.0635774088971436,0.178899415248258,0.0253133517125884));
#2415=CARTESIAN_POINT('',(0.0633927185074078,0.179406138758767,0.0246070370145974));
#2416=CARTESIAN_POINT('',(0.0632251747898801,0.179829907647537,0.0238514591980964));
#2417=CARTESIAN_POINT('',(0.0630691051827449,0.180103593840446,0.0233155792782906));
#2418=CARTESIAN_POINT('',(0.0628929994890874,0.180307318979993,0.0231821678445848));
#2419=CARTESIAN_POINT('',(0.0628929994885299,0.180307318971756,0.0231821678327412));
#2420=CARTESIAN_POINT('',(0.0628929994731272,0.180307318998457,0.0231821678324939));
#2421=CARTESIAN_POINT('',(0.0629017214165465,0.180324139661914,0.0230430753690423));
#2422=CARTESIAN_POINT('',(0.0628050976537956,0.180460229878988,0.022800861501756));
#2423=CARTESIAN_POINT('',(0.0625460494780907,0.180743735339486,0.0226098286960902));
#2424=CARTESIAN_POINT('',(0.0622241397133122,0.181055042579643,0.0227307197548035));
#2425=CARTESIAN_POINT('',(0.0621547005383791,0.181081772238889,0.0230373459711053));
#2426=CARTESIAN_POINT('',(0.0621547005383792,0.181058357542163,0.0231751477659618));
#2427=CARTESIAN_POINT('',(0.0621547005383792,0.181058357542163,0.0231751477659618));
#2428=CARTESIAN_POINT('',(0.0621547005383792,0.17119966188999,0.0215));
#2429=CARTESIAN_POINT('',(0.0621547005383792,0.161340966237815,0.0231751477659621));
#2430=CARTESIAN_POINT('',(0.0621547005383792,0.161340966237815,0.023175147765962));
#2431=CARTESIAN_POINT('',(0.0621547005383792,0.161317592524394,0.0230375871688791));
#2432=CARTESIAN_POINT('',(0.0622226856338447,0.161343180275553,0.0227335582036267));
#2433=CARTESIAN_POINT('',(0.0625445750291957,0.161653992984352,0.0226089226901216));
#2434=CARTESIAN_POINT('',(0.0628050351597792,0.161938957389115,0.0228004121890687));
#2435=CARTESIAN_POINT('',(0.0629017137922647,0.162075198821838,0.0230431969566351));
#2436=CARTESIAN_POINT('',(0.0628929994731271,0.162092004781522,0.023182167832494));
#2437=CARTESIAN_POINT('',(0.0628929994731271,0.162092004781522,0.023182167832494));
#2438=CARTESIAN_POINT('',(0.0628929994731273,0.162092004781522,0.023182167832494));
#2439=CARTESIAN_POINT('',(0.0630644842559003,0.162279604181535,0.023253712544894));
#2440=CARTESIAN_POINT('',(0.063314933054785,0.162603296357531,0.0235975473788599));
#2441=CARTESIAN_POINT('',(0.0635558062430142,0.163026324884623,0.0242027457531716));
#2442=CARTESIAN_POINT('',(0.0638039890067687,0.163506527596008,0.0247717604165447));
#2443=CARTESIAN_POINT('',(0.0641636044393276,0.164095315770574,0.0251694241180568));
#2444=CARTESIAN_POINT('',(0.0646996124753395,0.164718384811707,0.0251822190703009));
#2445=CARTESIAN_POINT('',(0.0652633662538185,0.165096661708461,0.0247116457195598));
#2446=CARTESIAN_POINT('',(0.0655922902326646,0.165103600504455,0.0239691188612221));
#2447=CARTESIAN_POINT('',(0.0656517980303802,0.164993470596638,0.0234594809236464));
#2448=CARTESIAN_POINT('',(0.0656517980303804,0.164924713480483,0.0232066820109698));
#2449=CARTESIAN_POINT('',(0.0555,0.17119966188999,0.0215));
#2450=CARTESIAN_POINT('',(0.0601547005383792,0.17119966188999,0.0215));
#2451=CARTESIAN_POINT('',(0.0601547005383792,0.17119966188999,0.0315));
#2452=CARTESIAN_POINT('',(0.0621547005383792,0.17119966188999,0.0215));
#2453=CARTESIAN_POINT('',(0.0621547005383792,0.17119966188999,0.0215));
#2454=CARTESIAN_POINT('',(0.059,0.17119966188999,0.0215));
#2455=CARTESIAN_POINT('',(0.059,0.17119966188999,0.0215));
#2456=CARTESIAN_POINT('',(0.059,0.17119966188999,0.0135));
#2457=CARTESIAN_POINT('',(0.052,0.17119966188999,0.0215));
#2458=CARTESIAN_POINT('',(0.054,0.17119966188999,0.0215));
#2459=CARTESIAN_POINT('',(0.054,0.17119966188999,0.0135));
#2460=CARTESIAN_POINT('',(0.052,0.17119966188999,0.0215));
#2461=CARTESIAN_POINT('',(0.052,0.17119966188999,0.0315));
#2462=CARTESIAN_POINT('',(0.052,0.17991927713226,0.0215));
#2463=CARTESIAN_POINT('',(0.052,0.17119966188999,0.0215));
#2464=CARTESIAN_POINT('',(0.052,0.17119966188999,0.0289392304845413));
#2465=CARTESIAN_POINT('',(0.052,0.17119966188999,0.0215));
#2466=CARTESIAN_POINT('',(0.067,0.175024661889989,0.0215));
#2467=CARTESIAN_POINT('',(0.067,0.17119966188999,0.0215));
#2468=CARTESIAN_POINT('',(0.067,0.17119966188999,0.0251));
#2469=CARTESIAN_POINT('',(0.067,0.176096720713519,0.0233924362284876));
#2470=CARTESIAN_POINT('',(0.067,0.175708485419402,0.0222569744913951));
#2471=CARTESIAN_POINT('',(0.067,0.175449661889989,0.0215));
#2472=CARTESIAN_POINT('',(0.067,0.175708485419402,0.0207430255086049));
#2473=CARTESIAN_POINT('',(0.067,0.176096720713519,0.0196075637715124));
#2474=CARTESIAN_POINT('',(0.067,0.16630260306646,0.0196075637715122));
#2475=CARTESIAN_POINT('',(0.067,0.166690838360578,0.0207430255086049));
#2476=CARTESIAN_POINT('',(0.067,0.166949661889989,0.0215));
#2477=CARTESIAN_POINT('',(0.067,0.166690838360578,0.0222569744913951));
#2478=CARTESIAN_POINT('',(0.067,0.16630260306646,0.0233924362284877));
#2479=CARTESIAN_POINT('',(0.0555,0.17119966188999,0.0215));
#2480=CARTESIAN_POINT('',(0.0710734680508354,0.166019306273231,0.0250937405267943));
#2481=CARTESIAN_POINT('',(0.070687592262941,0.166048739823339,0.0251229897183051));
#2482=CARTESIAN_POINT('',(0.0697865352769818,0.166217766566,0.0252920579914404));
#2483=CARTESIAN_POINT('',(0.0684504594576365,0.166217543714883,0.0253278311107773));
#2484=CARTESIAN_POINT('',(0.0667457122613133,0.166044152575388,0.0252514950958439));
#2485=CARTESIAN_POINT('',(0.0658589645472573,0.165574701521694,0.0251241945861454));
#2486=CARTESIAN_POINT('',(0.0656297228303834,0.165421231656679,0.0250822649099724));
#2487=CARTESIAN_POINT('',(0.0656187152430284,0.165413786913001,0.0250802303543645));
#2488=CARTESIAN_POINT('',(0.0710687732348049,0.165951564361633,0.0248692454752011));
#2489=CARTESIAN_POINT('',(0.0706772627380733,0.165978126213759,0.0248950110770864));
#2490=CARTESIAN_POINT('',(0.0697623861849396,0.166130690217253,0.025043939044384));
#2491=CARTESIAN_POINT('',(0.0684059478935466,0.166131419316322,0.0250753137946079));
#2492=CARTESIAN_POINT('',(0.0667305557912683,0.165960073156055,0.0250077410188911));
#2493=CARTESIAN_POINT('',(0.065856271706468,0.165508174653536,0.024895292953002));
#2494=CARTESIAN_POINT('',(0.0656300104150384,0.165360758215619,0.0248582618505824));
#2495=CARTESIAN_POINT('',(0.0656191453543525,0.165353607699868,0.0248564650007514));
#2496=CARTESIAN_POINT('',(0.0710640696210336,0.165883822450034,0.0246447504236078));
#2497=CARTESIAN_POINT('',(0.0706669189076167,0.165907512604179,0.0246670324358678));
#2498=CARTESIAN_POINT('',(0.0697382463653563,0.166043613868506,0.0247958200973277));
#2499=CARTESIAN_POINT('',(0.0683614326360776,0.166045294917761,0.0248227964784386));
#2500=CARTESIAN_POINT('',(0.0667154012924104,0.165875993736722,0.0247639869419383));
#2501=CARTESIAN_POINT('',(0.0658535776187913,0.165441647785378,0.0246663913198585));
#2502=CARTESIAN_POINT('',(0.065630298126703,0.165300284774559,0.0246342587911924));
#2503=CARTESIAN_POINT('',(0.0656195756634542,0.165293428486734,0.0246326996471384));
#2504=CARTESIAN_POINT('',(0.0710508846275423,0.165694745427395,0.0240181537576585));
#2505=CARTESIAN_POINT('',(0.0706379558608219,0.165710420276222,0.024030712590591));
#2506=CARTESIAN_POINT('',(0.0696709282041434,0.165800571763924,0.0241032858793973));
#2507=CARTESIAN_POINT('',(0.0682371617614379,0.1658049098375,0.0241179858054048));
#2508=CARTESIAN_POINT('',(0.0666731124876584,0.165641316475664,0.0240836356787537));
#2509=CARTESIAN_POINT('',(0.0658460523985492,0.165255962116637,0.0240274952767605));
#2510=CARTESIAN_POINT('',(0.06563110174477,0.165131495056132,0.0240090353433701));
#2511=CARTESIAN_POINT('',(0.065620777611606,0.165125459999049,0.0240081396689394));
#2512=CARTESIAN_POINT('',(0.0710423584810174,0.165573410316355,0.0236160521433024));
#2513=CARTESIAN_POINT('',(0.0706192638041056,0.165583941557845,0.0236223713865328));
#2514=CARTESIAN_POINT('',(0.0696277966013904,0.165644606008088,0.0236588706085233));
#2515=CARTESIAN_POINT('',(0.0681573897306305,0.1656506491558,0.0236656924485405));
#2516=CARTESIAN_POINT('',(0.0666459813025321,0.165490718633939,0.0236470384925219));
#2517=CARTESIAN_POINT('',(0.0658412200630332,0.165136803316055,0.023617500866806));
#2518=CARTESIAN_POINT('',(0.0656316177728719,0.165023178778765,0.0236078149549377));
#2519=CARTESIAN_POINT('',(0.0656215494412892,0.165017670724497,0.0236073450443534));
#2520=CARTESIAN_POINT('',(0.0710337014820648,0.165452075205314,0.0232139505289464));
#2521=CARTESIAN_POINT('',(0.0706003589648518,0.165457462839468,0.0232140301824747));
#2522=CARTESIAN_POINT('',(0.0695848028214369,0.165488640252252,0.0232144553376494));
#2523=CARTESIAN_POINT('',(0.0680775632512704,0.165496388474101,0.0232133990916762));
#2524=CARTESIAN_POINT('',(0.0666188780287761,0.165340120792214,0.0232104413062901));
#2525=CARTESIAN_POINT('',(0.0658363702290079,0.165017644515473,0.0232075064568514));
#2526=CARTESIAN_POINT('',(0.0656321355832246,0.164914862501399,0.0232065945665054));
#2527=CARTESIAN_POINT('',(0.0656223240464984,0.164909881449946,0.0232065504197674));
#2528=CARTESIAN_POINT('',(0.0714,0.165449661889989,0.0232139136501003));
#2529=CARTESIAN_POINT('',(0.0708434969877925,0.165449661889989,0.0232139136501003));
#2530=CARTESIAN_POINT('',(0.0696953947331279,0.165488071735684,0.0232145328384421));
#2531=CARTESIAN_POINT('',(0.0680775632512704,0.165496388474101,0.0232133990916762));
#2532=CARTESIAN_POINT('',(0.0666188780287761,0.165340120792214,0.0232104413062901));
#2533=CARTESIAN_POINT('',(0.0654411995346072,0.164854792241994,0.0232060243419242));
#2534=CARTESIAN_POINT('',(0.0642232027788267,0.164015571423425,0.0231988128625879));
#2535=CARTESIAN_POINT('',(0.0633054023124836,0.163064206305205,0.023191436877506));
#2536=CARTESIAN_POINT('',(0.0625671864092245,0.161340966237815,0.023175147765962));
#2537=CARTESIAN_POINT('',(0.0621547005383792,0.161340966237815,0.023175147765962));
#2538=CARTESIAN_POINT('',(0.071,0.165452509830627,0.0232139569222346));
#2539=CARTESIAN_POINT('',(0.0709999999986381,0.165452509830682,0.0232139569222354));
#2540=CARTESIAN_POINT('',(0.0709999999986381,0.165520186032913,0.0234375192984687));
#2541=CARTESIAN_POINT('',(0.071,0.165587929562185,0.0236610612703631));
#2542=CARTESIAN_POINT('',(0.071,0.165655750816924,0.0238845796865399));
#2543=CARTESIAN_POINT('',(0.0656799047342073,0.165592790891642,0.0255974248149656));
#2544=CARTESIAN_POINT('',(0.0656705213112118,0.165586333306805,0.0255953790756558));
#2545=CARTESIAN_POINT('',(0.0652036537982312,0.165262150177046,0.0254926731786797));
#2546=CARTESIAN_POINT('',(0.0640301670254246,0.164054539817782,0.0251084467930454));
#2547=CARTESIAN_POINT('',(0.0634193814312672,0.162868520296789,0.024737529270352));
#2548=CARTESIAN_POINT('',(0.0629836737476057,0.161137185070256,0.0241256128099991));
#2549=CARTESIAN_POINT('',(0.0628559923712078,0.16070042829552,0.0239702397702517));
#2550=CARTESIAN_POINT('',(0.0656792793157837,0.165484724899933,0.0252036314795541));
#2551=CARTESIAN_POINT('',(0.0656701053599151,0.165478674617427,0.025201916880479));
#2552=CARTESIAN_POINT('',(0.065213626397911,0.165174971409717,0.0251158363964087));
#2553=CARTESIAN_POINT('',(0.064061709778577,0.164048120816747,0.0247938856627254));
#2554=CARTESIAN_POINT('',(0.0634383896640431,0.16293862223131,0.0244831454798403));
#2555=CARTESIAN_POINT('',(0.0629891403361743,0.161331264757571,0.0239705464060319));
#2556=CARTESIAN_POINT('',(0.0628585363927661,0.160925958828832,0.0238403917734799));
#2557=CARTESIAN_POINT('',(0.0656786536677673,0.165376658908225,0.0248098381441426));
#2558=CARTESIAN_POINT('',(0.0656696892502147,0.165371015928048,0.0248084546853021));
#2559=CARTESIAN_POINT('',(0.0652236026484864,0.165087792642387,0.0247389996141378));
#2560=CARTESIAN_POINT('',(0.0640933038602073,0.164041701815712,0.0244793245324054));
#2561=CARTESIAN_POINT('',(0.0634571452453472,0.163008724165831,0.0242287616893285));
#2562=CARTESIAN_POINT('',(0.0629948065497717,0.161525344444886,0.0238154800020647));
#2563=CARTESIAN_POINT('',(0.0628613657174891,0.161151489362144,0.0237105437767081));
#2564=CARTESIAN_POINT('',(0.0656773862041708,0.165157977000212,0.0240129595277617));
#2565=CARTESIAN_POINT('',(0.0656688462412578,0.165153158235399,0.0240122461629739));
#2566=CARTESIAN_POINT('',(0.065243812881643,0.164911378037973,0.0239764342107805));
#2567=CARTESIAN_POINT('',(0.064157565006732,0.164028712350927,0.0238427798889196));
#2568=CARTESIAN_POINT('',(0.0634934906518285,0.163150582159768,0.0237139916696661));
#2569=CARTESIAN_POINT('',(0.06300754335924,0.16191808332284,0.0235016882480437));
#2570=CARTESIAN_POINT('',(0.0628689072123852,0.161607872046096,0.0234477838904871));
#2571=CARTESIAN_POINT('',(0.0656767447244264,0.165047361083907,0.0236098742467923));
#2572=CARTESIAN_POINT('',(0.0656684195736477,0.165042959232128,0.0236094998358225));
#2573=CARTESIAN_POINT('',(0.0652540415237016,0.164822142200888,0.0235907055896942));
#2574=CARTESIAN_POINT('',(0.0641901574189303,0.164022141887176,0.0235207963757538));
#2575=CARTESIAN_POINT('',(0.0635114480530069,0.163222338219183,0.0234536054405154));
#2576=CARTESIAN_POINT('',(0.0630143235234054,0.162116742513478,0.02334296289799));
#2577=CARTESIAN_POINT('',(0.0628732042999143,0.161838724196735,0.0233148720010379));
#2578=CARTESIAN_POINT('',(0.065676101280606,0.164936745167603,0.023206788965823));
#2579=CARTESIAN_POINT('',(0.0656679915490671,0.164932760228857,0.0232067535086712));
#2580=CARTESIAN_POINT('',(0.0652643013917987,0.164732906363804,0.0232049769686078));
#2581=CARTESIAN_POINT('',(0.0642232027788267,0.164015571423425,0.0231988128625879));
#2582=CARTESIAN_POINT('',(0.0635271797196491,0.163294094278598,0.0231932192113648));
#2583=CARTESIAN_POINT('',(0.0630228622048961,0.162315401704117,0.0231842375479363));
#2584=CARTESIAN_POINT('',(0.06288001468466,0.162069576347375,0.0231819601115887));
#2585=CARTESIAN_POINT('',(0.0714,0.165449661889989,0.0232139136501003));
#2586=CARTESIAN_POINT('',(0.0708434969877925,0.165449661889989,0.0232139136501003));
#2587=CARTESIAN_POINT('',(0.0696953947331279,0.165488071735684,0.0232145328384421));
#2588=CARTESIAN_POINT('',(0.0680775632512704,0.165496388474101,0.0232133990916762));
#2589=CARTESIAN_POINT('',(0.0666188780287761,0.165340120792214,0.0232104413062901));
#2590=CARTESIAN_POINT('',(0.0654411995346072,0.164854792241994,0.0232060243419242));
#2591=CARTESIAN_POINT('',(0.0642232027788267,0.164015571423425,0.0231988128625879));
#2592=CARTESIAN_POINT('',(0.0633054023124836,0.163064206305205,0.023191436877506));
#2593=CARTESIAN_POINT('',(0.0625671864092245,0.161340966237815,0.023175147765962));
#2594=CARTESIAN_POINT('',(0.0621547005383792,0.161340966237815,0.023175147765962));
#2595=CARTESIAN_POINT('',(0.0710337014820648,0.165452075205314,0.0197860494710536));
#2596=CARTESIAN_POINT('',(0.0706003589648518,0.165457462839468,0.0197859698175253));
#2597=CARTESIAN_POINT('',(0.0695848028214369,0.165488640252252,0.0197855446623506));
#2598=CARTESIAN_POINT('',(0.0680775632512704,0.165496388474101,0.0197866009083238));
#2599=CARTESIAN_POINT('',(0.0666188780287761,0.165340120792214,0.0197895586937098));
#2600=CARTESIAN_POINT('',(0.0658363702290078,0.165017644515473,0.0197924935431485));
#2601=CARTESIAN_POINT('',(0.0656321355832243,0.164914862501398,0.0197934054334946));
#2602=CARTESIAN_POINT('',(0.0656223240464979,0.164909881449946,0.0197934495802326));
#2603=CARTESIAN_POINT('',(0.0710400003978656,0.16557241515201,0.0193837299535574));
#2604=CARTESIAN_POINT('',(0.0706141312464033,0.165580728465843,0.0193769245232053));
#2605=CARTESIAN_POINT('',(0.0696163546897034,0.165628608087864,0.0193376154644492));
#2606=CARTESIAN_POINT('',(0.0681400004960766,0.165633096602282,0.0193302139420019));
#2607=CARTESIAN_POINT('',(0.066639429933484,0.165475509984326,0.0193501724016479));
#2608=CARTESIAN_POINT('',(0.0658401651328932,0.165133195372983,0.0193818595797874));
#2609=CARTESIAN_POINT('',(0.0656317308553219,0.165023560602866,0.0193922527919808));
#2610=CARTESIAN_POINT('',(0.0656217180083425,0.165018246453526,0.0193927570216234));
#2611=CARTESIAN_POINT('',(0.071046202741428,0.165692755098706,0.0189814104360611));
#2612=CARTESIAN_POINT('',(0.0706277464908552,0.165703994092218,0.0189678792288852));
#2613=CARTESIAN_POINT('',(0.0696480082888889,0.165768575923477,0.0188896862665479));
#2614=CARTESIAN_POINT('',(0.068202397479384,0.165769804730462,0.0188738269756801));
#2615=CARTESIAN_POINT('',(0.0666600026614631,0.165610899176437,0.0189107861095861));
#2616=CARTESIAN_POINT('',(0.06584394695576,0.165248746230494,0.0189712256164262));
#2617=CARTESIAN_POINT('',(0.0656313274597705,0.165132258704335,0.018991100150467));
#2618=CARTESIAN_POINT('',(0.0656211140450388,0.165126611457106,0.0189920644630142));
#2619=CARTESIAN_POINT('',(0.0710549110633605,0.165863033932228,0.0184121356439162));
#2620=CARTESIAN_POINT('',(0.0706469013816247,0.165878412709217,0.0183890875849921));
#2621=CARTESIAN_POINT('',(0.0696928685948949,0.165966627862447,0.0182558746070542));
#2622=CARTESIAN_POINT('',(0.0682906622852735,0.165963244242765,0.0182280477278637));
#2623=CARTESIAN_POINT('',(0.0666891200446879,0.165802472418217,0.0182890625063129));
#2624=CARTESIAN_POINT('',(0.0658492943957762,0.165412248590013,0.018390186034765));
#2625=CARTESIAN_POINT('',(0.0656307570455269,0.165286064538824,0.0184234764665916));
#2626=CARTESIAN_POINT('',(0.065620260045824,0.165279945964148,0.0184250917880719));
#2627=CARTESIAN_POINT('',(0.0710574567560448,0.165912972819054,0.0182451803692675));
#2628=CARTESIAN_POINT('',(0.0706525056404883,0.16592956569984,0.0182193412354191));
#2629=CARTESIAN_POINT('',(0.0697060337731686,0.166024711965804,0.018069992145462));
#2630=CARTESIAN_POINT('',(0.0683165450163818,0.166019975626888,0.0180386554463693));
#2631=CARTESIAN_POINT('',(0.0666976609228701,0.165858656467885,0.0181067251951016));
#2632=CARTESIAN_POINT('',(0.0658508618306018,0.165460200092022,0.0182197804164651));
#2633=CARTESIAN_POINT('',(0.0656305898423023,0.165331172271845,0.0182570054242301));
#2634=CARTESIAN_POINT('',(0.0656200097217285,0.165324915467611,0.0182588116717389));
#2635=CARTESIAN_POINT('',(0.071059997666093,0.165962911705879,0.0180782250946187));
#2636=CARTESIAN_POINT('',(0.0706581021218012,0.165980718690464,0.018049594885846));
#2637=CARTESIAN_POINT('',(0.0697192039852576,0.166082796069161,0.0178841096838697));
#2638=CARTESIAN_POINT('',(0.0683424257766506,0.16607670701101,0.0178492631648748));
#2639=CARTESIAN_POINT('',(0.0667062027653305,0.165914840517553,0.0179243878838903));
#2640=CARTESIAN_POINT('',(0.0658524286674417,0.165508151594031,0.0180493747981652));
#2641=CARTESIAN_POINT('',(0.0656304226999764,0.165376280004866,0.0180905343818685));
#2642=CARTESIAN_POINT('',(0.0656197594924809,0.165369884971073,0.018092531555406));
#2643=CARTESIAN_POINT('',(0.071,0.165648010038693,0.019133497942211));
#2644=CARTESIAN_POINT('',(0.071,0.16558282854898,0.0193510085672425));
#2645=CARTESIAN_POINT('',(0.071,0.165517662291777,0.0195685237558796));
#2646=CARTESIAN_POINT('',(0.071,0.165452509830627,0.0197860430777655));
#2647=CARTESIAN_POINT('',(0.0709999999972769,0.1654525098307,0.0197860430777644));
#2648=CARTESIAN_POINT('',(0.0714,0.165449661889989,0.0197860863498998));
#2649=CARTESIAN_POINT('',(0.0708434969877925,0.165449661889989,0.0197860863498998));
#2650=CARTESIAN_POINT('',(0.0696953947331278,0.165488071735684,0.019785467161558));
#2651=CARTESIAN_POINT('',(0.0680775632512704,0.165496388474101,0.0197866009083238));
#2652=CARTESIAN_POINT('',(0.0666188780287761,0.165340120792214,0.0197895586937098));
#2653=CARTESIAN_POINT('',(0.0654411995346072,0.164854792241993,0.0197939756580757));
#2654=CARTESIAN_POINT('',(0.0642232027788267,0.164015571423425,0.0198011871374121));
#2655=CARTESIAN_POINT('',(0.0633054023124837,0.163064206305205,0.019808563122494));
#2656=CARTESIAN_POINT('',(0.0625671864092245,0.161340966237815,0.0198248522340381));
#2657=CARTESIAN_POINT('',(0.0621547005383792,0.161340966237815,0.0198248522340381));
#2658=CARTESIAN_POINT('',(0.0656761012808663,0.164936745167731,0.0197932110341759));
#2659=CARTESIAN_POINT('',(0.0656679915492405,0.164932760228943,0.019793246491328));
#2660=CARTESIAN_POINT('',(0.0652643013918808,0.16473290636386,0.0197950230313916));
#2661=CARTESIAN_POINT('',(0.0642232027788267,0.164015571423425,0.0198011871374121));
#2662=CARTESIAN_POINT('',(0.0635271797246055,0.163294094283735,0.0198067807885954));
#2663=CARTESIAN_POINT('',(0.0630228622150301,0.162315401723783,0.0198157624518833));
#2664=CARTESIAN_POINT('',(0.0628800147001726,0.16206957637407,0.019818039888164));
#2665=CARTESIAN_POINT('',(0.0656766029015055,0.165046896589603,0.0193900431483779));
#2666=CARTESIAN_POINT('',(0.0656683254927544,0.165042648196208,0.0193904448902193));
#2667=CARTESIAN_POINT('',(0.0652563034612427,0.164829546546837,0.0194106112176686));
#2668=CARTESIAN_POINT('',(0.0641956041043438,0.164059878297908,0.0194856454985115));
#2669=CARTESIAN_POINT('',(0.0635115255097436,0.163289337987935,0.019557778099344));
#2670=CARTESIAN_POINT('',(0.0630136908846494,0.162231707906128,0.0196765690330195));
#2671=CARTESIAN_POINT('',(0.0628725303517557,0.161965864711159,0.0197067288539454));
#2672=CARTESIAN_POINT('',(0.0656771030537809,0.165157048011475,0.0189868752625799));
#2673=CARTESIAN_POINT('',(0.0656686584218019,0.165152536163473,0.0189876432891105));
#2674=CARTESIAN_POINT('',(0.0652483288755738,0.164926186729814,0.0190261994039455));
#2675=CARTESIAN_POINT('',(0.0641683439199166,0.164104185172391,0.0191701038596108));
#2676=CARTESIAN_POINT('',(0.0634942079558123,0.163284581692134,0.0193087754100925));
#2677=CARTESIAN_POINT('',(0.0630058337326458,0.162148014088473,0.0195373756141557));
#2678=CARTESIAN_POINT('',(0.0628669242449115,0.161862153048248,0.0195954178197267));
#2679=CARTESIAN_POINT('',(0.0656781027654439,0.165377350855218,0.0181805394909838));
#2680=CARTESIAN_POINT('',(0.0656693238694252,0.165372312098003,0.018182040086893));
#2681=CARTESIAN_POINT('',(0.0652323891276368,0.165119467095767,0.0182573757764992));
#2682=CARTESIAN_POINT('',(0.0641139665055287,0.164192798921357,0.0185390205818096));
#2683=CARTESIAN_POINT('',(0.0634588720349977,0.163275069100533,0.0188107700315896));
#2684=CARTESIAN_POINT('',(0.062990673094629,0.161980626453162,0.019258988776428));
#2685=CARTESIAN_POINT('',(0.0628565033524506,0.161654729722426,0.0193727957512894));
#2686=CARTESIAN_POINT('',(0.065678602070268,0.16548750227709,0.0177773716051858));
#2687=CARTESIAN_POINT('',(0.0656696562123795,0.165482200065269,0.0177792384857842));
#2688=CARTESIAN_POINT('',(0.0652244280133752,0.165216107278743,0.0178729639627761));
#2689=CARTESIAN_POINT('',(0.064086906110086,0.16423710579584,0.018223478942909));
#2690=CARTESIAN_POINT('',(0.0634405738936335,0.163270312804732,0.0185617673423382));
#2691=CARTESIAN_POINT('',(0.0629835906645184,0.161896932635507,0.0191197953575642));
#2692=CARTESIAN_POINT('',(0.0628520044987286,0.161551018059515,0.0192614847170708));
#2693=CARTESIAN_POINT('',(0.065679494085657,0.165684353282093,0.017056872476302));
#2694=CARTESIAN_POINT('',(0.0656702499409279,0.165678580251981,0.01705939394227));
#2695=CARTESIAN_POINT('',(0.065210205353731,0.165388812422438,0.0171859837079577));
#2696=CARTESIAN_POINT('',(0.0640386111347046,0.164316286369475,0.0176595762017359));
#2697=CARTESIAN_POINT('',(0.0634075557922972,0.163261812854459,0.0181167759950232));
#2698=CARTESIAN_POINT('',(0.0629711846300228,0.161747363870638,0.0188710435582009));
#2699=CARTESIAN_POINT('',(0.0628443232602898,0.161365675512614,0.0190625613751708));
#2700=CARTESIAN_POINT('',(0.0656798868627443,0.165771052865224,0.0167395412332163));
#2701=CARTESIAN_POINT('',(0.0656705113724114,0.165765072471428,0.0167423509998646));
#2702=CARTESIAN_POINT('',(0.0652039427505154,0.165464877383157,0.0168834152668624));
#2703=CARTESIAN_POINT('',(0.0640173617312034,0.164351160068626,0.0174112150994635));
#2704=CARTESIAN_POINT('',(0.0633929088107904,0.163258069199986,0.0179207873369597));
#2705=CARTESIAN_POINT('',(0.0629658033636001,0.161681488923425,0.0187614851777015));
#2706=CARTESIAN_POINT('',(0.0628410584653687,0.161284044628624,0.0189749490674894));
#2707=CARTESIAN_POINT('',(0.065680279969243,0.165857752448354,0.0164222099901305));
#2708=CARTESIAN_POINT('',(0.0656707730315164,0.165851564690875,0.0164253080574592));
#2709=CARTESIAN_POINT('',(0.0651976749102261,0.165540942343875,0.0165808468257671));
#2710=CARTESIAN_POINT('',(0.0639960361192052,0.164386033767778,0.017162853997191));
#2711=CARTESIAN_POINT('',(0.0633786362455195,0.163254325545514,0.0177247986788962));
#2712=CARTESIAN_POINT('',(0.0629601262782563,0.161615613976211,0.0186519267972021));
#2713=CARTESIAN_POINT('',(0.0628373708814123,0.161202413744634,0.0188873367598081));
#2714=CARTESIAN_POINT('',(0.0714,0.165449661889989,0.0197860863498998));
#2715=CARTESIAN_POINT('',(0.0708434969877925,0.165449661889989,0.0197860863498998));
#2716=CARTESIAN_POINT('',(0.0696953947331278,0.165488071735684,0.019785467161558));
#2717=CARTESIAN_POINT('',(0.0680775632512704,0.165496388474101,0.0197866009083238));
#2718=CARTESIAN_POINT('',(0.0666188780287761,0.165340120792214,0.0197895586937098));
#2719=CARTESIAN_POINT('',(0.0654411995346072,0.164854792241993,0.0197939756580757));
#2720=CARTESIAN_POINT('',(0.0642232027788267,0.164015571423425,0.0198011871374121));
#2721=CARTESIAN_POINT('',(0.0633054023124837,0.163064206305205,0.019808563122494));
#2722=CARTESIAN_POINT('',(0.0625671864092245,0.161340966237815,0.0198248522340381));
#2723=CARTESIAN_POINT('',(0.0621547005383792,0.161340966237815,0.0198248522340381));
#2724=CARTESIAN_POINT('',(0.0621547005383792,0.15980716680566,0.0215));
#2725=CARTESIAN_POINT('',(0.0621547005383792,0.162129661889989,0.0199588640553151));
#2726=CARTESIAN_POINT('',(0.0621547005383792,0.161716328556657,0.0206438133640639));
#2727=CARTESIAN_POINT('',(0.0621547005383792,0.161199661889989,0.0215));
#2728=CARTESIAN_POINT('',(0.0621547005383792,0.161716328556657,0.0223561866359361));
#2729=CARTESIAN_POINT('',(0.0621547005383792,0.162129661889989,0.023041135944685));
#2730=CARTESIAN_POINT('',(0.0710715425881686,0.165451624994611,0.0232139438369656));
#2731=CARTESIAN_POINT('',(0.0706253941315749,0.165456690661881,0.0232140195439294));
#2732=CARTESIAN_POINT('',(0.0695962421750349,0.165488581446305,0.0232144633541396));
#2733=CARTESIAN_POINT('',(0.0680775632512704,0.165496388474101,0.0232133990916762));
#2734=CARTESIAN_POINT('',(0.0666188780287761,0.165340120792214,0.0232104413062901));
#2735=CARTESIAN_POINT('',(0.0654411995346072,0.164854792241994,0.0232060243419243));
#2736=CARTESIAN_POINT('',(0.0642232027788267,0.164015571423425,0.023198812862588));
#2737=CARTESIAN_POINT('',(0.0633054023124837,0.163064206305205,0.023191436877506));
#2738=CARTESIAN_POINT('',(0.0625671864092245,0.161340966237815,0.023175147765962));
#2739=CARTESIAN_POINT('',(0.0621547005383792,0.161340966237815,0.023175147765962));
#2740=CARTESIAN_POINT('',(0.0710704501133652,0.165403512221225,0.0230523792785128));
#2741=CARTESIAN_POINT('',(0.0706228035715754,0.16540845976828,0.0230516551495859));
#2742=CARTESIAN_POINT('',(0.0695899943830063,0.165439709080275,0.0230472080819667));
#2743=CARTESIAN_POINT('',(0.0680620498917431,0.165451011790497,0.0230501124760164));
#2744=CARTESIAN_POINT('',(0.0666142677868565,0.165292610897248,0.0230423163848867));
#2745=CARTESIAN_POINT('',(0.0654421136428384,0.164812091568596,0.0230480965858087));
#2746=CARTESIAN_POINT('',(0.0642313057149954,0.163975022574463,0.0230328962626932));
#2747=CARTESIAN_POINT('',(0.0633111189861973,0.16302926937627,0.0230316476650812));
#2748=CARTESIAN_POINT('',(0.0625690961438029,0.161314232968647,0.0230178152787209));
#2749=CARTESIAN_POINT('',(0.0621547005383792,0.161314232968647,0.0230178152787209));
#2750=CARTESIAN_POINT('',(0.0710705858550162,0.165408604681402,0.0228750762204243));
#2751=CARTESIAN_POINT('',(0.0706231291075828,0.165414832287695,0.0228747702879718));
#2752=CARTESIAN_POINT('',(0.0695908339993713,0.165453915065106,0.022872890145999));
#2753=CARTESIAN_POINT('',(0.0680650883373052,0.16545908569627,0.0228740693304894));
#2754=CARTESIAN_POINT('',(0.06661517080733,0.165311001288402,0.0228703704341648));
#2755=CARTESIAN_POINT('',(0.0654419718941424,0.1648160109621,0.0228724008051843));
#2756=CARTESIAN_POINT('',(0.0642291819895746,0.163996736221591,0.0228650188543053));
#2757=CARTESIAN_POINT('',(0.0633090606176323,0.1630459434541,0.0228635812646418));
#2758=CARTESIAN_POINT('',(0.0625684106448638,0.161335517219991,0.0228559893020414));
#2759=CARTESIAN_POINT('',(0.0621547005383792,0.161335517219991,0.0228559893020414));
#2760=CARTESIAN_POINT('',(0.0710726970526037,0.165522106468378,0.0225574803387795));
#2761=CARTESIAN_POINT('',(0.0706281491509585,0.165528298168397,0.0225576985518527));
#2762=CARTESIAN_POINT('',(0.0696031502307771,0.165567060909083,0.0225590439445613));
#2763=CARTESIAN_POINT('',(0.068099432011312,0.165568792292207,0.0225583591166345));
#2764=CARTESIAN_POINT('',(0.0666253734290971,0.165426960369531,0.0225605791775395));
#2765=CARTESIAN_POINT('',(0.0654400959549319,0.164933262168159,0.0225591436669099));
#2766=CARTESIAN_POINT('',(0.0642091350553999,0.164115883084308,0.0225633871428046));
#2767=CARTESIAN_POINT('',(0.063292713040668,0.163167417056029,0.0225637074247849));
#2768=CARTESIAN_POINT('',(0.0625629563230532,0.161465463637436,0.0225680759934364));
#2769=CARTESIAN_POINT('',(0.0621547005383792,0.161465463637436,0.0225680759934364));
#2770=CARTESIAN_POINT('',(0.0710746734908141,0.165630044680851,0.0224185512203806));
#2771=CARTESIAN_POINT('',(0.0706328462862421,0.165635037251961,0.0224185431173873));
#2772=CARTESIAN_POINT('',(0.0696146360435652,0.165666361997137,0.022418513626552));
#2773=CARTESIAN_POINT('',(0.0681307585697715,0.165670244943121,0.0224192759722609));
#2774=CARTESIAN_POINT('',(0.0666346794577972,0.165525052846708,0.0224211239063889));
#2775=CARTESIAN_POINT('',(0.0654383604949996,0.165045920213834,0.0224237644636927));
#2776=CARTESIAN_POINT('',(0.0641912004780348,0.164213857106354,0.0224280096070486));
#2777=CARTESIAN_POINT('',(0.0632784157039225,0.163271955925434,0.0224323161141409));
#2778=CARTESIAN_POINT('',(0.0625581847260889,0.161574480334793,0.0224417850847865));
#2779=CARTESIAN_POINT('',(0.0621547005383792,0.161574480334793,0.0224417850847865));
#2780=CARTESIAN_POINT('',(0.0710798876569067,0.16590204118312,0.0222322980763629));
#2781=CARTESIAN_POINT('',(0.0706452373804837,0.165906727700253,0.0222322657318335));
#2782=CARTESIAN_POINT('',(0.0696449298729747,0.165935900142102,0.0222320969909887));
#2783=CARTESIAN_POINT('',(0.0682134348536461,0.1659311910018,0.0222333030482772));
#2784=CARTESIAN_POINT('',(0.066659234393647,0.165798173276124,0.0222363411587571));
#2785=CARTESIAN_POINT('',(0.0654337830381902,0.165320775112269,0.0222407401537086));
#2786=CARTESIAN_POINT('',(0.064143853223693,0.164486687586378,0.0222478457765745));
#2787=CARTESIAN_POINT('',(0.0632406510477848,0.163545822398447,0.0222550723841591));
#2788=CARTESIAN_POINT('',(0.0625455791907819,0.161857521675383,0.022270983509717));
#2789=CARTESIAN_POINT('',(0.0621547005383792,0.161857521675383,0.022270983509717));
#2790=CARTESIAN_POINT('',(0.0710819199873362,0.166012412917031,0.022106721497006));
#2791=CARTESIAN_POINT('',(0.0706500701653428,0.166016642842947,0.0221065996860332));
#2792=CARTESIAN_POINT('',(0.0696567849985579,0.166042923350095,0.0221058875756332));
#2793=CARTESIAN_POINT('',(0.06824627794779,0.166036881344122,0.0221076709232191));
#2794=CARTESIAN_POINT('',(0.0666689817835819,0.16590603864222,0.022109361652464));
#2795=CARTESIAN_POINT('',(0.0654319836240512,0.16543577563537,0.0221160870778602));
#2796=CARTESIAN_POINT('',(0.0641248040199492,0.164596778011971,0.0221208464595791));
#2797=CARTESIAN_POINT('',(0.0632252164929523,0.16365921616724,0.0221277840410532));
#2798=CARTESIAN_POINT('',(0.0625404338983383,0.161981240747282,0.0221471130416995));
#2799=CARTESIAN_POINT('',(0.0621547005383792,0.161981240747282,0.0221471130416995));
#2800=CARTESIAN_POINT('',(0.0710846832351774,0.166162078105225,0.0218206971781668));
#2801=CARTESIAN_POINT('',(0.07065664123761,0.166166153695862,0.0218205931670979));
#2802=CARTESIAN_POINT('',(0.0696729128689653,0.166191351114641,0.0218199794392348));
#2803=CARTESIAN_POINT('',(0.0682912885700865,0.166181057839037,0.0218212978306287));
#2804=CARTESIAN_POINT('',(0.0666823353209655,0.166057758174612,0.0218221683543858));
#2805=CARTESIAN_POINT('',(0.0654295299304926,0.165590181472569,0.0218272209457063));
#2806=CARTESIAN_POINT('',(0.0640985429058578,0.164752767755402,0.0218299937195713));
#2807=CARTESIAN_POINT('',(0.0632037890874147,0.163818594172392,0.0218346463136611));
#2808=CARTESIAN_POINT('',(0.0625332871231233,0.162152608022648,0.0218485892527825));
#2809=CARTESIAN_POINT('',(0.0621547005383792,0.162152608022648,0.0218485892527825));
#2810=CARTESIAN_POINT('',(0.0710854140913644,0.166201371745328,0.0216603938237438));
#2811=CARTESIAN_POINT('',(0.070658379300448,0.166205746900856,0.0216603734058605));
#2812=CARTESIAN_POINT('',(0.0696771842805618,0.166232735703202,0.0216602577681766));
#2813=CARTESIAN_POINT('',(0.0683034516214377,0.16621950110621,0.0216606908333088));
#2814=CARTESIAN_POINT('',(0.066685940135181,0.166101676876844,0.0216617768026893));
#2815=CARTESIAN_POINT('',(0.0654288758600807,0.165629429835829,0.0216634073271059));
#2816=CARTESIAN_POINT('',(0.064091334134931,0.164798691723631,0.0216659946621886));
#2817=CARTESIAN_POINT('',(0.0631977999146107,0.163864781768616,0.0216686772893238));
#2818=CARTESIAN_POINT('',(0.0625312856403519,0.162199661889539,0.0216745061644328));
#2819=CARTESIAN_POINT('',(0.0621547005383792,0.162199661889539,0.0216745061644328));
#2820=CARTESIAN_POINT('',(0.0710854155948001,0.166201371746155,0.0213396061813895));
#2821=CARTESIAN_POINT('',(0.0706583820072694,0.166205746901686,0.0213396265992391));
#2822=CARTESIAN_POINT('',(0.069677182599031,0.16623273570405,0.0213397422367169));
#2823=CARTESIAN_POINT('',(0.0683034521867706,0.166219501107007,0.0213393091717382));
#2824=CARTESIAN_POINT('',(0.0666859400844902,0.166101676877752,0.0213382232022351));
#2825=CARTESIAN_POINT('',(0.0654288758824151,0.16562942983664,0.0213365926781236));
#2826=CARTESIAN_POINT('',(0.064091334047319,0.164798691724576,0.0213340053428493));
#2827=CARTESIAN_POINT('',(0.0631978004464837,0.163864781769605,0.0213313227160691));
#2828=CARTESIAN_POINT('',(0.0625312845194217,0.16219966189044,0.0213254938407268));
#2829=CARTESIAN_POINT('',(0.0621547005383792,0.16219966189044,0.0213254938407268));
#2830=CARTESIAN_POINT('',(0.071084684738627,0.166162078106858,0.0211793028262914));
#2831=CARTESIAN_POINT('',(0.0706566439444645,0.166166153697487,0.021179406837334));
#2832=CARTESIAN_POINT('',(0.0696729111875173,0.166191351116216,0.0211800205650356));
#2833=CARTESIAN_POINT('',(0.0682912891356482,0.16618105784059,0.0211787021737634));
#2834=CARTESIAN_POINT('',(0.0666823352703427,0.166057758176235,0.0211778316498931));
#2835=CARTESIAN_POINT('',(0.0654295299528146,0.165590181474244,0.0211727790588231));
#2836=CARTESIAN_POINT('',(0.064098542818113,0.16475276775708,0.0211700062847737));
#2837=CARTESIAN_POINT('',(0.0632037896191785,0.163818594174186,0.0211653536909361));
#2838=CARTESIAN_POINT('',(0.0625332860021597,0.162152608024425,0.0211514107516509));
#2839=CARTESIAN_POINT('',(0.0621547005383792,0.162152608024425,0.0211514107516509));
#2840=CARTESIAN_POINT('',(0.0710819207390815,0.16601241291897,0.0208932785053621));
#2841=CARTESIAN_POINT('',(0.070650071518819,0.166016642844873,0.0208934003163279));
#2842=CARTESIAN_POINT('',(0.069656784157954,0.16604292335194,0.0208941124266848));
#2843=CARTESIAN_POINT('',(0.0682462782309003,0.166036881345963,0.0208923290791277));
#2844=CARTESIAN_POINT('',(0.0666689817583682,0.165906038644084,0.0208906383498595));
#2845=CARTESIAN_POINT('',(0.065431983635194,0.165435775637379,0.0208839129245048));
#2846=CARTESIAN_POINT('',(0.0641248039758872,0.16459677801387,0.0208791535427468));
#2847=CARTESIAN_POINT('',(0.0632252167586817,0.163659216169251,0.0208722159613416));
#2848=CARTESIAN_POINT('',(0.0625404333378066,0.161981240749358,0.0208528869605792));
#2849=CARTESIAN_POINT('',(0.0621547005383792,0.161981240749358,0.0208528869605792));
#2850=CARTESIAN_POINT('',(0.0710798876569339,0.165902041184535,0.0207677019246061));
#2851=CARTESIAN_POINT('',(0.0706452373805484,0.165906727701667,0.0207677342691356));
#2852=CARTESIAN_POINT('',(0.0696449298731321,0.165935900143505,0.0207679030099812));
#2853=CARTESIAN_POINT('',(0.0682134348540763,0.165931191003157,0.0207666969526903));
#2854=CARTESIAN_POINT('',(0.0666592343937748,0.165798173277545,0.0207636588422042));
#2855=CARTESIAN_POINT('',(0.0654337830381664,0.165320775113699,0.0207592598472436));
#2856=CARTESIAN_POINT('',(0.0641438532234466,0.164486687587797,0.0207521542243628));
#2857=CARTESIAN_POINT('',(0.0632406510475888,0.163545822399872,0.0207449276167631));
#2858=CARTESIAN_POINT('',(0.0625455791907154,0.161857521676855,0.0207290164911717));
#2859=CARTESIAN_POINT('',(0.0621547005383792,0.161857521676855,0.0207290164911717));
#2860=CARTESIAN_POINT('',(0.0710746734908412,0.165630044682272,0.0205814487805928));
#2861=CARTESIAN_POINT('',(0.0706328462863066,0.165635037253381,0.0205814568835863));
#2862=CARTESIAN_POINT('',(0.0696146360437237,0.165666361998545,0.0205814863744224));
#2863=CARTESIAN_POINT('',(0.0681307585702035,0.165670244944485,0.020580724028711));
#2864=CARTESIAN_POINT('',(0.0666346794579256,0.165525052848135,0.0205788760945768));
#2865=CARTESIAN_POINT('',(0.0654383604949757,0.165045920215271,0.0205762355372638));
#2866=CARTESIAN_POINT('',(0.0641912004777874,0.16421385710778,0.0205719903938931));
#2867=CARTESIAN_POINT('',(0.0632784157037246,0.163271955926866,0.0205676838867855));
#2868=CARTESIAN_POINT('',(0.0625581847260242,0.161574480336273,0.0205582149161063));
#2869=CARTESIAN_POINT('',(0.0621547005383792,0.161574480336273,0.0205582149161063));
#2870=CARTESIAN_POINT('',(0.0710726970526195,0.165522106469214,0.020442519662754));
#2871=CARTESIAN_POINT('',(0.0706281491509962,0.165528298169233,0.0204423014496864));
#2872=CARTESIAN_POINT('',(0.0696031502308696,0.165567060909916,0.0204409560570122));
#2873=CARTESIAN_POINT('',(0.0680994320115665,0.165568792293015,0.0204416408849129));
#2874=CARTESIAN_POINT('',(0.0666253734291727,0.165426960370372,0.0204394208240176));
#2875=CARTESIAN_POINT('',(0.0654400959549179,0.164933262169023,0.0204408563345982));
#2876=CARTESIAN_POINT('',(0.0642091350552532,0.164115883085159,0.0204366128587135));
#2877=CARTESIAN_POINT('',(0.0632927130405501,0.163167417056874,0.02043629257666));
#2878=CARTESIAN_POINT('',(0.0625629563230139,0.16146546363838,0.0204319240080333));
#2879=CARTESIAN_POINT('',(0.0621547005383792,0.16146546363838,0.0204319240080333));
#2880=CARTESIAN_POINT('',(0.0710705858550169,0.165408604681437,0.0201249237804803));
#2881=CARTESIAN_POINT('',(0.0706231291075844,0.165414832287735,0.0201252297129364));
#2882=CARTESIAN_POINT('',(0.0695908339993756,0.165453915065176,0.0201271098549313));
#2883=CARTESIAN_POINT('',(0.0680650883373211,0.165459085696317,0.0201259306704254));
#2884=CARTESIAN_POINT('',(0.0666151708073346,0.165311001288488,0.0201296295667558));
#2885=CARTESIAN_POINT('',(0.0654419718941417,0.164816010962136,0.0201275991957116));
#2886=CARTESIAN_POINT('',(0.0642291819895635,0.163996736221695,0.0201349811465969));
#2887=CARTESIAN_POINT('',(0.0633090606176215,0.163045943454186,0.0201364187362154));
#2888=CARTESIAN_POINT('',(0.0625684106448602,0.161335517220113,0.0201440106988514));
#2889=CARTESIAN_POINT('',(0.0621547005383792,0.161335517220113,0.0201440106988514));
#2890=CARTESIAN_POINT('',(0.0710704501133651,0.16540351222122,0.0199476207215039));
#2891=CARTESIAN_POINT('',(0.0706228035715751,0.165408459768275,0.0199483448504321));
#2892=CARTESIAN_POINT('',(0.0695899943830054,0.165439709080267,0.0199527919180592));
#2893=CARTESIAN_POINT('',(0.068062049891741,0.165451011790492,0.0199498875240028));
#2894=CARTESIAN_POINT('',(0.0666142677868559,0.16529261089724,0.019957683615142));
#2895=CARTESIAN_POINT('',(0.0654421136428385,0.164812091568593,0.0199519034142022));
#2896=CARTESIAN_POINT('',(0.0642313057149964,0.163975022574456,0.0199671037373335));
#2897=CARTESIAN_POINT('',(0.0633111189861979,0.163029269376266,0.0199683523349365));
#2898=CARTESIAN_POINT('',(0.0625690961438032,0.161314232968645,0.0199821847212933));
#2899=CARTESIAN_POINT('',(0.0621547005383792,0.161314232968645,0.0199821847212933));
#2900=CARTESIAN_POINT('',(0.0710715425881686,0.165451624994611,0.0197860561630344));
#2901=CARTESIAN_POINT('',(0.0706253941315748,0.165456690661881,0.0197859804560706));
#2902=CARTESIAN_POINT('',(0.0695962421750349,0.165488581446305,0.0197855366458604));
#2903=CARTESIAN_POINT('',(0.0680775632512704,0.165496388474101,0.0197866009083238));
#2904=CARTESIAN_POINT('',(0.0666188780287761,0.165340120792214,0.0197895586937098));
#2905=CARTESIAN_POINT('',(0.0654411995346072,0.164854792241993,0.0197939756580757));
#2906=CARTESIAN_POINT('',(0.0642232027788267,0.164015571423425,0.0198011871374121));
#2907=CARTESIAN_POINT('',(0.0633054023124837,0.163064206305205,0.019808563122494));
#2908=CARTESIAN_POINT('',(0.0625671864092245,0.161340966237815,0.0198248522340381));
#2909=CARTESIAN_POINT('',(0.0621547005383792,0.161340966237815,0.0198248522340381));
#2910=CARTESIAN_POINT('',(0.0709999999972769,0.1654525098307,0.0197860430777644));
#2911=CARTESIAN_POINT('',(0.0709999999972769,0.165405140592051,0.0199451223558353));
#2912=CARTESIAN_POINT('',(0.071000000000614,0.165412100971886,0.0202001648539909));
#2913=CARTESIAN_POINT('',(0.0709999999998844,0.165564226709669,0.0204978892071908));
#2914=CARTESIAN_POINT('',(0.0710000000000309,0.165747426228757,0.0206665748110829));
#2915=CARTESIAN_POINT('',(0.0709999999999919,0.165945728460139,0.0208111528503754));
#2916=CARTESIAN_POINT('',(0.0710000000000046,0.166134196421921,0.0210823135740353));
#2917=CARTESIAN_POINT('',(0.0709999999999984,0.166243900711725,0.0214838712748324));
#2918=CARTESIAN_POINT('',(0.0710000000000002,0.166145253809018,0.0218927154448652));
#2919=CARTESIAN_POINT('',(0.071,0.16596558050657,0.0221653562774321));
#2920=CARTESIAN_POINT('',(0.0709999999999999,0.165771294531056,0.0223221031491165));
#2921=CARTESIAN_POINT('',(0.071,0.165580549952201,0.0224784865060223));
#2922=CARTESIAN_POINT('',(0.0709999999999999,0.165414230105556,0.0227823778838658));
#2923=CARTESIAN_POINT('',(0.071,0.165403349219755,0.0230488617104509));
#2924=CARTESIAN_POINT('',(0.071,0.165452509830627,0.0232139569222346));
#2925=CARTESIAN_POINT('',(0.0710734680508354,0.176380017506749,0.0179062594732064));
#2926=CARTESIAN_POINT('',(0.070687592262941,0.176350583956641,0.0178770102816957));
#2927=CARTESIAN_POINT('',(0.0697865352769817,0.17618155721398,0.0177079420085604));
#2928=CARTESIAN_POINT('',(0.0684504594576364,0.176181780065096,0.0176721688892235));
#2929=CARTESIAN_POINT('',(0.0667457122613133,0.176355171204591,0.0177485049041569));
#2930=CARTESIAN_POINT('',(0.0658589645472573,0.176824622258285,0.0178758054138554));
#2931=CARTESIAN_POINT('',(0.0656297228303833,0.176978092123301,0.0179177350900284));
#2932=CARTESIAN_POINT('',(0.0656187152430283,0.176985536866978,0.0179197696456363));
#2933=CARTESIAN_POINT('',(0.0710687732348049,0.176447759418347,0.0181307545247994));
#2934=CARTESIAN_POINT('',(0.0706772627380733,0.176421197566221,0.0181049889229141));
#2935=CARTESIAN_POINT('',(0.0697623861849396,0.176268633562726,0.0179560609556165));
#2936=CARTESIAN_POINT('',(0.0684059478935465,0.176267904463658,0.0179246862053926));
#2937=CARTESIAN_POINT('',(0.0667305557912683,0.176439250623924,0.0179922589811094));
#2938=CARTESIAN_POINT('',(0.065856271706468,0.176891149126444,0.0181047070469985));
#2939=CARTESIAN_POINT('',(0.0656300104150384,0.177038565564361,0.0181417381494181));
#2940=CARTESIAN_POINT('',(0.0656191453543524,0.177045716080111,0.0181435349992491));
#2941=CARTESIAN_POINT('',(0.0710640696210335,0.176515501329945,0.0183552495763925));
#2942=CARTESIAN_POINT('',(0.0706669189076166,0.1764918111758,0.0183329675641325));
#2943=CARTESIAN_POINT('',(0.0697382463653563,0.176355709911473,0.0182041799026726));
#2944=CARTESIAN_POINT('',(0.0683614326360776,0.176354028862219,0.0181772035215617));
#2945=CARTESIAN_POINT('',(0.0667154012924104,0.176523330043257,0.018236013058062));
#2946=CARTESIAN_POINT('',(0.0658535776187912,0.176957675994602,0.0183336086801417));
#2947=CARTESIAN_POINT('',(0.065630298126703,0.177099039005421,0.0183657412088078));
#2948=CARTESIAN_POINT('',(0.0656195756634541,0.177105895293245,0.0183673003528618));
#2949=CARTESIAN_POINT('',(0.0710508846275424,0.176704578352584,0.0189818462423415));
#2950=CARTESIAN_POINT('',(0.070637955860822,0.176688903503757,0.018969287409409));
#2951=CARTESIAN_POINT('',(0.0696709282041434,0.176598752016055,0.0188967141206027));
#2952=CARTESIAN_POINT('',(0.0682371617614379,0.176594413942479,0.0188820141945952));
#2953=CARTESIAN_POINT('',(0.0666731124876584,0.176758007304315,0.0189163643212463));
#2954=CARTESIAN_POINT('',(0.0658460523985492,0.177143361663342,0.0189725047232395));
#2955=CARTESIAN_POINT('',(0.0656311017447699,0.177267828723847,0.0189909646566299));
#2956=CARTESIAN_POINT('',(0.065620777611606,0.17727386378093,0.0189918603310607));
#2957=CARTESIAN_POINT('',(0.0710423584810174,0.176825913463624,0.0193839478566976));
#2958=CARTESIAN_POINT('',(0.0706192638041057,0.176815382222134,0.0193776286134672));
#2959=CARTESIAN_POINT('',(0.0696277966013904,0.176754717771892,0.0193411293914767));
#2960=CARTESIAN_POINT('',(0.0681573897306305,0.176748674624178,0.0193343075514595));
#2961=CARTESIAN_POINT('',(0.0666459813025321,0.17690860514604,0.0193529615074781));
#2962=CARTESIAN_POINT('',(0.0658412200630332,0.177262520463924,0.0193824991331941));
#2963=CARTESIAN_POINT('',(0.0656316177728719,0.177376145001214,0.0193921850450623));
#2964=CARTESIAN_POINT('',(0.0656215494412892,0.177381653055482,0.0193926549556467));
#2965=CARTESIAN_POINT('',(0.0710337014820648,0.176947248574665,0.0197860494710536));
#2966=CARTESIAN_POINT('',(0.0706003589648518,0.176941860940511,0.0197859698175253));
#2967=CARTESIAN_POINT('',(0.0695848028214369,0.176910683527728,0.0197855446623506));
#2968=CARTESIAN_POINT('',(0.0680775632512704,0.176902935305878,0.0197866009083238));
#2969=CARTESIAN_POINT('',(0.0666188780287761,0.177059202987765,0.0197895586937098));
#2970=CARTESIAN_POINT('',(0.0658363702290079,0.177381679264506,0.0197924935431486));
#2971=CARTESIAN_POINT('',(0.0656321355832246,0.177484461278581,0.0197934054334946));
#2972=CARTESIAN_POINT('',(0.0656223240464983,0.177489442330034,0.0197934495802326));
#2973=CARTESIAN_POINT('',(0.0714,0.176949661889989,0.0197860863498998));
#2974=CARTESIAN_POINT('',(0.0708434969877925,0.176949661889989,0.0197860863498998));
#2975=CARTESIAN_POINT('',(0.0696953947331279,0.176911252044295,0.019785467161558));
#2976=CARTESIAN_POINT('',(0.0680775632512704,0.176902935305878,0.0197866009083238));
#2977=CARTESIAN_POINT('',(0.0666188780287761,0.177059202987765,0.0197895586937098));
#2978=CARTESIAN_POINT('',(0.0654411995346072,0.177544531537985,0.0197939756580757));
#2979=CARTESIAN_POINT('',(0.0642232027788267,0.178383752356555,0.0198011871374121));
#2980=CARTESIAN_POINT('',(0.0633054023124836,0.179335117474774,0.019808563122494));
#2981=CARTESIAN_POINT('',(0.0625671864092245,0.181058357542163,0.019824852234038));
#2982=CARTESIAN_POINT('',(0.0621547005383792,0.181058357542163,0.019824852234038));
#2983=CARTESIAN_POINT('',(0.071,0.176946813949352,0.0197860430777655));
#2984=CARTESIAN_POINT('',(0.0709999999986381,0.176946813949298,0.0197860430777647));
#2985=CARTESIAN_POINT('',(0.0709999999986381,0.176879137747066,0.0195624807015312));
#2986=CARTESIAN_POINT('',(0.071,0.176811394217794,0.0193389387296367));
#2987=CARTESIAN_POINT('',(0.071,0.176743572963055,0.0191154203134598));
#2988=CARTESIAN_POINT('',(0.0656799047342069,0.176806532888338,0.0174025751850348));
#2989=CARTESIAN_POINT('',(0.0656705213112115,0.176812990473174,0.0174046209243446));
#2990=CARTESIAN_POINT('',(0.065203653798231,0.177137173602933,0.0175073268213206));
#2991=CARTESIAN_POINT('',(0.0640301670254247,0.178344783962197,0.0178915532069548));
#2992=CARTESIAN_POINT('',(0.0634193814312671,0.17953080348319,0.0182624707296482));
#2993=CARTESIAN_POINT('',(0.0629836737476056,0.181262138709724,0.0188743871900011));
#2994=CARTESIAN_POINT('',(0.0628559923712077,0.181698895484459,0.0190297602297486));
#2995=CARTESIAN_POINT('',(0.0656792793157832,0.176914598880046,0.0177963685204462));
#2996=CARTESIAN_POINT('',(0.0656701053599148,0.176920649162553,0.0177980831195213));
#2997=CARTESIAN_POINT('',(0.0652136263979109,0.177224352370263,0.0178841636035915));
#2998=CARTESIAN_POINT('',(0.064061709778577,0.178351202963232,0.0182061143372747));
#2999=CARTESIAN_POINT('',(0.063438389664043,0.179460701548669,0.0185168545201599));
#3000=CARTESIAN_POINT('',(0.0629891403361742,0.181068059022409,0.0190294535939683));
#3001=CARTESIAN_POINT('',(0.062858536392766,0.181473364951147,0.0191596082265203));
#3002=CARTESIAN_POINT('',(0.0656786536677669,0.177022664871755,0.0181901618558576));
#3003=CARTESIAN_POINT('',(0.0656696892502144,0.177028307851932,0.018191545314698));
#3004=CARTESIAN_POINT('',(0.0652236026484862,0.177311531137593,0.0182610003858623));
#3005=CARTESIAN_POINT('',(0.0640933038602073,0.178357621964267,0.0185206754675947));
#3006=CARTESIAN_POINT('',(0.0634571452453471,0.179390599614148,0.0187712383106716));
#3007=CARTESIAN_POINT('',(0.0629948065497716,0.180873979335094,0.0191845199979354));
#3008=CARTESIAN_POINT('',(0.0628613657174889,0.181247834417835,0.0192894562232921));
#3009=CARTESIAN_POINT('',(0.0656773862041704,0.177241346779768,0.0189870404722384));
#3010=CARTESIAN_POINT('',(0.0656688462412576,0.177246165544581,0.0189877538370261));
#3011=CARTESIAN_POINT('',(0.0652438128816428,0.177487945742007,0.0190235657892195));
#3012=CARTESIAN_POINT('',(0.064157565006732,0.178370611429053,0.0191572201110804));
#3013=CARTESIAN_POINT('',(0.0634934906518284,0.179248741620212,0.0192860083303339));
#3014=CARTESIAN_POINT('',(0.0630075433592399,0.18048124045714,0.0194983117519563));
#3015=CARTESIAN_POINT('',(0.062868907212385,0.180791451733884,0.0195522161095129));
#3016=CARTESIAN_POINT('',(0.065676744724426,0.177351962696072,0.0193901257532077));
#3017=CARTESIAN_POINT('',(0.0656684195736474,0.177356364547851,0.0193905001641775));
#3018=CARTESIAN_POINT('',(0.0652540415237014,0.177577181579091,0.0194092944103059));
#3019=CARTESIAN_POINT('',(0.0641901574189303,0.178377181892803,0.0194792036242462));
#3020=CARTESIAN_POINT('',(0.0635114480530068,0.179176985560797,0.0195463945594846));
#3021=CARTESIAN_POINT('',(0.0630143235234053,0.180282581266501,0.0196570371020101));
#3022=CARTESIAN_POINT('',(0.0628732042999141,0.180560599583244,0.0196851279989622));
#3023=CARTESIAN_POINT('',(0.0656761012806056,0.177462578612377,0.019793211034177));
#3024=CARTESIAN_POINT('',(0.0656679915490668,0.177466563551122,0.0197932464913288));
#3025=CARTESIAN_POINT('',(0.0652643013917986,0.177666417416176,0.0197950230313922));
#3026=CARTESIAN_POINT('',(0.0642232027788267,0.178383752356555,0.0198011871374121));
#3027=CARTESIAN_POINT('',(0.063527179719649,0.179105229501381,0.0198067807886352));
#3028=CARTESIAN_POINT('',(0.063022862204896,0.180083922075862,0.0198157624520638));
#3029=CARTESIAN_POINT('',(0.0628800146846598,0.180329747432605,0.0198180398884113));
#3030=CARTESIAN_POINT('',(0.0714,0.176949661889989,0.0197860863498998));
#3031=CARTESIAN_POINT('',(0.0708434969877925,0.176949661889989,0.0197860863498998));
#3032=CARTESIAN_POINT('',(0.0696953947331279,0.176911252044295,0.019785467161558));
#3033=CARTESIAN_POINT('',(0.0680775632512704,0.176902935305878,0.0197866009083238));
#3034=CARTESIAN_POINT('',(0.0666188780287761,0.177059202987765,0.0197895586937098));
#3035=CARTESIAN_POINT('',(0.0654411995346072,0.177544531537985,0.0197939756580757));
#3036=CARTESIAN_POINT('',(0.0642232027788267,0.178383752356555,0.0198011871374121));
#3037=CARTESIAN_POINT('',(0.0633054023124836,0.179335117474774,0.019808563122494));
#3038=CARTESIAN_POINT('',(0.0625671864092245,0.181058357542163,0.019824852234038));
#3039=CARTESIAN_POINT('',(0.0621547005383792,0.181058357542163,0.019824852234038));
#3040=CARTESIAN_POINT('',(0.0710337014820648,0.176947248574665,0.0232139505289464));
#3041=CARTESIAN_POINT('',(0.0706003589648518,0.176941860940511,0.0232140301824747));
#3042=CARTESIAN_POINT('',(0.0695848028214369,0.176910683527728,0.0232144553376494));
#3043=CARTESIAN_POINT('',(0.0680775632512704,0.176902935305878,0.0232133990916762));
#3044=CARTESIAN_POINT('',(0.0666188780287761,0.177059202987765,0.0232104413062902));
#3045=CARTESIAN_POINT('',(0.0658363702290081,0.177381679264506,0.0232075064568515));
#3046=CARTESIAN_POINT('',(0.0656321355832249,0.177484461278581,0.0232065945665054));
#3047=CARTESIAN_POINT('',(0.0656223240464988,0.177489442330033,0.0232065504197674));
#3048=CARTESIAN_POINT('',(0.0710400003978656,0.176826908627969,0.0236162700464426));
#3049=CARTESIAN_POINT('',(0.0706141312464033,0.176818595314136,0.0236230754767947));
#3050=CARTESIAN_POINT('',(0.0696163546897034,0.176770715692114,0.0236623845355508));
#3051=CARTESIAN_POINT('',(0.0681400004960766,0.176766227177697,0.0236697860579981));
#3052=CARTESIAN_POINT('',(0.066639429933484,0.176923813795654,0.0236498275983521));
#3053=CARTESIAN_POINT('',(0.0658401651328935,0.177266128406996,0.0236181404202127));
#3054=CARTESIAN_POINT('',(0.0656317308553226,0.177375763177113,0.0236077472080192));
#3055=CARTESIAN_POINT('',(0.0656217180083434,0.177381077326453,0.0236072429783767));
#3056=CARTESIAN_POINT('',(0.071046202741428,0.176706568681272,0.0240185895639389));
#3057=CARTESIAN_POINT('',(0.0706277464908552,0.176695329687761,0.0240321207711148));
#3058=CARTESIAN_POINT('',(0.0696480082888889,0.176630747856502,0.0241103137334522));
#3059=CARTESIAN_POINT('',(0.068202397479384,0.176629519049517,0.0241261730243199));
#3060=CARTESIAN_POINT('',(0.0666600026614631,0.176788424603542,0.0240892138904139));
#3061=CARTESIAN_POINT('',(0.0658439469557603,0.177150577549485,0.0240287743835739));
#3062=CARTESIAN_POINT('',(0.0656313274597711,0.177267065075644,0.0240088998495331));
#3063=CARTESIAN_POINT('',(0.0656211140450397,0.177272712322873,0.0240079355369859));
#3064=CARTESIAN_POINT('',(0.0710549110633605,0.176536289847751,0.0245878643560838));
#3065=CARTESIAN_POINT('',(0.0706469013816247,0.176520911070763,0.0246109124150078));
#3066=CARTESIAN_POINT('',(0.0696928685948949,0.176432695917532,0.0247441253929457));
#3067=CARTESIAN_POINT('',(0.0682906622852734,0.176436079537214,0.0247719522721362));
#3068=CARTESIAN_POINT('',(0.0666891200446879,0.176596851361762,0.0247109374936871));
#3069=CARTESIAN_POINT('',(0.0658492943957765,0.176987075189966,0.0246098139652349));
#3070=CARTESIAN_POINT('',(0.0656307570455275,0.177113259241155,0.0245765235334084));
#3071=CARTESIAN_POINT('',(0.0656202600458249,0.17711937781583,0.0245749082119281));
#3072=CARTESIAN_POINT('',(0.0710574567560448,0.176486350960926,0.0247548196307324));
#3073=CARTESIAN_POINT('',(0.0706525056404883,0.176469758080139,0.0247806587645808));
#3074=CARTESIAN_POINT('',(0.0697060337731686,0.176374611814175,0.0249300078545378));
#3075=CARTESIAN_POINT('',(0.0683165450163817,0.176379348153092,0.0249613445536305));
#3076=CARTESIAN_POINT('',(0.0666976609228701,0.176540667312094,0.0248932748048982));
#3077=CARTESIAN_POINT('',(0.0658508618306021,0.176939123687957,0.0247802195835347));
#3078=CARTESIAN_POINT('',(0.065630589842303,0.177068151508134,0.0247429945757699));
#3079=CARTESIAN_POINT('',(0.0656200097217294,0.177074408312368,0.0247411883282611));
#3080=CARTESIAN_POINT('',(0.071059997666093,0.1764364120741,0.024921774905381));
#3081=CARTESIAN_POINT('',(0.0706581021218012,0.176418605089516,0.0249504051141537));
#3082=CARTESIAN_POINT('',(0.0697192039852576,0.176316527710819,0.02511589031613));
#3083=CARTESIAN_POINT('',(0.0683424257766505,0.176322616768969,0.0251507368351249));
#3084=CARTESIAN_POINT('',(0.0667062027653304,0.176484483262426,0.0250756121161094));
#3085=CARTESIAN_POINT('',(0.065852428667442,0.176891172185948,0.0249506252018345));
#3086=CARTESIAN_POINT('',(0.065630422699977,0.177023043775113,0.0249094656181313));
#3087=CARTESIAN_POINT('',(0.0656197594924819,0.177029438808905,0.024907468444594));
#3088=CARTESIAN_POINT('',(0.071,0.176751313741286,0.0238665020577887));
#3089=CARTESIAN_POINT('',(0.071,0.176816495230999,0.0236489914327573));
#3090=CARTESIAN_POINT('',(0.071,0.176881661488202,0.0234314762441203));
#3091=CARTESIAN_POINT('',(0.071,0.176946813949352,0.0232139569222346));
#3092=CARTESIAN_POINT('',(0.0709999999972769,0.176946813949279,0.0232139569222356));
#3093=CARTESIAN_POINT('',(0.0714,0.176949661889989,0.0232139136501003));
#3094=CARTESIAN_POINT('',(0.0708434969877925,0.176949661889989,0.0232139136501003));
#3095=CARTESIAN_POINT('',(0.0696953947331278,0.176911252044295,0.0232145328384421));
#3096=CARTESIAN_POINT('',(0.0680775632512704,0.176902935305878,0.0232133990916762));
#3097=CARTESIAN_POINT('',(0.0666188780287761,0.177059202987765,0.0232104413062902));
#3098=CARTESIAN_POINT('',(0.0654411995346072,0.177544531537985,0.0232060243419243));
#3099=CARTESIAN_POINT('',(0.0642232027788267,0.178383752356555,0.0231988128625879));
#3100=CARTESIAN_POINT('',(0.0633054023124837,0.179335117474774,0.023191436877506));
#3101=CARTESIAN_POINT('',(0.0625671864092245,0.181058357542163,0.0231751477659618));
#3102=CARTESIAN_POINT('',(0.0621547005383792,0.181058357542163,0.0231751477659618));
#3103=CARTESIAN_POINT('',(0.0656761012808662,0.177462578612248,0.0232067889658241));
#3104=CARTESIAN_POINT('',(0.0656679915492404,0.177466563551036,0.023206753508672));
#3105=CARTESIAN_POINT('',(0.0652643013918808,0.177666417416119,0.0232049769686084));
#3106=CARTESIAN_POINT('',(0.0642232027788267,0.178383752356555,0.0231988128625879));
#3107=CARTESIAN_POINT('',(0.0635271797246054,0.179105229496244,0.0231932192114046));
#3108=CARTESIAN_POINT('',(0.06302286221503,0.180083922056196,0.0231842375481167));
#3109=CARTESIAN_POINT('',(0.0628800147001724,0.180329747405909,0.023181960111836));
#3110=CARTESIAN_POINT('',(0.0656766029015053,0.177352427190377,0.0236099568516221));
#3111=CARTESIAN_POINT('',(0.0656683254927543,0.177356675583771,0.0236095551097807));
#3112=CARTESIAN_POINT('',(0.0652563034612426,0.177569777233143,0.0235893887823315));
#3113=CARTESIAN_POINT('',(0.0641956041043438,0.178339445482071,0.0235143545014886));
#3114=CARTESIAN_POINT('',(0.0635115255097435,0.179109985792045,0.023442221900656));
#3115=CARTESIAN_POINT('',(0.0630136908846493,0.180167615873851,0.0233234309669805));
#3116=CARTESIAN_POINT('',(0.0628725303517556,0.18043345906882,0.0232932711460546));
#3117=CARTESIAN_POINT('',(0.0656771030537808,0.177242275768504,0.0240131247374201));
#3118=CARTESIAN_POINT('',(0.0656686584218018,0.177246787616506,0.0240123567108895));
#3119=CARTESIAN_POINT('',(0.0652483288755738,0.177473137050165,0.0239738005960545));
#3120=CARTESIAN_POINT('',(0.0641683439199166,0.178295138607589,0.0238298961403892));
#3121=CARTESIAN_POINT('',(0.0634942079558122,0.179114742087845,0.0236912245899075));
#3122=CARTESIAN_POINT('',(0.0630058337326456,0.180251309691507,0.0234626243858443));
#3123=CARTESIAN_POINT('',(0.0628669242449114,0.180537170731731,0.0234045821802732));
#3124=CARTESIAN_POINT('',(0.0656781027654438,0.177021972924761,0.0248194605090162));
#3125=CARTESIAN_POINT('',(0.0656693238694251,0.177027011681976,0.024817959913107));
#3126=CARTESIAN_POINT('',(0.0652323891276367,0.177279856684212,0.0247426242235008));
#3127=CARTESIAN_POINT('',(0.0641139665055287,0.178206524858622,0.0244609794181904));
#3128=CARTESIAN_POINT('',(0.0634588720349977,0.179124254679446,0.0241892299684104));
#3129=CARTESIAN_POINT('',(0.0629906730946289,0.180418697326817,0.0237410112235719));
#3130=CARTESIAN_POINT('',(0.0628565033524505,0.180744594057554,0.0236272042487104));
#3131=CARTESIAN_POINT('',(0.0656786020702679,0.176911821502889,0.0252226283948142));
#3132=CARTESIAN_POINT('',(0.0656696562123795,0.176917123714711,0.0252207615142158));
#3133=CARTESIAN_POINT('',(0.0652244280133752,0.177183216501236,0.0251270360372239));
#3134=CARTESIAN_POINT('',(0.064086906110086,0.17816221798414,0.024776521057091));
#3135=CARTESIAN_POINT('',(0.0634405738936334,0.179129010975247,0.0244382326576618));
#3136=CARTESIAN_POINT('',(0.0629835906645184,0.180502391144473,0.0238802046424357));
#3137=CARTESIAN_POINT('',(0.0628520044987285,0.180848305720465,0.0237385152829291));
#3138=CARTESIAN_POINT('',(0.0656794940856569,0.176714970497887,0.0259431275236978));
#3139=CARTESIAN_POINT('',(0.0656702499409278,0.176720743527999,0.0259406060577298));
#3140=CARTESIAN_POINT('',(0.065210205353731,0.177010511357541,0.0258140162920421));
#3141=CARTESIAN_POINT('',(0.0640386111347046,0.178083037410504,0.025340423798264));
#3142=CARTESIAN_POINT('',(0.0634075557922972,0.17913751092552,0.0248832240049767));
#3143=CARTESIAN_POINT('',(0.0629711846300227,0.180651959909341,0.0241289564417988));
#3144=CARTESIAN_POINT('',(0.0628443232602897,0.181033648267366,0.023937438624829));
#3145=CARTESIAN_POINT('',(0.0656798868627441,0.176628270914756,0.0262604587667834));
#3146=CARTESIAN_POINT('',(0.0656705113724113,0.176634251308552,0.0262576490001351));
#3147=CARTESIAN_POINT('',(0.0652039427505153,0.176934446396823,0.0261165847331373));
#3148=CARTESIAN_POINT('',(0.0640173617312034,0.178048163711353,0.0255887849005363));
#3149=CARTESIAN_POINT('',(0.0633929088107903,0.179141254579993,0.0250792126630401));
#3150=CARTESIAN_POINT('',(0.0629658033636,0.180717834856555,0.0242385148222982));
#3151=CARTESIAN_POINT('',(0.0628410584653685,0.181115279151356,0.0240250509325102));
#3152=CARTESIAN_POINT('',(0.0656802799692428,0.176541571331626,0.026577790009869));
#3153=CARTESIAN_POINT('',(0.0656707730315163,0.176547759089105,0.0265746919425403));
#3154=CARTESIAN_POINT('',(0.0651976749102261,0.176858381436105,0.0264191531742325));
#3155=CARTESIAN_POINT('',(0.0639960361192052,0.178013290012201,0.0258371460028086));
#3156=CARTESIAN_POINT('',(0.0633786362455195,0.179144998234465,0.0252752013211035));
#3157=CARTESIAN_POINT('',(0.0629601262782563,0.180783709803768,0.0243480732027976));
#3158=CARTESIAN_POINT('',(0.0628373708814122,0.181196910035346,0.0241126632401915));
#3159=CARTESIAN_POINT('',(0.0714,0.176949661889989,0.0232139136501003));
#3160=CARTESIAN_POINT('',(0.0708434969877925,0.176949661889989,0.0232139136501003));
#3161=CARTESIAN_POINT('',(0.0696953947331278,0.176911252044295,0.0232145328384421));
#3162=CARTESIAN_POINT('',(0.0680775632512704,0.176902935305878,0.0232133990916762));
#3163=CARTESIAN_POINT('',(0.0666188780287761,0.177059202987765,0.0232104413062902));
#3164=CARTESIAN_POINT('',(0.0654411995346072,0.177544531537985,0.0232060243419243));
#3165=CARTESIAN_POINT('',(0.0642232027788267,0.178383752356555,0.0231988128625879));
#3166=CARTESIAN_POINT('',(0.0633054023124837,0.179335117474774,0.023191436877506));
#3167=CARTESIAN_POINT('',(0.0625671864092245,0.181058357542163,0.0231751477659618));
#3168=CARTESIAN_POINT('',(0.0621547005383792,0.181058357542163,0.0231751477659618));
#3169=CARTESIAN_POINT('',(0.0621547005383792,0.182592156974319,0.0215));
#3170=CARTESIAN_POINT('',(0.0621547005383792,0.180269661889989,0.0230411359446849));
#3171=CARTESIAN_POINT('',(0.0621547005383792,0.180682995223323,0.0223561866359361));
#3172=CARTESIAN_POINT('',(0.0621547005383792,0.181199661889989,0.0215));
#3173=CARTESIAN_POINT('',(0.0621547005383792,0.180682995223323,0.0206438133640639));
#3174=CARTESIAN_POINT('',(0.0621547005383792,0.180269661889989,0.019958864055315));
#3175=CARTESIAN_POINT('',(0.0710715425881686,0.176947698785368,0.0197860561630344));
#3176=CARTESIAN_POINT('',(0.0706253941315749,0.176942633118099,0.0197859804560706));
#3177=CARTESIAN_POINT('',(0.0695962421750349,0.176910742333674,0.0197855366458604));
#3178=CARTESIAN_POINT('',(0.0680775632512704,0.176902935305878,0.0197866009083238));
#3179=CARTESIAN_POINT('',(0.0666188780287761,0.177059202987765,0.0197895586937098));
#3180=CARTESIAN_POINT('',(0.0654411995346072,0.177544531537985,0.0197939756580757));
#3181=CARTESIAN_POINT('',(0.0642232027788267,0.178383752356555,0.0198011871374121));
#3182=CARTESIAN_POINT('',(0.0633054023124837,0.179335117474774,0.019808563122494));
#3183=CARTESIAN_POINT('',(0.0625671864092245,0.181058357542163,0.019824852234038));
#3184=CARTESIAN_POINT('',(0.0621547005383792,0.181058357542163,0.019824852234038));
#3185=CARTESIAN_POINT('',(0.0710704501133653,0.176995811558754,0.0199476207214872));
#3186=CARTESIAN_POINT('',(0.0706228035715754,0.176990864011699,0.0199483448504141));
#3187=CARTESIAN_POINT('',(0.0695899943830063,0.176959614699704,0.0199527919180333));
#3188=CARTESIAN_POINT('',(0.0680620498917431,0.176948311989482,0.0199498875239836));
#3189=CARTESIAN_POINT('',(0.0666142677868565,0.17710671288273,0.0199576836151133));
#3190=CARTESIAN_POINT('',(0.0654421136428384,0.177587232211383,0.0199519034141913));
#3191=CARTESIAN_POINT('',(0.0642313057149954,0.178424301205517,0.0199671037373068));
#3192=CARTESIAN_POINT('',(0.0633111189861973,0.179370054403709,0.0199683523349188));
#3193=CARTESIAN_POINT('',(0.0625690961438029,0.181085090811331,0.0199821847212791));
#3194=CARTESIAN_POINT('',(0.0621547005383792,0.181085090811331,0.0199821847212791));
#3195=CARTESIAN_POINT('',(0.0710705858550163,0.176990719098577,0.0201249237795757));
#3196=CARTESIAN_POINT('',(0.0706231291075828,0.176984491492284,0.0201252297120282));
#3197=CARTESIAN_POINT('',(0.0695908339993713,0.176945408714873,0.020127109854001));
#3198=CARTESIAN_POINT('',(0.0680650883373052,0.176940238083709,0.0201259306695106));
#3199=CARTESIAN_POINT('',(0.06661517080733,0.177088322491577,0.0201296295658352));
#3200=CARTESIAN_POINT('',(0.0654419718941424,0.177583312817879,0.0201275991948157));
#3201=CARTESIAN_POINT('',(0.0642291819895746,0.178402587558388,0.0201349811456948));
#3202=CARTESIAN_POINT('',(0.0633090606176323,0.179353380325879,0.0201364187353582));
#3203=CARTESIAN_POINT('',(0.0625684106448638,0.181063806559988,0.0201440106979586));
#3204=CARTESIAN_POINT('',(0.0621547005383792,0.181063806559988,0.0201440106979586));
#3205=CARTESIAN_POINT('',(0.0710726970526037,0.176877217311601,0.0204425196612205));
#3206=CARTESIAN_POINT('',(0.0706281491509585,0.176871025611582,0.0204423014481473));
#3207=CARTESIAN_POINT('',(0.0696031502307771,0.176832262870896,0.0204409560554387));
#3208=CARTESIAN_POINT('',(0.068099432011312,0.176830531487773,0.0204416408833656));
#3209=CARTESIAN_POINT('',(0.0666253734290971,0.176972363410448,0.0204394208224605));
#3210=CARTESIAN_POINT('',(0.0654400959549319,0.17746606161182,0.0204408563330901));
#3211=CARTESIAN_POINT('',(0.0642091350553999,0.178283440695671,0.0204366128571954));
#3212=CARTESIAN_POINT('',(0.063292713040668,0.179231906723951,0.0204362925752152));
#3213=CARTESIAN_POINT('',(0.0625629563230532,0.180933860142543,0.0204319240065636));
#3214=CARTESIAN_POINT('',(0.0621547005383792,0.180933860142543,0.0204319240065636));
#3215=CARTESIAN_POINT('',(0.0710746734908141,0.176769279099128,0.0205814487796194));
#3216=CARTESIAN_POINT('',(0.0706328462862421,0.176764286528018,0.0205814568826127));
#3217=CARTESIAN_POINT('',(0.0696146360435652,0.176732961782842,0.020581486373448));
#3218=CARTESIAN_POINT('',(0.0681307585697715,0.176729078836858,0.0205807240277391));
#3219=CARTESIAN_POINT('',(0.0666346794577972,0.176874270933271,0.0205788760936111));
#3220=CARTESIAN_POINT('',(0.0654383604949996,0.177353403566145,0.0205762355363073));
#3221=CARTESIAN_POINT('',(0.0641912004780348,0.178185466673626,0.0205719903929514));
#3222=CARTESIAN_POINT('',(0.0632784157039225,0.179127367854545,0.020567683885859));
#3223=CARTESIAN_POINT('',(0.0625581847260889,0.180824843445186,0.0205582149152135));
#3224=CARTESIAN_POINT('',(0.0621547005383792,0.180824843445186,0.0205582149152135));
#3225=CARTESIAN_POINT('',(0.0710798876569067,0.17649728259686,0.0207677019236371));
#3226=CARTESIAN_POINT('',(0.0706452373804837,0.176492596079726,0.0207677342681665));
#3227=CARTESIAN_POINT('',(0.0696449298729747,0.176463423637877,0.0207679030090113));
#3228=CARTESIAN_POINT('',(0.0682134348536461,0.17646813277818,0.0207666969517228));
#3229=CARTESIAN_POINT('',(0.066659234393647,0.176601150503855,0.020763658841243));
#3230=CARTESIAN_POINT('',(0.0654337830381902,0.177078548667711,0.0207592598462914));
#3231=CARTESIAN_POINT('',(0.064143853223693,0.177912636193601,0.0207521542234255));
#3232=CARTESIAN_POINT('',(0.0632406510477848,0.178853501381532,0.0207449276158409));
#3233=CARTESIAN_POINT('',(0.0625455791907819,0.180541802104596,0.020729016490283));
#3234=CARTESIAN_POINT('',(0.0621547005383792,0.180541802104596,0.020729016490283));
#3235=CARTESIAN_POINT('',(0.0710819199873362,0.176386910862948,0.020893278502994));
#3236=CARTESIAN_POINT('',(0.0706500701653428,0.176382680937033,0.0208934003139668));
#3237=CARTESIAN_POINT('',(0.0696567849985579,0.176356400429884,0.0208941124243669));
#3238=CARTESIAN_POINT('',(0.06824627794779,0.176362442435857,0.020892329076781));
#3239=CARTESIAN_POINT('',(0.0666689817835819,0.176493285137759,0.020890638347536));
#3240=CARTESIAN_POINT('',(0.0654319836240512,0.17696354814461,0.0208839129221398));
#3241=CARTESIAN_POINT('',(0.0641248040199492,0.177802545768008,0.020879153540421));
#3242=CARTESIAN_POINT('',(0.0632252164929523,0.178740107612739,0.0208722159589468));
#3243=CARTESIAN_POINT('',(0.0625404338983383,0.180418083032698,0.0208528869583005));
#3244=CARTESIAN_POINT('',(0.0621547005383792,0.180418083032698,0.0208528869583005));
#3245=CARTESIAN_POINT('',(0.0710846832351775,0.176237245674754,0.0211793028218333));
#3246=CARTESIAN_POINT('',(0.07065664123761,0.176233170084117,0.0211794068329022));
#3247=CARTESIAN_POINT('',(0.0696729128689653,0.176207972665338,0.0211800205607652));
#3248=CARTESIAN_POINT('',(0.0682912885700865,0.176218265940943,0.0211787021693713));
#3249=CARTESIAN_POINT('',(0.0666823353209655,0.176341565605367,0.0211778316456142));
#3250=CARTESIAN_POINT('',(0.0654295299304926,0.176809142307411,0.0211727790542936));
#3251=CARTESIAN_POINT('',(0.0640985429058578,0.177646556024577,0.0211700062804287));
#3252=CARTESIAN_POINT('',(0.0632037890874147,0.178580729607587,0.0211653536863389));
#3253=CARTESIAN_POINT('',(0.0625332871231233,0.180246715757332,0.0211514107472175));
#3254=CARTESIAN_POINT('',(0.0621547005383792,0.180246715757332,0.0211514107472175));
#3255=CARTESIAN_POINT('',(0.0710854140913645,0.176197952034651,0.0213396061762562));
#3256=CARTESIAN_POINT('',(0.070658379300448,0.176193576879123,0.0213396265941395));
#3257=CARTESIAN_POINT('',(0.0696771842805618,0.176166588076777,0.0213397422318234));
#3258=CARTESIAN_POINT('',(0.0683034516214377,0.176179822673769,0.0213393091666913));
#3259=CARTESIAN_POINT('',(0.066685940135181,0.176297646903135,0.0213382231973106));
#3260=CARTESIAN_POINT('',(0.0654288758600807,0.17676989394415,0.0213365926728941));
#3261=CARTESIAN_POINT('',(0.064091334134931,0.177600632056349,0.0213340053378114));
#3262=CARTESIAN_POINT('',(0.0631977999146107,0.178534542011362,0.0213313227106762));
#3263=CARTESIAN_POINT('',(0.0625312856403519,0.18019966189044,0.0213254938355672));
#3264=CARTESIAN_POINT('',(0.0621547005383792,0.18019966189044,0.0213254938355672));
#3265=CARTESIAN_POINT('',(0.0710854155948002,0.176197952033825,0.0216603938186105));
#3266=CARTESIAN_POINT('',(0.0706583820072695,0.176193576878293,0.0216603734007609));
#3267=CARTESIAN_POINT('',(0.069677182599031,0.176166588075929,0.0216602577632831));
#3268=CARTESIAN_POINT('',(0.0683034521867706,0.176179822672972,0.0216606908282619));
#3269=CARTESIAN_POINT('',(0.0666859400844902,0.176297646902227,0.0216617767977648));
#3270=CARTESIAN_POINT('',(0.0654288758824151,0.176769893943339,0.0216634073218764));
#3271=CARTESIAN_POINT('',(0.064091334047319,0.177600632055403,0.0216659946571506));
#3272=CARTESIAN_POINT('',(0.0631978004464837,0.178534542010373,0.0216686772839309));
#3273=CARTESIAN_POINT('',(0.0625312845194217,0.180199661889539,0.0216745061592732));
#3274=CARTESIAN_POINT('',(0.0621547005383792,0.180199661889539,0.0216745061592732));
#3275=CARTESIAN_POINT('',(0.071084684738627,0.176237245673121,0.0218206971737086));
#3276=CARTESIAN_POINT('',(0.0706566439444645,0.176233170082493,0.0218205931626661));
#3277=CARTESIAN_POINT('',(0.0696729111875173,0.176207972663763,0.0218199794349644));
#3278=CARTESIAN_POINT('',(0.0682912891356482,0.176218265939389,0.0218212978262366));
#3279=CARTESIAN_POINT('',(0.0666823352703427,0.176341565603744,0.0218221683501069));
#3280=CARTESIAN_POINT('',(0.0654295299528146,0.176809142305735,0.0218272209411769));
#3281=CARTESIAN_POINT('',(0.064098542818113,0.177646556022899,0.0218299937152264));
#3282=CARTESIAN_POINT('',(0.0632037896191785,0.178580729605793,0.0218346463090639));
#3283=CARTESIAN_POINT('',(0.0625332860021597,0.180246715755554,0.0218485892483491));
#3284=CARTESIAN_POINT('',(0.0621547005383792,0.180246715755554,0.0218485892483491));
#3285=CARTESIAN_POINT('',(0.0710819207390816,0.176386910861009,0.022106721494638));
#3286=CARTESIAN_POINT('',(0.070650071518819,0.176382680935107,0.0221065996836722));
#3287=CARTESIAN_POINT('',(0.069656784157954,0.176356400428039,0.0221058875733152));
#3288=CARTESIAN_POINT('',(0.0682462782309003,0.176362442434017,0.0221076709208724));
#3289=CARTESIAN_POINT('',(0.0666689817583682,0.176493285135895,0.0221093616501405));
#3290=CARTESIAN_POINT('',(0.065431983635194,0.1769635481426,0.0221160870754952));
#3291=CARTESIAN_POINT('',(0.0641248039758872,0.177802545766109,0.0221208464572532));
#3292=CARTESIAN_POINT('',(0.0632252167586817,0.178740107610729,0.0221277840386584));
#3293=CARTESIAN_POINT('',(0.0625404333378066,0.180418083030622,0.0221471130394208));
#3294=CARTESIAN_POINT('',(0.0621547005383792,0.180418083030622,0.0221471130394208));
#3295=CARTESIAN_POINT('',(0.071079887656934,0.176497282595444,0.0222322980753939));
#3296=CARTESIAN_POINT('',(0.0706452373805484,0.176492596078313,0.0222322657308644));
#3297=CARTESIAN_POINT('',(0.0696449298731321,0.176463423636475,0.0222320969900188));
#3298=CARTESIAN_POINT('',(0.0682134348540763,0.176468132776822,0.0222333030473097));
#3299=CARTESIAN_POINT('',(0.0666592343937748,0.176601150502434,0.0222363411577958));
#3300=CARTESIAN_POINT('',(0.0654337830381664,0.177078548666281,0.0222407401527564));
#3301=CARTESIAN_POINT('',(0.0641438532234466,0.177912636192182,0.0222478457756372));
#3302=CARTESIAN_POINT('',(0.0632406510475888,0.178853501380107,0.0222550723832369));
#3303=CARTESIAN_POINT('',(0.0625455791907154,0.180541802103124,0.0222709835088283));
#3304=CARTESIAN_POINT('',(0.0621547005383792,0.180541802103124,0.0222709835088283));
#3305=CARTESIAN_POINT('',(0.0710746734908412,0.176769279097707,0.0224185512194072));
#3306=CARTESIAN_POINT('',(0.0706328462863066,0.176764286526598,0.0224185431164137));
#3307=CARTESIAN_POINT('',(0.0696146360437237,0.176732961781434,0.0224185136255776));
#3308=CARTESIAN_POINT('',(0.0681307585702035,0.176729078835494,0.022419275971289));
#3309=CARTESIAN_POINT('',(0.0666346794579256,0.176874270931844,0.0224211239054232));
#3310=CARTESIAN_POINT('',(0.0654383604949757,0.177353403564708,0.0224237644627362));
#3311=CARTESIAN_POINT('',(0.0641912004777874,0.1781854666722,0.0224280096061069));
#3312=CARTESIAN_POINT('',(0.0632784157037246,0.179127367853113,0.0224323161132146));
#3313=CARTESIAN_POINT('',(0.0625581847260242,0.180824843443707,0.0224417850838937));
#3314=CARTESIAN_POINT('',(0.0621547005383792,0.180824843443707,0.0224417850838937));
#3315=CARTESIAN_POINT('',(0.0710726970526196,0.176877217310765,0.022557480337246));
#3316=CARTESIAN_POINT('',(0.0706281491509962,0.176871025610746,0.0225576985503136));
#3317=CARTESIAN_POINT('',(0.0696031502308696,0.176832262870063,0.0225590439429878));
#3318=CARTESIAN_POINT('',(0.0680994320115665,0.176830531486964,0.0225583591150872));
#3319=CARTESIAN_POINT('',(0.0666253734291727,0.176972363409608,0.0225605791759823));
#3320=CARTESIAN_POINT('',(0.0654400959549179,0.177466061610956,0.0225591436654018));
#3321=CARTESIAN_POINT('',(0.0642091350552532,0.17828344069482,0.0225633871412865));
#3322=CARTESIAN_POINT('',(0.0632927130405501,0.179231906723105,0.02256370742334));
#3323=CARTESIAN_POINT('',(0.0625629563230139,0.180933860141599,0.0225680759919668));
#3324=CARTESIAN_POINT('',(0.0621547005383792,0.180933860141599,0.0225680759919668));
#3325=CARTESIAN_POINT('',(0.071070585855017,0.176990719098542,0.0228750762195197));
#3326=CARTESIAN_POINT('',(0.0706231291075844,0.176984491492244,0.0228747702870636));
#3327=CARTESIAN_POINT('',(0.0695908339993756,0.176945408714803,0.0228728901450687));
#3328=CARTESIAN_POINT('',(0.0680650883373211,0.176940238083662,0.0228740693295746));
#3329=CARTESIAN_POINT('',(0.0666151708073346,0.177088322491491,0.0228703704332442));
#3330=CARTESIAN_POINT('',(0.0654419718941417,0.177583312817843,0.0228724008042884));
#3331=CARTESIAN_POINT('',(0.0642291819895635,0.178402587558283,0.0228650188534031));
#3332=CARTESIAN_POINT('',(0.0633090606176215,0.179353380325794,0.0228635812637846));
#3333=CARTESIAN_POINT('',(0.0625684106448602,0.181063806559866,0.0228559893011486));
#3334=CARTESIAN_POINT('',(0.0621547005383792,0.181063806559866,0.0228559893011486));
#3335=CARTESIAN_POINT('',(0.0710704501133651,0.176995811558759,0.0230523792784961));
#3336=CARTESIAN_POINT('',(0.0706228035715751,0.176990864011705,0.0230516551495679));
#3337=CARTESIAN_POINT('',(0.0695899943830054,0.176959614699712,0.0230472080819408));
#3338=CARTESIAN_POINT('',(0.068062049891741,0.176948311989488,0.0230501124759972));
#3339=CARTESIAN_POINT('',(0.0666142677868559,0.177106712882739,0.023042316384858));
#3340=CARTESIAN_POINT('',(0.0654421136428385,0.177587232211386,0.0230480965857978));
#3341=CARTESIAN_POINT('',(0.0642313057149964,0.178424301205523,0.0230328962626665));
#3342=CARTESIAN_POINT('',(0.0633111189861979,0.179370054403713,0.0230316476650635));
#3343=CARTESIAN_POINT('',(0.0625690961438032,0.181085090811334,0.0230178152787067));
#3344=CARTESIAN_POINT('',(0.0621547005383792,0.181085090811334,0.0230178152787067));
#3345=CARTESIAN_POINT('',(0.0710715425881686,0.176947698785368,0.0232139438369656));
#3346=CARTESIAN_POINT('',(0.0706253941315749,0.176942633118099,0.0232140195439294));
#3347=CARTESIAN_POINT('',(0.0695962421750349,0.176910742333674,0.0232144633541396));
#3348=CARTESIAN_POINT('',(0.0680775632512704,0.176902935305878,0.0232133990916762));
#3349=CARTESIAN_POINT('',(0.0666188780287761,0.177059202987765,0.0232104413062902));
#3350=CARTESIAN_POINT('',(0.0654411995346072,0.177544531537985,0.0232060243419243));
#3351=CARTESIAN_POINT('',(0.0642232027788267,0.178383752356555,0.0231988128625879));
#3352=CARTESIAN_POINT('',(0.0633054023124837,0.179335117474774,0.023191436877506));
#3353=CARTESIAN_POINT('',(0.0625671864092245,0.181058357542163,0.0231751477659618));
#3354=CARTESIAN_POINT('',(0.0621547005383792,0.181058357542163,0.0231751477659618));
#3355=CARTESIAN_POINT('',(0.0709999999972769,0.176946813949279,0.0232139569222356));
#3356=CARTESIAN_POINT('',(0.0709999999972769,0.176994183187929,0.0230548776441649));
#3357=CARTESIAN_POINT('',(0.071000000000614,0.176987222808093,0.0227998351460094));
#3358=CARTESIAN_POINT('',(0.0709999999998844,0.17683509707031,0.0225021107928098));
#3359=CARTESIAN_POINT('',(0.0710000000000309,0.176651897551223,0.0223334251889175));
#3360=CARTESIAN_POINT('',(0.070999999999992,0.176453595319841,0.0221888471496253));
#3361=CARTESIAN_POINT('',(0.0710000000000046,0.176265127358059,0.0219176864259652));
#3362=CARTESIAN_POINT('',(0.0709999999999984,0.176155423068254,0.0215161287251682));
#3363=CARTESIAN_POINT('',(0.0710000000000002,0.176254069970961,0.021107284555135));
#3364=CARTESIAN_POINT('',(0.071,0.176433743273408,0.0208346437225681));
#3365=CARTESIAN_POINT('',(0.071,0.176628029248922,0.0206778968508838));
#3366=CARTESIAN_POINT('',(0.071,0.176818773827778,0.0205215134939778));
#3367=CARTESIAN_POINT('',(0.071,0.176985093674423,0.0202176221161342));
#3368=CARTESIAN_POINT('',(0.071,0.176995974560224,0.0199511382895491));
#3369=CARTESIAN_POINT('',(0.071,0.176946813949352,0.0197860430777655));
#3370=CARTESIAN_POINT('',(0.067002,0.166949661889989,0.0215));
#3371=CARTESIAN_POINT('',(0.067002,0.166690838360578,0.0222569744913951));
#3372=CARTESIAN_POINT('',(0.067002,0.166690838360578,0.0207430255086049));
#3373=CARTESIAN_POINT('',(0.067002,0.16630260306646,0.0196075637715122));
#3374=CARTESIAN_POINT('',(0.067002,0.16630260306646,0.0233924362284877));
#3375=CARTESIAN_POINT('',(0.067002,0.175449661889989,0.0215));
#3376=CARTESIAN_POINT('',(0.067002,0.175708485419402,0.0207430255086049));
#3377=CARTESIAN_POINT('',(0.067002,0.175708485419402,0.0222569744913951));
#3378=CARTESIAN_POINT('',(0.067002,0.176096720713519,0.0233924362284876));
#3379=CARTESIAN_POINT('',(0.067002,0.176096720713519,0.0196075637715124));
#3380=CARTESIAN_POINT('',(0.059002,0.17119966188999,0.0286071634182881));
#3381=CARTESIAN_POINT('',(0.059,0.17119966188999,0.0286071634182881));
#3382=CARTESIAN_POINT('',(0.059,0.170399661889989,0.0286267889146986));
#3383=CARTESIAN_POINT('',(0.059,0.171999661889989,0.0286267889146986));
#3384=CARTESIAN_POINT('',(0.059002,0.171999661889989,0.0286267889146986));
#3385=CARTESIAN_POINT('',(0.054,0.171999661889989,0.0286267889146986));
#3386=CARTESIAN_POINT('',(0.054,0.17119966188999,0.0286071634182881));
#3387=CARTESIAN_POINT('',(0.054,0.170399661889989,0.0286267889146986));
#3388=CARTESIAN_POINT('',(0.059002,0.170399661889989,0.0286267889146986));
#3389=CARTESIAN_POINT('',(0.059002,0.172458290921263,0.0286380399427074));
#3390=CARTESIAN_POINT('',(0.059002,0.172885413159418,0.0284706070677017));
#3391=CARTESIAN_POINT('',(0.059,0.172885413159418,0.0284706070677017));
#3392=CARTESIAN_POINT('',(0.054,0.172885413159418,0.0284706070677017));
#3393=CARTESIAN_POINT('',(0.054,0.172458290921263,0.0286380399427074));
#3394=CARTESIAN_POINT('',(0.059,0.172458290921263,0.0286380399427074));
#3395=CARTESIAN_POINT('',(0.059002,0.173630454940952,0.0281785490188849));
#3396=CARTESIAN_POINT('',(0.054,0.173630454940952,0.0281785490188849));
#3397=CARTESIAN_POINT('',(0.054,0.174388921352676,0.0279233748383806));
#3398=CARTESIAN_POINT('',(0.059,0.173630454940952,0.0281785490188849));
#3399=CARTESIAN_POINT('',(0.059,0.174388921352676,0.0279233748383806));
#3400=CARTESIAN_POINT('',(0.059002,0.174388921352676,0.0279233748383806));
#3401=CARTESIAN_POINT('',(0.054,0.17119966188999,0.0215));
#3402=CARTESIAN_POINT('',(0.054,0.174823739747254,0.0277770869793671));
#3403=CARTESIAN_POINT('',(0.054,0.175167837946714,0.0274736671331361));
#3404=CARTESIAN_POINT('',(0.054,0.175768058475283,0.0269444030429181));
#3405=CARTESIAN_POINT('',(0.054,0.176393509055705,0.0264452069576376));
#3406=CARTESIAN_POINT('',(0.054,0.176752071297965,0.0261590246863777));
#3407=CARTESIAN_POINT('',(0.054,0.176971642137528,0.025756214780377));
#3408=CARTESIAN_POINT('',(0.054,0.177354645959074,0.0250535817091441));
#3409=CARTESIAN_POINT('',(0.054,0.177771642137528,0.0243705741343218));
#3410=CARTESIAN_POINT('',(0.054,0.178010700329239,0.0239790152563298));
#3411=CARTESIAN_POINT('',(0.054,0.178079260325132,0.0235254001100641));
#3412=CARTESIAN_POINT('',(0.054,0.178198851526245,0.0227341459759668));
#3413=CARTESIAN_POINT('',(0.054,0.1783570974094,0.0219497077052446));
#3414=CARTESIAN_POINT('',(0.054,0.178447817604518,0.0215));
#3415=CARTESIAN_POINT('',(0.054,0.1783570974094,0.0210502922947555));
#3416=CARTESIAN_POINT('',(0.054,0.178198851526245,0.0202658540240332));
#3417=CARTESIAN_POINT('',(0.054,0.178079260325133,0.019474599889936));
#3418=CARTESIAN_POINT('',(0.054,0.178010700329239,0.0190209847436702));
#3419=CARTESIAN_POINT('',(0.054,0.177771642137528,0.0186294258656782));
#3420=CARTESIAN_POINT('',(0.054,0.177354645959074,0.0179464182908559));
#3421=CARTESIAN_POINT('',(0.054,0.176971642137528,0.0172437852196232));
#3422=CARTESIAN_POINT('',(0.054,0.176752071297965,0.0168409753136224));
#3423=CARTESIAN_POINT('',(0.054,0.176393509055705,0.0165547930423625));
#3424=CARTESIAN_POINT('',(0.054,0.175768058475283,0.0160555969570819));
#3425=CARTESIAN_POINT('',(0.054,0.175167837946714,0.0155263328668639));
#3426=CARTESIAN_POINT('',(0.054,0.174823739747254,0.0152229130206329));
#3427=CARTESIAN_POINT('',(0.054,0.174388921352676,0.0150766251616194));
#3428=CARTESIAN_POINT('',(0.054,0.173630454940952,0.0148214509811151));
#3429=CARTESIAN_POINT('',(0.054,0.172885413159418,0.0145293929322983));
#3430=CARTESIAN_POINT('',(0.054,0.172458290921263,0.0143619600572926));
#3431=CARTESIAN_POINT('',(0.054,0.171999661889989,0.0143732110853014));
#3432=CARTESIAN_POINT('',(0.054,0.17119966188999,0.0143928365817119));
#3433=CARTESIAN_POINT('',(0.054,0.170399661889989,0.0143732110853013));
#3434=CARTESIAN_POINT('',(0.054,0.169941032858716,0.0143619600572925));
#3435=CARTESIAN_POINT('',(0.054,0.169513910620562,0.0145293929322983));
#3436=CARTESIAN_POINT('',(0.054,0.168768868839028,0.0148214509811151));
#3437=CARTESIAN_POINT('',(0.054,0.168010402427304,0.0150766251616194));
#3438=CARTESIAN_POINT('',(0.054,0.167575584032725,0.0152229130206329));
#3439=CARTESIAN_POINT('',(0.054,0.167231485833265,0.0155263328668639));
#3440=CARTESIAN_POINT('',(0.054,0.166631265304696,0.0160555969570819));
#3441=CARTESIAN_POINT('',(0.054,0.166005814724275,0.0165547930423624));
#3442=CARTESIAN_POINT('',(0.054,0.165647252482014,0.0168409753136223));
#3443=CARTESIAN_POINT('',(0.054,0.165427681642451,0.0172437852196231));
#3444=CARTESIAN_POINT('',(0.054,0.165044677820905,0.0179464182908559));
#3445=CARTESIAN_POINT('',(0.054,0.164627681642451,0.0186294258656782));
#3446=CARTESIAN_POINT('',(0.054,0.16438862345074,0.0190209847436702));
#3447=CARTESIAN_POINT('',(0.054,0.164320063454846,0.0194745998899359));
#3448=CARTESIAN_POINT('',(0.054,0.164200472253734,0.0202658540240332));
#3449=CARTESIAN_POINT('',(0.054,0.164042226370579,0.0210502922947555));
#3450=CARTESIAN_POINT('',(0.054,0.163951506175461,0.0215));
#3451=CARTESIAN_POINT('',(0.054,0.164042226370579,0.0219497077052445));
#3452=CARTESIAN_POINT('',(0.054,0.164200472253734,0.0227341459759668));
#3453=CARTESIAN_POINT('',(0.054,0.164320063454846,0.0235254001100641));
#3454=CARTESIAN_POINT('',(0.054,0.16438862345074,0.0239790152563298));
#3455=CARTESIAN_POINT('',(0.054,0.164627681642451,0.0243705741343218));
#3456=CARTESIAN_POINT('',(0.054,0.165044677820905,0.0250535817091441));
#3457=CARTESIAN_POINT('',(0.054,0.165427681642451,0.0257562147803769));
#3458=CARTESIAN_POINT('',(0.054,0.165647252482014,0.0261590246863776));
#3459=CARTESIAN_POINT('',(0.054,0.166005814724275,0.0264452069576376));
#3460=CARTESIAN_POINT('',(0.054,0.166631265304696,0.0269444030429181));
#3461=CARTESIAN_POINT('',(0.054,0.167231485833265,0.0274736671331361));
#3462=CARTESIAN_POINT('',(0.054,0.167575584032725,0.0277770869793671));
#3463=CARTESIAN_POINT('',(0.054,0.168010402427304,0.0279233748383806));
#3464=CARTESIAN_POINT('',(0.054,0.168768868839028,0.0281785490188849));
#3465=CARTESIAN_POINT('',(0.054,0.169513910620562,0.0284706070677017));
#3466=CARTESIAN_POINT('',(0.054,0.169941032858716,0.0286380399427074));
#3467=CARTESIAN_POINT('',(0.059,0.179199661889989,0.0215));
#3468=CARTESIAN_POINT('',(0.059,0.169941032858716,0.0286380399427074));
#3469=CARTESIAN_POINT('',(0.059,0.169513910620562,0.0284706070677017));
#3470=CARTESIAN_POINT('',(0.059,0.168768868839028,0.0281785490188849));
#3471=CARTESIAN_POINT('',(0.059,0.168010402427304,0.0279233748383806));
#3472=CARTESIAN_POINT('',(0.059,0.167575584032725,0.0277770869793671));
#3473=CARTESIAN_POINT('',(0.059,0.167231485833265,0.0274736671331361));
#3474=CARTESIAN_POINT('',(0.059,0.166631265304696,0.0269444030429181));
#3475=CARTESIAN_POINT('',(0.059,0.166005814724275,0.0264452069576376));
#3476=CARTESIAN_POINT('',(0.059,0.165647252482014,0.0261590246863776));
#3477=CARTESIAN_POINT('',(0.059,0.165427681642451,0.0257562147803769));
#3478=CARTESIAN_POINT('',(0.059,0.165044677820905,0.0250535817091441));
#3479=CARTESIAN_POINT('',(0.059,0.164627681642451,0.0243705741343218));
#3480=CARTESIAN_POINT('',(0.059,0.16438862345074,0.0239790152563298));
#3481=CARTESIAN_POINT('',(0.059,0.164320063454846,0.0235254001100641));
#3482=CARTESIAN_POINT('',(0.059,0.164200472253734,0.0227341459759668));
#3483=CARTESIAN_POINT('',(0.059,0.164042226370579,0.0219497077052445));
#3484=CARTESIAN_POINT('',(0.059,0.163951506175461,0.0215));
#3485=CARTESIAN_POINT('',(0.059,0.164042226370579,0.0210502922947555));
#3486=CARTESIAN_POINT('',(0.059,0.164200472253734,0.0202658540240332));
#3487=CARTESIAN_POINT('',(0.059,0.164320063454846,0.0194745998899359));
#3488=CARTESIAN_POINT('',(0.059,0.16438862345074,0.0190209847436702));
#3489=CARTESIAN_POINT('',(0.059,0.164627681642451,0.0186294258656782));
#3490=CARTESIAN_POINT('',(0.059,0.165044677820905,0.0179464182908559));
#3491=CARTESIAN_POINT('',(0.059,0.165427681642451,0.0172437852196231));
#3492=CARTESIAN_POINT('',(0.059,0.165647252482014,0.0168409753136223));
#3493=CARTESIAN_POINT('',(0.059,0.166005814724275,0.0165547930423624));
#3494=CARTESIAN_POINT('',(0.059,0.166631265304696,0.0160555969570819));
#3495=CARTESIAN_POINT('',(0.059,0.167231485833265,0.0155263328668639));
#3496=CARTESIAN_POINT('',(0.059,0.167575584032725,0.0152229130206329));
#3497=CARTESIAN_POINT('',(0.059,0.168010402427304,0.0150766251616194));
#3498=CARTESIAN_POINT('',(0.059,0.168768868839028,0.0148214509811151));
#3499=CARTESIAN_POINT('',(0.059,0.169513910620562,0.0145293929322983));
#3500=CARTESIAN_POINT('',(0.059,0.169941032858716,0.0143619600572925));
#3501=CARTESIAN_POINT('',(0.059,0.170399661889989,0.0143732110853013));
#3502=CARTESIAN_POINT('',(0.059,0.17119966188999,0.0143928365817119));
#3503=CARTESIAN_POINT('',(0.059,0.171999661889989,0.0143732110853014));
#3504=CARTESIAN_POINT('',(0.059,0.172458290921263,0.0143619600572926));
#3505=CARTESIAN_POINT('',(0.059,0.172885413159418,0.0145293929322983));
#3506=CARTESIAN_POINT('',(0.059,0.173630454940952,0.0148214509811151));
#3507=CARTESIAN_POINT('',(0.059,0.174388921352676,0.0150766251616194));
#3508=CARTESIAN_POINT('',(0.059,0.174823739747254,0.0152229130206329));
#3509=CARTESIAN_POINT('',(0.059,0.175167837946714,0.0155263328668639));
#3510=CARTESIAN_POINT('',(0.059,0.175768058475283,0.0160555969570819));
#3511=CARTESIAN_POINT('',(0.059,0.176393509055705,0.0165547930423625));
#3512=CARTESIAN_POINT('',(0.059,0.176752071297965,0.0168409753136224));
#3513=CARTESIAN_POINT('',(0.059,0.176971642137528,0.0172437852196232));
#3514=CARTESIAN_POINT('',(0.059,0.177354645959074,0.0179464182908559));
#3515=CARTESIAN_POINT('',(0.059,0.177771642137528,0.0186294258656782));
#3516=CARTESIAN_POINT('',(0.059,0.178010700329239,0.0190209847436702));
#3517=CARTESIAN_POINT('',(0.059,0.178079260325133,0.019474599889936));
#3518=CARTESIAN_POINT('',(0.059,0.178198851526245,0.0202658540240332));
#3519=CARTESIAN_POINT('',(0.059,0.1783570974094,0.0210502922947555));
#3520=CARTESIAN_POINT('',(0.059,0.178447817604518,0.0215));
#3521=CARTESIAN_POINT('',(0.059,0.1783570974094,0.0219497077052446));
#3522=CARTESIAN_POINT('',(0.059,0.178198851526245,0.0227341459759668));
#3523=CARTESIAN_POINT('',(0.059,0.178079260325132,0.0235254001100641));
#3524=CARTESIAN_POINT('',(0.059,0.178010700329239,0.0239790152563298));
#3525=CARTESIAN_POINT('',(0.059,0.177771642137528,0.0243705741343218));
#3526=CARTESIAN_POINT('',(0.059,0.177354645959074,0.0250535817091441));
#3527=CARTESIAN_POINT('',(0.059,0.176971642137528,0.025756214780377));
#3528=CARTESIAN_POINT('',(0.059,0.176752071297965,0.0261590246863777));
#3529=CARTESIAN_POINT('',(0.059,0.176393509055705,0.0264452069576376));
#3530=CARTESIAN_POINT('',(0.059,0.175768058475283,0.0269444030429181));
#3531=CARTESIAN_POINT('',(0.059,0.175167837946714,0.0274736671331361));
#3532=CARTESIAN_POINT('',(0.059,0.174823739747254,0.0277770869793671));
#3533=CARTESIAN_POINT('',(0.059002,0.168768868839028,0.0281785490188849));
#3534=CARTESIAN_POINT('',(0.059002,0.169513910620562,0.0284706070677017));
#3535=CARTESIAN_POINT('',(0.059002,0.168010402427304,0.0279233748383806));
#3536=CARTESIAN_POINT('',(0.059002,0.169941032858716,0.0286380399427074));
#3537=CARTESIAN_POINT('',(0.059002,0.166631265304696,0.0269444030429181));
#3538=CARTESIAN_POINT('',(0.059002,0.167231485833265,0.0274736671331361));
#3539=CARTESIAN_POINT('',(0.059002,0.166005814724275,0.0264452069576376));
#3540=CARTESIAN_POINT('',(0.059002,0.167575584032725,0.0277770869793671));
#3541=CARTESIAN_POINT('',(0.059002,0.165044677820905,0.0250535817091441));
#3542=CARTESIAN_POINT('',(0.059002,0.165427681642451,0.0257562147803769));
#3543=CARTESIAN_POINT('',(0.059002,0.164627681642451,0.0243705741343218));
#3544=CARTESIAN_POINT('',(0.059002,0.165647252482014,0.0261590246863776));
#3545=CARTESIAN_POINT('',(0.059002,0.164200472253734,0.0227341459759668));
#3546=CARTESIAN_POINT('',(0.059002,0.164320063454846,0.0235254001100641));
#3547=CARTESIAN_POINT('',(0.059002,0.164042226370579,0.0219497077052445));
#3548=CARTESIAN_POINT('',(0.059002,0.16438862345074,0.0239790152563298));
#3549=CARTESIAN_POINT('',(0.059002,0.164200472253734,0.0202658540240332));
#3550=CARTESIAN_POINT('',(0.059002,0.164042226370579,0.0210502922947555));
#3551=CARTESIAN_POINT('',(0.059002,0.164320063454846,0.0194745998899359));
#3552=CARTESIAN_POINT('',(0.059002,0.163951506175461,0.0215));
#3553=CARTESIAN_POINT('',(0.059002,0.165044677820905,0.0179464182908559));
#3554=CARTESIAN_POINT('',(0.059002,0.164627681642451,0.0186294258656782));
#3555=CARTESIAN_POINT('',(0.059002,0.165427681642451,0.0172437852196231));
#3556=CARTESIAN_POINT('',(0.059002,0.16438862345074,0.0190209847436702));
#3557=CARTESIAN_POINT('',(0.059002,0.166631265304696,0.0160555969570819));
#3558=CARTESIAN_POINT('',(0.059002,0.166005814724275,0.0165547930423624));
#3559=CARTESIAN_POINT('',(0.059002,0.167231485833265,0.0155263328668639));
#3560=CARTESIAN_POINT('',(0.059002,0.165647252482014,0.0168409753136223));
#3561=CARTESIAN_POINT('',(0.059002,0.168768868839028,0.0148214509811151));
#3562=CARTESIAN_POINT('',(0.059002,0.168010402427304,0.0150766251616194));
#3563=CARTESIAN_POINT('',(0.059002,0.169513910620562,0.0145293929322983));
#3564=CARTESIAN_POINT('',(0.059002,0.167575584032725,0.0152229130206329));
#3565=CARTESIAN_POINT('',(0.059002,0.17119966188999,0.0143928365817119));
#3566=CARTESIAN_POINT('',(0.059002,0.170399661889989,0.0143732110853013));
#3567=CARTESIAN_POINT('',(0.059002,0.171999661889989,0.0143732110853014));
#3568=CARTESIAN_POINT('',(0.059002,0.169941032858716,0.0143619600572925));
#3569=CARTESIAN_POINT('',(0.059002,0.173630454940952,0.0148214509811151));
#3570=CARTESIAN_POINT('',(0.059002,0.172885413159418,0.0145293929322983));
#3571=CARTESIAN_POINT('',(0.059002,0.174388921352676,0.0150766251616194));
#3572=CARTESIAN_POINT('',(0.059002,0.172458290921263,0.0143619600572926));
#3573=CARTESIAN_POINT('',(0.059002,0.175768058475283,0.0160555969570819));
#3574=CARTESIAN_POINT('',(0.059002,0.175167837946714,0.0155263328668639));
#3575=CARTESIAN_POINT('',(0.059002,0.176393509055705,0.0165547930423625));
#3576=CARTESIAN_POINT('',(0.059002,0.174823739747254,0.0152229130206329));
#3577=CARTESIAN_POINT('',(0.059002,0.177354645959074,0.0179464182908559));
#3578=CARTESIAN_POINT('',(0.059002,0.176971642137528,0.0172437852196232));
#3579=CARTESIAN_POINT('',(0.059002,0.177771642137528,0.0186294258656782));
#3580=CARTESIAN_POINT('',(0.059002,0.176752071297965,0.0168409753136224));
#3581=CARTESIAN_POINT('',(0.059002,0.178198851526245,0.0202658540240332));
#3582=CARTESIAN_POINT('',(0.059002,0.178079260325133,0.019474599889936));
#3583=CARTESIAN_POINT('',(0.059002,0.1783570974094,0.0210502922947555));
#3584=CARTESIAN_POINT('',(0.059002,0.178010700329239,0.0190209847436702));
#3585=CARTESIAN_POINT('',(0.059002,0.178198851526245,0.0227341459759668));
#3586=CARTESIAN_POINT('',(0.059002,0.1783570974094,0.0219497077052446));
#3587=CARTESIAN_POINT('',(0.059002,0.178079260325132,0.0235254001100641));
#3588=CARTESIAN_POINT('',(0.059002,0.178447817604518,0.0215));
#3589=CARTESIAN_POINT('',(0.059002,0.177354645959074,0.0250535817091441));
#3590=CARTESIAN_POINT('',(0.059002,0.177771642137528,0.0243705741343218));
#3591=CARTESIAN_POINT('',(0.059002,0.176971642137528,0.025756214780377));
#3592=CARTESIAN_POINT('',(0.059002,0.178010700329239,0.0239790152563298));
#3593=CARTESIAN_POINT('',(0.059002,0.175768058475283,0.0269444030429181));
#3594=CARTESIAN_POINT('',(0.059002,0.176393509055705,0.0264452069576376));
#3595=CARTESIAN_POINT('',(0.059002,0.175167837946714,0.0274736671331361));
#3596=CARTESIAN_POINT('',(0.059002,0.176752071297965,0.0261590246863777));
#3597=CARTESIAN_POINT('',(0.059002,0.174823739747254,0.0277770869793671));
#3598=CARTESIAN_POINT('',(0.070998,0.184395814312696,0.0215));
#3599=CARTESIAN_POINT('',(0.070998,0.184395814312696,0.0185));
#3600=CARTESIAN_POINT('',(0.071,0.184395814312696,0.0185));
#3601=CARTESIAN_POINT('',(0.071,0.184395814312696,0.0215));
#3602=CARTESIAN_POINT('',(0.071,0.184395814312696,0.0245));
#3603=CARTESIAN_POINT('',(0.070998,0.184395814312696,0.0245));
#3604=CARTESIAN_POINT('',(0.071,0.181199661889989,0.0215));
#3605=CARTESIAN_POINT('',(0.071,0.180395814312697,0.0245));
#3606=CARTESIAN_POINT('',(0.071,0.180395814312697,0.0185));
#3607=CARTESIAN_POINT('',(0.070998,0.180395814312697,0.0245));
#3608=CARTESIAN_POINT('',(0.070998,0.180395814312697,0.0185));
#3609=CARTESIAN_POINT('',(0.070998,0.158003509467283,0.0215));
#3610=CARTESIAN_POINT('',(0.070998,0.158003509467283,0.0245));
#3611=CARTESIAN_POINT('',(0.071,0.158003509467283,0.0245));
#3612=CARTESIAN_POINT('',(0.071,0.158003509467283,0.0215));
#3613=CARTESIAN_POINT('',(0.071,0.158003509467283,0.0185));
#3614=CARTESIAN_POINT('',(0.070998,0.158003509467283,0.0185));
#3615=CARTESIAN_POINT('',(0.071,0.181199661889989,0.0215));
#3616=CARTESIAN_POINT('',(0.071,0.162003509467283,0.0185));
#3617=CARTESIAN_POINT('',(0.071,0.162003509467283,0.0245));
#3618=CARTESIAN_POINT('',(0.070998,0.162003509467283,0.0245));
#3619=CARTESIAN_POINT('',(0.070998,0.162003509467283,0.0185));
#3620=CARTESIAN_POINT('',(0.070998,0.17119966188999,0.0346961524227066));
#3621=CARTESIAN_POINT('',(0.070998,0.174199661889989,0.0346961524227066));
#3622=CARTESIAN_POINT('',(0.071,0.174199661889989,0.0346961524227066));
#3623=CARTESIAN_POINT('',(0.071,0.17119966188999,0.0346961524227066));
#3624=CARTESIAN_POINT('',(0.071,0.168199661889989,0.0346961524227066));
#3625=CARTESIAN_POINT('',(0.070998,0.168199661889989,0.0346961524227066));
#3626=CARTESIAN_POINT('',(0.070998,0.168199661889989,0.0306961524227066));
#3627=CARTESIAN_POINT('',(0.071,0.168199661889989,0.0306961524227066));
#3628=CARTESIAN_POINT('',(0.070998,0.174199661889989,0.0306961524227066));
#3629=CARTESIAN_POINT('',(0.071,0.174199661889989,0.0306961524227066));
#3630=CARTESIAN_POINT('',(0.071,0.181199661889989,0.0215));
#3631=CARTESIAN_POINT('',(0.070998,0.168199661889989,0.0123038475772933));
#3632=CARTESIAN_POINT('',(0.071,0.168199661889989,0.0123038475772933));
#3633=CARTESIAN_POINT('',(0.071,0.168199661889989,0.00830384757729333));
#3634=CARTESIAN_POINT('',(0.070998,0.168199661889989,0.00830384757729333));
#3635=CARTESIAN_POINT('',(0.070998,0.174199661889989,0.0123038475772933));
#3636=CARTESIAN_POINT('',(0.070998,0.174199661889989,0.00830384757729333));
#3637=CARTESIAN_POINT('',(0.071,0.174199661889989,0.00830384757729333));
#3638=CARTESIAN_POINT('',(0.071,0.174199661889989,0.0123038475772933));
#3639=CARTESIAN_POINT('',(0.071,0.181199661889989,0.0215));
#3640=CARTESIAN_POINT('',(0.071,0.17119966188999,0.00830384757729333));
#3641=CARTESIAN_POINT('',(0.070998,0.17119966188999,0.00830384757729333));
#3642=MECHANICAL_DESIGN_GEOMETRIC_PRESENTATION_REPRESENTATION('',(#1523),
#3643);
#3643=(
GEOMETRIC_REPRESENTATION_CONTEXT(3)
GLOBAL_UNCERTAINTY_ASSIGNED_CONTEXT((#3644))
GLOBAL_UNIT_ASSIGNED_CONTEXT((#3647,#3646,#3645))
REPRESENTATION_CONTEXT('hub-rear','TOP_LEVEL_ASSEMBLY_PART')
);
#3644=UNCERTAINTY_MEASURE_WITH_UNIT(LENGTH_MEASURE(2.E-5),#3647,
'DISTANCE_ACCURACY_VALUE','Maximum Tolerance applied to model');
#3645=(
NAMED_UNIT(*)
SI_UNIT($,.STERADIAN.)
SOLID_ANGLE_UNIT()
);
#3646=(
NAMED_UNIT(*)
PLANE_ANGLE_UNIT()
SI_UNIT($,.RADIAN.)
);
#3647=(
LENGTH_UNIT()
NAMED_UNIT(*)
SI_UNIT($,.METRE.)
);
#3648=PRODUCT_DEFINITION_SHAPE('','',#3649);
#3649=PRODUCT_DEFINITION('','',#3651,#3650);
#3650=PRODUCT_DEFINITION_CONTEXT('',#3657,'design');
#3651=PRODUCT_DEFINITION_FORMATION_WITH_SPECIFIED_SOURCE('','',#3653,
 .NOT_KNOWN.);
#3652=PRODUCT_RELATED_PRODUCT_CATEGORY('','',(#3653));
#3653=PRODUCT('hub-rear','hub-rear','hub-rear',(#3655));
#3654=PRODUCT_CATEGORY('','');
#3655=PRODUCT_CONTEXT('',#3657,'mechanical');
#3656=APPLICATION_PROTOCOL_DEFINITION('international standard',
'ap242_managed_model_based_3d_engineering',2020,#3657);
#3657=APPLICATION_CONTEXT('managed model based 3d engineering');
ENDSEC;
END-ISO-10303-21;
