ISO-10303-21;
HEADER;
/* Generated by software containing ST-Developer
 * from STEP Tools, Inc. (www.steptools.com) 
 */
/* OPTION: using custom renumber hook */

FILE_DESCRIPTION(
/* description */ ('STEP AP242 Edition 2',
'CAx-IF Rec.Pracs.---Representation and Presentation of Product Manufa
cturing Information (PMI)---4.0---2014-10-13',
'CAx-IF Rec.Pracs.---3D Tessellated Geometry---0.4---2014-09-14','2;1',
'CAx-IF Rec.Pracs.---User Defined Attributes---1.5---2016-08-15'),
/* implementation_level */ '2;1');

FILE_NAME(
/* name */ '697ef87d652f463f3cc1b2b7',
/* time_stamp */ '2026-02-01T06:53:50Z',
/* author */ (''),
/* organization */ (''),
/* preprocessor_version */ 'ST-DEVELOPER v20',
/* originating_system */ 'ONSHAPE BY PTC INC, 1.210',
/* authorisation */ '  ');

FILE_SCHEMA (('AP242_MANAGED_MODEL_BASED_3D_ENGINEERING_MIM_LF { 1 0 10303 442 3 1 4 }'));
ENDSEC;

DATA;
#10=SHAPE_REPRESENTATION_RELATIONSHIP('','',#3323,#11);
#11=ADVANCED_BREP_SHAPE_REPRESENTATION('',(#3321),#7017);
#12=SPHERICAL_SURFACE('',#3537,0.0012);
#13=SPHERICAL_SURFACE('',#3541,0.0012);
#14=SPHERICAL_SURFACE('',#3552,0.0012);
#15=SPHERICAL_SURFACE('',#3555,0.0012);
#16=SPHERICAL_SURFACE('',#3573,0.0012);
#17=SPHERICAL_SURFACE('',#3576,0.0012);
#18=SPHERICAL_SURFACE('',#3595,0.0012);
#19=SPHERICAL_SURFACE('',#3598,0.0012);
#20=SPHERICAL_SURFACE('',#3628,0.0012);
#21=SPHERICAL_SURFACE('',#3629,0.0012);
#22=B_SPLINE_SURFACE_WITH_KNOTS('',3,3,((#5470,#5471,#5472,#5473,#5474,
#5475,#5476,#5477,#5478),(#5479,#5480,#5481,#5482,#5483,#5484,#5485,#5486,
#5487),(#5488,#5489,#5490,#5491,#5492,#5493,#5494,#5495,#5496),(#5497,#5498,
#5499,#5500,#5501,#5502,#5503,#5504,#5505)),.UNSPECIFIED.,.F.,.F.,.F.,(4,
4),(4,1,1,1,1,1,4),(-7.02244504961434E-5,8.29955452390952E-5),(-0.00897539563517391,
0.117146528819223,0.24326845327362,0.495512302182413,0.747756151091207,
0.873878075545603,1.),.UNSPECIFIED.);
#23=B_SPLINE_SURFACE_WITH_KNOTS('',3,3,((#5902,#5903,#5904,#5905,#5906,
#5907,#5908,#5909,#5910),(#5911,#5912,#5913,#5914,#5915,#5916,#5917,#5918,
#5919),(#5920,#5921,#5922,#5923,#5924,#5925,#5926,#5927,#5928),(#5929,#5930,
#5931,#5932,#5933,#5934,#5935,#5936,#5937)),.UNSPECIFIED.,.F.,.F.,.F.,(4,
4),(4,1,1,1,1,1,4),(-7.02244504961295E-5,8.29955452388173E-5),(-0.00897539563517391,
0.117146528819223,0.24326845327362,0.495512302182413,0.747756151091207,
0.873878075545603,1.),.UNSPECIFIED.);
#24=B_SPLINE_SURFACE_WITH_KNOTS('',3,3,((#6247,#6248,#6249,#6250,#6251,
#6252,#6253,#6254,#6255),(#6256,#6257,#6258,#6259,#6260,#6261,#6262,#6263,
#6264),(#6265,#6266,#6267,#6268,#6269,#6270,#6271,#6272,#6273),(#6274,#6275,
#6276,#6277,#6278,#6279,#6280,#6281,#6282)),.UNSPECIFIED.,.F.,.F.,.F.,(4,
4),(4,1,1,1,1,1,4),(-7.02244504961733E-5,8.29955452391385E-5),(-0.00897539563517391,
0.117146528819223,0.24326845327362,0.495512302182413,0.747756151091207,
0.873878075545603,1.),.UNSPECIFIED.);
#25=B_SPLINE_SURFACE_WITH_KNOTS('',3,3,((#6590,#6591,#6592,#6593,#6594,
#6595,#6596,#6597,#6598),(#6599,#6600,#6601,#6602,#6603,#6604,#6605,#6606,
#6607),(#6608,#6609,#6610,#6611,#6612,#6613,#6614,#6615,#6616),(#6617,#6618,
#6619,#6620,#6621,#6622,#6623,#6624,#6625)),.UNSPECIFIED.,.F.,.F.,.F.,(4,
4),(4,1,1,1,1,1,4),(-7.02244504961277E-5,8.29955452391081E-5),(-0.00897539563517391,
0.117146528819223,0.24326845327362,0.495512302182413,0.747756151091207,
0.873878075545603,1.),.UNSPECIFIED.);
#26=B_SPLINE_SURFACE_WITH_KNOTS('',3,3,((#6853,#6854,#6855,#6856,#6857,
#6858,#6859,#6860,#6861),(#6862,#6863,#6864,#6865,#6866,#6867,#6868,#6869,
#6870),(#6871,#6872,#6873,#6874,#6875,#6876,#6877,#6878,#6879),(#6880,#6881,
#6882,#6883,#6884,#6885,#6886,#6887,#6888)),.UNSPECIFIED.,.F.,.F.,.F.,(4,
4),(4,1,1,1,1,1,4),(-7.02244504961531E-5,8.29955452389704E-5),(-0.00897539563517391,
0.117146528819223,0.24326845327362,0.495512302182413,0.747756151091207,
0.873878075545603,1.),.UNSPECIFIED.);
#27=(
BOUNDED_SURFACE()
B_SPLINE_SURFACE(3,2,((#5377,#5378,#5379),(#5380,#5381,#5382),(#5383,#5384,
#5385),(#5386,#5387,#5388)),.UNSPECIFIED.,.F.,.F.,.F.)
B_SPLINE_SURFACE_WITH_KNOTS((4,4),(3,3),(0.020070821642338,0.0223364380156718),
(0.,1.),.PIECEWISE_BEZIER_KNOTS.)
GEOMETRIC_REPRESENTATION_ITEM()
RATIONAL_B_SPLINE_SURFACE(((1.,0.915468895360694,1.),(1.,0.917632846814251,
1.),(1.,0.919862866556388,1.),(1.,0.92216369319763,1.)))
REPRESENTATION_ITEM('')
SURFACE()
);
#28=(
BOUNDED_SURFACE()
B_SPLINE_SURFACE(3,2,((#5395,#5396,#5397),(#5398,#5399,#5400),(#5401,#5402,
#5403),(#5404,#5405,#5406)),.UNSPECIFIED.,.F.,.F.,.F.)
B_SPLINE_SURFACE_WITH_KNOTS((4,4),(3,3),(0.904892067657096,0.918935965348482),
(0.,1.),.PIECEWISE_BEZIER_KNOTS.)
GEOMETRIC_REPRESENTATION_ITEM()
RATIONAL_B_SPLINE_SURFACE(((1.,0.438509034145339,1.),(1.,0.44059973871537,
1.),(1.,0.442687024639814,1.),(1.,0.444770832806859,1.)))
REPRESENTATION_ITEM('')
SURFACE()
);
#29=(
BOUNDED_SURFACE()
B_SPLINE_SURFACE(3,2,((#5408,#5409,#5410),(#5411,#5412,#5413),(#5414,#5415,
#5416),(#5417,#5418,#5419)),.UNSPECIFIED.,.F.,.F.,.F.)
B_SPLINE_SURFACE_WITH_KNOTS((4,4),(3,3),(0.0174664733166286,0.0193613317738559),
(0.,1.),.PIECEWISE_BEZIER_KNOTS.)
GEOMETRIC_REPRESENTATION_ITEM()
RATIONAL_B_SPLINE_SURFACE(((1.,0.559669994789864,1.),(1.,0.553684194896118,
1.),(1.,0.547242461086839,1.),(1.,0.540291528574024,1.)))
REPRESENTATION_ITEM('')
SURFACE()
);
#30=(
BOUNDED_SURFACE()
B_SPLINE_SURFACE(3,2,((#5426,#5427,#5428),(#5429,#5430,#5431),(#5432,#5433,
#5434),(#5435,#5436,#5437)),.UNSPECIFIED.,.F.,.F.,.F.)
B_SPLINE_SURFACE_WITH_KNOTS((4,4),(3,3),(0.292985575631033,0.301064452493574),
(0.,1.),.PIECEWISE_BEZIER_KNOTS.)
GEOMETRIC_REPRESENTATION_ITEM()
RATIONAL_B_SPLINE_SURFACE(((1.,0.390508458660241,1.),(1.,0.394655133079174,
1.),(1.,0.398813680165095,1.),(1.,0.402982838377391,1.)))
REPRESENTATION_ITEM('')
SURFACE()
);
#31=(
BOUNDED_SURFACE()
B_SPLINE_SURFACE(3,2,((#5445,#5446,#5447),(#5448,#5449,#5450),(#5451,#5452,
#5453),(#5454,#5455,#5456)),.UNSPECIFIED.,.F.,.F.,.F.)
B_SPLINE_SURFACE_WITH_KNOTS((4,4),(3,3),(0.0177076144151386,0.0197464217352394),
(0.,1.),.PIECEWISE_BEZIER_KNOTS.)
GEOMETRIC_REPRESENTATION_ITEM()
RATIONAL_B_SPLINE_SURFACE(((1.,0.524696310157008,1.),(1.,0.518412911224008,
1.),(1.,0.511586655244966,1.),(1.,0.504125935124922,1.)))
REPRESENTATION_ITEM('')
SURFACE()
);
#32=(
BOUNDED_SURFACE()
B_SPLINE_SURFACE(3,2,((#5515,#5516,#5517),(#5518,#5519,#5520),(#5521,#5522,
#5523),(#5524,#5525,#5526)),.UNSPECIFIED.,.F.,.F.,.F.)
B_SPLINE_SURFACE_WITH_KNOTS((4,4),(3,3),(0.0125146849373501,0.0183476332767452),
(0.,1.),.PIECEWISE_BEZIER_KNOTS.)
GEOMETRIC_REPRESENTATION_ITEM()
RATIONAL_B_SPLINE_SURFACE(((1.,0.414452707254129,1.),(1.,0.410124081285174,
1.),(1.,0.405998243566196,1.),(1.,0.402046595776295,1.)))
REPRESENTATION_ITEM('')
SURFACE()
);
#33=(
BOUNDED_SURFACE()
B_SPLINE_SURFACE(3,2,((#5533,#5534,#5535),(#5536,#5537,#5538),(#5539,#5540,
#5541),(#5542,#5543,#5544)),.UNSPECIFIED.,.F.,.F.,.F.)
B_SPLINE_SURFACE_WITH_KNOTS((4,4),(3,3),(0.00748908188298516,0.0135282517063199),
(0.,1.),.PIECEWISE_BEZIER_KNOTS.)
GEOMETRIC_REPRESENTATION_ITEM()
RATIONAL_B_SPLINE_SURFACE(((1.,0.575538838900063,1.),(1.,0.559514557903124,
1.),(1.,0.538448953406061,1.),(1.,0.504171646899153,1.)))
REPRESENTATION_ITEM('')
SURFACE()
);
#34=(
BOUNDED_SURFACE()
B_SPLINE_SURFACE(3,2,((#5550,#5551,#5552),(#5553,#5554,#5555),(#5556,#5557,
#5558),(#5559,#5560,#5561)),.UNSPECIFIED.,.F.,.F.,.F.)
B_SPLINE_SURFACE_WITH_KNOTS((4,4),(3,3),(0.0194306038016947,0.0218204649892124),
(0.,1.),.PIECEWISE_BEZIER_KNOTS.)
GEOMETRIC_REPRESENTATION_ITEM()
RATIONAL_B_SPLINE_SURFACE(((1.,0.515706071171214,1.),(1.,0.5187572535409,
1.),(1.,0.521659636518805,1.),(1.,0.52443345979676,1.)))
REPRESENTATION_ITEM('')
SURFACE()
);
#35=(
BOUNDED_SURFACE()
B_SPLINE_SURFACE(3,2,((#5573,#5574,#5575),(#5576,#5577,#5578),(#5579,#5580,
#5581),(#5582,#5583,#5584)),.UNSPECIFIED.,.F.,.F.,.F.)
B_SPLINE_SURFACE_WITH_KNOTS((4,4),(3,3),(5.06989607840804,5.08062768772286),
(0.,1.),.PIECEWISE_BEZIER_KNOTS.)
GEOMETRIC_REPRESENTATION_ITEM()
RATIONAL_B_SPLINE_SURFACE(((1.,0.821160281104137,1.),(1.,0.822176609001507,
1.),(1.,0.823189012895017,1.),(1.,0.824197478016637,1.)))
REPRESENTATION_ITEM('')
SURFACE()
);
#36=(
BOUNDED_SURFACE()
B_SPLINE_SURFACE(3,2,((#5586,#5587,#5588),(#5589,#5590,#5591),(#5592,#5593,
#5594),(#5595,#5596,#5597)),.UNSPECIFIED.,.F.,.F.,.F.)
B_SPLINE_SURFACE_WITH_KNOTS((4,4),(3,3),(0.0152415939390236,0.0169024601382802),
(0.,1.),.PIECEWISE_BEZIER_KNOTS.)
GEOMETRIC_REPRESENTATION_ITEM()
RATIONAL_B_SPLINE_SURFACE(((1.,0.771991635955105,1.),(1.,0.774695253399935,
1.),(1.,0.777586087312743,1.),(1.,0.780702783155352,1.)))
REPRESENTATION_ITEM('')
SURFACE()
);
#37=(
BOUNDED_SURFACE()
B_SPLINE_SURFACE(3,2,((#5603,#5604,#5605),(#5606,#5607,#5608),(#5609,#5610,
#5611),(#5612,#5613,#5614)),.UNSPECIFIED.,.F.,.F.,.F.)
B_SPLINE_SURFACE_WITH_KNOTS((4,4),(3,3),(0.605722032233305,0.611575053695692),
(0.,1.),.PIECEWISE_BEZIER_KNOTS.)
GEOMETRIC_REPRESENTATION_ITEM()
RATIONAL_B_SPLINE_SURFACE(((1.,0.835611755512444,1.),(1.,0.837619995146865,
1.),(1.,0.839606801057508,1.),(1.,0.841572081249464,1.)))
REPRESENTATION_ITEM('')
SURFACE()
);
#38=(
BOUNDED_SURFACE()
B_SPLINE_SURFACE(3,2,((#5619,#5620,#5621),(#5622,#5623,#5624),(#5625,#5626,
#5627),(#5628,#5629,#5630)),.UNSPECIFIED.,.F.,.F.,.F.)
B_SPLINE_SURFACE_WITH_KNOTS((4,4),(3,3),(0.0138083563952571,0.0156517831434238),
(0.,1.),.PIECEWISE_BEZIER_KNOTS.)
GEOMETRIC_REPRESENTATION_ITEM()
RATIONAL_B_SPLINE_SURFACE(((1.,0.817112824651714,1.),(1.,0.819053086113321,
1.),(1.,0.821154399485197,1.),(1.,0.823462578837832,1.)))
REPRESENTATION_ITEM('')
SURFACE()
);
#39=(
BOUNDED_SURFACE()
B_SPLINE_SURFACE(3,2,((#5695,#5696,#5697),(#5698,#5699,#5700),(#5701,#5702,
#5703),(#5704,#5705,#5706)),.UNSPECIFIED.,.F.,.F.,.F.)
B_SPLINE_SURFACE_WITH_KNOTS((4,4),(3,3),(0.01251468493735,0.0183476332767452),
(0.,1.),.PIECEWISE_BEZIER_KNOTS.)
GEOMETRIC_REPRESENTATION_ITEM()
RATIONAL_B_SPLINE_SURFACE(((1.,0.414452707254149,1.),(1.,0.410124081262366,
1.),(1.,0.40599824343783,1.),(1.,0.402046595776314,1.)))
REPRESENTATION_ITEM('')
SURFACE()
);
#40=(
BOUNDED_SURFACE()
B_SPLINE_SURFACE(3,2,((#5741,#5742,#5743),(#5744,#5745,#5746),(#5747,#5748,
#5749),(#5750,#5751,#5752)),.UNSPECIFIED.,.F.,.F.,.F.)
B_SPLINE_SURFACE_WITH_KNOTS((4,4),(3,3),(0.013808356395257,0.0156517831434238),
(0.,1.),.PIECEWISE_BEZIER_KNOTS.)
GEOMETRIC_REPRESENTATION_ITEM()
RATIONAL_B_SPLINE_SURFACE(((1.,0.817112824651709,1.),(1.,0.819053086120206,
1.),(1.,0.821154399480253,1.),(1.,0.823462578837835,1.)))
REPRESENTATION_ITEM('')
SURFACE()
);
#41=(
BOUNDED_SURFACE()
B_SPLINE_SURFACE(3,2,((#5770,#5771,#5772),(#5773,#5774,#5775),(#5776,#5777,
#5778),(#5779,#5780,#5781)),.UNSPECIFIED.,.F.,.F.,.F.)
B_SPLINE_SURFACE_WITH_KNOTS((4,4),(3,3),(0.0177076144151386,0.0197464217352394),
(0.,1.),.PIECEWISE_BEZIER_KNOTS.)
GEOMETRIC_REPRESENTATION_ITEM()
RATIONAL_B_SPLINE_SURFACE(((1.,0.524696310157009,1.),(1.,0.518412911220309,
1.),(1.,0.511586655258455,1.),(1.,0.504125935124921,1.)))
REPRESENTATION_ITEM('')
SURFACE()
);
#42=(
BOUNDED_SURFACE()
B_SPLINE_SURFACE(3,2,((#5789,#5790,#5791),(#5792,#5793,#5794),(#5795,#5796,
#5797),(#5798,#5799,#5800)),.UNSPECIFIED.,.F.,.F.,.F.)
B_SPLINE_SURFACE_WITH_KNOTS((4,4),(3,3),(0.605722032233305,0.611575053695692),
(0.,1.),.PIECEWISE_BEZIER_KNOTS.)
GEOMETRIC_REPRESENTATION_ITEM()
RATIONAL_B_SPLINE_SURFACE(((1.,0.835611755512444,1.),(1.,0.837619995143043,
1.),(1.,0.839606801065861,1.),(1.,0.841572081249462,1.)))
REPRESENTATION_ITEM('')
SURFACE()
);
#43=(
BOUNDED_SURFACE()
B_SPLINE_SURFACE(3,2,((#5805,#5806,#5807),(#5808,#5809,#5810),(#5811,#5812,
#5813),(#5814,#5815,#5816)),.UNSPECIFIED.,.F.,.F.,.F.)
B_SPLINE_SURFACE_WITH_KNOTS((4,4),(3,3),(0.292985575631033,0.301064452493574),
(0.,1.),.PIECEWISE_BEZIER_KNOTS.)
GEOMETRIC_REPRESENTATION_ITEM()
RATIONAL_B_SPLINE_SURFACE(((1.,0.390508458660239,1.),(1.,0.394655133040408,
1.),(1.,0.398813680102857,1.),(1.,0.402982838377404,1.)))
REPRESENTATION_ITEM('')
SURFACE()
);
#44=(
BOUNDED_SURFACE()
B_SPLINE_SURFACE(3,2,((#5827,#5828,#5829),(#5830,#5831,#5832),(#5833,#5834,
#5835),(#5836,#5837,#5838)),.UNSPECIFIED.,.F.,.F.,.F.)
B_SPLINE_SURFACE_WITH_KNOTS((4,4),(3,3),(0.0152415939390236,0.0169024601382803),
(0.,1.),.PIECEWISE_BEZIER_KNOTS.)
GEOMETRIC_REPRESENTATION_ITEM()
RATIONAL_B_SPLINE_SURFACE(((1.,0.771991635955108,1.),(1.,0.774695253397356,
1.),(1.,0.777586087320358,1.),(1.,0.780702783155345,1.)))
REPRESENTATION_ITEM('')
SURFACE()
);
#45=(
BOUNDED_SURFACE()
B_SPLINE_SURFACE(3,2,((#5843,#5844,#5845),(#5846,#5847,#5848),(#5849,#5850,
#5851),(#5852,#5853,#5854)),.UNSPECIFIED.,.F.,.F.,.F.)
B_SPLINE_SURFACE_WITH_KNOTS((4,4),(3,3),(0.0174664733166536,0.0193613317738557),
(0.,1.),.PIECEWISE_BEZIER_KNOTS.)
GEOMETRIC_REPRESENTATION_ITEM()
RATIONAL_B_SPLINE_SURFACE(((1.,0.559669994789627,1.),(1.,0.553684194898524,
1.),(1.,0.547242461085309,1.),(1.,0.540291528574022,1.)))
REPRESENTATION_ITEM('')
SURFACE()
);
#46=(
BOUNDED_SURFACE()
B_SPLINE_SURFACE(3,2,((#5859,#5860,#5861),(#5862,#5863,#5864),(#5865,#5866,
#5867),(#5868,#5869,#5870)),.UNSPECIFIED.,.F.,.F.,.F.)
B_SPLINE_SURFACE_WITH_KNOTS((4,4),(3,3),(5.06989607840804,5.08062768772286),
(0.,1.),.PIECEWISE_BEZIER_KNOTS.)
GEOMETRIC_REPRESENTATION_ITEM()
RATIONAL_B_SPLINE_SURFACE(((1.,0.821160281104135,1.),(1.,0.822176609003508,
1.),(1.,0.823189012892782,1.),(1.,0.824197478016635,1.)))
REPRESENTATION_ITEM('')
SURFACE()
);
#47=(
BOUNDED_SURFACE()
B_SPLINE_SURFACE(3,2,((#5871,#5872,#5873),(#5874,#5875,#5876),(#5877,#5878,
#5879),(#5880,#5881,#5882)),.UNSPECIFIED.,.F.,.F.,.F.)
B_SPLINE_SURFACE_WITH_KNOTS((4,4),(3,3),(0.904892067657095,0.918935965348481),
(0.,1.),.PIECEWISE_BEZIER_KNOTS.)
GEOMETRIC_REPRESENTATION_ITEM()
RATIONAL_B_SPLINE_SURFACE(((1.,0.438509034145334,1.),(1.,0.440599738714855,
1.),(1.,0.44268702464881,1.),(1.,0.444770832806859,1.)))
REPRESENTATION_ITEM('')
SURFACE()
);
#48=(
BOUNDED_SURFACE()
B_SPLINE_SURFACE(3,2,((#5939,#5940,#5941),(#5942,#5943,#5944),(#5945,#5946,
#5947),(#5948,#5949,#5950)),.UNSPECIFIED.,.F.,.F.,.F.)
B_SPLINE_SURFACE_WITH_KNOTS((4,4),(3,3),(0.0194306038016947,0.0218204649892125),
(0.,1.),.PIECEWISE_BEZIER_KNOTS.)
GEOMETRIC_REPRESENTATION_ITEM()
RATIONAL_B_SPLINE_SURFACE(((1.,0.515706071171228,1.),(1.,0.51875725358355,
1.),(1.,0.521659636511826,1.),(1.,0.52443345979677,1.)))
REPRESENTATION_ITEM('')
SURFACE()
);
#49=(
BOUNDED_SURFACE()
B_SPLINE_SURFACE(3,2,((#5956,#5957,#5958),(#5959,#5960,#5961),(#5962,#5963,
#5964),(#5965,#5966,#5967)),.UNSPECIFIED.,.F.,.F.,.F.)
B_SPLINE_SURFACE_WITH_KNOTS((4,4),(3,3),(0.0200708216423379,0.0223364380156717),
(0.,1.),.PIECEWISE_BEZIER_KNOTS.)
GEOMETRIC_REPRESENTATION_ITEM()
RATIONAL_B_SPLINE_SURFACE(((1.,0.915468895360691,1.),(1.,0.917632846812235,
1.),(1.,0.919862866556554,1.),(1.,0.922163693197627,1.)))
REPRESENTATION_ITEM('')
SURFACE()
);
#50=(
BOUNDED_SURFACE()
B_SPLINE_SURFACE(3,2,((#5968,#5969,#5970),(#5971,#5972,#5973),(#5974,#5975,
#5976),(#5977,#5978,#5979)),.UNSPECIFIED.,.F.,.F.,.F.)
B_SPLINE_SURFACE_WITH_KNOTS((4,4),(3,3),(0.00748908188298512,0.0135282517063199),
(0.,1.),.PIECEWISE_BEZIER_KNOTS.)
GEOMETRIC_REPRESENTATION_ITEM()
RATIONAL_B_SPLINE_SURFACE(((1.,0.575538838900071,1.),(1.,0.559514557879553,
1.),(1.,0.53844895344748,1.),(1.,0.504171646899159,1.)))
REPRESENTATION_ITEM('')
SURFACE()
);
#51=(
BOUNDED_SURFACE()
B_SPLINE_SURFACE(3,2,((#6039,#6040,#6041),(#6042,#6043,#6044),(#6045,#6046,
#6047),(#6048,#6049,#6050)),.UNSPECIFIED.,.F.,.F.,.F.)
B_SPLINE_SURFACE_WITH_KNOTS((4,4),(3,3),(0.0125146849373501,0.0183476332767452),
(0.,1.),.PIECEWISE_BEZIER_KNOTS.)
GEOMETRIC_REPRESENTATION_ITEM()
RATIONAL_B_SPLINE_SURFACE(((1.,0.414452707254156,1.),(1.,0.410124081206411,
1.),(1.,0.40599824354269,1.),(1.,0.402046595776319,1.)))
REPRESENTATION_ITEM('')
SURFACE()
);
#52=(
BOUNDED_SURFACE()
B_SPLINE_SURFACE(3,2,((#6087,#6088,#6089),(#6090,#6091,#6092),(#6093,#6094,
#6095),(#6096,#6097,#6098)),.UNSPECIFIED.,.F.,.F.,.F.)
B_SPLINE_SURFACE_WITH_KNOTS((4,4),(3,3),(0.0138083563952571,0.015651783143424),
(0.,1.),.PIECEWISE_BEZIER_KNOTS.)
GEOMETRIC_REPRESENTATION_ITEM()
RATIONAL_B_SPLINE_SURFACE(((1.,0.817112824651708,1.),(1.,0.819053086117715,
1.),(1.,0.821154399480971,1.),(1.,0.823462578837836,1.)))
REPRESENTATION_ITEM('')
SURFACE()
);
#53=(
BOUNDED_SURFACE()
B_SPLINE_SURFACE(3,2,((#6109,#6110,#6111),(#6112,#6113,#6114),(#6115,#6116,
#6117),(#6118,#6119,#6120)),.UNSPECIFIED.,.F.,.F.,.F.)
B_SPLINE_SURFACE_WITH_KNOTS((4,4),(3,3),(0.0177076144151386,0.0197464217352394),
(0.,1.),.PIECEWISE_BEZIER_KNOTS.)
GEOMETRIC_REPRESENTATION_ITEM()
RATIONAL_B_SPLINE_SURFACE(((1.,0.524696310157012,1.),(1.,0.518412911221181,
1.),(1.,0.511586655252769,1.),(1.,0.504125935124925,1.)))
REPRESENTATION_ITEM('')
SURFACE()
);
#54=(
BOUNDED_SURFACE()
B_SPLINE_SURFACE(3,2,((#6128,#6129,#6130),(#6131,#6132,#6133),(#6134,#6135,
#6136),(#6137,#6138,#6139)),.UNSPECIFIED.,.F.,.F.,.F.)
B_SPLINE_SURFACE_WITH_KNOTS((4,4),(3,3),(0.292985575631033,0.301064452493574),
(0.,1.),.PIECEWISE_BEZIER_KNOTS.)
GEOMETRIC_REPRESENTATION_ITEM()
RATIONAL_B_SPLINE_SURFACE(((1.,0.390508458660213,1.),(1.,0.394655133108847,
1.),(1.,0.39881368013654,1.),(1.,0.40298283837739,1.)))
REPRESENTATION_ITEM('')
SURFACE()
);
#55=(
BOUNDED_SURFACE()
B_SPLINE_SURFACE(3,2,((#6147,#6148,#6149),(#6150,#6151,#6152),(#6153,#6154,
#6155),(#6156,#6157,#6158)),.UNSPECIFIED.,.F.,.F.,.F.)
B_SPLINE_SURFACE_WITH_KNOTS((4,4),(3,3),(0.605722032233305,0.611575053695692),
(0.,1.),.PIECEWISE_BEZIER_KNOTS.)
GEOMETRIC_REPRESENTATION_ITEM()
RATIONAL_B_SPLINE_SURFACE(((1.,0.835611755512437,1.),(1.,0.837619995141928,
1.),(1.,0.839606801067878,1.),(1.,0.841572081249458,1.)))
REPRESENTATION_ITEM('')
SURFACE()
);
#56=(
BOUNDED_SURFACE()
B_SPLINE_SURFACE(3,2,((#6167,#6168,#6169),(#6170,#6171,#6172),(#6173,#6174,
#6175),(#6176,#6177,#6178)),.UNSPECIFIED.,.F.,.F.,.F.)
B_SPLINE_SURFACE_WITH_KNOTS((4,4),(3,3),(0.0174664733166539,0.0193613317738557),
(0.,1.),.PIECEWISE_BEZIER_KNOTS.)
GEOMETRIC_REPRESENTATION_ITEM()
RATIONAL_B_SPLINE_SURFACE(((1.,0.559669994789623,1.),(1.,0.553684194904699,
1.),(1.,0.547242461083775,1.),(1.,0.54029152857403,1.)))
REPRESENTATION_ITEM('')
SURFACE()
);
#57=(
BOUNDED_SURFACE()
B_SPLINE_SURFACE(3,2,((#6186,#6187,#6188),(#6189,#6190,#6191),(#6192,#6193,
#6194),(#6195,#6196,#6197)),.UNSPECIFIED.,.F.,.F.,.F.)
B_SPLINE_SURFACE_WITH_KNOTS((4,4),(3,3),(0.0152415939390235,0.0169024601382803),
(0.,1.),.PIECEWISE_BEZIER_KNOTS.)
GEOMETRIC_REPRESENTATION_ITEM()
RATIONAL_B_SPLINE_SURFACE(((1.,0.771991635955108,1.),(1.,0.77469525339585,
1.),(1.,0.777586087317009,1.),(1.,0.780702783155346,1.)))
REPRESENTATION_ITEM('')
SURFACE()
);
#58=(
BOUNDED_SURFACE()
B_SPLINE_SURFACE(3,2,((#6198,#6199,#6200),(#6201,#6202,#6203),(#6204,#6205,
#6206),(#6207,#6208,#6209)),.UNSPECIFIED.,.F.,.F.,.F.)
B_SPLINE_SURFACE_WITH_KNOTS((4,4),(3,3),(0.904892067657094,0.91893596534848),
(0.,1.),.PIECEWISE_BEZIER_KNOTS.)
GEOMETRIC_REPRESENTATION_ITEM()
RATIONAL_B_SPLINE_SURFACE(((1.,0.438509034145349,1.),(1.,0.440599738687891,
1.),(1.,0.442687024650085,1.),(1.,0.444770832806853,1.)))
REPRESENTATION_ITEM('')
SURFACE()
);
#59=(
BOUNDED_SURFACE()
B_SPLINE_SURFACE(3,2,((#6226,#6227,#6228),(#6229,#6230,#6231),(#6232,#6233,
#6234),(#6235,#6236,#6237)),.UNSPECIFIED.,.F.,.F.,.F.)
B_SPLINE_SURFACE_WITH_KNOTS((4,4),(3,3),(5.06989607840804,5.08062768772286),
(0.,1.),.PIECEWISE_BEZIER_KNOTS.)
GEOMETRIC_REPRESENTATION_ITEM()
RATIONAL_B_SPLINE_SURFACE(((1.,0.821160281104137,1.),(1.,0.822176608995139,
1.),(1.,0.823189012884121,1.),(1.,0.824197478016639,1.)))
REPRESENTATION_ITEM('')
SURFACE()
);
#60=(
BOUNDED_SURFACE()
B_SPLINE_SURFACE(3,2,((#6283,#6284,#6285),(#6286,#6287,#6288),(#6289,#6290,
#6291),(#6292,#6293,#6294)),.UNSPECIFIED.,.F.,.F.,.F.)
B_SPLINE_SURFACE_WITH_KNOTS((4,4),(3,3),(0.0200708216423379,0.0223364380156717),
(0.,1.),.PIECEWISE_BEZIER_KNOTS.)
GEOMETRIC_REPRESENTATION_ITEM()
RATIONAL_B_SPLINE_SURFACE(((1.,0.915468895360689,1.),(1.,0.91763284681282,
1.),(1.,0.919862866554411,1.),(1.,0.922163693197623,1.)))
REPRESENTATION_ITEM('')
SURFACE()
);
#61=(
BOUNDED_SURFACE()
B_SPLINE_SURFACE(3,2,((#6295,#6296,#6297),(#6298,#6299,#6300),(#6301,#6302,
#6303),(#6304,#6305,#6306)),.UNSPECIFIED.,.F.,.F.,.F.)
B_SPLINE_SURFACE_WITH_KNOTS((4,4),(3,3),(0.0194306038016947,0.0218204649892124),
(0.,1.),.PIECEWISE_BEZIER_KNOTS.)
GEOMETRIC_REPRESENTATION_ITEM()
RATIONAL_B_SPLINE_SURFACE(((1.,0.515706071171226,1.),(1.,0.518757253553207,
1.),(1.,0.521659636542811,1.),(1.,0.52443345979675,1.)))
REPRESENTATION_ITEM('')
SURFACE()
);
#62=(
BOUNDED_SURFACE()
B_SPLINE_SURFACE(3,2,((#6312,#6313,#6314),(#6315,#6316,#6317),(#6318,#6319,
#6320),(#6321,#6322,#6323)),.UNSPECIFIED.,.F.,.F.,.F.)
B_SPLINE_SURFACE_WITH_KNOTS((4,4),(3,3),(0.00748908188298516,0.0135282517063199),
(0.,1.),.PIECEWISE_BEZIER_KNOTS.)
GEOMETRIC_REPRESENTATION_ITEM()
RATIONAL_B_SPLINE_SURFACE(((1.,0.575538838900077,1.),(1.,0.559514557902133,
1.),(1.,0.538448953417344,1.),(1.,0.504171646899162,1.)))
REPRESENTATION_ITEM('')
SURFACE()
);
#63=(
BOUNDED_SURFACE()
B_SPLINE_SURFACE(3,2,((#6383,#6384,#6385),(#6386,#6387,#6388),(#6389,#6390,
#6391),(#6392,#6393,#6394)),.UNSPECIFIED.,.F.,.F.,.F.)
B_SPLINE_SURFACE_WITH_KNOTS((4,4),(3,3),(0.0125146849373501,0.0183476332767452),
(0.,1.),.PIECEWISE_BEZIER_KNOTS.)
GEOMETRIC_REPRESENTATION_ITEM()
RATIONAL_B_SPLINE_SURFACE(((1.,0.414452707254153,1.),(1.,0.410124081347204,
1.),(1.,0.405998243544201,1.),(1.,0.402046595776318,1.)))
REPRESENTATION_ITEM('')
SURFACE()
);
#64=(
BOUNDED_SURFACE()
B_SPLINE_SURFACE(3,2,((#6431,#6432,#6433),(#6434,#6435,#6436),(#6437,#6438,
#6439),(#6440,#6441,#6442)),.UNSPECIFIED.,.F.,.F.,.F.)
B_SPLINE_SURFACE_WITH_KNOTS((4,4),(3,3),(0.0138083563952571,0.015651783143424),
(0.,1.),.PIECEWISE_BEZIER_KNOTS.)
GEOMETRIC_REPRESENTATION_ITEM()
RATIONAL_B_SPLINE_SURFACE(((1.,0.817112824651705,1.),(1.,0.819053086123,
1.),(1.,0.821154399478104,1.),(1.,0.823462578837835,1.)))
REPRESENTATION_ITEM('')
SURFACE()
);
#65=(
BOUNDED_SURFACE()
B_SPLINE_SURFACE(3,2,((#6453,#6454,#6455),(#6456,#6457,#6458),(#6459,#6460,
#6461),(#6462,#6463,#6464)),.UNSPECIFIED.,.F.,.F.,.F.)
B_SPLINE_SURFACE_WITH_KNOTS((4,4),(3,3),(0.0177076144151386,0.0197464217352396),
(0.,1.),.PIECEWISE_BEZIER_KNOTS.)
GEOMETRIC_REPRESENTATION_ITEM()
RATIONAL_B_SPLINE_SURFACE(((1.,0.524696310157007,1.),(1.,0.518412911220193,
1.),(1.,0.511586655251222,1.),(1.,0.504125935124922,1.)))
REPRESENTATION_ITEM('')
SURFACE()
);
#66=(
BOUNDED_SURFACE()
B_SPLINE_SURFACE(3,2,((#6472,#6473,#6474),(#6475,#6476,#6477),(#6478,#6479,
#6480),(#6481,#6482,#6483)),.UNSPECIFIED.,.F.,.F.,.F.)
B_SPLINE_SURFACE_WITH_KNOTS((4,4),(3,3),(0.292985575631033,0.301064452493574),
(0.,1.),.PIECEWISE_BEZIER_KNOTS.)
GEOMETRIC_REPRESENTATION_ITEM()
RATIONAL_B_SPLINE_SURFACE(((1.,0.390508458660239,1.),(1.,0.394655133051158,
1.),(1.,0.398813680131795,1.),(1.,0.4029828383774,1.)))
REPRESENTATION_ITEM('')
SURFACE()
);
#67=(
BOUNDED_SURFACE()
B_SPLINE_SURFACE(3,2,((#6491,#6492,#6493),(#6494,#6495,#6496),(#6497,#6498,
#6499),(#6500,#6501,#6502)),.UNSPECIFIED.,.F.,.F.,.F.)
B_SPLINE_SURFACE_WITH_KNOTS((4,4),(3,3),(0.605722032233305,0.611575053695692),
(0.,1.),.PIECEWISE_BEZIER_KNOTS.)
GEOMETRIC_REPRESENTATION_ITEM()
RATIONAL_B_SPLINE_SURFACE(((1.,0.835611755512435,1.),(1.,0.837619995154502,
1.),(1.,0.839606801048222,1.),(1.,0.84157208124946,1.)))
REPRESENTATION_ITEM('')
SURFACE()
);
#68=(
BOUNDED_SURFACE()
B_SPLINE_SURFACE(3,2,((#6511,#6512,#6513),(#6514,#6515,#6516),(#6517,#6518,
#6519),(#6520,#6521,#6522)),.UNSPECIFIED.,.F.,.F.,.F.)
B_SPLINE_SURFACE_WITH_KNOTS((4,4),(3,3),(0.0174664733166537,0.0193613317738557),
(0.,1.),.PIECEWISE_BEZIER_KNOTS.)
GEOMETRIC_REPRESENTATION_ITEM()
RATIONAL_B_SPLINE_SURFACE(((1.,0.559669994789624,1.),(1.,0.553684194907016,
1.),(1.,0.547242461084788,1.),(1.,0.540291528574026,1.)))
REPRESENTATION_ITEM('')
SURFACE()
);
#69=(
BOUNDED_SURFACE()
B_SPLINE_SURFACE(3,2,((#6530,#6531,#6532),(#6533,#6534,#6535),(#6536,#6537,
#6538),(#6539,#6540,#6541)),.UNSPECIFIED.,.F.,.F.,.F.)
B_SPLINE_SURFACE_WITH_KNOTS((4,4),(3,3),(0.0152415939390236,0.0169024601382803),
(0.,1.),.PIECEWISE_BEZIER_KNOTS.)
GEOMETRIC_REPRESENTATION_ITEM()
RATIONAL_B_SPLINE_SURFACE(((1.,0.771991635955106,1.),(1.,0.774695253395171,
1.),(1.,0.777586087318267,1.),(1.,0.780702783155344,1.)))
REPRESENTATION_ITEM('')
SURFACE()
);
#70=(
BOUNDED_SURFACE()
B_SPLINE_SURFACE(3,2,((#6542,#6543,#6544),(#6545,#6546,#6547),(#6548,#6549,
#6550),(#6551,#6552,#6553)),.UNSPECIFIED.,.F.,.F.,.F.)
B_SPLINE_SURFACE_WITH_KNOTS((4,4),(3,3),(0.904892067657094,0.918935965348482),
(0.,1.),.PIECEWISE_BEZIER_KNOTS.)
GEOMETRIC_REPRESENTATION_ITEM()
RATIONAL_B_SPLINE_SURFACE(((1.,0.438509034145343,1.),(1.,0.4405997387109,
1.),(1.,0.442687024655843,1.),(1.,0.444770832806859,1.)))
REPRESENTATION_ITEM('')
SURFACE()
);
#71=(
BOUNDED_SURFACE()
B_SPLINE_SURFACE(3,2,((#6570,#6571,#6572),(#6573,#6574,#6575),(#6576,#6577,
#6578),(#6579,#6580,#6581)),.UNSPECIFIED.,.F.,.F.,.F.)
B_SPLINE_SURFACE_WITH_KNOTS((4,4),(3,3),(5.06989607840804,5.08062768772286),
(0.,1.),.PIECEWISE_BEZIER_KNOTS.)
GEOMETRIC_REPRESENTATION_ITEM()
RATIONAL_B_SPLINE_SURFACE(((1.,0.821160281104133,1.),(1.,0.822176609002938,
1.),(1.,0.823189012890043,1.),(1.,0.824197478016635,1.)))
REPRESENTATION_ITEM('')
SURFACE()
);
#72=(
BOUNDED_SURFACE()
B_SPLINE_SURFACE(3,2,((#6627,#6628,#6629),(#6630,#6631,#6632),(#6633,#6634,
#6635),(#6636,#6637,#6638)),.UNSPECIFIED.,.F.,.F.,.F.)
B_SPLINE_SURFACE_WITH_KNOTS((4,4),(3,3),(0.020070821642338,0.0223364380156717),
(0.,1.),.PIECEWISE_BEZIER_KNOTS.)
GEOMETRIC_REPRESENTATION_ITEM()
RATIONAL_B_SPLINE_SURFACE(((1.,0.915468895360691,1.),(1.,0.917632846815633,
1.),(1.,0.919862866561879,1.),(1.,0.922163693197627,1.)))
REPRESENTATION_ITEM('')
SURFACE()
);
#73=(
BOUNDED_SURFACE()
B_SPLINE_SURFACE(3,2,((#6639,#6640,#6641),(#6642,#6643,#6644),(#6645,#6646,
#6647),(#6648,#6649,#6650)),.UNSPECIFIED.,.F.,.F.,.F.)
B_SPLINE_SURFACE_WITH_KNOTS((4,4),(3,3),(0.0194306038016947,0.0218204649892124),
(0.,1.),.PIECEWISE_BEZIER_KNOTS.)
GEOMETRIC_REPRESENTATION_ITEM()
RATIONAL_B_SPLINE_SURFACE(((1.,0.515706071171227,1.),(1.,0.518757253549139,
1.),(1.,0.521659636529285,1.),(1.,0.524433459796758,1.)))
REPRESENTATION_ITEM('')
SURFACE()
);
#74=(
BOUNDED_SURFACE()
B_SPLINE_SURFACE(3,2,((#6656,#6657,#6658),(#6659,#6660,#6661),(#6662,#6663,
#6664),(#6665,#6666,#6667)),.UNSPECIFIED.,.F.,.F.,.F.)
B_SPLINE_SURFACE_WITH_KNOTS((4,4),(3,3),(0.0074890818829851,0.0135282517063199),
(0.,1.),.PIECEWISE_BEZIER_KNOTS.)
GEOMETRIC_REPRESENTATION_ITEM()
RATIONAL_B_SPLINE_SURFACE(((1.,0.575538838900059,1.),(1.,0.55951455792804,
1.),(1.,0.538448953421023,1.),(1.,0.504171646899157,1.)))
REPRESENTATION_ITEM('')
SURFACE()
);
#75=(
BOUNDED_SURFACE()
B_SPLINE_SURFACE(3,2,((#6760,#6761,#6762),(#6763,#6764,#6765),(#6766,#6767,
#6768),(#6769,#6770,#6771)),.UNSPECIFIED.,.F.,.F.,.F.)
B_SPLINE_SURFACE_WITH_KNOTS((4,4),(3,3),(0.020070821642338,0.0223364380156718),
(0.,1.),.PIECEWISE_BEZIER_KNOTS.)
GEOMETRIC_REPRESENTATION_ITEM()
RATIONAL_B_SPLINE_SURFACE(((1.,0.915468895360688,1.),(1.,0.917632846815084,
1.),(1.,0.919862866557179,1.),(1.,0.922163693197624,1.)))
REPRESENTATION_ITEM('')
SURFACE()
);
#76=(
BOUNDED_SURFACE()
B_SPLINE_SURFACE(3,2,((#6778,#6779,#6780),(#6781,#6782,#6783),(#6784,#6785,
#6786),(#6787,#6788,#6789)),.UNSPECIFIED.,.F.,.F.,.F.)
B_SPLINE_SURFACE_WITH_KNOTS((4,4),(3,3),(0.904892067657094,0.918935965348481),
(0.,1.),.PIECEWISE_BEZIER_KNOTS.)
GEOMETRIC_REPRESENTATION_ITEM()
RATIONAL_B_SPLINE_SURFACE(((1.,0.438509034145339,1.),(1.,0.440599738713281,
1.),(1.,0.442687024651154,1.),(1.,0.444770832806858,1.)))
REPRESENTATION_ITEM('')
SURFACE()
);
#77=(
BOUNDED_SURFACE()
B_SPLINE_SURFACE(3,2,((#6791,#6792,#6793),(#6794,#6795,#6796),(#6797,#6798,
#6799),(#6800,#6801,#6802)),.UNSPECIFIED.,.F.,.F.,.F.)
B_SPLINE_SURFACE_WITH_KNOTS((4,4),(3,3),(0.0174664733166539,0.0193613317738557),
(0.,1.),.PIECEWISE_BEZIER_KNOTS.)
GEOMETRIC_REPRESENTATION_ITEM()
RATIONAL_B_SPLINE_SURFACE(((1.,0.559669994789623,1.),(1.,0.553684194905717,
1.),(1.,0.547242461085454,1.),(1.,0.540291528574028,1.)))
REPRESENTATION_ITEM('')
SURFACE()
);
#78=(
BOUNDED_SURFACE()
B_SPLINE_SURFACE(3,2,((#6809,#6810,#6811),(#6812,#6813,#6814),(#6815,#6816,
#6817),(#6818,#6819,#6820)),.UNSPECIFIED.,.F.,.F.,.F.)
B_SPLINE_SURFACE_WITH_KNOTS((4,4),(3,3),(0.292985575631033,0.301064452493574),
(0.,1.),.PIECEWISE_BEZIER_KNOTS.)
GEOMETRIC_REPRESENTATION_ITEM()
RATIONAL_B_SPLINE_SURFACE(((1.,0.390508458660246,1.),(1.,0.394655133080331,
1.),(1.,0.398813680149482,1.),(1.,0.402982838377404,1.)))
REPRESENTATION_ITEM('')
SURFACE()
);
#79=(
BOUNDED_SURFACE()
B_SPLINE_SURFACE(3,2,((#6828,#6829,#6830),(#6831,#6832,#6833),(#6834,#6835,
#6836),(#6837,#6838,#6839)),.UNSPECIFIED.,.F.,.F.,.F.)
B_SPLINE_SURFACE_WITH_KNOTS((4,4),(3,3),(0.0177076144151386,0.0197464217352395),
(0.,1.),.PIECEWISE_BEZIER_KNOTS.)
GEOMETRIC_REPRESENTATION_ITEM()
RATIONAL_B_SPLINE_SURFACE(((1.,0.524696310157011,1.),(1.,0.5184129112225,
1.),(1.,0.511586655251222,1.),(1.,0.504125935124923,1.)))
REPRESENTATION_ITEM('')
SURFACE()
);
#80=(
BOUNDED_SURFACE()
B_SPLINE_SURFACE(3,2,((#6898,#6899,#6900),(#6901,#6902,#6903),(#6904,#6905,
#6906),(#6907,#6908,#6909)),.UNSPECIFIED.,.F.,.F.,.F.)
B_SPLINE_SURFACE_WITH_KNOTS((4,4),(3,3),(0.0125146849373501,0.0183476332767452),
(0.,1.),.PIECEWISE_BEZIER_KNOTS.)
GEOMETRIC_REPRESENTATION_ITEM()
RATIONAL_B_SPLINE_SURFACE(((1.,0.414452707254162,1.),(1.,0.410124081294219,
1.),(1.,0.405998243556349,1.),(1.,0.402046595776324,1.)))
REPRESENTATION_ITEM('')
SURFACE()
);
#81=(
BOUNDED_SURFACE()
B_SPLINE_SURFACE(3,2,((#6916,#6917,#6918),(#6919,#6920,#6921),(#6922,#6923,
#6924),(#6925,#6926,#6927)),.UNSPECIFIED.,.F.,.F.,.F.)
B_SPLINE_SURFACE_WITH_KNOTS((4,4),(3,3),(0.00748908188298516,0.0135282517063199),
(0.,1.),.PIECEWISE_BEZIER_KNOTS.)
GEOMETRIC_REPRESENTATION_ITEM()
RATIONAL_B_SPLINE_SURFACE(((1.,0.575538838900072,1.),(1.,0.559514557916767,
1.),(1.,0.538448953402054,1.),(1.,0.504171646899163,1.)))
REPRESENTATION_ITEM('')
SURFACE()
);
#82=(
BOUNDED_SURFACE()
B_SPLINE_SURFACE(3,2,((#6933,#6934,#6935),(#6936,#6937,#6938),(#6939,#6940,
#6941),(#6942,#6943,#6944)),.UNSPECIFIED.,.F.,.F.,.F.)
B_SPLINE_SURFACE_WITH_KNOTS((4,4),(3,3),(0.0194306038016947,0.0218204649892124),
(0.,1.),.PIECEWISE_BEZIER_KNOTS.)
GEOMETRIC_REPRESENTATION_ITEM()
RATIONAL_B_SPLINE_SURFACE(((1.,0.515706071171231,1.),(1.,0.5187572535533,
1.),(1.,0.521659636519919,1.),(1.,0.524433459796769,1.)))
REPRESENTATION_ITEM('')
SURFACE()
);
#83=(
BOUNDED_SURFACE()
B_SPLINE_SURFACE(3,2,((#6956,#6957,#6958),(#6959,#6960,#6961),(#6962,#6963,
#6964),(#6965,#6966,#6967)),.UNSPECIFIED.,.F.,.F.,.F.)
B_SPLINE_SURFACE_WITH_KNOTS((4,4),(3,3),(5.06989607840804,5.08062768772286),
(0.,1.),.PIECEWISE_BEZIER_KNOTS.)
GEOMETRIC_REPRESENTATION_ITEM()
RATIONAL_B_SPLINE_SURFACE(((1.,0.821160281104136,1.),(1.,0.822176609002373,
1.),(1.,0.823189012889419,1.),(1.,0.824197478016637,1.)))
REPRESENTATION_ITEM('')
SURFACE()
);
#84=(
BOUNDED_SURFACE()
B_SPLINE_SURFACE(3,2,((#6969,#6970,#6971),(#6972,#6973,#6974),(#6975,#6976,
#6977),(#6978,#6979,#6980)),.UNSPECIFIED.,.F.,.F.,.F.)
B_SPLINE_SURFACE_WITH_KNOTS((4,4),(3,3),(0.0152415939390235,0.0169024601382802),
(0.,1.),.PIECEWISE_BEZIER_KNOTS.)
GEOMETRIC_REPRESENTATION_ITEM()
RATIONAL_B_SPLINE_SURFACE(((1.,0.771991635955104,1.),(1.,0.774695253397659,
1.),(1.,0.777586087318388,1.),(1.,0.780702783155342,1.)))
REPRESENTATION_ITEM('')
SURFACE()
);
#85=(
BOUNDED_SURFACE()
B_SPLINE_SURFACE(3,2,((#6986,#6987,#6988),(#6989,#6990,#6991),(#6992,#6993,
#6994),(#6995,#6996,#6997)),.UNSPECIFIED.,.F.,.F.,.F.)
B_SPLINE_SURFACE_WITH_KNOTS((4,4),(3,3),(0.605722032233305,0.611575053695692),
(0.,1.),.PIECEWISE_BEZIER_KNOTS.)
GEOMETRIC_REPRESENTATION_ITEM()
RATIONAL_B_SPLINE_SURFACE(((1.,0.835611755512438,1.),(1.,0.837619995142759,
1.),(1.,0.839606801056524,1.),(1.,0.841572081249463,1.)))
REPRESENTATION_ITEM('')
SURFACE()
);
#86=(
BOUNDED_SURFACE()
B_SPLINE_SURFACE(3,2,((#7002,#7003,#7004),(#7005,#7006,#7007),(#7008,#7009,
#7010),(#7011,#7012,#7013)),.UNSPECIFIED.,.F.,.F.,.F.)
B_SPLINE_SURFACE_WITH_KNOTS((4,4),(3,3),(0.0138083563952571,0.0156517831434238),
(0.,1.),.PIECEWISE_BEZIER_KNOTS.)
GEOMETRIC_REPRESENTATION_ITEM()
RATIONAL_B_SPLINE_SURFACE(((1.,0.817112824651707,1.),(1.,0.819053086124195,
1.),(1.,0.82115439948148,1.),(1.,0.823462578837833,1.)))
REPRESENTATION_ITEM('')
SURFACE()
);
#87=PLANE('',#3446);
#88=PLANE('',#3461);
#89=PLANE('',#3488);
#90=PLANE('',#3489);
#91=PLANE('',#3490);
#92=PLANE('',#3493);
#93=PLANE('',#3497);
#94=PLANE('',#3498);
#95=PLANE('',#3542);
#96=PLANE('',#3545);
#97=PLANE('',#3546);
#98=PLANE('',#3548);
#99=PLANE('',#3562);
#100=PLANE('',#3563);
#101=PLANE('',#3564);
#102=PLANE('',#3567);
#103=PLANE('',#3568);
#104=PLANE('',#3569);
#105=PLANE('',#3583);
#106=PLANE('',#3585);
#107=PLANE('',#3586);
#108=PLANE('',#3589);
#109=PLANE('',#3590);
#110=PLANE('',#3591);
#111=PLANE('',#3606);
#112=PLANE('',#3607);
#113=PLANE('',#3608);
#114=PLANE('',#3609);
#115=PLANE('',#3610);
#116=PLANE('',#3613);
#117=PLANE('',#3617);
#118=PLANE('',#3618);
#119=TOROIDAL_SURFACE('',#3432,0.014,0.0012);
#120=TOROIDAL_SURFACE('',#3437,0.014,0.0012);
#121=TOROIDAL_SURFACE('',#3440,0.014,0.0012);
#122=TOROIDAL_SURFACE('',#3443,0.014,0.0012);
#123=TOROIDAL_SURFACE('',#3538,0.014,0.0012);
#124=ELLIPSE('',#3370,0.160741017622125,0.0152);
#125=ELLIPSE('',#3372,0.160741017622121,0.0152);
#126=ELLIPSE('',#3375,0.160741017622125,0.0152);
#127=ELLIPSE('',#3377,0.160741017622121,0.0152);
#128=ELLIPSE('',#3380,0.160741017622121,0.0152);
#129=ELLIPSE('',#3382,0.160741017622125,0.0152);
#130=ELLIPSE('',#3385,0.160741017622125,0.0152);
#131=ELLIPSE('',#3387,0.160741017622121,0.0152);
#132=ELLIPSE('',#3401,0.148120311828238,0.0141);
#133=ELLIPSE('',#3403,0.148120311828234,0.0141);
#134=ELLIPSE('',#3405,0.148120311828238,0.0141);
#135=ELLIPSE('',#3407,0.148120311828234,0.0141);
#136=ELLIPSE('',#3409,0.148120311828234,0.0141);
#137=ELLIPSE('',#3410,0.148120311828238,0.0141);
#138=ELLIPSE('',#3413,0.148120311828238,0.0141);
#139=ELLIPSE('',#3415,0.148120311828234,0.0141);
#140=ELLIPSE('',#3491,0.148010900869136,0.0129);
#141=ELLIPSE('',#3492,0.160631985439373,0.014);
#142=ELLIPSE('',#3494,0.14801090086914,0.0129);
#143=ELLIPSE('',#3495,0.160631985439378,0.014);
#144=ELLIPSE('',#3496,0.0137684558948038,0.0012);
#145=ELLIPSE('',#3508,0.160741017622125,0.0152);
#146=ELLIPSE('',#3509,0.160741017622121,0.0152);
#147=ELLIPSE('',#3513,0.148120311828238,0.0141);
#148=ELLIPSE('',#3515,0.148120311828234,0.0141);
#149=ELLIPSE('',#3543,0.148010900869136,0.0129);
#150=ELLIPSE('',#3544,0.160631985439373,0.014);
#151=ELLIPSE('',#3551,0.14801090086914,0.0129);
#152=ELLIPSE('',#3558,0.160631985439378,0.014);
#153=ELLIPSE('',#3560,0.0137684558948038,0.0012);
#154=ELLIPSE('',#3565,0.148010900869136,0.0129);
#155=ELLIPSE('',#3566,0.160631985439373,0.014);
#156=ELLIPSE('',#3572,0.14801090086914,0.0129);
#157=ELLIPSE('',#3579,0.160631985439378,0.014);
#158=ELLIPSE('',#3581,0.0137684558948038,0.0012);
#159=ELLIPSE('',#3587,0.148010900869136,0.0129);
#160=ELLIPSE('',#3588,0.160631985439373,0.014);
#161=ELLIPSE('',#3594,0.14801090086914,0.0129);
#162=ELLIPSE('',#3601,0.160631985439378,0.014);
#163=ELLIPSE('',#3603,0.0137684558948038,0.0012);
#164=ELLIPSE('',#3611,0.148010900869136,0.0129);
#165=ELLIPSE('',#3612,0.160631985439373,0.014);
#166=ELLIPSE('',#3614,0.14801090086914,0.0129);
#167=ELLIPSE('',#3615,0.160631985439378,0.014);
#168=ELLIPSE('',#3616,0.0137684558948038,0.0012);
#169=CYLINDRICAL_SURFACE('',#3358,0.00730000000000008);
#170=CYLINDRICAL_SURFACE('',#3360,0.00730000000000008);
#171=CYLINDRICAL_SURFACE('',#3362,0.00730000000000008);
#172=CYLINDRICAL_SURFACE('',#3364,0.00730000000000008);
#173=CYLINDRICAL_SURFACE('',#3366,0.00730000000000008);
#174=CYLINDRICAL_SURFACE('',#3368,0.0152);
#175=CYLINDRICAL_SURFACE('',#3373,0.0152);
#176=CYLINDRICAL_SURFACE('',#3378,0.0152);
#177=CYLINDRICAL_SURFACE('',#3383,0.0152);
#178=CYLINDRICAL_SURFACE('',#3400,0.0141);
#179=CYLINDRICAL_SURFACE('',#3404,0.0141);
#180=CYLINDRICAL_SURFACE('',#3408,0.0141);
#181=CYLINDRICAL_SURFACE('',#3412,0.0141);
#182=CYLINDRICAL_SURFACE('',#3424,0.015);
#183=CYLINDRICAL_SURFACE('',#3426,0.015);
#184=CYLINDRICAL_SURFACE('',#3428,0.015);
#185=CYLINDRICAL_SURFACE('',#3430,0.015);
#186=CYLINDRICAL_SURFACE('',#3487,0.0061);
#187=CYLINDRICAL_SURFACE('',#3502,0.0153);
#188=CYLINDRICAL_SURFACE('',#3506,0.0164);
#189=CYLINDRICAL_SURFACE('',#3507,0.0152);
#190=CYLINDRICAL_SURFACE('',#3512,0.0141);
#191=CYLINDRICAL_SURFACE('',#3521,0.0166);
#192=CYLINDRICAL_SURFACE('',#3525,0.0162);
#193=CYLINDRICAL_SURFACE('',#3526,0.015);
#194=CYLINDRICAL_SURFACE('',#3527,0.0162);
#195=CYLINDRICAL_SURFACE('',#3528,0.0012);
#196=CYLINDRICAL_SURFACE('',#3531,0.0012);
#197=CYLINDRICAL_SURFACE('',#3532,0.0008);
#198=CYLINDRICAL_SURFACE('',#3533,0.0012);
#199=CYLINDRICAL_SURFACE('',#3534,0.0012);
#200=CYLINDRICAL_SURFACE('',#3547,0.0012);
#201=CYLINDRICAL_SURFACE('',#3549,0.0012);
#202=CYLINDRICAL_SURFACE('',#3550,0.0012);
#203=CYLINDRICAL_SURFACE('',#3559,0.0012);
#204=CYLINDRICAL_SURFACE('',#3561,0.0008);
#205=CYLINDRICAL_SURFACE('',#3570,0.0012);
#206=CYLINDRICAL_SURFACE('',#3571,0.0012);
#207=CYLINDRICAL_SURFACE('',#3580,0.0012);
#208=CYLINDRICAL_SURFACE('',#3582,0.0012);
#209=CYLINDRICAL_SURFACE('',#3584,0.0008);
#210=CYLINDRICAL_SURFACE('',#3592,0.0012);
#211=CYLINDRICAL_SURFACE('',#3593,0.0012);
#212=CYLINDRICAL_SURFACE('',#3602,0.0012);
#213=CYLINDRICAL_SURFACE('',#3604,0.0012);
#214=CYLINDRICAL_SURFACE('',#3605,0.0008);
#215=CYLINDRICAL_SURFACE('',#3619,0.0012);
#216=CYLINDRICAL_SURFACE('',#3622,0.0012);
#217=CYLINDRICAL_SURFACE('',#3623,0.0008);
#218=CYLINDRICAL_SURFACE('',#3624,0.0012);
#219=CYLINDRICAL_SURFACE('',#3625,0.0012);
#220=LINE('',#4572,#320);
#221=LINE('',#4576,#321);
#222=LINE('',#4595,#322);
#223=LINE('',#4614,#323);
#224=LINE('',#4633,#324);
#225=LINE('',#4655,#325);
#226=LINE('',#4656,#326);
#227=LINE('',#4658,#327);
#228=LINE('',#4662,#328);
#229=LINE('',#4664,#329);
#230=LINE('',#4668,#330);
#231=LINE('',#4670,#331);
#232=LINE('',#4674,#332);
#233=LINE('',#4676,#333);
#234=LINE('',#4680,#334);
#235=LINE('',#4685,#335);
#236=LINE('',#4693,#336);
#237=LINE('',#4698,#337);
#238=LINE('',#4706,#338);
#239=LINE('',#4713,#339);
#240=LINE('',#4717,#340);
#241=LINE('',#4724,#341);
#242=LINE('',#4732,#342);
#243=LINE('',#4966,#343);
#244=LINE('',#4970,#344);
#245=LINE('',#4977,#345);
#246=LINE('',#4981,#346);
#247=LINE('',#4991,#347);
#248=LINE('',#4997,#348);
#249=LINE('',#4999,#349);
#250=LINE('',#5003,#350);
#251=LINE('',#5039,#351);
#252=LINE('',#5044,#352);
#253=LINE('',#5054,#353);
#254=LINE('',#5062,#354);
#255=LINE('',#5074,#355);
#256=LINE('',#5079,#356);
#257=LINE('',#5091,#357);
#258=LINE('',#5096,#358);
#259=LINE('',#5108,#359);
#260=LINE('',#5113,#360);
#261=LINE('',#5124,#361);
#262=LINE('',#5129,#362);
#263=LINE('',#5132,#363);
#264=LINE('',#5137,#364);
#265=LINE('',#5140,#365);
#266=LINE('',#5145,#366);
#267=LINE('',#5148,#367);
#268=LINE('',#5153,#368);
#269=LINE('',#5158,#369);
#270=LINE('',#5166,#370);
#271=LINE('',#5191,#371);
#272=LINE('',#5200,#372);
#273=LINE('',#5215,#373);
#274=LINE('',#5227,#374);
#275=LINE('',#5246,#375);
#276=LINE('',#5266,#376);
#277=LINE('',#5268,#377);
#278=LINE('',#5279,#378);
#279=LINE('',#5281,#379);
#280=LINE('',#5295,#380);
#281=LINE('',#5300,#381);
#282=LINE('',#5369,#382);
#283=LINE('',#5370,#383);
#284=LINE('',#5645,#384);
#285=LINE('',#5657,#385);
#286=LINE('',#5666,#386);
#287=LINE('',#5677,#387);
#288=LINE('',#5685,#388);
#289=LINE('',#5728,#389);
#290=LINE('',#5740,#390);
#291=LINE('',#5891,#391);
#292=LINE('',#5901,#392);
#293=LINE('',#5989,#393);
#294=LINE('',#6001,#394);
#295=LINE('',#6010,#395);
#296=LINE('',#6021,#396);
#297=LINE('',#6029,#397);
#298=LINE('',#6067,#398);
#299=LINE('',#6079,#399);
#300=LINE('',#6218,#400);
#301=LINE('',#6239,#401);
#302=LINE('',#6333,#402);
#303=LINE('',#6345,#403);
#304=LINE('',#6354,#404);
#305=LINE('',#6365,#405);
#306=LINE('',#6373,#406);
#307=LINE('',#6411,#407);
#308=LINE('',#6423,#408);
#309=LINE('',#6562,#409);
#310=LINE('',#6589,#410);
#311=LINE('',#6669,#411);
#312=LINE('',#6678,#412);
#313=LINE('',#6693,#413);
#314=LINE('',#6705,#414);
#315=LINE('',#6724,#415);
#316=LINE('',#6744,#416);
#317=LINE('',#6746,#417);
#318=LINE('',#6757,#418);
#319=LINE('',#6759,#419);
#320=VECTOR('',#3680,1.);
#321=VECTOR('',#3685,1.);
#322=VECTOR('',#3690,1.);
#323=VECTOR('',#3695,1.);
#324=VECTOR('',#3700,1.);
#325=VECTOR('',#3707,1.);
#326=VECTOR('',#3708,1.);
#327=VECTOR('',#3711,1.);
#328=VECTOR('',#3714,1.);
#329=VECTOR('',#3717,1.);
#330=VECTOR('',#3720,1.);
#331=VECTOR('',#3723,1.);
#332=VECTOR('',#3726,1.);
#333=VECTOR('',#3729,1.);
#334=VECTOR('',#3732,1.);
#335=VECTOR('',#3737,1.);
#336=VECTOR('',#3744,1.);
#337=VECTOR('',#3749,1.);
#338=VECTOR('',#3756,1.);
#339=VECTOR('',#3763,1.);
#340=VECTOR('',#3766,1.);
#341=VECTOR('',#3773,1.);
#342=VECTOR('',#3780,1.);
#343=VECTOR('',#3855,1.);
#344=VECTOR('',#3858,1.);
#345=VECTOR('',#3861,1.);
#346=VECTOR('',#3864,1.);
#347=VECTOR('',#3869,1.);
#348=VECTOR('',#3870,1.);
#349=VECTOR('',#3873,1.);
#350=VECTOR('',#3876,1.);
#351=VECTOR('',#3907,1.);
#352=VECTOR('',#3912,1.);
#353=VECTOR('',#3915,1.);
#354=VECTOR('',#3922,1.);
#355=VECTOR('',#3923,1.);
#356=VECTOR('',#3928,1.);
#357=VECTOR('',#3929,1.);
#358=VECTOR('',#3934,1.);
#359=VECTOR('',#3935,1.);
#360=VECTOR('',#3940,1.);
#361=VECTOR('',#3947,1.);
#362=VECTOR('',#3952,1.);
#363=VECTOR('',#3955,1.);
#364=VECTOR('',#3960,1.);
#365=VECTOR('',#3963,1.);
#366=VECTOR('',#3968,1.);
#367=VECTOR('',#3971,1.);
#368=VECTOR('',#3976,1.);
#369=VECTOR('',#3981,1.);
#370=VECTOR('',#3988,1.);
#371=VECTOR('',#4011,1.);
#372=VECTOR('',#4012,1.);
#373=VECTOR('',#4015,1.);
#374=VECTOR('',#4016,1.);
#375=VECTOR('',#4021,1.);
#376=VECTOR('',#4032,1.);
#377=VECTOR('',#4035,1.);
#378=VECTOR('',#4036,1.);
#379=VECTOR('',#4039,1.);
#380=VECTOR('',#4058,1.);
#381=VECTOR('',#4063,1.);
#382=VECTOR('',#4098,1.);
#383=VECTOR('',#4099,1.);
#384=VECTOR('',#4134,1.);
#385=VECTOR('',#4135,1.);
#386=VECTOR('',#4140,1.);
#387=VECTOR('',#4141,1.);
#388=VECTOR('',#4144,1.);
#389=VECTOR('',#4149,1.);
#390=VECTOR('',#4150,1.);
#391=VECTOR('',#4173,1.);
#392=VECTOR('',#4180,1.);
#393=VECTOR('',#4187,1.);
#394=VECTOR('',#4188,1.);
#395=VECTOR('',#4193,1.);
#396=VECTOR('',#4194,1.);
#397=VECTOR('',#4197,1.);
#398=VECTOR('',#4200,1.);
#399=VECTOR('',#4201,1.);
#400=VECTOR('',#4224,1.);
#401=VECTOR('',#4231,1.);
#402=VECTOR('',#4240,1.);
#403=VECTOR('',#4241,1.);
#404=VECTOR('',#4246,1.);
#405=VECTOR('',#4247,1.);
#406=VECTOR('',#4250,1.);
#407=VECTOR('',#4253,1.);
#408=VECTOR('',#4254,1.);
#409=VECTOR('',#4277,1.);
#410=VECTOR('',#4286,1.);
#411=VECTOR('',#4291,1.);
#412=VECTOR('',#4292,1.);
#413=VECTOR('',#4295,1.);
#414=VECTOR('',#4296,1.);
#415=VECTOR('',#4301,1.);
#416=VECTOR('',#4312,1.);
#417=VECTOR('',#4315,1.);
#418=VECTOR('',#4316,1.);
#419=VECTOR('',#4319,1.);
#420=CIRCLE('',#3326,0.00780290250799923);
#421=CIRCLE('',#3327,0.0114);
#422=CIRCLE('',#3329,0.00780290250799923);
#423=CIRCLE('',#3330,0.0114);
#424=CIRCLE('',#3332,0.00780290250799923);
#425=CIRCLE('',#3333,0.0114);
#426=CIRCLE('',#3335,0.0114);
#427=CIRCLE('',#3336,0.00780290250799923);
#428=CIRCLE('',#3338,0.0114);
#429=CIRCLE('',#3339,0.00780290250799923);
#430=CIRCLE('',#3341,0.0118);
#431=CIRCLE('',#3343,0.0118);
#432=CIRCLE('',#3345,0.0118);
#433=CIRCLE('',#3347,0.0118);
#434=CIRCLE('',#3349,0.00730000000000008);
#435=CIRCLE('',#3351,0.00730000000000008);
#436=CIRCLE('',#3353,0.00730000000000008);
#437=CIRCLE('',#3355,0.00730000000000008);
#438=CIRCLE('',#3357,0.00730000000000008);
#439=CIRCLE('',#3359,0.00730000000000008);
#440=CIRCLE('',#3361,0.00730000000000008);
#441=CIRCLE('',#3363,0.00730000000000008);
#442=CIRCLE('',#3365,0.00730000000000008);
#443=CIRCLE('',#3367,0.00730000000000008);
#444=CIRCLE('',#3369,0.0152);
#445=CIRCLE('',#3371,0.0152);
#446=CIRCLE('',#3374,0.0152);
#447=CIRCLE('',#3376,0.0152);
#448=CIRCLE('',#3379,0.0152);
#449=CIRCLE('',#3381,0.0152);
#450=CIRCLE('',#3384,0.0152);
#451=CIRCLE('',#3386,0.0152);
#452=CIRCLE('',#3389,0.0148485281374238);
#453=CIRCLE('',#3390,0.0141);
#454=CIRCLE('',#3392,0.0148485281374238);
#455=CIRCLE('',#3393,0.0141);
#456=CIRCLE('',#3395,0.0141);
#457=CIRCLE('',#3396,0.0148485281374238);
#458=CIRCLE('',#3398,0.0148485281374238);
#459=CIRCLE('',#3399,0.0141);
#460=CIRCLE('',#3402,0.0141);
#461=CIRCLE('',#3406,0.0141);
#462=CIRCLE('',#3411,0.0141);
#463=CIRCLE('',#3414,0.0141);
#464=CIRCLE('',#3417,0.015);
#465=CIRCLE('',#3419,0.015);
#466=CIRCLE('',#3421,0.015);
#467=CIRCLE('',#3423,0.015);
#468=CIRCLE('',#3425,0.015);
#469=CIRCLE('',#3427,0.015);
#470=CIRCLE('',#3429,0.015);
#471=CIRCLE('',#3431,0.015);
#472=CIRCLE('',#3433,0.0012);
#473=CIRCLE('',#3434,0.0148485281374238);
#474=CIRCLE('',#3435,0.0012);
#475=CIRCLE('',#3436,0.0152);
#476=CIRCLE('',#3438,0.0012);
#477=CIRCLE('',#3439,0.0012);
#478=CIRCLE('',#3441,0.0012);
#479=CIRCLE('',#3442,0.0012);
#480=CIRCLE('',#3444,0.0012);
#481=CIRCLE('',#3445,0.0012);
#482=CIRCLE('',#3447,0.0012);
#483=CIRCLE('',#3448,0.0012);
#484=CIRCLE('',#3449,0.0118);
#485=CIRCLE('',#3450,0.0012);
#486=CIRCLE('',#3451,0.015);
#487=CIRCLE('',#3452,0.0012);
#488=CIRCLE('',#3453,0.0012);
#489=CIRCLE('',#3454,0.0012);
#490=CIRCLE('',#3455,0.0012);
#491=CIRCLE('',#3456,0.0012);
#492=CIRCLE('',#3457,0.0012);
#493=CIRCLE('',#3458,0.0012);
#494=CIRCLE('',#3459,0.0106);
#495=CIRCLE('',#3460,0.0162);
#496=CIRCLE('',#3462,0.0012);
#497=CIRCLE('',#3463,0.0012);
#498=CIRCLE('',#3464,0.0008);
#499=CIRCLE('',#3465,0.0012);
#500=CIRCLE('',#3466,0.0012);
#501=CIRCLE('',#3467,0.0008);
#502=CIRCLE('',#3468,0.0012);
#503=CIRCLE('',#3469,0.0012);
#504=CIRCLE('',#3470,0.0008);
#505=CIRCLE('',#3471,0.0012);
#506=CIRCLE('',#3472,0.0012);
#507=CIRCLE('',#3473,0.0008);
#508=CIRCLE('',#3474,0.0008);
#509=CIRCLE('',#3475,0.0012);
#510=CIRCLE('',#3476,0.0152);
#511=CIRCLE('',#3477,0.0012);
#512=CIRCLE('',#3478,0.0061);
#513=CIRCLE('',#3479,0.0164);
#514=CIRCLE('',#3482,0.0102);
#515=CIRCLE('',#3484,0.00660290250799914);
#516=CIRCLE('',#3486,0.0061);
#517=CIRCLE('',#3500,0.0153);
#518=CIRCLE('',#3501,0.0162);
#519=CIRCLE('',#3503,0.0153);
#520=CIRCLE('',#3505,0.0164);
#521=CIRCLE('',#3511,0.0141);
#522=CIRCLE('',#3514,0.0141);
#523=CIRCLE('',#3517,0.015);
#524=CIRCLE('',#3519,0.0162);
#525=CIRCLE('',#3520,0.0166);
#526=CIRCLE('',#3522,0.0166);
#527=CIRCLE('',#3524,0.0162);
#528=CIRCLE('',#3529,0.0012);
#529=CIRCLE('',#3530,0.0012);
#530=CIRCLE('',#3535,0.0012);
#531=CIRCLE('',#3536,0.0012);
#532=CIRCLE('',#3539,0.0012);
#533=CIRCLE('',#3540,0.0012);
#534=CIRCLE('',#3553,0.0012);
#535=CIRCLE('',#3554,0.0012);
#536=CIRCLE('',#3556,0.0012);
#537=CIRCLE('',#3557,0.0012);
#538=CIRCLE('',#3574,0.0012);
#539=CIRCLE('',#3575,0.0012);
#540=CIRCLE('',#3577,0.0012);
#541=CIRCLE('',#3578,0.0012);
#542=CIRCLE('',#3596,0.0012);
#543=CIRCLE('',#3597,0.0012);
#544=CIRCLE('',#3599,0.0012);
#545=CIRCLE('',#3600,0.0012);
#546=CIRCLE('',#3620,0.0012);
#547=CIRCLE('',#3621,0.0012);
#548=CIRCLE('',#3626,0.0012);
#549=CIRCLE('',#3627,0.0012);
#550=ORIENTED_EDGE('',*,*,#1570,.T.);
#551=ORIENTED_EDGE('',*,*,#1571,.T.);
#552=ORIENTED_EDGE('',*,*,#1572,.T.);
#553=ORIENTED_EDGE('',*,*,#1573,.T.);
#554=ORIENTED_EDGE('',*,*,#1574,.T.);
#555=ORIENTED_EDGE('',*,*,#1575,.F.);
#556=ORIENTED_EDGE('',*,*,#1576,.T.);
#557=ORIENTED_EDGE('',*,*,#1577,.T.);
#558=ORIENTED_EDGE('',*,*,#1578,.T.);
#559=ORIENTED_EDGE('',*,*,#1579,.T.);
#560=ORIENTED_EDGE('',*,*,#1580,.T.);
#561=ORIENTED_EDGE('',*,*,#1581,.F.);
#562=ORIENTED_EDGE('',*,*,#1582,.T.);
#563=ORIENTED_EDGE('',*,*,#1583,.T.);
#564=ORIENTED_EDGE('',*,*,#1584,.T.);
#565=ORIENTED_EDGE('',*,*,#1585,.T.);
#566=ORIENTED_EDGE('',*,*,#1586,.T.);
#567=ORIENTED_EDGE('',*,*,#1587,.T.);
#568=ORIENTED_EDGE('',*,*,#1588,.F.);
#569=ORIENTED_EDGE('',*,*,#1589,.T.);
#570=ORIENTED_EDGE('',*,*,#1590,.T.);
#571=ORIENTED_EDGE('',*,*,#1591,.T.);
#572=ORIENTED_EDGE('',*,*,#1592,.T.);
#573=ORIENTED_EDGE('',*,*,#1593,.T.);
#574=ORIENTED_EDGE('',*,*,#1594,.F.);
#575=ORIENTED_EDGE('',*,*,#1595,.T.);
#576=ORIENTED_EDGE('',*,*,#1596,.T.);
#577=ORIENTED_EDGE('',*,*,#1597,.T.);
#578=ORIENTED_EDGE('',*,*,#1598,.T.);
#579=ORIENTED_EDGE('',*,*,#1599,.T.);
#580=ORIENTED_EDGE('',*,*,#1600,.F.);
#581=ORIENTED_EDGE('',*,*,#1601,.T.);
#582=ORIENTED_EDGE('',*,*,#1602,.T.);
#583=ORIENTED_EDGE('',*,*,#1603,.T.);
#584=ORIENTED_EDGE('',*,*,#1604,.T.);
#585=ORIENTED_EDGE('',*,*,#1605,.F.);
#586=ORIENTED_EDGE('',*,*,#1606,.T.);
#587=ORIENTED_EDGE('',*,*,#1594,.T.);
#588=ORIENTED_EDGE('',*,*,#1607,.T.);
#589=ORIENTED_EDGE('',*,*,#1608,.F.);
#590=ORIENTED_EDGE('',*,*,#1609,.T.);
#591=ORIENTED_EDGE('',*,*,#1600,.T.);
#592=ORIENTED_EDGE('',*,*,#1610,.T.);
#593=ORIENTED_EDGE('',*,*,#1575,.T.);
#594=ORIENTED_EDGE('',*,*,#1611,.T.);
#595=ORIENTED_EDGE('',*,*,#1612,.F.);
#596=ORIENTED_EDGE('',*,*,#1613,.T.);
#597=ORIENTED_EDGE('',*,*,#1614,.F.);
#598=ORIENTED_EDGE('',*,*,#1615,.T.);
#599=ORIENTED_EDGE('',*,*,#1588,.T.);
#600=ORIENTED_EDGE('',*,*,#1616,.T.);
#601=ORIENTED_EDGE('',*,*,#1617,.T.);
#602=ORIENTED_EDGE('',*,*,#1618,.T.);
#603=ORIENTED_EDGE('',*,*,#1619,.T.);
#604=ORIENTED_EDGE('',*,*,#1571,.F.);
#605=ORIENTED_EDGE('',*,*,#1620,.T.);
#606=ORIENTED_EDGE('',*,*,#1621,.T.);
#607=ORIENTED_EDGE('',*,*,#1603,.F.);
#608=ORIENTED_EDGE('',*,*,#1622,.T.);
#609=ORIENTED_EDGE('',*,*,#1623,.T.);
#610=ORIENTED_EDGE('',*,*,#1624,.T.);
#611=ORIENTED_EDGE('',*,*,#1625,.T.);
#612=ORIENTED_EDGE('',*,*,#1626,.T.);
#613=ORIENTED_EDGE('',*,*,#1597,.F.);
#614=ORIENTED_EDGE('',*,*,#1627,.T.);
#615=ORIENTED_EDGE('',*,*,#1628,.T.);
#616=ORIENTED_EDGE('',*,*,#1629,.T.);
#617=ORIENTED_EDGE('',*,*,#1630,.T.);
#618=ORIENTED_EDGE('',*,*,#1631,.T.);
#619=ORIENTED_EDGE('',*,*,#1584,.F.);
#620=ORIENTED_EDGE('',*,*,#1632,.T.);
#621=ORIENTED_EDGE('',*,*,#1633,.T.);
#622=ORIENTED_EDGE('',*,*,#1634,.T.);
#623=ORIENTED_EDGE('',*,*,#1635,.T.);
#624=ORIENTED_EDGE('',*,*,#1636,.T.);
#625=ORIENTED_EDGE('',*,*,#1577,.F.);
#626=ORIENTED_EDGE('',*,*,#1637,.T.);
#627=ORIENTED_EDGE('',*,*,#1638,.T.);
#628=ORIENTED_EDGE('',*,*,#1639,.T.);
#629=ORIENTED_EDGE('',*,*,#1640,.T.);
#630=ORIENTED_EDGE('',*,*,#1641,.T.);
#631=ORIENTED_EDGE('',*,*,#1642,.T.);
#632=ORIENTED_EDGE('',*,*,#1643,.T.);
#633=ORIENTED_EDGE('',*,*,#1621,.F.);
#634=ORIENTED_EDGE('',*,*,#1644,.T.);
#635=ORIENTED_EDGE('',*,*,#1623,.F.);
#636=ORIENTED_EDGE('',*,*,#1645,.T.);
#637=ORIENTED_EDGE('',*,*,#1646,.T.);
#638=ORIENTED_EDGE('',*,*,#1647,.T.);
#639=ORIENTED_EDGE('',*,*,#1628,.F.);
#640=ORIENTED_EDGE('',*,*,#1648,.T.);
#641=ORIENTED_EDGE('',*,*,#1649,.T.);
#642=ORIENTED_EDGE('',*,*,#1650,.T.);
#643=ORIENTED_EDGE('',*,*,#1633,.F.);
#644=ORIENTED_EDGE('',*,*,#1651,.T.);
#645=ORIENTED_EDGE('',*,*,#1652,.T.);
#646=ORIENTED_EDGE('',*,*,#1653,.T.);
#647=ORIENTED_EDGE('',*,*,#1638,.F.);
#648=ORIENTED_EDGE('',*,*,#1654,.T.);
#649=ORIENTED_EDGE('',*,*,#1655,.T.);
#650=ORIENTED_EDGE('',*,*,#1656,.T.);
#651=ORIENTED_EDGE('',*,*,#1657,.F.);
#652=ORIENTED_EDGE('',*,*,#1658,.T.);
#653=ORIENTED_EDGE('',*,*,#1659,.T.);
#654=ORIENTED_EDGE('',*,*,#1660,.T.);
#655=ORIENTED_EDGE('',*,*,#1661,.T.);
#656=ORIENTED_EDGE('',*,*,#1662,.T.);
#657=ORIENTED_EDGE('',*,*,#1663,.F.);
#658=ORIENTED_EDGE('',*,*,#1664,.T.);
#659=ORIENTED_EDGE('',*,*,#1665,.T.);
#660=ORIENTED_EDGE('',*,*,#1666,.T.);
#661=ORIENTED_EDGE('',*,*,#1667,.T.);
#662=ORIENTED_EDGE('',*,*,#1668,.T.);
#663=ORIENTED_EDGE('',*,*,#1669,.T.);
#664=ORIENTED_EDGE('',*,*,#1670,.T.);
#665=ORIENTED_EDGE('',*,*,#1671,.T.);
#666=ORIENTED_EDGE('',*,*,#1672,.F.);
#667=ORIENTED_EDGE('',*,*,#1673,.T.);
#668=ORIENTED_EDGE('',*,*,#1674,.T.);
#669=ORIENTED_EDGE('',*,*,#1675,.F.);
#670=ORIENTED_EDGE('',*,*,#1676,.T.);
#671=ORIENTED_EDGE('',*,*,#1677,.T.);
#672=ORIENTED_EDGE('',*,*,#1678,.T.);
#673=ORIENTED_EDGE('',*,*,#1679,.T.);
#674=ORIENTED_EDGE('',*,*,#1680,.T.);
#675=ORIENTED_EDGE('',*,*,#1681,.T.);
#676=ORIENTED_EDGE('',*,*,#1682,.T.);
#677=ORIENTED_EDGE('',*,*,#1683,.T.);
#678=ORIENTED_EDGE('',*,*,#1684,.T.);
#679=ORIENTED_EDGE('',*,*,#1685,.T.);
#680=ORIENTED_EDGE('',*,*,#1686,.T.);
#681=ORIENTED_EDGE('',*,*,#1687,.T.);
#682=ORIENTED_EDGE('',*,*,#1688,.T.);
#683=ORIENTED_EDGE('',*,*,#1689,.T.);
#684=ORIENTED_EDGE('',*,*,#1690,.T.);
#685=ORIENTED_EDGE('',*,*,#1691,.T.);
#686=ORIENTED_EDGE('',*,*,#1692,.T.);
#687=ORIENTED_EDGE('',*,*,#1693,.T.);
#688=ORIENTED_EDGE('',*,*,#1694,.T.);
#689=ORIENTED_EDGE('',*,*,#1695,.T.);
#690=ORIENTED_EDGE('',*,*,#1696,.T.);
#691=ORIENTED_EDGE('',*,*,#1697,.T.);
#692=ORIENTED_EDGE('',*,*,#1698,.T.);
#693=ORIENTED_EDGE('',*,*,#1699,.T.);
#694=ORIENTED_EDGE('',*,*,#1700,.T.);
#695=ORIENTED_EDGE('',*,*,#1684,.F.);
#696=ORIENTED_EDGE('',*,*,#1701,.T.);
#697=ORIENTED_EDGE('',*,*,#1702,.T.);
#698=ORIENTED_EDGE('',*,*,#1703,.T.);
#699=ORIENTED_EDGE('',*,*,#1704,.T.);
#700=ORIENTED_EDGE('',*,*,#1705,.T.);
#701=ORIENTED_EDGE('',*,*,#1706,.T.);
#702=ORIENTED_EDGE('',*,*,#1689,.F.);
#703=ORIENTED_EDGE('',*,*,#1707,.T.);
#704=ORIENTED_EDGE('',*,*,#1708,.T.);
#705=ORIENTED_EDGE('',*,*,#1709,.T.);
#706=ORIENTED_EDGE('',*,*,#1710,.T.);
#707=ORIENTED_EDGE('',*,*,#1711,.T.);
#708=ORIENTED_EDGE('',*,*,#1712,.T.);
#709=ORIENTED_EDGE('',*,*,#1713,.T.);
#710=ORIENTED_EDGE('',*,*,#1693,.F.);
#711=ORIENTED_EDGE('',*,*,#1714,.T.);
#712=ORIENTED_EDGE('',*,*,#1715,.T.);
#713=ORIENTED_EDGE('',*,*,#1699,.F.);
#714=ORIENTED_EDGE('',*,*,#1716,.T.);
#715=ORIENTED_EDGE('',*,*,#1717,.T.);
#716=ORIENTED_EDGE('',*,*,#1718,.T.);
#717=ORIENTED_EDGE('',*,*,#1719,.T.);
#718=ORIENTED_EDGE('',*,*,#1720,.T.);
#719=ORIENTED_EDGE('',*,*,#1702,.F.);
#720=ORIENTED_EDGE('',*,*,#1721,.T.);
#721=ORIENTED_EDGE('',*,*,#1722,.T.);
#722=ORIENTED_EDGE('',*,*,#1723,.T.);
#723=ORIENTED_EDGE('',*,*,#1724,.T.);
#724=ORIENTED_EDGE('',*,*,#1725,.T.);
#725=ORIENTED_EDGE('',*,*,#1708,.F.);
#726=ORIENTED_EDGE('',*,*,#1726,.T.);
#727=ORIENTED_EDGE('',*,*,#1727,.T.);
#728=ORIENTED_EDGE('',*,*,#1728,.T.);
#729=ORIENTED_EDGE('',*,*,#1729,.T.);
#730=ORIENTED_EDGE('',*,*,#1730,.T.);
#731=ORIENTED_EDGE('',*,*,#1731,.T.);
#732=ORIENTED_EDGE('',*,*,#1732,.T.);
#733=ORIENTED_EDGE('',*,*,#1733,.T.);
#734=ORIENTED_EDGE('',*,*,#1734,.T.);
#735=ORIENTED_EDGE('',*,*,#1715,.F.);
#736=ORIENTED_EDGE('',*,*,#1735,.T.);
#737=ORIENTED_EDGE('',*,*,#1717,.F.);
#738=ORIENTED_EDGE('',*,*,#1736,.T.);
#739=ORIENTED_EDGE('',*,*,#1737,.T.);
#740=ORIENTED_EDGE('',*,*,#1738,.T.);
#741=ORIENTED_EDGE('',*,*,#1739,.T.);
#742=ORIENTED_EDGE('',*,*,#1740,.T.);
#743=ORIENTED_EDGE('',*,*,#1724,.F.);
#744=ORIENTED_EDGE('',*,*,#1741,.T.);
#745=ORIENTED_EDGE('',*,*,#1742,.T.);
#746=ORIENTED_EDGE('',*,*,#1743,.T.);
#747=ORIENTED_EDGE('',*,*,#1744,.T.);
#748=ORIENTED_EDGE('',*,*,#1729,.F.);
#749=ORIENTED_EDGE('',*,*,#1745,.T.);
#750=ORIENTED_EDGE('',*,*,#1746,.T.);
#751=ORIENTED_EDGE('',*,*,#1747,.T.);
#752=ORIENTED_EDGE('',*,*,#1748,.T.);
#753=ORIENTED_EDGE('',*,*,#1749,.T.);
#754=ORIENTED_EDGE('',*,*,#1750,.T.);
#755=ORIENTED_EDGE('',*,*,#1751,.T.);
#756=ORIENTED_EDGE('',*,*,#1733,.F.);
#757=ORIENTED_EDGE('',*,*,#1752,.T.);
#758=ORIENTED_EDGE('',*,*,#1739,.F.);
#759=ORIENTED_EDGE('',*,*,#1753,.T.);
#760=ORIENTED_EDGE('',*,*,#1754,.T.);
#761=ORIENTED_EDGE('',*,*,#1755,.T.);
#762=ORIENTED_EDGE('',*,*,#1756,.T.);
#763=ORIENTED_EDGE('',*,*,#1757,.F.);
#764=ORIENTED_EDGE('',*,*,#1758,.F.);
#765=ORIENTED_EDGE('',*,*,#1759,.T.);
#766=ORIENTED_EDGE('',*,*,#1760,.F.);
#767=ORIENTED_EDGE('',*,*,#1761,.F.);
#768=ORIENTED_EDGE('',*,*,#1696,.F.);
#769=ORIENTED_EDGE('',*,*,#1762,.T.);
#770=ORIENTED_EDGE('',*,*,#1678,.F.);
#771=ORIENTED_EDGE('',*,*,#1763,.F.);
#772=ORIENTED_EDGE('',*,*,#1681,.F.);
#773=ORIENTED_EDGE('',*,*,#1764,.T.);
#774=ORIENTED_EDGE('',*,*,#1660,.F.);
#775=ORIENTED_EDGE('',*,*,#1765,.F.);
#776=ORIENTED_EDGE('',*,*,#1686,.F.);
#777=ORIENTED_EDGE('',*,*,#1766,.T.);
#778=ORIENTED_EDGE('',*,*,#1666,.F.);
#779=ORIENTED_EDGE('',*,*,#1767,.T.);
#780=ORIENTED_EDGE('',*,*,#1612,.T.);
#781=ORIENTED_EDGE('',*,*,#1768,.T.);
#782=ORIENTED_EDGE('',*,*,#1769,.F.);
#783=ORIENTED_EDGE('',*,*,#1770,.T.);
#784=ORIENTED_EDGE('',*,*,#1749,.F.);
#785=ORIENTED_EDGE('',*,*,#1771,.T.);
#786=ORIENTED_EDGE('',*,*,#1772,.T.);
#787=ORIENTED_EDGE('',*,*,#1773,.T.);
#788=ORIENTED_EDGE('',*,*,#1774,.T.);
#789=ORIENTED_EDGE('',*,*,#1775,.F.);
#790=ORIENTED_EDGE('',*,*,#1776,.T.);
#791=ORIENTED_EDGE('',*,*,#1777,.F.);
#792=ORIENTED_EDGE('',*,*,#1778,.T.);
#793=ORIENTED_EDGE('',*,*,#1779,.T.);
#794=ORIENTED_EDGE('',*,*,#1780,.T.);
#795=ORIENTED_EDGE('',*,*,#1608,.T.);
#796=ORIENTED_EDGE('',*,*,#1781,.T.);
#797=ORIENTED_EDGE('',*,*,#1782,.F.);
#798=ORIENTED_EDGE('',*,*,#1783,.T.);
#799=ORIENTED_EDGE('',*,*,#1746,.F.);
#800=ORIENTED_EDGE('',*,*,#1784,.T.);
#801=ORIENTED_EDGE('',*,*,#1785,.T.);
#802=ORIENTED_EDGE('',*,*,#1786,.T.);
#803=ORIENTED_EDGE('',*,*,#1605,.T.);
#804=ORIENTED_EDGE('',*,*,#1787,.T.);
#805=ORIENTED_EDGE('',*,*,#1788,.F.);
#806=ORIENTED_EDGE('',*,*,#1789,.T.);
#807=ORIENTED_EDGE('',*,*,#1742,.F.);
#808=ORIENTED_EDGE('',*,*,#1790,.T.);
#809=ORIENTED_EDGE('',*,*,#1791,.T.);
#810=ORIENTED_EDGE('',*,*,#1792,.T.);
#811=ORIENTED_EDGE('',*,*,#1614,.T.);
#812=ORIENTED_EDGE('',*,*,#1793,.T.);
#813=ORIENTED_EDGE('',*,*,#1794,.F.);
#814=ORIENTED_EDGE('',*,*,#1795,.T.);
#815=ORIENTED_EDGE('',*,*,#1754,.F.);
#816=ORIENTED_EDGE('',*,*,#1796,.T.);
#817=ORIENTED_EDGE('',*,*,#1797,.T.);
#818=ORIENTED_EDGE('',*,*,#1798,.T.);
#819=ORIENTED_EDGE('',*,*,#1799,.F.);
#820=ORIENTED_EDGE('',*,*,#1800,.T.);
#821=ORIENTED_EDGE('',*,*,#1642,.F.);
#822=ORIENTED_EDGE('',*,*,#1801,.F.);
#823=ORIENTED_EDGE('',*,*,#1802,.T.);
#824=ORIENTED_EDGE('',*,*,#1672,.T.);
#825=ORIENTED_EDGE('',*,*,#1803,.T.);
#826=ORIENTED_EDGE('',*,*,#1804,.T.);
#827=ORIENTED_EDGE('',*,*,#1805,.T.);
#828=ORIENTED_EDGE('',*,*,#1652,.F.);
#829=ORIENTED_EDGE('',*,*,#1806,.F.);
#830=ORIENTED_EDGE('',*,*,#1807,.T.);
#831=ORIENTED_EDGE('',*,*,#1675,.T.);
#832=ORIENTED_EDGE('',*,*,#1808,.T.);
#833=ORIENTED_EDGE('',*,*,#1809,.T.);
#834=ORIENTED_EDGE('',*,*,#1810,.T.);
#835=ORIENTED_EDGE('',*,*,#1649,.F.);
#836=ORIENTED_EDGE('',*,*,#1811,.F.);
#837=ORIENTED_EDGE('',*,*,#1812,.T.);
#838=ORIENTED_EDGE('',*,*,#1657,.T.);
#839=ORIENTED_EDGE('',*,*,#1813,.T.);
#840=ORIENTED_EDGE('',*,*,#1814,.T.);
#841=ORIENTED_EDGE('',*,*,#1815,.T.);
#842=ORIENTED_EDGE('',*,*,#1646,.F.);
#843=ORIENTED_EDGE('',*,*,#1816,.F.);
#844=ORIENTED_EDGE('',*,*,#1817,.T.);
#845=ORIENTED_EDGE('',*,*,#1663,.T.);
#846=ORIENTED_EDGE('',*,*,#1818,.T.);
#847=ORIENTED_EDGE('',*,*,#1819,.T.);
#848=ORIENTED_EDGE('',*,*,#1820,.T.);
#849=ORIENTED_EDGE('',*,*,#1821,.T.);
#850=ORIENTED_EDGE('',*,*,#1655,.F.);
#851=ORIENTED_EDGE('',*,*,#1822,.F.);
#852=ORIENTED_EDGE('',*,*,#1823,.T.);
#853=ORIENTED_EDGE('',*,*,#1824,.T.);
#854=ORIENTED_EDGE('',*,*,#1825,.T.);
#855=ORIENTED_EDGE('',*,*,#1826,.T.);
#856=ORIENTED_EDGE('',*,*,#1827,.T.);
#857=ORIENTED_EDGE('',*,*,#1828,.F.);
#858=ORIENTED_EDGE('',*,*,#1773,.F.);
#859=ORIENTED_EDGE('',*,*,#1829,.T.);
#860=ORIENTED_EDGE('',*,*,#1581,.T.);
#861=ORIENTED_EDGE('',*,*,#1830,.T.);
#862=ORIENTED_EDGE('',*,*,#1831,.F.);
#863=ORIENTED_EDGE('',*,*,#1799,.T.);
#864=ORIENTED_EDGE('',*,*,#1831,.T.);
#865=ORIENTED_EDGE('',*,*,#1832,.F.);
#866=ORIENTED_EDGE('',*,*,#1832,.T.);
#867=ORIENTED_EDGE('',*,*,#1833,.F.);
#868=ORIENTED_EDGE('',*,*,#1833,.T.);
#869=ORIENTED_EDGE('',*,*,#1827,.F.);
#870=ORIENTED_EDGE('',*,*,#1834,.F.);
#871=ORIENTED_EDGE('',*,*,#1835,.T.);
#872=ORIENTED_EDGE('',*,*,#1836,.T.);
#873=ORIENTED_EDGE('',*,*,#1782,.T.);
#874=ORIENTED_EDGE('',*,*,#1837,.T.);
#875=ORIENTED_EDGE('',*,*,#1838,.T.);
#876=ORIENTED_EDGE('',*,*,#1570,.F.);
#877=ORIENTED_EDGE('',*,*,#1839,.T.);
#878=ORIENTED_EDGE('',*,*,#1772,.F.);
#879=ORIENTED_EDGE('',*,*,#1840,.T.);
#880=ORIENTED_EDGE('',*,*,#1841,.T.);
#881=ORIENTED_EDGE('',*,*,#1842,.T.);
#882=ORIENTED_EDGE('',*,*,#1843,.T.);
#883=ORIENTED_EDGE('',*,*,#1844,.T.);
#884=ORIENTED_EDGE('',*,*,#1845,.T.);
#885=ORIENTED_EDGE('',*,*,#1834,.T.);
#886=ORIENTED_EDGE('',*,*,#1846,.T.);
#887=ORIENTED_EDGE('',*,*,#1847,.T.);
#888=ORIENTED_EDGE('',*,*,#1848,.F.);
#889=ORIENTED_EDGE('',*,*,#1849,.T.);
#890=ORIENTED_EDGE('',*,*,#1850,.T.);
#891=ORIENTED_EDGE('',*,*,#1843,.F.);
#892=ORIENTED_EDGE('',*,*,#1851,.T.);
#893=ORIENTED_EDGE('',*,*,#1852,.T.);
#894=ORIENTED_EDGE('',*,*,#1853,.T.);
#895=ORIENTED_EDGE('',*,*,#1854,.T.);
#896=ORIENTED_EDGE('',*,*,#1855,.T.);
#897=ORIENTED_EDGE('',*,*,#1620,.F.);
#898=ORIENTED_EDGE('',*,*,#1819,.F.);
#899=ORIENTED_EDGE('',*,*,#1856,.T.);
#900=ORIENTED_EDGE('',*,*,#1857,.T.);
#901=ORIENTED_EDGE('',*,*,#1848,.T.);
#902=ORIENTED_EDGE('',*,*,#1858,.T.);
#903=ORIENTED_EDGE('',*,*,#1859,.T.);
#904=ORIENTED_EDGE('',*,*,#1855,.F.);
#905=ORIENTED_EDGE('',*,*,#1860,.T.);
#906=ORIENTED_EDGE('',*,*,#1801,.T.);
#907=ORIENTED_EDGE('',*,*,#1644,.F.);
#908=ORIENTED_EDGE('',*,*,#1861,.T.);
#909=ORIENTED_EDGE('',*,*,#1862,.F.);
#910=ORIENTED_EDGE('',*,*,#1861,.F.);
#911=ORIENTED_EDGE('',*,*,#1863,.T.);
#912=ORIENTED_EDGE('',*,*,#1864,.T.);
#913=ORIENTED_EDGE('',*,*,#1863,.F.);
#914=ORIENTED_EDGE('',*,*,#1828,.T.);
#915=ORIENTED_EDGE('',*,*,#1864,.F.);
#916=ORIENTED_EDGE('',*,*,#1824,.F.);
#917=ORIENTED_EDGE('',*,*,#1865,.T.);
#918=ORIENTED_EDGE('',*,*,#1866,.T.);
#919=ORIENTED_EDGE('',*,*,#1760,.T.);
#920=ORIENTED_EDGE('',*,*,#1867,.T.);
#921=ORIENTED_EDGE('',*,*,#1868,.T.);
#922=ORIENTED_EDGE('',*,*,#1758,.T.);
#923=ORIENTED_EDGE('',*,*,#1869,.T.);
#924=ORIENTED_EDGE('',*,*,#1870,.T.);
#925=ORIENTED_EDGE('',*,*,#1871,.T.);
#926=ORIENTED_EDGE('',*,*,#1872,.T.);
#927=ORIENTED_EDGE('',*,*,#1871,.F.);
#928=ORIENTED_EDGE('',*,*,#1873,.T.);
#929=ORIENTED_EDGE('',*,*,#1874,.T.);
#930=ORIENTED_EDGE('',*,*,#1875,.T.);
#931=ORIENTED_EDGE('',*,*,#1876,.T.);
#932=ORIENTED_EDGE('',*,*,#1877,.T.);
#933=ORIENTED_EDGE('',*,*,#1874,.F.);
#934=ORIENTED_EDGE('',*,*,#1878,.T.);
#935=ORIENTED_EDGE('',*,*,#1879,.T.);
#936=ORIENTED_EDGE('',*,*,#1880,.T.);
#937=ORIENTED_EDGE('',*,*,#1881,.T.);
#938=ORIENTED_EDGE('',*,*,#1882,.T.);
#939=ORIENTED_EDGE('',*,*,#1883,.F.);
#940=ORIENTED_EDGE('',*,*,#1884,.T.);
#941=ORIENTED_EDGE('',*,*,#1884,.F.);
#942=ORIENTED_EDGE('',*,*,#1885,.T.);
#943=ORIENTED_EDGE('',*,*,#1885,.F.);
#944=ORIENTED_EDGE('',*,*,#1886,.T.);
#945=ORIENTED_EDGE('',*,*,#1886,.F.);
#946=ORIENTED_EDGE('',*,*,#1862,.T.);
#947=ORIENTED_EDGE('',*,*,#1881,.F.);
#948=ORIENTED_EDGE('',*,*,#1887,.T.);
#949=ORIENTED_EDGE('',*,*,#1777,.T.);
#950=ORIENTED_EDGE('',*,*,#1888,.T.);
#951=ORIENTED_EDGE('',*,*,#1889,.T.);
#952=ORIENTED_EDGE('',*,*,#1883,.T.);
#953=ORIENTED_EDGE('',*,*,#1800,.F.);
#954=ORIENTED_EDGE('',*,*,#1576,.F.);
#955=ORIENTED_EDGE('',*,*,#1613,.F.);
#956=ORIENTED_EDGE('',*,*,#1767,.F.);
#957=ORIENTED_EDGE('',*,*,#1839,.F.);
#958=ORIENTED_EDGE('',*,*,#1860,.F.);
#959=ORIENTED_EDGE('',*,*,#1854,.F.);
#960=ORIENTED_EDGE('',*,*,#1890,.F.);
#961=ORIENTED_EDGE('',*,*,#1673,.F.);
#962=ORIENTED_EDGE('',*,*,#1802,.F.);
#963=ORIENTED_EDGE('',*,*,#1853,.F.);
#964=ORIENTED_EDGE('',*,*,#1891,.T.);
#965=ORIENTED_EDGE('',*,*,#1674,.F.);
#966=ORIENTED_EDGE('',*,*,#1890,.T.);
#967=ORIENTED_EDGE('',*,*,#1691,.F.);
#968=ORIENTED_EDGE('',*,*,#1892,.T.);
#969=ORIENTED_EDGE('',*,*,#1852,.F.);
#970=ORIENTED_EDGE('',*,*,#1893,.F.);
#971=ORIENTED_EDGE('',*,*,#1851,.F.);
#972=ORIENTED_EDGE('',*,*,#1842,.F.);
#973=ORIENTED_EDGE('',*,*,#1894,.F.);
#974=ORIENTED_EDGE('',*,*,#1735,.F.);
#975=ORIENTED_EDGE('',*,*,#1714,.F.);
#976=ORIENTED_EDGE('',*,*,#1692,.F.);
#977=ORIENTED_EDGE('',*,*,#1893,.T.);
#978=ORIENTED_EDGE('',*,*,#1894,.T.);
#979=ORIENTED_EDGE('',*,*,#1841,.F.);
#980=ORIENTED_EDGE('',*,*,#1895,.F.);
#981=ORIENTED_EDGE('',*,*,#1731,.F.);
#982=ORIENTED_EDGE('',*,*,#1771,.F.);
#983=ORIENTED_EDGE('',*,*,#1752,.F.);
#984=ORIENTED_EDGE('',*,*,#1732,.F.);
#985=ORIENTED_EDGE('',*,*,#1895,.T.);
#986=ORIENTED_EDGE('',*,*,#1840,.F.);
#987=ORIENTED_EDGE('',*,*,#1820,.F.);
#988=ORIENTED_EDGE('',*,*,#1859,.F.);
#989=ORIENTED_EDGE('',*,*,#1896,.F.);
#990=ORIENTED_EDGE('',*,*,#1624,.F.);
#991=ORIENTED_EDGE('',*,*,#1647,.F.);
#992=ORIENTED_EDGE('',*,*,#1896,.T.);
#993=ORIENTED_EDGE('',*,*,#1858,.F.);
#994=ORIENTED_EDGE('',*,*,#1897,.F.);
#995=ORIENTED_EDGE('',*,*,#1625,.F.);
#996=ORIENTED_EDGE('',*,*,#1897,.T.);
#997=ORIENTED_EDGE('',*,*,#1847,.F.);
#998=ORIENTED_EDGE('',*,*,#1898,.F.);
#999=ORIENTED_EDGE('',*,*,#1604,.F.);
#1000=ORIENTED_EDGE('',*,*,#1626,.F.);
#1001=ORIENTED_EDGE('',*,*,#1846,.F.);
#1002=ORIENTED_EDGE('',*,*,#1838,.F.);
#1003=ORIENTED_EDGE('',*,*,#1899,.F.);
#1004=ORIENTED_EDGE('',*,*,#1598,.F.);
#1005=ORIENTED_EDGE('',*,*,#1898,.T.);
#1006=ORIENTED_EDGE('',*,*,#1781,.F.);
#1007=ORIENTED_EDGE('',*,*,#1610,.F.);
#1008=ORIENTED_EDGE('',*,*,#1599,.F.);
#1009=ORIENTED_EDGE('',*,*,#1899,.T.);
#1010=ORIENTED_EDGE('',*,*,#1837,.F.);
#1011=ORIENTED_EDGE('',*,*,#1836,.F.);
#1012=ORIENTED_EDGE('',*,*,#1900,.T.);
#1013=ORIENTED_EDGE('',*,*,#1747,.F.);
#1014=ORIENTED_EDGE('',*,*,#1783,.F.);
#1015=ORIENTED_EDGE('',*,*,#1818,.F.);
#1016=ORIENTED_EDGE('',*,*,#1668,.F.);
#1017=ORIENTED_EDGE('',*,*,#1901,.F.);
#1018=ORIENTED_EDGE('',*,*,#1856,.F.);
#1019=ORIENTED_EDGE('',*,*,#1667,.F.);
#1020=ORIENTED_EDGE('',*,*,#1902,.T.);
#1021=ORIENTED_EDGE('',*,*,#1849,.F.);
#1022=ORIENTED_EDGE('',*,*,#1857,.F.);
#1023=ORIENTED_EDGE('',*,*,#1901,.T.);
#1024=ORIENTED_EDGE('',*,*,#1850,.F.);
#1025=ORIENTED_EDGE('',*,*,#1903,.T.);
#1026=ORIENTED_EDGE('',*,*,#1690,.F.);
#1027=ORIENTED_EDGE('',*,*,#1706,.F.);
#1028=ORIENTED_EDGE('',*,*,#1904,.F.);
#1029=ORIENTED_EDGE('',*,*,#1710,.F.);
#1030=ORIENTED_EDGE('',*,*,#1905,.T.);
#1031=ORIENTED_EDGE('',*,*,#1844,.F.);
#1032=ORIENTED_EDGE('',*,*,#1904,.T.);
#1033=ORIENTED_EDGE('',*,*,#1835,.F.);
#1034=ORIENTED_EDGE('',*,*,#1845,.F.);
#1035=ORIENTED_EDGE('',*,*,#1905,.F.);
#1036=ORIENTED_EDGE('',*,*,#1709,.F.);
#1037=ORIENTED_EDGE('',*,*,#1730,.F.);
#1038=ORIENTED_EDGE('',*,*,#1748,.F.);
#1039=ORIENTED_EDGE('',*,*,#1900,.F.);
#1040=ORIENTED_EDGE('',*,*,#1766,.F.);
#1041=ORIENTED_EDGE('',*,*,#1903,.F.);
#1042=ORIENTED_EDGE('',*,*,#1902,.F.);
#1043=ORIENTED_EDGE('',*,*,#1695,.F.);
#1044=ORIENTED_EDGE('',*,*,#1906,.T.);
#1045=ORIENTED_EDGE('',*,*,#1669,.F.);
#1046=ORIENTED_EDGE('',*,*,#1907,.F.);
#1047=ORIENTED_EDGE('',*,*,#1907,.T.);
#1048=ORIENTED_EDGE('',*,*,#1891,.F.);
#1049=ORIENTED_EDGE('',*,*,#1892,.F.);
#1050=ORIENTED_EDGE('',*,*,#1908,.T.);
#1051=ORIENTED_EDGE('',*,*,#1909,.T.);
#1052=ORIENTED_EDGE('',*,*,#1910,.T.);
#1053=ORIENTED_EDGE('',*,*,#1911,.T.);
#1054=ORIENTED_EDGE('',*,*,#1912,.T.);
#1055=ORIENTED_EDGE('',*,*,#1913,.F.);
#1056=ORIENTED_EDGE('',*,*,#1914,.T.);
#1057=ORIENTED_EDGE('',*,*,#1915,.T.);
#1058=ORIENTED_EDGE('',*,*,#1826,.F.);
#1059=ORIENTED_EDGE('',*,*,#1916,.T.);
#1060=ORIENTED_EDGE('',*,*,#1917,.T.);
#1061=ORIENTED_EDGE('',*,*,#1913,.T.);
#1062=ORIENTED_EDGE('',*,*,#1918,.T.);
#1063=ORIENTED_EDGE('',*,*,#1919,.T.);
#1064=ORIENTED_EDGE('',*,*,#1910,.F.);
#1065=ORIENTED_EDGE('',*,*,#1920,.T.);
#1066=ORIENTED_EDGE('',*,*,#1921,.T.);
#1067=ORIENTED_EDGE('',*,*,#1775,.T.);
#1068=ORIENTED_EDGE('',*,*,#1922,.T.);
#1069=ORIENTED_EDGE('',*,*,#1923,.T.);
#1070=ORIENTED_EDGE('',*,*,#1924,.T.);
#1071=ORIENTED_EDGE('',*,*,#1912,.F.);
#1072=ORIENTED_EDGE('',*,*,#1925,.F.);
#1073=ORIENTED_EDGE('',*,*,#1578,.F.);
#1074=ORIENTED_EDGE('',*,*,#1641,.F.);
#1075=ORIENTED_EDGE('',*,*,#1825,.F.);
#1076=ORIENTED_EDGE('',*,*,#1868,.F.);
#1077=ORIENTED_EDGE('',*,*,#1926,.F.);
#1078=ORIENTED_EDGE('',*,*,#1916,.F.);
#1079=ORIENTED_EDGE('',*,*,#1590,.F.);
#1080=ORIENTED_EDGE('',*,*,#1927,.T.);
#1081=ORIENTED_EDGE('',*,*,#1797,.F.);
#1082=ORIENTED_EDGE('',*,*,#1928,.T.);
#1083=ORIENTED_EDGE('',*,*,#1929,.T.);
#1084=ORIENTED_EDGE('',*,*,#1930,.T.);
#1085=ORIENTED_EDGE('',*,*,#1931,.T.);
#1086=ORIENTED_EDGE('',*,*,#1920,.F.);
#1087=ORIENTED_EDGE('',*,*,#1909,.F.);
#1088=ORIENTED_EDGE('',*,*,#1932,.F.);
#1089=ORIENTED_EDGE('',*,*,#1875,.F.);
#1090=ORIENTED_EDGE('',*,*,#1882,.F.);
#1091=ORIENTED_EDGE('',*,*,#1889,.F.);
#1092=ORIENTED_EDGE('',*,*,#1933,.F.);
#1093=ORIENTED_EDGE('',*,*,#1921,.F.);
#1094=ORIENTED_EDGE('',*,*,#1933,.T.);
#1095=ORIENTED_EDGE('',*,*,#1888,.F.);
#1096=ORIENTED_EDGE('',*,*,#1776,.F.);
#1097=ORIENTED_EDGE('',*,*,#1796,.F.);
#1098=ORIENTED_EDGE('',*,*,#1753,.F.);
#1099=ORIENTED_EDGE('',*,*,#1738,.F.);
#1100=ORIENTED_EDGE('',*,*,#1934,.T.);
#1101=ORIENTED_EDGE('',*,*,#1928,.F.);
#1102=ORIENTED_EDGE('',*,*,#1935,.T.);
#1103=ORIENTED_EDGE('',*,*,#1929,.F.);
#1104=ORIENTED_EDGE('',*,*,#1934,.F.);
#1105=ORIENTED_EDGE('',*,*,#1737,.F.);
#1106=ORIENTED_EDGE('',*,*,#1876,.F.);
#1107=ORIENTED_EDGE('',*,*,#1932,.T.);
#1108=ORIENTED_EDGE('',*,*,#1908,.F.);
#1109=ORIENTED_EDGE('',*,*,#1936,.T.);
#1110=ORIENTED_EDGE('',*,*,#1937,.F.);
#1111=ORIENTED_EDGE('',*,*,#1930,.F.);
#1112=ORIENTED_EDGE('',*,*,#1935,.F.);
#1113=ORIENTED_EDGE('',*,*,#1736,.F.);
#1114=ORIENTED_EDGE('',*,*,#1716,.F.);
#1115=ORIENTED_EDGE('',*,*,#1698,.F.);
#1116=ORIENTED_EDGE('',*,*,#1938,.T.);
#1117=ORIENTED_EDGE('',*,*,#1759,.F.);
#1118=ORIENTED_EDGE('',*,*,#1939,.F.);
#1119=ORIENTED_EDGE('',*,*,#1940,.F.);
#1120=ORIENTED_EDGE('',*,*,#1915,.F.);
#1121=ORIENTED_EDGE('',*,*,#1939,.T.);
#1122=ORIENTED_EDGE('',*,*,#1872,.F.);
#1123=ORIENTED_EDGE('',*,*,#1877,.F.);
#1124=ORIENTED_EDGE('',*,*,#1936,.F.);
#1125=ORIENTED_EDGE('',*,*,#1761,.T.);
#1126=ORIENTED_EDGE('',*,*,#1941,.F.);
#1127=ORIENTED_EDGE('',*,*,#1942,.F.);
#1128=ORIENTED_EDGE('',*,*,#1697,.F.);
#1129=ORIENTED_EDGE('',*,*,#1942,.T.);
#1130=ORIENTED_EDGE('',*,*,#1943,.F.);
#1131=ORIENTED_EDGE('',*,*,#1938,.F.);
#1132=ORIENTED_EDGE('',*,*,#1867,.F.);
#1133=ORIENTED_EDGE('',*,*,#1940,.T.);
#1134=ORIENTED_EDGE('',*,*,#1914,.F.);
#1135=ORIENTED_EDGE('',*,*,#1917,.F.);
#1136=ORIENTED_EDGE('',*,*,#1926,.T.);
#1137=ORIENTED_EDGE('',*,*,#1944,.F.);
#1138=ORIENTED_EDGE('',*,*,#1941,.T.);
#1139=ORIENTED_EDGE('',*,*,#1677,.F.);
#1140=ORIENTED_EDGE('',*,*,#1945,.T.);
#1141=ORIENTED_EDGE('',*,*,#1946,.F.);
#1142=ORIENTED_EDGE('',*,*,#1947,.F.);
#1143=ORIENTED_EDGE('',*,*,#1945,.F.);
#1144=ORIENTED_EDGE('',*,*,#1676,.F.);
#1145=ORIENTED_EDGE('',*,*,#1807,.F.);
#1146=ORIENTED_EDGE('',*,*,#1821,.F.);
#1147=ORIENTED_EDGE('',*,*,#1919,.F.);
#1148=ORIENTED_EDGE('',*,*,#1948,.F.);
#1149=ORIENTED_EDGE('',*,*,#1639,.F.);
#1150=ORIENTED_EDGE('',*,*,#1656,.F.);
#1151=ORIENTED_EDGE('',*,*,#1949,.F.);
#1152=ORIENTED_EDGE('',*,*,#1946,.T.);
#1153=ORIENTED_EDGE('',*,*,#1806,.T.);
#1154=ORIENTED_EDGE('',*,*,#1651,.F.);
#1155=ORIENTED_EDGE('',*,*,#1948,.T.);
#1156=ORIENTED_EDGE('',*,*,#1918,.F.);
#1157=ORIENTED_EDGE('',*,*,#1924,.F.);
#1158=ORIENTED_EDGE('',*,*,#1640,.F.);
#1159=ORIENTED_EDGE('',*,*,#1931,.F.);
#1160=ORIENTED_EDGE('',*,*,#1937,.T.);
#1161=ORIENTED_EDGE('',*,*,#1943,.T.);
#1162=ORIENTED_EDGE('',*,*,#1944,.T.);
#1163=ORIENTED_EDGE('',*,*,#1947,.T.);
#1164=ORIENTED_EDGE('',*,*,#1949,.T.);
#1165=ORIENTED_EDGE('',*,*,#1632,.F.);
#1166=ORIENTED_EDGE('',*,*,#1774,.F.);
#1167=ORIENTED_EDGE('',*,*,#1830,.F.);
#1168=ORIENTED_EDGE('',*,*,#1580,.F.);
#1169=ORIENTED_EDGE('',*,*,#1950,.T.);
#1170=ORIENTED_EDGE('',*,*,#1922,.F.);
#1171=ORIENTED_EDGE('',*,*,#1589,.F.);
#1172=ORIENTED_EDGE('',*,*,#1615,.F.);
#1173=ORIENTED_EDGE('',*,*,#1798,.F.);
#1174=ORIENTED_EDGE('',*,*,#1927,.F.);
#1175=ORIENTED_EDGE('',*,*,#1911,.F.);
#1176=ORIENTED_EDGE('',*,*,#1923,.F.);
#1177=ORIENTED_EDGE('',*,*,#1950,.F.);
#1178=ORIENTED_EDGE('',*,*,#1579,.F.);
#1179=ORIENTED_EDGE('',*,*,#1925,.T.);
#1180=ORIENTED_EDGE('',*,*,#1951,.T.);
#1181=ORIENTED_EDGE('',*,*,#1952,.T.);
#1182=ORIENTED_EDGE('',*,*,#1953,.T.);
#1183=ORIENTED_EDGE('',*,*,#1954,.T.);
#1184=ORIENTED_EDGE('',*,*,#1955,.T.);
#1185=ORIENTED_EDGE('',*,*,#1956,.F.);
#1186=ORIENTED_EDGE('',*,*,#1957,.T.);
#1187=ORIENTED_EDGE('',*,*,#1958,.T.);
#1188=ORIENTED_EDGE('',*,*,#1804,.F.);
#1189=ORIENTED_EDGE('',*,*,#1959,.T.);
#1190=ORIENTED_EDGE('',*,*,#1960,.T.);
#1191=ORIENTED_EDGE('',*,*,#1956,.T.);
#1192=ORIENTED_EDGE('',*,*,#1961,.T.);
#1193=ORIENTED_EDGE('',*,*,#1962,.T.);
#1194=ORIENTED_EDGE('',*,*,#1953,.F.);
#1195=ORIENTED_EDGE('',*,*,#1963,.T.);
#1196=ORIENTED_EDGE('',*,*,#1964,.T.);
#1197=ORIENTED_EDGE('',*,*,#1769,.T.);
#1198=ORIENTED_EDGE('',*,*,#1965,.T.);
#1199=ORIENTED_EDGE('',*,*,#1966,.T.);
#1200=ORIENTED_EDGE('',*,*,#1967,.T.);
#1201=ORIENTED_EDGE('',*,*,#1955,.F.);
#1202=ORIENTED_EDGE('',*,*,#1968,.F.);
#1203=ORIENTED_EDGE('',*,*,#1572,.F.);
#1204=ORIENTED_EDGE('',*,*,#1619,.F.);
#1205=ORIENTED_EDGE('',*,*,#1583,.F.);
#1206=ORIENTED_EDGE('',*,*,#1969,.T.);
#1207=ORIENTED_EDGE('',*,*,#1779,.F.);
#1208=ORIENTED_EDGE('',*,*,#1970,.T.);
#1209=ORIENTED_EDGE('',*,*,#1971,.T.);
#1210=ORIENTED_EDGE('',*,*,#1972,.T.);
#1211=ORIENTED_EDGE('',*,*,#1973,.T.);
#1212=ORIENTED_EDGE('',*,*,#1778,.F.);
#1213=ORIENTED_EDGE('',*,*,#1887,.F.);
#1214=ORIENTED_EDGE('',*,*,#1880,.F.);
#1215=ORIENTED_EDGE('',*,*,#1974,.T.);
#1216=ORIENTED_EDGE('',*,*,#1970,.F.);
#1217=ORIENTED_EDGE('',*,*,#1963,.F.);
#1218=ORIENTED_EDGE('',*,*,#1952,.F.);
#1219=ORIENTED_EDGE('',*,*,#1975,.F.);
#1220=ORIENTED_EDGE('',*,*,#1711,.F.);
#1221=ORIENTED_EDGE('',*,*,#1734,.F.);
#1222=ORIENTED_EDGE('',*,*,#1751,.F.);
#1223=ORIENTED_EDGE('',*,*,#1976,.F.);
#1224=ORIENTED_EDGE('',*,*,#1964,.F.);
#1225=ORIENTED_EDGE('',*,*,#1976,.T.);
#1226=ORIENTED_EDGE('',*,*,#1750,.F.);
#1227=ORIENTED_EDGE('',*,*,#1770,.F.);
#1228=ORIENTED_EDGE('',*,*,#1977,.T.);
#1229=ORIENTED_EDGE('',*,*,#1971,.F.);
#1230=ORIENTED_EDGE('',*,*,#1974,.F.);
#1231=ORIENTED_EDGE('',*,*,#1879,.F.);
#1232=ORIENTED_EDGE('',*,*,#1978,.F.);
#1233=ORIENTED_EDGE('',*,*,#1972,.F.);
#1234=ORIENTED_EDGE('',*,*,#1977,.F.);
#1235=ORIENTED_EDGE('',*,*,#1878,.F.);
#1236=ORIENTED_EDGE('',*,*,#1873,.F.);
#1237=ORIENTED_EDGE('',*,*,#1870,.F.);
#1238=ORIENTED_EDGE('',*,*,#1979,.T.);
#1239=ORIENTED_EDGE('',*,*,#1712,.F.);
#1240=ORIENTED_EDGE('',*,*,#1975,.T.);
#1241=ORIENTED_EDGE('',*,*,#1951,.F.);
#1242=ORIENTED_EDGE('',*,*,#1980,.T.);
#1243=ORIENTED_EDGE('',*,*,#1757,.T.);
#1244=ORIENTED_EDGE('',*,*,#1981,.F.);
#1245=ORIENTED_EDGE('',*,*,#1982,.F.);
#1246=ORIENTED_EDGE('',*,*,#1869,.F.);
#1247=ORIENTED_EDGE('',*,*,#1982,.T.);
#1248=ORIENTED_EDGE('',*,*,#1983,.F.);
#1249=ORIENTED_EDGE('',*,*,#1979,.F.);
#1250=ORIENTED_EDGE('',*,*,#1906,.F.);
#1251=ORIENTED_EDGE('',*,*,#1984,.F.);
#1252=ORIENTED_EDGE('',*,*,#1985,.F.);
#1253=ORIENTED_EDGE('',*,*,#1958,.F.);
#1254=ORIENTED_EDGE('',*,*,#1984,.T.);
#1255=ORIENTED_EDGE('',*,*,#1694,.F.);
#1256=ORIENTED_EDGE('',*,*,#1713,.F.);
#1257=ORIENTED_EDGE('',*,*,#1980,.F.);
#1258=ORIENTED_EDGE('',*,*,#1986,.F.);
#1259=ORIENTED_EDGE('',*,*,#1981,.T.);
#1260=ORIENTED_EDGE('',*,*,#1866,.F.);
#1261=ORIENTED_EDGE('',*,*,#1987,.T.);
#1262=ORIENTED_EDGE('',*,*,#1988,.F.);
#1263=ORIENTED_EDGE('',*,*,#1989,.F.);
#1264=ORIENTED_EDGE('',*,*,#1987,.F.);
#1265=ORIENTED_EDGE('',*,*,#1865,.F.);
#1266=ORIENTED_EDGE('',*,*,#1823,.F.);
#1267=ORIENTED_EDGE('',*,*,#1803,.F.);
#1268=ORIENTED_EDGE('',*,*,#1671,.F.);
#1269=ORIENTED_EDGE('',*,*,#1990,.F.);
#1270=ORIENTED_EDGE('',*,*,#1959,.F.);
#1271=ORIENTED_EDGE('',*,*,#1670,.F.);
#1272=ORIENTED_EDGE('',*,*,#1985,.T.);
#1273=ORIENTED_EDGE('',*,*,#1957,.F.);
#1274=ORIENTED_EDGE('',*,*,#1960,.F.);
#1275=ORIENTED_EDGE('',*,*,#1990,.T.);
#1276=ORIENTED_EDGE('',*,*,#1991,.F.);
#1277=ORIENTED_EDGE('',*,*,#1988,.T.);
#1278=ORIENTED_EDGE('',*,*,#1822,.T.);
#1279=ORIENTED_EDGE('',*,*,#1654,.F.);
#1280=ORIENTED_EDGE('',*,*,#1805,.F.);
#1281=ORIENTED_EDGE('',*,*,#1962,.F.);
#1282=ORIENTED_EDGE('',*,*,#1992,.F.);
#1283=ORIENTED_EDGE('',*,*,#1617,.F.);
#1284=ORIENTED_EDGE('',*,*,#1643,.F.);
#1285=ORIENTED_EDGE('',*,*,#1973,.F.);
#1286=ORIENTED_EDGE('',*,*,#1978,.T.);
#1287=ORIENTED_EDGE('',*,*,#1983,.T.);
#1288=ORIENTED_EDGE('',*,*,#1986,.T.);
#1289=ORIENTED_EDGE('',*,*,#1989,.T.);
#1290=ORIENTED_EDGE('',*,*,#1991,.T.);
#1291=ORIENTED_EDGE('',*,*,#1637,.F.);
#1292=ORIENTED_EDGE('',*,*,#1992,.T.);
#1293=ORIENTED_EDGE('',*,*,#1961,.F.);
#1294=ORIENTED_EDGE('',*,*,#1967,.F.);
#1295=ORIENTED_EDGE('',*,*,#1618,.F.);
#1296=ORIENTED_EDGE('',*,*,#1582,.F.);
#1297=ORIENTED_EDGE('',*,*,#1829,.F.);
#1298=ORIENTED_EDGE('',*,*,#1780,.F.);
#1299=ORIENTED_EDGE('',*,*,#1969,.F.);
#1300=ORIENTED_EDGE('',*,*,#1768,.F.);
#1301=ORIENTED_EDGE('',*,*,#1611,.F.);
#1302=ORIENTED_EDGE('',*,*,#1574,.F.);
#1303=ORIENTED_EDGE('',*,*,#1993,.T.);
#1304=ORIENTED_EDGE('',*,*,#1965,.F.);
#1305=ORIENTED_EDGE('',*,*,#1954,.F.);
#1306=ORIENTED_EDGE('',*,*,#1966,.F.);
#1307=ORIENTED_EDGE('',*,*,#1993,.F.);
#1308=ORIENTED_EDGE('',*,*,#1573,.F.);
#1309=ORIENTED_EDGE('',*,*,#1968,.T.);
#1310=ORIENTED_EDGE('',*,*,#1994,.T.);
#1311=ORIENTED_EDGE('',*,*,#1995,.T.);
#1312=ORIENTED_EDGE('',*,*,#1996,.T.);
#1313=ORIENTED_EDGE('',*,*,#1997,.T.);
#1314=ORIENTED_EDGE('',*,*,#1998,.T.);
#1315=ORIENTED_EDGE('',*,*,#1999,.F.);
#1316=ORIENTED_EDGE('',*,*,#2000,.T.);
#1317=ORIENTED_EDGE('',*,*,#2001,.T.);
#1318=ORIENTED_EDGE('',*,*,#1814,.F.);
#1319=ORIENTED_EDGE('',*,*,#2002,.T.);
#1320=ORIENTED_EDGE('',*,*,#2003,.T.);
#1321=ORIENTED_EDGE('',*,*,#1999,.T.);
#1322=ORIENTED_EDGE('',*,*,#2004,.T.);
#1323=ORIENTED_EDGE('',*,*,#2005,.T.);
#1324=ORIENTED_EDGE('',*,*,#1996,.F.);
#1325=ORIENTED_EDGE('',*,*,#2006,.T.);
#1326=ORIENTED_EDGE('',*,*,#2007,.T.);
#1327=ORIENTED_EDGE('',*,*,#1788,.T.);
#1328=ORIENTED_EDGE('',*,*,#2008,.T.);
#1329=ORIENTED_EDGE('',*,*,#2009,.T.);
#1330=ORIENTED_EDGE('',*,*,#2010,.T.);
#1331=ORIENTED_EDGE('',*,*,#1998,.F.);
#1332=ORIENTED_EDGE('',*,*,#2011,.F.);
#1333=ORIENTED_EDGE('',*,*,#1591,.F.);
#1334=ORIENTED_EDGE('',*,*,#1631,.F.);
#1335=ORIENTED_EDGE('',*,*,#1602,.F.);
#1336=ORIENTED_EDGE('',*,*,#2012,.T.);
#1337=ORIENTED_EDGE('',*,*,#1785,.F.);
#1338=ORIENTED_EDGE('',*,*,#2013,.T.);
#1339=ORIENTED_EDGE('',*,*,#2014,.T.);
#1340=ORIENTED_EDGE('',*,*,#2015,.T.);
#1341=ORIENTED_EDGE('',*,*,#2016,.T.);
#1342=ORIENTED_EDGE('',*,*,#1784,.F.);
#1343=ORIENTED_EDGE('',*,*,#1745,.F.);
#1344=ORIENTED_EDGE('',*,*,#1728,.F.);
#1345=ORIENTED_EDGE('',*,*,#2017,.T.);
#1346=ORIENTED_EDGE('',*,*,#2013,.F.);
#1347=ORIENTED_EDGE('',*,*,#2006,.F.);
#1348=ORIENTED_EDGE('',*,*,#1995,.F.);
#1349=ORIENTED_EDGE('',*,*,#2018,.F.);
#1350=ORIENTED_EDGE('',*,*,#1703,.F.);
#1351=ORIENTED_EDGE('',*,*,#1725,.F.);
#1352=ORIENTED_EDGE('',*,*,#1744,.F.);
#1353=ORIENTED_EDGE('',*,*,#2019,.F.);
#1354=ORIENTED_EDGE('',*,*,#2007,.F.);
#1355=ORIENTED_EDGE('',*,*,#2019,.T.);
#1356=ORIENTED_EDGE('',*,*,#1743,.F.);
#1357=ORIENTED_EDGE('',*,*,#1789,.F.);
#1358=ORIENTED_EDGE('',*,*,#2020,.T.);
#1359=ORIENTED_EDGE('',*,*,#2014,.F.);
#1360=ORIENTED_EDGE('',*,*,#2017,.F.);
#1361=ORIENTED_EDGE('',*,*,#1727,.F.);
#1362=ORIENTED_EDGE('',*,*,#2021,.F.);
#1363=ORIENTED_EDGE('',*,*,#2015,.F.);
#1364=ORIENTED_EDGE('',*,*,#2020,.F.);
#1365=ORIENTED_EDGE('',*,*,#1726,.F.);
#1366=ORIENTED_EDGE('',*,*,#1707,.F.);
#1367=ORIENTED_EDGE('',*,*,#1688,.F.);
#1368=ORIENTED_EDGE('',*,*,#2022,.T.);
#1369=ORIENTED_EDGE('',*,*,#1704,.F.);
#1370=ORIENTED_EDGE('',*,*,#2018,.T.);
#1371=ORIENTED_EDGE('',*,*,#1994,.F.);
#1372=ORIENTED_EDGE('',*,*,#2023,.T.);
#1373=ORIENTED_EDGE('',*,*,#1765,.T.);
#1374=ORIENTED_EDGE('',*,*,#2024,.F.);
#1375=ORIENTED_EDGE('',*,*,#2025,.F.);
#1376=ORIENTED_EDGE('',*,*,#1687,.F.);
#1377=ORIENTED_EDGE('',*,*,#2025,.T.);
#1378=ORIENTED_EDGE('',*,*,#2026,.F.);
#1379=ORIENTED_EDGE('',*,*,#2022,.F.);
#1380=ORIENTED_EDGE('',*,*,#1764,.F.);
#1381=ORIENTED_EDGE('',*,*,#2027,.F.);
#1382=ORIENTED_EDGE('',*,*,#2028,.F.);
#1383=ORIENTED_EDGE('',*,*,#2001,.F.);
#1384=ORIENTED_EDGE('',*,*,#2027,.T.);
#1385=ORIENTED_EDGE('',*,*,#1685,.F.);
#1386=ORIENTED_EDGE('',*,*,#1705,.F.);
#1387=ORIENTED_EDGE('',*,*,#2023,.F.);
#1388=ORIENTED_EDGE('',*,*,#2029,.F.);
#1389=ORIENTED_EDGE('',*,*,#2024,.T.);
#1390=ORIENTED_EDGE('',*,*,#1665,.F.);
#1391=ORIENTED_EDGE('',*,*,#2030,.T.);
#1392=ORIENTED_EDGE('',*,*,#2031,.F.);
#1393=ORIENTED_EDGE('',*,*,#2032,.F.);
#1394=ORIENTED_EDGE('',*,*,#2030,.F.);
#1395=ORIENTED_EDGE('',*,*,#1664,.F.);
#1396=ORIENTED_EDGE('',*,*,#1817,.F.);
#1397=ORIENTED_EDGE('',*,*,#1813,.F.);
#1398=ORIENTED_EDGE('',*,*,#1662,.F.);
#1399=ORIENTED_EDGE('',*,*,#2033,.F.);
#1400=ORIENTED_EDGE('',*,*,#2002,.F.);
#1401=ORIENTED_EDGE('',*,*,#1661,.F.);
#1402=ORIENTED_EDGE('',*,*,#2028,.T.);
#1403=ORIENTED_EDGE('',*,*,#2000,.F.);
#1404=ORIENTED_EDGE('',*,*,#2003,.F.);
#1405=ORIENTED_EDGE('',*,*,#2033,.T.);
#1406=ORIENTED_EDGE('',*,*,#1815,.F.);
#1407=ORIENTED_EDGE('',*,*,#2005,.F.);
#1408=ORIENTED_EDGE('',*,*,#2034,.F.);
#1409=ORIENTED_EDGE('',*,*,#1629,.F.);
#1410=ORIENTED_EDGE('',*,*,#1650,.F.);
#1411=ORIENTED_EDGE('',*,*,#2035,.F.);
#1412=ORIENTED_EDGE('',*,*,#2031,.T.);
#1413=ORIENTED_EDGE('',*,*,#1816,.T.);
#1414=ORIENTED_EDGE('',*,*,#1645,.F.);
#1415=ORIENTED_EDGE('',*,*,#2034,.T.);
#1416=ORIENTED_EDGE('',*,*,#2004,.F.);
#1417=ORIENTED_EDGE('',*,*,#2010,.F.);
#1418=ORIENTED_EDGE('',*,*,#1630,.F.);
#1419=ORIENTED_EDGE('',*,*,#2016,.F.);
#1420=ORIENTED_EDGE('',*,*,#2021,.T.);
#1421=ORIENTED_EDGE('',*,*,#2026,.T.);
#1422=ORIENTED_EDGE('',*,*,#2029,.T.);
#1423=ORIENTED_EDGE('',*,*,#2032,.T.);
#1424=ORIENTED_EDGE('',*,*,#2035,.T.);
#1425=ORIENTED_EDGE('',*,*,#1622,.F.);
#1426=ORIENTED_EDGE('',*,*,#1601,.F.);
#1427=ORIENTED_EDGE('',*,*,#1609,.F.);
#1428=ORIENTED_EDGE('',*,*,#1786,.F.);
#1429=ORIENTED_EDGE('',*,*,#2012,.F.);
#1430=ORIENTED_EDGE('',*,*,#1787,.F.);
#1431=ORIENTED_EDGE('',*,*,#1607,.F.);
#1432=ORIENTED_EDGE('',*,*,#1593,.F.);
#1433=ORIENTED_EDGE('',*,*,#2036,.T.);
#1434=ORIENTED_EDGE('',*,*,#2008,.F.);
#1435=ORIENTED_EDGE('',*,*,#1997,.F.);
#1436=ORIENTED_EDGE('',*,*,#2009,.F.);
#1437=ORIENTED_EDGE('',*,*,#2036,.F.);
#1438=ORIENTED_EDGE('',*,*,#1592,.F.);
#1439=ORIENTED_EDGE('',*,*,#2011,.T.);
#1440=ORIENTED_EDGE('',*,*,#2037,.F.);
#1441=ORIENTED_EDGE('',*,*,#2038,.T.);
#1442=ORIENTED_EDGE('',*,*,#2039,.T.);
#1443=ORIENTED_EDGE('',*,*,#1794,.T.);
#1444=ORIENTED_EDGE('',*,*,#2040,.T.);
#1445=ORIENTED_EDGE('',*,*,#2041,.T.);
#1446=ORIENTED_EDGE('',*,*,#1596,.F.);
#1447=ORIENTED_EDGE('',*,*,#2042,.T.);
#1448=ORIENTED_EDGE('',*,*,#1791,.F.);
#1449=ORIENTED_EDGE('',*,*,#2043,.T.);
#1450=ORIENTED_EDGE('',*,*,#2044,.T.);
#1451=ORIENTED_EDGE('',*,*,#2045,.T.);
#1452=ORIENTED_EDGE('',*,*,#2046,.T.);
#1453=ORIENTED_EDGE('',*,*,#2047,.T.);
#1454=ORIENTED_EDGE('',*,*,#2048,.T.);
#1455=ORIENTED_EDGE('',*,*,#2037,.T.);
#1456=ORIENTED_EDGE('',*,*,#2049,.T.);
#1457=ORIENTED_EDGE('',*,*,#2050,.T.);
#1458=ORIENTED_EDGE('',*,*,#2051,.F.);
#1459=ORIENTED_EDGE('',*,*,#2052,.T.);
#1460=ORIENTED_EDGE('',*,*,#2053,.T.);
#1461=ORIENTED_EDGE('',*,*,#2046,.F.);
#1462=ORIENTED_EDGE('',*,*,#2054,.T.);
#1463=ORIENTED_EDGE('',*,*,#2055,.T.);
#1464=ORIENTED_EDGE('',*,*,#2056,.T.);
#1465=ORIENTED_EDGE('',*,*,#2057,.T.);
#1466=ORIENTED_EDGE('',*,*,#2058,.T.);
#1467=ORIENTED_EDGE('',*,*,#1627,.F.);
#1468=ORIENTED_EDGE('',*,*,#1809,.F.);
#1469=ORIENTED_EDGE('',*,*,#2059,.T.);
#1470=ORIENTED_EDGE('',*,*,#2060,.T.);
#1471=ORIENTED_EDGE('',*,*,#2051,.T.);
#1472=ORIENTED_EDGE('',*,*,#2061,.T.);
#1473=ORIENTED_EDGE('',*,*,#2062,.T.);
#1474=ORIENTED_EDGE('',*,*,#2058,.F.);
#1475=ORIENTED_EDGE('',*,*,#2063,.T.);
#1476=ORIENTED_EDGE('',*,*,#1811,.T.);
#1477=ORIENTED_EDGE('',*,*,#1648,.F.);
#1478=ORIENTED_EDGE('',*,*,#1595,.F.);
#1479=ORIENTED_EDGE('',*,*,#1606,.F.);
#1480=ORIENTED_EDGE('',*,*,#1792,.F.);
#1481=ORIENTED_EDGE('',*,*,#2042,.F.);
#1482=ORIENTED_EDGE('',*,*,#2063,.F.);
#1483=ORIENTED_EDGE('',*,*,#2057,.F.);
#1484=ORIENTED_EDGE('',*,*,#2064,.F.);
#1485=ORIENTED_EDGE('',*,*,#1658,.F.);
#1486=ORIENTED_EDGE('',*,*,#1812,.F.);
#1487=ORIENTED_EDGE('',*,*,#2056,.F.);
#1488=ORIENTED_EDGE('',*,*,#2065,.T.);
#1489=ORIENTED_EDGE('',*,*,#1659,.F.);
#1490=ORIENTED_EDGE('',*,*,#2064,.T.);
#1491=ORIENTED_EDGE('',*,*,#1682,.F.);
#1492=ORIENTED_EDGE('',*,*,#2066,.T.);
#1493=ORIENTED_EDGE('',*,*,#2055,.F.);
#1494=ORIENTED_EDGE('',*,*,#2067,.F.);
#1495=ORIENTED_EDGE('',*,*,#2054,.F.);
#1496=ORIENTED_EDGE('',*,*,#2045,.F.);
#1497=ORIENTED_EDGE('',*,*,#2068,.F.);
#1498=ORIENTED_EDGE('',*,*,#1721,.F.);
#1499=ORIENTED_EDGE('',*,*,#1701,.F.);
#1500=ORIENTED_EDGE('',*,*,#1683,.F.);
#1501=ORIENTED_EDGE('',*,*,#2067,.T.);
#1502=ORIENTED_EDGE('',*,*,#2068,.T.);
#1503=ORIENTED_EDGE('',*,*,#2044,.F.);
#1504=ORIENTED_EDGE('',*,*,#2069,.F.);
#1505=ORIENTED_EDGE('',*,*,#1722,.F.);
#1506=ORIENTED_EDGE('',*,*,#1790,.F.);
#1507=ORIENTED_EDGE('',*,*,#1741,.F.);
#1508=ORIENTED_EDGE('',*,*,#1723,.F.);
#1509=ORIENTED_EDGE('',*,*,#2069,.T.);
#1510=ORIENTED_EDGE('',*,*,#2043,.F.);
#1511=ORIENTED_EDGE('',*,*,#1810,.F.);
#1512=ORIENTED_EDGE('',*,*,#2062,.F.);
#1513=ORIENTED_EDGE('',*,*,#2070,.F.);
#1514=ORIENTED_EDGE('',*,*,#1634,.F.);
#1515=ORIENTED_EDGE('',*,*,#1653,.F.);
#1516=ORIENTED_EDGE('',*,*,#2070,.T.);
#1517=ORIENTED_EDGE('',*,*,#2061,.F.);
#1518=ORIENTED_EDGE('',*,*,#2071,.F.);
#1519=ORIENTED_EDGE('',*,*,#1635,.F.);
#1520=ORIENTED_EDGE('',*,*,#2071,.T.);
#1521=ORIENTED_EDGE('',*,*,#2050,.F.);
#1522=ORIENTED_EDGE('',*,*,#2072,.F.);
#1523=ORIENTED_EDGE('',*,*,#1585,.F.);
#1524=ORIENTED_EDGE('',*,*,#1636,.F.);
#1525=ORIENTED_EDGE('',*,*,#2049,.F.);
#1526=ORIENTED_EDGE('',*,*,#2041,.F.);
#1527=ORIENTED_EDGE('',*,*,#2073,.F.);
#1528=ORIENTED_EDGE('',*,*,#1586,.F.);
#1529=ORIENTED_EDGE('',*,*,#2072,.T.);
#1530=ORIENTED_EDGE('',*,*,#1793,.F.);
#1531=ORIENTED_EDGE('',*,*,#1616,.F.);
#1532=ORIENTED_EDGE('',*,*,#1587,.F.);
#1533=ORIENTED_EDGE('',*,*,#2073,.T.);
#1534=ORIENTED_EDGE('',*,*,#2040,.F.);
#1535=ORIENTED_EDGE('',*,*,#2039,.F.);
#1536=ORIENTED_EDGE('',*,*,#2074,.T.);
#1537=ORIENTED_EDGE('',*,*,#1755,.F.);
#1538=ORIENTED_EDGE('',*,*,#1795,.F.);
#1539=ORIENTED_EDGE('',*,*,#1808,.F.);
#1540=ORIENTED_EDGE('',*,*,#1680,.F.);
#1541=ORIENTED_EDGE('',*,*,#2075,.F.);
#1542=ORIENTED_EDGE('',*,*,#2059,.F.);
#1543=ORIENTED_EDGE('',*,*,#1679,.F.);
#1544=ORIENTED_EDGE('',*,*,#2076,.T.);
#1545=ORIENTED_EDGE('',*,*,#2052,.F.);
#1546=ORIENTED_EDGE('',*,*,#2060,.F.);
#1547=ORIENTED_EDGE('',*,*,#2075,.T.);
#1548=ORIENTED_EDGE('',*,*,#2053,.F.);
#1549=ORIENTED_EDGE('',*,*,#2077,.T.);
#1550=ORIENTED_EDGE('',*,*,#1700,.F.);
#1551=ORIENTED_EDGE('',*,*,#1720,.F.);
#1552=ORIENTED_EDGE('',*,*,#2078,.F.);
#1553=ORIENTED_EDGE('',*,*,#1719,.F.);
#1554=ORIENTED_EDGE('',*,*,#2079,.T.);
#1555=ORIENTED_EDGE('',*,*,#2047,.F.);
#1556=ORIENTED_EDGE('',*,*,#2078,.T.);
#1557=ORIENTED_EDGE('',*,*,#2038,.F.);
#1558=ORIENTED_EDGE('',*,*,#2048,.F.);
#1559=ORIENTED_EDGE('',*,*,#2079,.F.);
#1560=ORIENTED_EDGE('',*,*,#1718,.F.);
#1561=ORIENTED_EDGE('',*,*,#1740,.F.);
#1562=ORIENTED_EDGE('',*,*,#1756,.F.);
#1563=ORIENTED_EDGE('',*,*,#2074,.F.);
#1564=ORIENTED_EDGE('',*,*,#1762,.F.);
#1565=ORIENTED_EDGE('',*,*,#2077,.F.);
#1566=ORIENTED_EDGE('',*,*,#2076,.F.);
#1567=ORIENTED_EDGE('',*,*,#1763,.T.);
#1568=ORIENTED_EDGE('',*,*,#2065,.F.);
#1569=ORIENTED_EDGE('',*,*,#2066,.F.);
#1570=EDGE_CURVE('',#2080,#2081,#2410,.T.);
#1571=EDGE_CURVE('',#2081,#2082,#420,.T.);
#1572=EDGE_CURVE('',#2082,#2083,#2411,.T.);
#1573=EDGE_CURVE('',#2083,#2084,#2412,.T.);
#1574=EDGE_CURVE('',#2084,#2085,#2413,.T.);
#1575=EDGE_CURVE('',#2086,#2085,#421,.T.);
#1576=EDGE_CURVE('',#2086,#2080,#2414,.T.);
#1577=EDGE_CURVE('',#2087,#2088,#422,.T.);
#1578=EDGE_CURVE('',#2088,#2089,#2415,.T.);
#1579=EDGE_CURVE('',#2089,#2090,#2416,.T.);
#1580=EDGE_CURVE('',#2090,#2091,#2417,.T.);
#1581=EDGE_CURVE('',#2092,#2091,#423,.T.);
#1582=EDGE_CURVE('',#2092,#2093,#2418,.T.);
#1583=EDGE_CURVE('',#2093,#2087,#2419,.T.);
#1584=EDGE_CURVE('',#2094,#2095,#424,.T.);
#1585=EDGE_CURVE('',#2095,#2096,#2420,.T.);
#1586=EDGE_CURVE('',#2096,#2097,#2421,.T.);
#1587=EDGE_CURVE('',#2097,#2098,#2422,.T.);
#1588=EDGE_CURVE('',#2099,#2098,#425,.T.);
#1589=EDGE_CURVE('',#2099,#2100,#2423,.T.);
#1590=EDGE_CURVE('',#2100,#2094,#2424,.T.);
#1591=EDGE_CURVE('',#2101,#2102,#2425,.T.);
#1592=EDGE_CURVE('',#2102,#2103,#2426,.T.);
#1593=EDGE_CURVE('',#2103,#2104,#2427,.T.);
#1594=EDGE_CURVE('',#2105,#2104,#426,.T.);
#1595=EDGE_CURVE('',#2105,#2106,#2428,.T.);
#1596=EDGE_CURVE('',#2106,#2107,#2429,.T.);
#1597=EDGE_CURVE('',#2107,#2101,#427,.T.);
#1598=EDGE_CURVE('',#2108,#2109,#2430,.T.);
#1599=EDGE_CURVE('',#2109,#2110,#2431,.T.);
#1600=EDGE_CURVE('',#2111,#2110,#428,.T.);
#1601=EDGE_CURVE('',#2111,#2112,#2432,.T.);
#1602=EDGE_CURVE('',#2112,#2113,#2433,.T.);
#1603=EDGE_CURVE('',#2113,#2114,#429,.T.);
#1604=EDGE_CURVE('',#2114,#2108,#2434,.T.);
#1605=EDGE_CURVE('',#2115,#2116,#430,.T.);
#1606=EDGE_CURVE('',#2115,#2105,#2435,.T.);
#1607=EDGE_CURVE('',#2104,#2116,#2436,.T.);
#1608=EDGE_CURVE('',#2117,#2118,#431,.T.);
#1609=EDGE_CURVE('',#2117,#2111,#2437,.T.);
#1610=EDGE_CURVE('',#2110,#2118,#2438,.T.);
#1611=EDGE_CURVE('',#2085,#2119,#2439,.T.);
#1612=EDGE_CURVE('',#2120,#2119,#432,.T.);
#1613=EDGE_CURVE('',#2120,#2086,#2440,.T.);
#1614=EDGE_CURVE('',#2121,#2122,#433,.T.);
#1615=EDGE_CURVE('',#2121,#2099,#2441,.T.);
#1616=EDGE_CURVE('',#2098,#2122,#2442,.T.);
#1617=EDGE_CURVE('',#2123,#2124,#2443,.T.);
#1618=EDGE_CURVE('',#2124,#2125,#2444,.T.);
#1619=EDGE_CURVE('',#2125,#2082,#2445,.T.);
#1620=EDGE_CURVE('',#2081,#2126,#220,.T.);
#1621=EDGE_CURVE('',#2126,#2123,#434,.T.);
#1622=EDGE_CURVE('',#2113,#2127,#221,.T.);
#1623=EDGE_CURVE('',#2127,#2128,#435,.T.);
#1624=EDGE_CURVE('',#2128,#2129,#2446,.T.);
#1625=EDGE_CURVE('',#2129,#2130,#2447,.T.);
#1626=EDGE_CURVE('',#2130,#2114,#2448,.T.);
#1627=EDGE_CURVE('',#2107,#2131,#222,.T.);
#1628=EDGE_CURVE('',#2131,#2132,#436,.T.);
#1629=EDGE_CURVE('',#2132,#2133,#2449,.T.);
#1630=EDGE_CURVE('',#2133,#2134,#2450,.T.);
#1631=EDGE_CURVE('',#2134,#2101,#2451,.T.);
#1632=EDGE_CURVE('',#2094,#2135,#223,.T.);
#1633=EDGE_CURVE('',#2135,#2136,#437,.T.);
#1634=EDGE_CURVE('',#2136,#2137,#2452,.T.);
#1635=EDGE_CURVE('',#2137,#2138,#2453,.T.);
#1636=EDGE_CURVE('',#2138,#2095,#2454,.T.);
#1637=EDGE_CURVE('',#2087,#2139,#224,.T.);
#1638=EDGE_CURVE('',#2139,#2140,#438,.T.);
#1639=EDGE_CURVE('',#2140,#2141,#2455,.T.);
#1640=EDGE_CURVE('',#2141,#2142,#2456,.T.);
#1641=EDGE_CURVE('',#2142,#2088,#2457,.T.);
#1642=EDGE_CURVE('',#2143,#2144,#439,.T.);
#1643=EDGE_CURVE('',#2144,#2123,#225,.T.);
#1644=EDGE_CURVE('',#2126,#2143,#226,.T.);
#1645=EDGE_CURVE('',#2127,#2145,#227,.T.);
#1646=EDGE_CURVE('',#2145,#2146,#440,.T.);
#1647=EDGE_CURVE('',#2146,#2128,#228,.T.);
#1648=EDGE_CURVE('',#2131,#2147,#229,.T.);
#1649=EDGE_CURVE('',#2147,#2148,#441,.T.);
#1650=EDGE_CURVE('',#2148,#2132,#230,.T.);
#1651=EDGE_CURVE('',#2135,#2149,#231,.T.);
#1652=EDGE_CURVE('',#2149,#2150,#442,.T.);
#1653=EDGE_CURVE('',#2150,#2136,#232,.T.);
#1654=EDGE_CURVE('',#2139,#2151,#233,.T.);
#1655=EDGE_CURVE('',#2151,#2152,#443,.T.);
#1656=EDGE_CURVE('',#2152,#2140,#234,.T.);
#1657=EDGE_CURVE('',#2153,#2154,#444,.T.);
#1658=EDGE_CURVE('',#2153,#2155,#235,.T.);
#1659=EDGE_CURVE('',#2155,#2156,#124,.T.);
#1660=EDGE_CURVE('',#2156,#2157,#445,.T.);
#1661=EDGE_CURVE('',#2157,#2158,#125,.T.);
#1662=EDGE_CURVE('',#2158,#2154,#236,.F.);
#1663=EDGE_CURVE('',#2159,#2160,#446,.T.);
#1664=EDGE_CURVE('',#2159,#2161,#237,.T.);
#1665=EDGE_CURVE('',#2161,#2162,#126,.T.);
#1666=EDGE_CURVE('',#2162,#2163,#447,.T.);
#1667=EDGE_CURVE('',#2163,#2164,#127,.T.);
#1668=EDGE_CURVE('',#2164,#2160,#238,.F.);
#1669=EDGE_CURVE('',#2165,#2166,#448,.T.);
#1670=EDGE_CURVE('',#2166,#2167,#128,.T.);
#1671=EDGE_CURVE('',#2167,#2168,#239,.F.);
#1672=EDGE_CURVE('',#2169,#2168,#449,.T.);
#1673=EDGE_CURVE('',#2169,#2170,#240,.T.);
#1674=EDGE_CURVE('',#2170,#2165,#129,.T.);
#1675=EDGE_CURVE('',#2171,#2172,#450,.T.);
#1676=EDGE_CURVE('',#2171,#2173,#241,.T.);
#1677=EDGE_CURVE('',#2173,#2174,#130,.T.);
#1678=EDGE_CURVE('',#2174,#2175,#451,.T.);
#1679=EDGE_CURVE('',#2175,#2176,#131,.T.);
#1680=EDGE_CURVE('',#2176,#2172,#242,.F.);
#1681=EDGE_CURVE('',#2177,#2178,#452,.T.);
#1682=EDGE_CURVE('',#2178,#2179,#2458,.T.);
#1683=EDGE_CURVE('',#2179,#2180,#2459,.T.);
#1684=EDGE_CURVE('',#2180,#2181,#453,.T.);
#1685=EDGE_CURVE('',#2181,#2177,#2460,.T.);
#1686=EDGE_CURVE('',#2182,#2183,#454,.T.);
#1687=EDGE_CURVE('',#2183,#2184,#2461,.T.);
#1688=EDGE_CURVE('',#2184,#2185,#2462,.T.);
#1689=EDGE_CURVE('',#2185,#2186,#455,.T.);
#1690=EDGE_CURVE('',#2186,#2182,#2463,.T.);
#1691=EDGE_CURVE('',#2187,#2188,#2464,.T.);
#1692=EDGE_CURVE('',#2188,#2189,#2465,.T.);
#1693=EDGE_CURVE('',#2189,#2190,#456,.T.);
#1694=EDGE_CURVE('',#2190,#2191,#2466,.T.);
#1695=EDGE_CURVE('',#2191,#2187,#457,.T.);
#1696=EDGE_CURVE('',#2192,#2193,#458,.T.);
#1697=EDGE_CURVE('',#2193,#2194,#2467,.T.);
#1698=EDGE_CURVE('',#2194,#2195,#2468,.T.);
#1699=EDGE_CURVE('',#2195,#2196,#459,.T.);
#1700=EDGE_CURVE('',#2196,#2192,#2469,.T.);
#1701=EDGE_CURVE('',#2180,#2197,#132,.T.);
#1702=EDGE_CURVE('',#2197,#2198,#460,.T.);
#1703=EDGE_CURVE('',#2198,#2199,#2470,.T.);
#1704=EDGE_CURVE('',#2199,#2200,#133,.T.);
#1705=EDGE_CURVE('',#2200,#2181,#2471,.T.);
#1706=EDGE_CURVE('',#2201,#2186,#2472,.T.);
#1707=EDGE_CURVE('',#2185,#2202,#134,.T.);
#1708=EDGE_CURVE('',#2202,#2203,#461,.T.);
#1709=EDGE_CURVE('',#2203,#2204,#2473,.T.);
#1710=EDGE_CURVE('',#2204,#2201,#135,.T.);
#1711=EDGE_CURVE('',#2205,#2206,#2474,.T.);
#1712=EDGE_CURVE('',#2206,#2207,#136,.T.);
#1713=EDGE_CURVE('',#2207,#2190,#2475,.T.);
#1714=EDGE_CURVE('',#2189,#2208,#137,.T.);
#1715=EDGE_CURVE('',#2208,#2205,#462,.T.);
#1716=EDGE_CURVE('',#2195,#2209,#138,.T.);
#1717=EDGE_CURVE('',#2209,#2210,#463,.T.);
#1718=EDGE_CURVE('',#2210,#2211,#2476,.T.);
#1719=EDGE_CURVE('',#2211,#2212,#139,.T.);
#1720=EDGE_CURVE('',#2212,#2196,#2477,.T.);
#1721=EDGE_CURVE('',#2197,#2213,#2478,.T.);
#1722=EDGE_CURVE('',#2213,#2214,#2479,.T.);
#1723=EDGE_CURVE('',#2214,#2215,#2480,.T.);
#1724=EDGE_CURVE('',#2215,#2216,#464,.T.);
#1725=EDGE_CURVE('',#2216,#2198,#2481,.T.);
#1726=EDGE_CURVE('',#2202,#2217,#2482,.T.);
#1727=EDGE_CURVE('',#2217,#2218,#2483,.T.);
#1728=EDGE_CURVE('',#2218,#2219,#2484,.T.);
#1729=EDGE_CURVE('',#2219,#2220,#465,.T.);
#1730=EDGE_CURVE('',#2220,#2203,#2485,.T.);
#1731=EDGE_CURVE('',#2221,#2222,#2486,.T.);
#1732=EDGE_CURVE('',#2222,#2223,#2487,.T.);
#1733=EDGE_CURVE('',#2223,#2224,#466,.T.);
#1734=EDGE_CURVE('',#2224,#2205,#2488,.T.);
#1735=EDGE_CURVE('',#2208,#2221,#2489,.T.);
#1736=EDGE_CURVE('',#2209,#2225,#2490,.T.);
#1737=EDGE_CURVE('',#2225,#2226,#2491,.T.);
#1738=EDGE_CURVE('',#2226,#2227,#2492,.T.);
#1739=EDGE_CURVE('',#2227,#2228,#467,.T.);
#1740=EDGE_CURVE('',#2228,#2210,#2493,.T.);
#1741=EDGE_CURVE('',#2215,#2229,#243,.T.);
#1742=EDGE_CURVE('',#2229,#2230,#468,.T.);
#1743=EDGE_CURVE('',#2230,#2231,#244,.F.);
#1744=EDGE_CURVE('',#2231,#2216,#2494,.T.);
#1745=EDGE_CURVE('',#2219,#2232,#245,.T.);
#1746=EDGE_CURVE('',#2232,#2233,#469,.T.);
#1747=EDGE_CURVE('',#2233,#2234,#246,.F.);
#1748=EDGE_CURVE('',#2234,#2220,#2495,.T.);
#1749=EDGE_CURVE('',#2235,#2236,#470,.T.);
#1750=EDGE_CURVE('',#2236,#2237,#247,.F.);
#1751=EDGE_CURVE('',#2237,#2224,#2496,.T.);
#1752=EDGE_CURVE('',#2223,#2235,#248,.T.);
#1753=EDGE_CURVE('',#2227,#2238,#249,.T.);
#1754=EDGE_CURVE('',#2238,#2239,#471,.T.);
#1755=EDGE_CURVE('',#2239,#2240,#250,.F.);
#1756=EDGE_CURVE('',#2240,#2228,#2497,.T.);
#1757=EDGE_CURVE('',#2241,#2242,#472,.T.);
#1758=EDGE_CURVE('',#2243,#2241,#473,.T.);
#1759=EDGE_CURVE('',#2243,#2244,#474,.T.);
#1760=EDGE_CURVE('',#2242,#2244,#475,.T.);
#1761=EDGE_CURVE('',#2193,#2174,#476,.T.);
#1762=EDGE_CURVE('',#2192,#2175,#477,.T.);
#1763=EDGE_CURVE('',#2178,#2156,#478,.T.);
#1764=EDGE_CURVE('',#2177,#2157,#479,.T.);
#1765=EDGE_CURVE('',#2183,#2162,#480,.T.);
#1766=EDGE_CURVE('',#2182,#2163,#481,.T.);
#1767=EDGE_CURVE('',#2245,#2120,#2498,.T.);
#1768=EDGE_CURVE('',#2119,#2246,#2499,.T.);
#1769=EDGE_CURVE('',#2247,#2246,#251,.T.);
#1770=EDGE_CURVE('',#2247,#2236,#482,.T.);
#1771=EDGE_CURVE('',#2235,#2248,#483,.T.);
#1772=EDGE_CURVE('',#2248,#2245,#252,.T.);
#1773=EDGE_CURVE('',#2249,#2250,#484,.T.);
#1774=EDGE_CURVE('',#2250,#2251,#2500,.T.);
#1775=EDGE_CURVE('',#2252,#2251,#253,.T.);
#1776=EDGE_CURVE('',#2252,#2253,#485,.T.);
#1777=EDGE_CURVE('',#2254,#2253,#486,.T.);
#1778=EDGE_CURVE('',#2254,#2255,#487,.T.);
#1779=EDGE_CURVE('',#2255,#2256,#254,.T.);
#1780=EDGE_CURVE('',#2256,#2249,#2501,.T.);
#1781=EDGE_CURVE('',#2118,#2257,#2502,.T.);
#1782=EDGE_CURVE('',#2258,#2257,#255,.T.);
#1783=EDGE_CURVE('',#2258,#2233,#488,.T.);
#1784=EDGE_CURVE('',#2232,#2259,#489,.T.);
#1785=EDGE_CURVE('',#2259,#2260,#256,.T.);
#1786=EDGE_CURVE('',#2260,#2117,#2503,.T.);
#1787=EDGE_CURVE('',#2116,#2261,#2504,.T.);
#1788=EDGE_CURVE('',#2262,#2261,#257,.T.);
#1789=EDGE_CURVE('',#2262,#2230,#490,.T.);
#1790=EDGE_CURVE('',#2229,#2263,#491,.T.);
#1791=EDGE_CURVE('',#2263,#2264,#258,.T.);
#1792=EDGE_CURVE('',#2264,#2115,#2505,.T.);
#1793=EDGE_CURVE('',#2122,#2265,#2506,.T.);
#1794=EDGE_CURVE('',#2266,#2265,#259,.T.);
#1795=EDGE_CURVE('',#2266,#2239,#492,.T.);
#1796=EDGE_CURVE('',#2238,#2267,#493,.T.);
#1797=EDGE_CURVE('',#2267,#2268,#260,.T.);
#1798=EDGE_CURVE('',#2268,#2121,#2507,.T.);
#1799=EDGE_CURVE('',#2269,#2269,#494,.T.);
#1800=EDGE_CURVE('',#2270,#2270,#495,.T.);
#1801=EDGE_CURVE('',#2271,#2143,#261,.T.);
#1802=EDGE_CURVE('',#2271,#2169,#496,.F.);
#1803=EDGE_CURVE('',#2168,#2272,#497,.F.);
#1804=EDGE_CURVE('',#2272,#2273,#262,.T.);
#1805=EDGE_CURVE('',#2273,#2144,#498,.F.);
#1806=EDGE_CURVE('',#2274,#2149,#263,.T.);
#1807=EDGE_CURVE('',#2274,#2171,#499,.F.);
#1808=EDGE_CURVE('',#2172,#2275,#500,.F.);
#1809=EDGE_CURVE('',#2275,#2276,#264,.T.);
#1810=EDGE_CURVE('',#2276,#2150,#501,.F.);
#1811=EDGE_CURVE('',#2277,#2147,#265,.T.);
#1812=EDGE_CURVE('',#2277,#2153,#502,.F.);
#1813=EDGE_CURVE('',#2154,#2278,#503,.F.);
#1814=EDGE_CURVE('',#2278,#2279,#266,.T.);
#1815=EDGE_CURVE('',#2279,#2148,#504,.F.);
#1816=EDGE_CURVE('',#2280,#2145,#267,.T.);
#1817=EDGE_CURVE('',#2280,#2159,#505,.F.);
#1818=EDGE_CURVE('',#2160,#2281,#506,.F.);
#1819=EDGE_CURVE('',#2281,#2282,#268,.T.);
#1820=EDGE_CURVE('',#2282,#2146,#507,.F.);
#1821=EDGE_CURVE('',#2283,#2152,#508,.F.);
#1822=EDGE_CURVE('',#2284,#2151,#269,.T.);
#1823=EDGE_CURVE('',#2284,#2285,#509,.F.);
#1824=EDGE_CURVE('',#2285,#2286,#510,.T.);
#1825=EDGE_CURVE('',#2286,#2287,#511,.F.);
#1826=EDGE_CURVE('',#2287,#2283,#270,.T.);
#1827=EDGE_CURVE('',#2288,#2288,#512,.T.);
#1828=EDGE_CURVE('',#2289,#2289,#513,.T.);
#1829=EDGE_CURVE('',#2249,#2092,#2508,.T.);
#1830=EDGE_CURVE('',#2091,#2250,#2509,.T.);
#1831=EDGE_CURVE('',#2290,#2290,#514,.T.);
#1832=EDGE_CURVE('',#2291,#2291,#515,.T.);
#1833=EDGE_CURVE('',#2292,#2292,#516,.T.);
#1834=EDGE_CURVE('',#2293,#2294,#271,.T.);
#1835=EDGE_CURVE('',#2293,#2295,#2510,.T.);
#1836=EDGE_CURVE('',#2295,#2258,#272,.F.);
#1837=EDGE_CURVE('',#2257,#2296,#2511,.T.);
#1838=EDGE_CURVE('',#2296,#2294,#2512,.T.);
#1839=EDGE_CURVE('',#2080,#2245,#2513,.T.);
#1840=EDGE_CURVE('',#2248,#2297,#273,.T.);
#1841=EDGE_CURVE('',#2297,#2298,#2514,.T.);
#1842=EDGE_CURVE('',#2298,#2299,#2515,.T.);
#1843=EDGE_CURVE('',#2299,#2081,#274,.T.);
#1844=EDGE_CURVE('',#2300,#2301,#140,.T.);
#1845=EDGE_CURVE('',#2301,#2293,#2516,.T.);
#1846=EDGE_CURVE('',#2294,#2302,#2517,.T.);
#1847=EDGE_CURVE('',#2302,#2303,#2518,.T.);
#1848=EDGE_CURVE('',#2304,#2303,#275,.T.);
#1849=EDGE_CURVE('',#2304,#2305,#141,.T.);
#1850=EDGE_CURVE('',#2305,#2300,#2519,.T.);
#1851=EDGE_CURVE('',#2299,#2306,#142,.T.);
#1852=EDGE_CURVE('',#2306,#2307,#2520,.T.);
#1853=EDGE_CURVE('',#2307,#2308,#143,.T.);
#1854=EDGE_CURVE('',#2308,#2309,#144,.T.);
#1855=EDGE_CURVE('',#2309,#2126,#276,.T.);
#1856=EDGE_CURVE('',#2281,#2310,#277,.T.);
#1857=EDGE_CURVE('',#2310,#2304,#2521,.T.);
#1858=EDGE_CURVE('',#2303,#2311,#2522,.T.);
#1859=EDGE_CURVE('',#2311,#2282,#278,.T.);
#1860=EDGE_CURVE('',#2309,#2271,#279,.F.);
#1861=EDGE_CURVE('',#2312,#2312,#517,.T.);
#1862=EDGE_CURVE('',#2313,#2313,#518,.T.);
#1863=EDGE_CURVE('',#2314,#2314,#519,.T.);
#1864=EDGE_CURVE('',#2315,#2315,#520,.T.);
#1865=EDGE_CURVE('',#2285,#2316,#280,.T.);
#1866=EDGE_CURVE('',#2316,#2242,#145,.T.);
#1867=EDGE_CURVE('',#2244,#2317,#146,.T.);
#1868=EDGE_CURVE('',#2317,#2286,#281,.F.);
#1869=EDGE_CURVE('',#2241,#2318,#2523,.T.);
#1870=EDGE_CURVE('',#2318,#2319,#2524,.T.);
#1871=EDGE_CURVE('',#2319,#2320,#521,.T.);
#1872=EDGE_CURVE('',#2320,#2243,#2525,.T.);
#1873=EDGE_CURVE('',#2319,#2321,#147,.T.);
#1874=EDGE_CURVE('',#2321,#2322,#522,.T.);
#1875=EDGE_CURVE('',#2322,#2323,#2526,.T.);
#1876=EDGE_CURVE('',#2323,#2324,#148,.T.);
#1877=EDGE_CURVE('',#2324,#2320,#2527,.T.);
#1878=EDGE_CURVE('',#2321,#2325,#2528,.T.);
#1879=EDGE_CURVE('',#2325,#2326,#2529,.T.);
#1880=EDGE_CURVE('',#2326,#2327,#2530,.T.);
#1881=EDGE_CURVE('',#2327,#2328,#523,.T.);
#1882=EDGE_CURVE('',#2328,#2322,#2531,.T.);
#1883=EDGE_CURVE('',#2329,#2329,#524,.T.);
#1884=EDGE_CURVE('',#2330,#2330,#525,.T.);
#1885=EDGE_CURVE('',#2331,#2331,#526,.T.);
#1886=EDGE_CURVE('',#2332,#2332,#527,.T.);
#1887=EDGE_CURVE('',#2327,#2254,#282,.T.);
#1888=EDGE_CURVE('',#2253,#2333,#283,.F.);
#1889=EDGE_CURVE('',#2333,#2328,#2532,.T.);
#1890=EDGE_CURVE('',#2170,#2308,#2533,.F.);
#1891=EDGE_CURVE('',#2307,#2165,#528,.F.);
#1892=EDGE_CURVE('',#2187,#2307,#529,.T.);
#1893=EDGE_CURVE('',#2188,#2306,#2534,.T.);
#1894=EDGE_CURVE('',#2221,#2298,#2535,.F.);
#1895=EDGE_CURVE('',#2222,#2297,#2536,.T.);
#1896=EDGE_CURVE('',#2129,#2311,#2537,.T.);
#1897=EDGE_CURVE('',#2130,#2303,#2538,.F.);
#1898=EDGE_CURVE('',#2108,#2302,#2539,.F.);
#1899=EDGE_CURVE('',#2109,#2296,#2540,.T.);
#1900=EDGE_CURVE('',#2295,#2234,#2541,.T.);
#1901=EDGE_CURVE('',#2310,#2164,#2542,.T.);
#1902=EDGE_CURVE('',#2163,#2305,#530,.T.);
#1903=EDGE_CURVE('',#2305,#2182,#531,.F.);
#1904=EDGE_CURVE('',#2300,#2201,#2543,.F.);
#1905=EDGE_CURVE('',#2204,#2301,#2544,.T.);
#1906=EDGE_CURVE('',#2191,#2166,#532,.T.);
#1907=EDGE_CURVE('',#2187,#2165,#533,.T.);
#1908=EDGE_CURVE('',#2334,#2335,#149,.T.);
#1909=EDGE_CURVE('',#2335,#2336,#2545,.T.);
#1910=EDGE_CURVE('',#2336,#2337,#284,.T.);
#1911=EDGE_CURVE('',#2337,#2338,#2546,.T.);
#1912=EDGE_CURVE('',#2338,#2339,#2547,.T.);
#1913=EDGE_CURVE('',#2340,#2339,#285,.T.);
#1914=EDGE_CURVE('',#2340,#2341,#150,.T.);
#1915=EDGE_CURVE('',#2341,#2334,#2548,.T.);
#1916=EDGE_CURVE('',#2287,#2342,#286,.T.);
#1917=EDGE_CURVE('',#2342,#2340,#2549,.T.);
#1918=EDGE_CURVE('',#2339,#2343,#2550,.T.);
#1919=EDGE_CURVE('',#2343,#2283,#287,.T.);
#1920=EDGE_CURVE('',#2336,#2344,#2551,.T.);
#1921=EDGE_CURVE('',#2344,#2252,#288,.F.);
#1922=EDGE_CURVE('',#2251,#2345,#2552,.T.);
#1923=EDGE_CURVE('',#2345,#2337,#2553,.T.);
#1924=EDGE_CURVE('',#2142,#2339,#2554,.F.);
#1925=EDGE_CURVE('',#2089,#2338,#2555,.F.);
#1926=EDGE_CURVE('',#2342,#2317,#2556,.T.);
#1927=EDGE_CURVE('',#2100,#2268,#2557,.T.);
#1928=EDGE_CURVE('',#2267,#2346,#289,.T.);
#1929=EDGE_CURVE('',#2346,#2347,#2558,.T.);
#1930=EDGE_CURVE('',#2347,#2348,#2559,.T.);
#1931=EDGE_CURVE('',#2348,#2094,#290,.T.);
#1932=EDGE_CURVE('',#2323,#2335,#2560,.T.);
#1933=EDGE_CURVE('',#2344,#2333,#2561,.T.);
#1934=EDGE_CURVE('',#2226,#2346,#2562,.T.);
#1935=EDGE_CURVE('',#2225,#2347,#2563,.F.);
#1936=EDGE_CURVE('',#2334,#2324,#2564,.F.);
#1937=EDGE_CURVE('',#2348,#2349,#151,.T.);
#1938=EDGE_CURVE('',#2194,#2349,#2565,.T.);
#1939=EDGE_CURVE('',#2341,#2243,#534,.F.);
#1940=EDGE_CURVE('',#2244,#2341,#535,.T.);
#1941=EDGE_CURVE('',#2350,#2174,#536,.F.);
#1942=EDGE_CURVE('',#2193,#2350,#537,.T.);
#1943=EDGE_CURVE('',#2349,#2350,#2566,.T.);
#1944=EDGE_CURVE('',#2350,#2351,#152,.T.);
#1945=EDGE_CURVE('',#2173,#2351,#2567,.F.);
#1946=EDGE_CURVE('',#2352,#2274,#291,.F.);
#1947=EDGE_CURVE('',#2351,#2352,#153,.T.);
#1948=EDGE_CURVE('',#2141,#2343,#2568,.T.);
#1949=EDGE_CURVE('',#2352,#2135,#292,.T.);
#1950=EDGE_CURVE('',#2090,#2345,#2569,.T.);
#1951=EDGE_CURVE('',#2353,#2354,#154,.T.);
#1952=EDGE_CURVE('',#2354,#2355,#2570,.T.);
#1953=EDGE_CURVE('',#2355,#2356,#293,.T.);
#1954=EDGE_CURVE('',#2356,#2357,#2571,.T.);
#1955=EDGE_CURVE('',#2357,#2358,#2572,.T.);
#1956=EDGE_CURVE('',#2359,#2358,#294,.T.);
#1957=EDGE_CURVE('',#2359,#2360,#155,.T.);
#1958=EDGE_CURVE('',#2360,#2353,#2573,.T.);
#1959=EDGE_CURVE('',#2272,#2361,#295,.T.);
#1960=EDGE_CURVE('',#2361,#2359,#2574,.T.);
#1961=EDGE_CURVE('',#2358,#2362,#2575,.T.);
#1962=EDGE_CURVE('',#2362,#2273,#296,.T.);
#1963=EDGE_CURVE('',#2355,#2363,#2576,.T.);
#1964=EDGE_CURVE('',#2363,#2247,#297,.F.);
#1965=EDGE_CURVE('',#2246,#2364,#2577,.T.);
#1966=EDGE_CURVE('',#2364,#2356,#2578,.T.);
#1967=EDGE_CURVE('',#2125,#2358,#2579,.F.);
#1968=EDGE_CURVE('',#2083,#2357,#2580,.F.);
#1969=EDGE_CURVE('',#2093,#2256,#2581,.T.);
#1970=EDGE_CURVE('',#2255,#2365,#298,.T.);
#1971=EDGE_CURVE('',#2365,#2366,#2582,.T.);
#1972=EDGE_CURVE('',#2366,#2367,#2583,.T.);
#1973=EDGE_CURVE('',#2367,#2087,#299,.T.);
#1974=EDGE_CURVE('',#2326,#2365,#2584,.T.);
#1975=EDGE_CURVE('',#2206,#2354,#2585,.T.);
#1976=EDGE_CURVE('',#2363,#2237,#2586,.T.);
#1977=EDGE_CURVE('',#2325,#2366,#2587,.F.);
#1978=EDGE_CURVE('',#2367,#2368,#156,.T.);
#1979=EDGE_CURVE('',#2318,#2368,#2588,.T.);
#1980=EDGE_CURVE('',#2353,#2207,#2589,.F.);
#1981=EDGE_CURVE('',#2369,#2242,#538,.F.);
#1982=EDGE_CURVE('',#2241,#2369,#539,.T.);
#1983=EDGE_CURVE('',#2368,#2369,#2590,.T.);
#1984=EDGE_CURVE('',#2360,#2191,#540,.F.);
#1985=EDGE_CURVE('',#2166,#2360,#541,.T.);
#1986=EDGE_CURVE('',#2369,#2370,#157,.T.);
#1987=EDGE_CURVE('',#2316,#2370,#2591,.F.);
#1988=EDGE_CURVE('',#2371,#2284,#300,.F.);
#1989=EDGE_CURVE('',#2370,#2371,#158,.T.);
#1990=EDGE_CURVE('',#2361,#2167,#2592,.T.);
#1991=EDGE_CURVE('',#2371,#2139,#301,.T.);
#1992=EDGE_CURVE('',#2124,#2362,#2593,.T.);
#1993=EDGE_CURVE('',#2084,#2364,#2594,.T.);
#1994=EDGE_CURVE('',#2372,#2373,#159,.T.);
#1995=EDGE_CURVE('',#2373,#2374,#2595,.T.);
#1996=EDGE_CURVE('',#2374,#2375,#302,.T.);
#1997=EDGE_CURVE('',#2375,#2376,#2596,.T.);
#1998=EDGE_CURVE('',#2376,#2377,#2597,.T.);
#1999=EDGE_CURVE('',#2378,#2377,#303,.T.);
#2000=EDGE_CURVE('',#2378,#2379,#160,.T.);
#2001=EDGE_CURVE('',#2379,#2372,#2598,.T.);
#2002=EDGE_CURVE('',#2278,#2380,#304,.T.);
#2003=EDGE_CURVE('',#2380,#2378,#2599,.T.);
#2004=EDGE_CURVE('',#2377,#2381,#2600,.T.);
#2005=EDGE_CURVE('',#2381,#2279,#305,.T.);
#2006=EDGE_CURVE('',#2374,#2382,#2601,.T.);
#2007=EDGE_CURVE('',#2382,#2262,#306,.F.);
#2008=EDGE_CURVE('',#2261,#2383,#2602,.T.);
#2009=EDGE_CURVE('',#2383,#2375,#2603,.T.);
#2010=EDGE_CURVE('',#2134,#2377,#2604,.F.);
#2011=EDGE_CURVE('',#2102,#2376,#2605,.F.);
#2012=EDGE_CURVE('',#2112,#2260,#2606,.T.);
#2013=EDGE_CURVE('',#2259,#2384,#307,.T.);
#2014=EDGE_CURVE('',#2384,#2385,#2607,.T.);
#2015=EDGE_CURVE('',#2385,#2386,#2608,.T.);
#2016=EDGE_CURVE('',#2386,#2113,#308,.T.);
#2017=EDGE_CURVE('',#2218,#2384,#2609,.T.);
#2018=EDGE_CURVE('',#2199,#2373,#2610,.T.);
#2019=EDGE_CURVE('',#2382,#2231,#2611,.T.);
#2020=EDGE_CURVE('',#2217,#2385,#2612,.F.);
#2021=EDGE_CURVE('',#2386,#2387,#161,.T.);
#2022=EDGE_CURVE('',#2184,#2387,#2613,.T.);
#2023=EDGE_CURVE('',#2372,#2200,#2614,.F.);
#2024=EDGE_CURVE('',#2388,#2162,#542,.F.);
#2025=EDGE_CURVE('',#2183,#2388,#543,.T.);
#2026=EDGE_CURVE('',#2387,#2388,#2615,.T.);
#2027=EDGE_CURVE('',#2379,#2177,#544,.F.);
#2028=EDGE_CURVE('',#2157,#2379,#545,.T.);
#2029=EDGE_CURVE('',#2388,#2389,#162,.T.);
#2030=EDGE_CURVE('',#2161,#2389,#2616,.F.);
#2031=EDGE_CURVE('',#2390,#2280,#309,.F.);
#2032=EDGE_CURVE('',#2389,#2390,#163,.T.);
#2033=EDGE_CURVE('',#2380,#2158,#2617,.T.);
#2034=EDGE_CURVE('',#2133,#2381,#2618,.T.);
#2035=EDGE_CURVE('',#2390,#2127,#310,.T.);
#2036=EDGE_CURVE('',#2103,#2383,#2619,.T.);
#2037=EDGE_CURVE('',#2391,#2392,#311,.T.);
#2038=EDGE_CURVE('',#2391,#2393,#2620,.T.);
#2039=EDGE_CURVE('',#2393,#2266,#312,.F.);
#2040=EDGE_CURVE('',#2265,#2394,#2621,.T.);
#2041=EDGE_CURVE('',#2394,#2392,#2622,.T.);
#2042=EDGE_CURVE('',#2106,#2264,#2623,.T.);
#2043=EDGE_CURVE('',#2263,#2395,#313,.T.);
#2044=EDGE_CURVE('',#2395,#2396,#2624,.T.);
#2045=EDGE_CURVE('',#2396,#2397,#2625,.T.);
#2046=EDGE_CURVE('',#2397,#2107,#314,.T.);
#2047=EDGE_CURVE('',#2398,#2399,#164,.T.);
#2048=EDGE_CURVE('',#2399,#2391,#2626,.T.);
#2049=EDGE_CURVE('',#2392,#2400,#2627,.T.);
#2050=EDGE_CURVE('',#2400,#2401,#2628,.T.);
#2051=EDGE_CURVE('',#2402,#2401,#315,.T.);
#2052=EDGE_CURVE('',#2402,#2403,#165,.T.);
#2053=EDGE_CURVE('',#2403,#2398,#2629,.T.);
#2054=EDGE_CURVE('',#2397,#2404,#166,.T.);
#2055=EDGE_CURVE('',#2404,#2405,#2630,.T.);
#2056=EDGE_CURVE('',#2405,#2406,#167,.T.);
#2057=EDGE_CURVE('',#2406,#2407,#168,.T.);
#2058=EDGE_CURVE('',#2407,#2131,#316,.T.);
#2059=EDGE_CURVE('',#2275,#2408,#317,.T.);
#2060=EDGE_CURVE('',#2408,#2402,#2631,.T.);
#2061=EDGE_CURVE('',#2401,#2409,#2632,.T.);
#2062=EDGE_CURVE('',#2409,#2276,#318,.T.);
#2063=EDGE_CURVE('',#2407,#2277,#319,.F.);
#2064=EDGE_CURVE('',#2155,#2406,#2633,.F.);
#2065=EDGE_CURVE('',#2405,#2156,#546,.F.);
#2066=EDGE_CURVE('',#2178,#2405,#547,.T.);
#2067=EDGE_CURVE('',#2179,#2404,#2634,.T.);
#2068=EDGE_CURVE('',#2213,#2396,#2635,.F.);
#2069=EDGE_CURVE('',#2214,#2395,#2636,.T.);
#2070=EDGE_CURVE('',#2137,#2409,#2637,.T.);
#2071=EDGE_CURVE('',#2138,#2401,#2638,.F.);
#2072=EDGE_CURVE('',#2096,#2400,#2639,.F.);
#2073=EDGE_CURVE('',#2097,#2394,#2640,.T.);
#2074=EDGE_CURVE('',#2393,#2240,#2641,.T.);
#2075=EDGE_CURVE('',#2408,#2176,#2642,.T.);
#2076=EDGE_CURVE('',#2175,#2403,#548,.T.);
#2077=EDGE_CURVE('',#2403,#2192,#549,.F.);
#2078=EDGE_CURVE('',#2398,#2212,#2643,.F.);
#2079=EDGE_CURVE('',#2211,#2399,#2644,.T.);
#2080=VERTEX_POINT('',#4350);
#2081=VERTEX_POINT('',#4351);
#2082=VERTEX_POINT('',#4353);
#2083=VERTEX_POINT('',#4358);
#2084=VERTEX_POINT('',#4363);
#2085=VERTEX_POINT('',#4368);
#2086=VERTEX_POINT('',#4370);
#2087=VERTEX_POINT('',#4378);
#2088=VERTEX_POINT('',#4379);
#2089=VERTEX_POINT('',#4384);
#2090=VERTEX_POINT('',#4389);
#2091=VERTEX_POINT('',#4394);
#2092=VERTEX_POINT('',#4396);
#2093=VERTEX_POINT('',#4402);
#2094=VERTEX_POINT('',#4411);
#2095=VERTEX_POINT('',#4412);
#2096=VERTEX_POINT('',#4417);
#2097=VERTEX_POINT('',#4422);
#2098=VERTEX_POINT('',#4427);
#2099=VERTEX_POINT('',#4429);
#2100=VERTEX_POINT('',#4435);
#2101=VERTEX_POINT('',#4447);
#2102=VERTEX_POINT('',#4448);
#2103=VERTEX_POINT('',#4453);
#2104=VERTEX_POINT('',#4458);
#2105=VERTEX_POINT('',#4460);
#2106=VERTEX_POINT('',#4466);
#2107=VERTEX_POINT('',#4473);
#2108=VERTEX_POINT('',#4480);
#2109=VERTEX_POINT('',#4481);
#2110=VERTEX_POINT('',#4486);
#2111=VERTEX_POINT('',#4488);
#2112=VERTEX_POINT('',#4494);
#2113=VERTEX_POINT('',#4501);
#2114=VERTEX_POINT('',#4503);
#2115=VERTEX_POINT('',#4510);
#2116=VERTEX_POINT('',#4511);
#2117=VERTEX_POINT('',#4522);
#2118=VERTEX_POINT('',#4523);
#2119=VERTEX_POINT('',#4537);
#2120=VERTEX_POINT('',#4539);
#2121=VERTEX_POINT('',#4546);
#2122=VERTEX_POINT('',#4547);
#2123=VERTEX_POINT('',#4561);
#2124=VERTEX_POINT('',#4562);
#2125=VERTEX_POINT('',#4567);
#2126=VERTEX_POINT('',#4573);
#2127=VERTEX_POINT('',#4577);
#2128=VERTEX_POINT('',#4579);
#2129=VERTEX_POINT('',#4584);
#2130=VERTEX_POINT('',#4589);
#2131=VERTEX_POINT('',#4596);
#2132=VERTEX_POINT('',#4598);
#2133=VERTEX_POINT('',#4603);
#2134=VERTEX_POINT('',#4608);
#2135=VERTEX_POINT('',#4615);
#2136=VERTEX_POINT('',#4617);
#2137=VERTEX_POINT('',#4622);
#2138=VERTEX_POINT('',#4627);
#2139=VERTEX_POINT('',#4634);
#2140=VERTEX_POINT('',#4636);
#2141=VERTEX_POINT('',#4641);
#2142=VERTEX_POINT('',#4646);
#2143=VERTEX_POINT('',#4653);
#2144=VERTEX_POINT('',#4654);
#2145=VERTEX_POINT('',#4659);
#2146=VERTEX_POINT('',#4661);
#2147=VERTEX_POINT('',#4665);
#2148=VERTEX_POINT('',#4667);
#2149=VERTEX_POINT('',#4671);
#2150=VERTEX_POINT('',#4673);
#2151=VERTEX_POINT('',#4677);
#2152=VERTEX_POINT('',#4679);
#2153=VERTEX_POINT('',#4683);
#2154=VERTEX_POINT('',#4684);
#2155=VERTEX_POINT('',#4686);
#2156=VERTEX_POINT('',#4688);
#2157=VERTEX_POINT('',#4690);
#2158=VERTEX_POINT('',#4692);
#2159=VERTEX_POINT('',#4696);
#2160=VERTEX_POINT('',#4697);
#2161=VERTEX_POINT('',#4699);
#2162=VERTEX_POINT('',#4701);
#2163=VERTEX_POINT('',#4703);
#2164=VERTEX_POINT('',#4705);
#2165=VERTEX_POINT('',#4709);
#2166=VERTEX_POINT('',#4710);
#2167=VERTEX_POINT('',#4712);
#2168=VERTEX_POINT('',#4714);
#2169=VERTEX_POINT('',#4716);
#2170=VERTEX_POINT('',#4718);
#2171=VERTEX_POINT('',#4722);
#2172=VERTEX_POINT('',#4723);
#2173=VERTEX_POINT('',#4725);
#2174=VERTEX_POINT('',#4727);
#2175=VERTEX_POINT('',#4729);
#2176=VERTEX_POINT('',#4731);
#2177=VERTEX_POINT('',#4735);
#2178=VERTEX_POINT('',#4736);
#2179=VERTEX_POINT('',#4741);
#2180=VERTEX_POINT('',#4746);
#2181=VERTEX_POINT('',#4748);
#2182=VERTEX_POINT('',#4755);
#2183=VERTEX_POINT('',#4756);
#2184=VERTEX_POINT('',#4761);
#2185=VERTEX_POINT('',#4766);
#2186=VERTEX_POINT('',#4768);
#2187=VERTEX_POINT('',#4778);
#2188=VERTEX_POINT('',#4779);
#2189=VERTEX_POINT('',#4784);
#2190=VERTEX_POINT('',#4786);
#2191=VERTEX_POINT('',#4791);
#2192=VERTEX_POINT('',#4795);
#2193=VERTEX_POINT('',#4796);
#2194=VERTEX_POINT('',#4801);
#2195=VERTEX_POINT('',#4806);
#2196=VERTEX_POINT('',#4808);
#2197=VERTEX_POINT('',#4815);
#2198=VERTEX_POINT('',#4817);
#2199=VERTEX_POINT('',#4822);
#2200=VERTEX_POINT('',#4824);
#2201=VERTEX_POINT('',#4834);
#2202=VERTEX_POINT('',#4836);
#2203=VERTEX_POINT('',#4838);
#2204=VERTEX_POINT('',#4843);
#2205=VERTEX_POINT('',#4850);
#2206=VERTEX_POINT('',#4851);
#2207=VERTEX_POINT('',#4853);
#2208=VERTEX_POINT('',#4859);
#2209=VERTEX_POINT('',#4863);
#2210=VERTEX_POINT('',#4865);
#2211=VERTEX_POINT('',#4870);
#2212=VERTEX_POINT('',#4872);
#2213=VERTEX_POINT('',#4882);
#2214=VERTEX_POINT('',#4887);
#2215=VERTEX_POINT('',#4892);
#2216=VERTEX_POINT('',#4894);
#2217=VERTEX_POINT('',#4904);
#2218=VERTEX_POINT('',#4909);
#2219=VERTEX_POINT('',#4914);
#2220=VERTEX_POINT('',#4916);
#2221=VERTEX_POINT('',#4926);
#2222=VERTEX_POINT('',#4927);
#2223=VERTEX_POINT('',#4932);
#2224=VERTEX_POINT('',#4934);
#2225=VERTEX_POINT('',#4948);
#2226=VERTEX_POINT('',#4953);
#2227=VERTEX_POINT('',#4958);
#2228=VERTEX_POINT('',#4960);
#2229=VERTEX_POINT('',#4967);
#2230=VERTEX_POINT('',#4969);
#2231=VERTEX_POINT('',#4971);
#2232=VERTEX_POINT('',#4978);
#2233=VERTEX_POINT('',#4980);
#2234=VERTEX_POINT('',#4982);
#2235=VERTEX_POINT('',#4989);
#2236=VERTEX_POINT('',#4990);
#2237=VERTEX_POINT('',#4992);
#2238=VERTEX_POINT('',#5000);
#2239=VERTEX_POINT('',#5002);
#2240=VERTEX_POINT('',#5004);
#2241=VERTEX_POINT('',#5011);
#2242=VERTEX_POINT('',#5012);
#2243=VERTEX_POINT('',#5014);
#2244=VERTEX_POINT('',#5016);
#2245=VERTEX_POINT('',#5032);
#2246=VERTEX_POINT('',#5038);
#2247=VERTEX_POINT('',#5040);
#2248=VERTEX_POINT('',#5043);
#2249=VERTEX_POINT('',#5046);
#2250=VERTEX_POINT('',#5047);
#2251=VERTEX_POINT('',#5053);
#2252=VERTEX_POINT('',#5055);
#2253=VERTEX_POINT('',#5057);
#2254=VERTEX_POINT('',#5059);
#2255=VERTEX_POINT('',#5061);
#2256=VERTEX_POINT('',#5063);
#2257=VERTEX_POINT('',#5073);
#2258=VERTEX_POINT('',#5075);
#2259=VERTEX_POINT('',#5078);
#2260=VERTEX_POINT('',#5080);
#2261=VERTEX_POINT('',#5090);
#2262=VERTEX_POINT('',#5092);
#2263=VERTEX_POINT('',#5095);
#2264=VERTEX_POINT('',#5097);
#2265=VERTEX_POINT('',#5107);
#2266=VERTEX_POINT('',#5109);
#2267=VERTEX_POINT('',#5112);
#2268=VERTEX_POINT('',#5114);
#2269=VERTEX_POINT('',#5120);
#2270=VERTEX_POINT('',#5122);
#2271=VERTEX_POINT('',#5125);
#2272=VERTEX_POINT('',#5128);
#2273=VERTEX_POINT('',#5130);
#2274=VERTEX_POINT('',#5133);
#2275=VERTEX_POINT('',#5136);
#2276=VERTEX_POINT('',#5138);
#2277=VERTEX_POINT('',#5141);
#2278=VERTEX_POINT('',#5144);
#2279=VERTEX_POINT('',#5146);
#2280=VERTEX_POINT('',#5149);
#2281=VERTEX_POINT('',#5152);
#2282=VERTEX_POINT('',#5154);
#2283=VERTEX_POINT('',#5157);
#2284=VERTEX_POINT('',#5159);
#2285=VERTEX_POINT('',#5161);
#2286=VERTEX_POINT('',#5163);
#2287=VERTEX_POINT('',#5165);
#2288=VERTEX_POINT('',#5168);
#2289=VERTEX_POINT('',#5170);
#2290=VERTEX_POINT('',#5182);
#2291=VERTEX_POINT('',#5185);
#2292=VERTEX_POINT('',#5188);
#2293=VERTEX_POINT('',#5192);
#2294=VERTEX_POINT('',#5193);
#2295=VERTEX_POINT('',#5199);
#2296=VERTEX_POINT('',#5205);
#2297=VERTEX_POINT('',#5216);
#2298=VERTEX_POINT('',#5221);
#2299=VERTEX_POINT('',#5226);
#2300=VERTEX_POINT('',#5230);
#2301=VERTEX_POINT('',#5231);
#2302=VERTEX_POINT('',#5240);
#2303=VERTEX_POINT('',#5245);
#2304=VERTEX_POINT('',#5247);
#2305=VERTEX_POINT('',#5249);
#2306=VERTEX_POINT('',#5256);
#2307=VERTEX_POINT('',#5261);
#2308=VERTEX_POINT('',#5263);
#2309=VERTEX_POINT('',#5265);
#2310=VERTEX_POINT('',#5269);
#2311=VERTEX_POINT('',#5278);
#2312=VERTEX_POINT('',#5284);
#2313=VERTEX_POINT('',#5286);
#2314=VERTEX_POINT('',#5289);
#2315=VERTEX_POINT('',#5292);
#2316=VERTEX_POINT('',#5296);
#2317=VERTEX_POINT('',#5299);
#2318=VERTEX_POINT('',#5306);
#2319=VERTEX_POINT('',#5311);
#2320=VERTEX_POINT('',#5313);
#2321=VERTEX_POINT('',#5320);
#2322=VERTEX_POINT('',#5322);
#2323=VERTEX_POINT('',#5327);
#2324=VERTEX_POINT('',#5329);
#2325=VERTEX_POINT('',#5339);
#2326=VERTEX_POINT('',#5344);
#2327=VERTEX_POINT('',#5349);
#2328=VERTEX_POINT('',#5351);
#2329=VERTEX_POINT('',#5358);
#2330=VERTEX_POINT('',#5360);
#2331=VERTEX_POINT('',#5363);
#2332=VERTEX_POINT('',#5366);
#2333=VERTEX_POINT('',#5371);
#2334=VERTEX_POINT('',#5638);
#2335=VERTEX_POINT('',#5639);
#2336=VERTEX_POINT('',#5644);
#2337=VERTEX_POINT('',#5646);
#2338=VERTEX_POINT('',#5651);
#2339=VERTEX_POINT('',#5656);
#2340=VERTEX_POINT('',#5658);
#2341=VERTEX_POINT('',#5660);
#2342=VERTEX_POINT('',#5667);
#2343=VERTEX_POINT('',#5676);
#2344=VERTEX_POINT('',#5684);
#2345=VERTEX_POINT('',#5690);
#2346=VERTEX_POINT('',#5729);
#2347=VERTEX_POINT('',#5734);
#2348=VERTEX_POINT('',#5739);
#2349=VERTEX_POINT('',#5818);
#2350=VERTEX_POINT('',#5841);
#2351=VERTEX_POINT('',#5884);
#2352=VERTEX_POINT('',#5892);
#2353=VERTEX_POINT('',#5982);
#2354=VERTEX_POINT('',#5983);
#2355=VERTEX_POINT('',#5988);
#2356=VERTEX_POINT('',#5990);
#2357=VERTEX_POINT('',#5995);
#2358=VERTEX_POINT('',#6000);
#2359=VERTEX_POINT('',#6002);
#2360=VERTEX_POINT('',#6004);
#2361=VERTEX_POINT('',#6011);
#2362=VERTEX_POINT('',#6020);
#2363=VERTEX_POINT('',#6028);
#2364=VERTEX_POINT('',#6034);
#2365=VERTEX_POINT('',#6068);
#2366=VERTEX_POINT('',#6073);
#2367=VERTEX_POINT('',#6078);
#2368=VERTEX_POINT('',#6141);
#2369=VERTEX_POINT('',#6165);
#2370=VERTEX_POINT('',#6211);
#2371=VERTEX_POINT('',#6219);
#2372=VERTEX_POINT('',#6326);
#2373=VERTEX_POINT('',#6327);
#2374=VERTEX_POINT('',#6332);
#2375=VERTEX_POINT('',#6334);
#2376=VERTEX_POINT('',#6339);
#2377=VERTEX_POINT('',#6344);
#2378=VERTEX_POINT('',#6346);
#2379=VERTEX_POINT('',#6348);
#2380=VERTEX_POINT('',#6355);
#2381=VERTEX_POINT('',#6364);
#2382=VERTEX_POINT('',#6372);
#2383=VERTEX_POINT('',#6378);
#2384=VERTEX_POINT('',#6412);
#2385=VERTEX_POINT('',#6417);
#2386=VERTEX_POINT('',#6422);
#2387=VERTEX_POINT('',#6485);
#2388=VERTEX_POINT('',#6509);
#2389=VERTEX_POINT('',#6555);
#2390=VERTEX_POINT('',#6563);
#2391=VERTEX_POINT('',#6670);
#2392=VERTEX_POINT('',#6671);
#2393=VERTEX_POINT('',#6677);
#2394=VERTEX_POINT('',#6683);
#2395=VERTEX_POINT('',#6694);
#2396=VERTEX_POINT('',#6699);
#2397=VERTEX_POINT('',#6704);
#2398=VERTEX_POINT('',#6708);
#2399=VERTEX_POINT('',#6709);
#2400=VERTEX_POINT('',#6718);
#2401=VERTEX_POINT('',#6723);
#2402=VERTEX_POINT('',#6725);
#2403=VERTEX_POINT('',#6727);
#2404=VERTEX_POINT('',#6734);
#2405=VERTEX_POINT('',#6739);
#2406=VERTEX_POINT('',#6741);
#2407=VERTEX_POINT('',#6743);
#2408=VERTEX_POINT('',#6747);
#2409=VERTEX_POINT('',#6756);
#2410=B_SPLINE_CURVE_WITH_KNOTS('',3,(#4344,#4345,#4346,#4347,#4348,#4349),
 .UNSPECIFIED.,.F.,.F.,(4,1,1,4),(0.0173348195843216,0.0223477741082669,
0.0248542513702396,0.0273607286322122),.UNSPECIFIED.);
#2411=B_SPLINE_CURVE_WITH_KNOTS('',3,(#4354,#4355,#4356,#4357),
 .UNSPECIFIED.,.F.,.F.,(4,4),(4.5102810375397E-17,0.000191014904968056),
 .UNSPECIFIED.);
#2412=B_SPLINE_CURVE_WITH_KNOTS('',3,(#4359,#4360,#4361,#4362),
 .UNSPECIFIED.,.F.,.F.,(4,4),(4.46062631548352E-5,0.00566040159470277),
 .UNSPECIFIED.);
#2413=B_SPLINE_CURVE_WITH_KNOTS('',3,(#4364,#4365,#4366,#4367),
 .UNSPECIFIED.,.F.,.F.,(4,4),(0.,0.000108047364287566),.UNSPECIFIED.);
#2414=B_SPLINE_CURVE_WITH_KNOTS('',3,(#4371,#4372,#4373,#4374,#4375),
 .UNSPECIFIED.,.F.,.F.,(4,1,4),(0.,0.000633154006186321,0.00126630801237264),
 .UNSPECIFIED.);
#2415=B_SPLINE_CURVE_WITH_KNOTS('',3,(#4380,#4381,#4382,#4383),
 .UNSPECIFIED.,.F.,.F.,(4,4),(0.,0.000191014904968033),.UNSPECIFIED.);
#2416=B_SPLINE_CURVE_WITH_KNOTS('',3,(#4385,#4386,#4387,#4388),
 .UNSPECIFIED.,.F.,.F.,(4,4),(4.46062631545722E-5,0.00566040159470275),
 .UNSPECIFIED.);
#2417=B_SPLINE_CURVE_WITH_KNOTS('',3,(#4390,#4391,#4392,#4393),
 .UNSPECIFIED.,.F.,.F.,(4,4),(0.,0.00010804736428756),.UNSPECIFIED.);
#2418=B_SPLINE_CURVE_WITH_KNOTS('',3,(#4397,#4398,#4399,#4400,#4401),
 .UNSPECIFIED.,.F.,.F.,(4,1,4),(0.,0.000633154006186367,0.00126630801237273),
 .UNSPECIFIED.);
#2419=B_SPLINE_CURVE_WITH_KNOTS('',3,(#4403,#4404,#4405,#4406,#4407,#4408),
 .UNSPECIFIED.,.F.,.F.,(4,1,1,4),(0.0173348195843216,0.0223477741082668,
0.0248542513702394,0.027360728632212),.UNSPECIFIED.);
#2420=B_SPLINE_CURVE_WITH_KNOTS('',3,(#4413,#4414,#4415,#4416),
 .UNSPECIFIED.,.F.,.F.,(4,4),(0.,0.000191014904968171),.UNSPECIFIED.);
#2421=B_SPLINE_CURVE_WITH_KNOTS('',3,(#4418,#4419,#4420,#4421),
 .UNSPECIFIED.,.F.,.F.,(4,4),(4.46062631545876E-5,0.00566040159470277),
 .UNSPECIFIED.);
#2422=B_SPLINE_CURVE_WITH_KNOTS('',3,(#4423,#4424,#4425,#4426),
 .UNSPECIFIED.,.F.,.F.,(4,4),(0.,0.00010804736428751),.UNSPECIFIED.);
#2423=B_SPLINE_CURVE_WITH_KNOTS('',3,(#4430,#4431,#4432,#4433,#4434),
 .UNSPECIFIED.,.F.,.F.,(4,1,4),(1.73472347597681E-18,0.000633154006186339,
0.00126630801237268),.UNSPECIFIED.);
#2424=B_SPLINE_CURVE_WITH_KNOTS('',3,(#4436,#4437,#4438,#4439,#4440,#4441),
 .UNSPECIFIED.,.F.,.F.,(4,1,1,4),(0.0173348195843216,0.0223477741082669,
0.0248542513702396,0.0273607286322122),.UNSPECIFIED.);
#2425=B_SPLINE_CURVE_WITH_KNOTS('',3,(#4443,#4444,#4445,#4446),
 .UNSPECIFIED.,.F.,.F.,(4,4),(3.27306970834017E-17,0.000191014904968212),
 .UNSPECIFIED.);
#2426=B_SPLINE_CURVE_WITH_KNOTS('',3,(#4449,#4450,#4451,#4452),
 .UNSPECIFIED.,.F.,.F.,(4,4),(4.46062631544555E-5,0.0056604015947029),
 .UNSPECIFIED.);
#2427=B_SPLINE_CURVE_WITH_KNOTS('',3,(#4454,#4455,#4456,#4457),
 .UNSPECIFIED.,.F.,.F.,(4,4),(0.,0.000108047364287342),.UNSPECIFIED.);
#2428=B_SPLINE_CURVE_WITH_KNOTS('',3,(#4461,#4462,#4463,#4464,#4465),
 .UNSPECIFIED.,.F.,.F.,(4,1,4),(0.,0.000633154006186452,0.0012663080123729),
 .UNSPECIFIED.);
#2429=B_SPLINE_CURVE_WITH_KNOTS('',3,(#4467,#4468,#4469,#4470,#4471,#4472),
 .UNSPECIFIED.,.F.,.F.,(4,1,1,4),(0.0173348195843216,0.022347774108267,
0.0248542513702396,0.0273607286322123),.UNSPECIFIED.);
#2430=B_SPLINE_CURVE_WITH_KNOTS('',3,(#4476,#4477,#4478,#4479),
 .UNSPECIFIED.,.F.,.F.,(4,4),(4.46062631545568E-5,0.00566040159470278),
 .UNSPECIFIED.);
#2431=B_SPLINE_CURVE_WITH_KNOTS('',3,(#4482,#4483,#4484,#4485),
 .UNSPECIFIED.,.F.,.F.,(4,4),(0.,0.000108047364287439),.UNSPECIFIED.);
#2432=B_SPLINE_CURVE_WITH_KNOTS('',3,(#4489,#4490,#4491,#4492,#4493),
 .UNSPECIFIED.,.F.,.F.,(4,1,4),(2.8609792490764E-17,0.00063315400618636,
0.00126630801237269),.UNSPECIFIED.);
#2433=B_SPLINE_CURVE_WITH_KNOTS('',3,(#4495,#4496,#4497,#4498,#4499,#4500),
 .UNSPECIFIED.,.F.,.F.,(4,1,1,4),(0.0173348195843216,0.022347774108267,
0.0248542513702397,0.0273607286322124),.UNSPECIFIED.);
#2434=B_SPLINE_CURVE_WITH_KNOTS('',3,(#4504,#4505,#4506,#4507),
 .UNSPECIFIED.,.F.,.F.,(4,4),(0.,0.000191014904968276),.UNSPECIFIED.);
#2435=B_SPLINE_CURVE_WITH_KNOTS('',3,(#4512,#4513,#4514,#4515),
 .UNSPECIFIED.,.F.,.F.,(4,4),(1.93916946562596E-16,0.00197492796068695),
 .UNSPECIFIED.);
#2436=B_SPLINE_CURVE_WITH_KNOTS('',3,(#4516,#4517,#4518,#4519),
 .UNSPECIFIED.,.F.,.F.,(4,4),(0.,0.00195180144918267),.UNSPECIFIED.);
#2437=B_SPLINE_CURVE_WITH_KNOTS('',3,(#4524,#4525,#4526,#4527),
 .UNSPECIFIED.,.F.,.F.,(4,4),(1.89902707217804E-16,0.00197492796068698),
 .UNSPECIFIED.);
#2438=B_SPLINE_CURVE_WITH_KNOTS('',3,(#4528,#4529,#4530,#4531),
 .UNSPECIFIED.,.F.,.F.,(4,4),(0.,0.00195180144918263),.UNSPECIFIED.);
#2439=B_SPLINE_CURVE_WITH_KNOTS('',3,(#4533,#4534,#4535,#4536),
 .UNSPECIFIED.,.F.,.F.,(4,4),(0.,0.00195180144918262),.UNSPECIFIED.);
#2440=B_SPLINE_CURVE_WITH_KNOTS('',3,(#4540,#4541,#4542,#4543),
 .UNSPECIFIED.,.F.,.F.,(4,4),(1.87767289601887E-16,0.00197492796068697),
 .UNSPECIFIED.);
#2441=B_SPLINE_CURVE_WITH_KNOTS('',3,(#4548,#4549,#4550,#4551),
 .UNSPECIFIED.,.F.,.F.,(4,4),(2.65276600190418E-16,0.0019749279606869),
 .UNSPECIFIED.);
#2442=B_SPLINE_CURVE_WITH_KNOTS('',3,(#4552,#4553,#4554,#4555),
 .UNSPECIFIED.,.F.,.F.,(4,4),(0.,0.00195180144918263),.UNSPECIFIED.);
#2443=B_SPLINE_CURVE_WITH_KNOTS('',3,(#4557,#4558,#4559,#4560),
 .UNSPECIFIED.,.F.,.F.,(4,4),(0.,2.37249841602563E-6),.UNSPECIFIED.);
#2444=B_SPLINE_CURVE_WITH_KNOTS('',3,(#4563,#4564,#4565,#4566),
 .UNSPECIFIED.,.F.,.F.,(4,4),(4.48752807897906E-8,0.000140058941339422),
 .UNSPECIFIED.);
#2445=B_SPLINE_CURVE_WITH_KNOTS('',3,(#4568,#4569,#4570,#4571),
 .UNSPECIFIED.,.F.,.F.,(4,4),(0.000139884936160461,0.00577378121618681),
 .UNSPECIFIED.);
#2446=B_SPLINE_CURVE_WITH_KNOTS('',3,(#4580,#4581,#4582,#4583),
 .UNSPECIFIED.,.F.,.F.,(4,4),(0.,2.37249841602563E-6),.UNSPECIFIED.);
#2447=B_SPLINE_CURVE_WITH_KNOTS('',3,(#4585,#4586,#4587,#4588),
 .UNSPECIFIED.,.F.,.F.,(4,4),(4.48752807897906E-8,0.000140058941339422),
 .UNSPECIFIED.);
#2448=B_SPLINE_CURVE_WITH_KNOTS('',3,(#4590,#4591,#4592,#4593),
 .UNSPECIFIED.,.F.,.F.,(4,4),(0.000139884936160461,0.00577378121618681),
 .UNSPECIFIED.);
#2449=B_SPLINE_CURVE_WITH_KNOTS('',3,(#4599,#4600,#4601,#4602),
 .UNSPECIFIED.,.F.,.F.,(4,4),(0.,2.37249841602563E-6),.UNSPECIFIED.);
#2450=B_SPLINE_CURVE_WITH_KNOTS('',3,(#4604,#4605,#4606,#4607),
 .UNSPECIFIED.,.F.,.F.,(4,4),(4.48752807897906E-8,0.000140058941339422),
 .UNSPECIFIED.);
#2451=B_SPLINE_CURVE_WITH_KNOTS('',3,(#4609,#4610,#4611,#4612),
 .UNSPECIFIED.,.F.,.F.,(4,4),(0.000139884936160461,0.00577378121618681),
 .UNSPECIFIED.);
#2452=B_SPLINE_CURVE_WITH_KNOTS('',3,(#4618,#4619,#4620,#4621),
 .UNSPECIFIED.,.F.,.F.,(4,4),(0.,2.37249841602563E-6),.UNSPECIFIED.);
#2453=B_SPLINE_CURVE_WITH_KNOTS('',3,(#4623,#4624,#4625,#4626),
 .UNSPECIFIED.,.F.,.F.,(4,4),(4.48752807897906E-8,0.000140058941339422),
 .UNSPECIFIED.);
#2454=B_SPLINE_CURVE_WITH_KNOTS('',3,(#4628,#4629,#4630,#4631),
 .UNSPECIFIED.,.F.,.F.,(4,4),(0.000139884936160461,0.00577378121618681),
 .UNSPECIFIED.);
#2455=B_SPLINE_CURVE_WITH_KNOTS('',3,(#4637,#4638,#4639,#4640),
 .UNSPECIFIED.,.F.,.F.,(4,4),(0.,2.37249841602563E-6),.UNSPECIFIED.);
#2456=B_SPLINE_CURVE_WITH_KNOTS('',3,(#4642,#4643,#4644,#4645),
 .UNSPECIFIED.,.F.,.F.,(4,4),(4.48752807897906E-8,0.000140058941339422),
 .UNSPECIFIED.);
#2457=B_SPLINE_CURVE_WITH_KNOTS('',3,(#4647,#4648,#4649,#4650),
 .UNSPECIFIED.,.F.,.F.,(4,4),(0.000139884936160461,0.00577378121618681),
 .UNSPECIFIED.);
#2458=B_SPLINE_CURVE_WITH_KNOTS('',3,(#4737,#4738,#4739,#4740),
 .UNSPECIFIED.,.F.,.F.,(4,4),(0.000595045774415679,0.00199657779570843),
 .UNSPECIFIED.);
#2459=B_SPLINE_CURVE_WITH_KNOTS('',3,(#4742,#4743,#4744,#4745),
 .UNSPECIFIED.,.F.,.F.,(4,4),(0.,0.000395189500407689),.UNSPECIFIED.);
#2460=B_SPLINE_CURVE_WITH_KNOTS('',3,(#4749,#4750,#4751,#4752),
 .UNSPECIFIED.,.F.,.F.,(4,4),(0.,0.00112956661798356),.UNSPECIFIED.);
#2461=B_SPLINE_CURVE_WITH_KNOTS('',3,(#4757,#4758,#4759,#4760),
 .UNSPECIFIED.,.F.,.F.,(4,4),(0.000595045774415866,0.00199657779570854),
 .UNSPECIFIED.);
#2462=B_SPLINE_CURVE_WITH_KNOTS('',3,(#4762,#4763,#4764,#4765),
 .UNSPECIFIED.,.F.,.F.,(4,4),(0.,0.000395189500407839),.UNSPECIFIED.);
#2463=B_SPLINE_CURVE_WITH_KNOTS('',3,(#4769,#4770,#4771,#4772),
 .UNSPECIFIED.,.F.,.F.,(4,4),(0.,0.00112956661798346),.UNSPECIFIED.);
#2464=B_SPLINE_CURVE_WITH_KNOTS('',3,(#4774,#4775,#4776,#4777),
 .UNSPECIFIED.,.F.,.F.,(4,4),(0.000595045774389808,0.00199657779570848),
 .UNSPECIFIED.);
#2465=B_SPLINE_CURVE_WITH_KNOTS('',3,(#4780,#4781,#4782,#4783),
 .UNSPECIFIED.,.F.,.F.,(4,4),(0.,0.000395189500407664),.UNSPECIFIED.);
#2466=B_SPLINE_CURVE_WITH_KNOTS('',3,(#4787,#4788,#4789,#4790),
 .UNSPECIFIED.,.F.,.F.,(4,4),(1.4304896245382E-17,0.00112956661798338),
 .UNSPECIFIED.);
#2467=B_SPLINE_CURVE_WITH_KNOTS('',3,(#4797,#4798,#4799,#4800),
 .UNSPECIFIED.,.F.,.F.,(4,4),(0.000595045774415638,0.00199657779570856),
 .UNSPECIFIED.);
#2468=B_SPLINE_CURVE_WITH_KNOTS('',3,(#4802,#4803,#4804,#4805),
 .UNSPECIFIED.,.F.,.F.,(4,4),(0.,0.000395189500407664),.UNSPECIFIED.);
#2469=B_SPLINE_CURVE_WITH_KNOTS('',3,(#4809,#4810,#4811,#4812),
 .UNSPECIFIED.,.F.,.F.,(4,4),(1.63653485417008E-17,0.00112956661798344),
 .UNSPECIFIED.);
#2470=B_SPLINE_CURVE_WITH_KNOTS('',3,(#4818,#4819,#4820,#4821),
 .UNSPECIFIED.,.F.,.F.,(4,4),(0.,8.36629279339132E-5),.UNSPECIFIED.);
#2471=B_SPLINE_CURVE_WITH_KNOTS('',3,(#4825,#4826,#4827,#4828),
 .UNSPECIFIED.,.F.,.F.,(4,4),(0.,0.000247962051346428),.UNSPECIFIED.);
#2472=B_SPLINE_CURVE_WITH_KNOTS('',3,(#4830,#4831,#4832,#4833),
 .UNSPECIFIED.,.F.,.F.,(4,4),(0.,0.000247962051346527),.UNSPECIFIED.);
#2473=B_SPLINE_CURVE_WITH_KNOTS('',3,(#4839,#4840,#4841,#4842),
 .UNSPECIFIED.,.F.,.F.,(4,4),(0.,8.3938366120631E-5),.UNSPECIFIED.);
#2474=B_SPLINE_CURVE_WITH_KNOTS('',3,(#4846,#4847,#4848,#4849),
 .UNSPECIFIED.,.F.,.F.,(4,4),(0.,8.30341479066571E-5),.UNSPECIFIED.);
#2475=B_SPLINE_CURVE_WITH_KNOTS('',3,(#4854,#4855,#4856,#4857),
 .UNSPECIFIED.,.F.,.F.,(4,4),(0.,0.000247962051346479),.UNSPECIFIED.);
#2476=B_SPLINE_CURVE_WITH_KNOTS('',3,(#4866,#4867,#4868,#4869),
 .UNSPECIFIED.,.F.,.F.,(4,4),(0.,8.34367120195688E-5),.UNSPECIFIED.);
#2477=B_SPLINE_CURVE_WITH_KNOTS('',3,(#4873,#4874,#4875,#4876),
 .UNSPECIFIED.,.F.,.F.,(4,4),(0.,0.000247962051346614),.UNSPECIFIED.);
#2478=B_SPLINE_CURVE_WITH_KNOTS('',3,(#4878,#4879,#4880,#4881),
 .UNSPECIFIED.,.F.,.F.,(4,4),(0.,0.000267331696925392),.UNSPECIFIED.);
#2479=B_SPLINE_CURVE_WITH_KNOTS('',3,(#4883,#4884,#4885,#4886),
 .UNSPECIFIED.,.F.,.F.,(4,4),(0.000525217948931276,0.00203786646018474),
 .UNSPECIFIED.);
#2480=B_SPLINE_CURVE_WITH_KNOTS('',3,(#4888,#4889,#4890,#4891),
 .UNSPECIFIED.,.F.,.F.,(4,4),(0.,0.000292656182816363),.UNSPECIFIED.);
#2481=B_SPLINE_CURVE_WITH_KNOTS('',3,(#4895,#4896,#4897,#4898),
 .UNSPECIFIED.,.F.,.F.,(4,4),(0.,0.00131350545968179),.UNSPECIFIED.);
#2482=B_SPLINE_CURVE_WITH_KNOTS('',3,(#4900,#4901,#4902,#4903),
 .UNSPECIFIED.,.F.,.F.,(4,4),(0.,0.000267331696925392),.UNSPECIFIED.);
#2483=B_SPLINE_CURVE_WITH_KNOTS('',3,(#4905,#4906,#4907,#4908),
 .UNSPECIFIED.,.F.,.F.,(4,4),(0.000525217948931286,0.00203786646018473),
 .UNSPECIFIED.);
#2484=B_SPLINE_CURVE_WITH_KNOTS('',3,(#4910,#4911,#4912,#4913),
 .UNSPECIFIED.,.F.,.F.,(4,4),(3.46944695195361E-17,0.000292656182816332),
 .UNSPECIFIED.);
#2485=B_SPLINE_CURVE_WITH_KNOTS('',3,(#4917,#4918,#4919,#4920),
 .UNSPECIFIED.,.F.,.F.,(4,4),(0.,0.00131350545968179),.UNSPECIFIED.);
#2486=B_SPLINE_CURVE_WITH_KNOTS('',3,(#4922,#4923,#4924,#4925),
 .UNSPECIFIED.,.F.,.F.,(4,4),(0.000525217948931278,0.00203786646018474),
 .UNSPECIFIED.);
#2487=B_SPLINE_CURVE_WITH_KNOTS('',3,(#4928,#4929,#4930,#4931),
 .UNSPECIFIED.,.F.,.F.,(4,4),(0.,0.000292656182816268),.UNSPECIFIED.);
#2488=B_SPLINE_CURVE_WITH_KNOTS('',3,(#4935,#4936,#4937,#4938),
 .UNSPECIFIED.,.F.,.F.,(4,4),(0.,0.00131350545968179),.UNSPECIFIED.);
#2489=B_SPLINE_CURVE_WITH_KNOTS('',3,(#4939,#4940,#4941,#4942),
 .UNSPECIFIED.,.F.,.F.,(4,4),(0.,0.000267331696925392),.UNSPECIFIED.);
#2490=B_SPLINE_CURVE_WITH_KNOTS('',3,(#4944,#4945,#4946,#4947),
 .UNSPECIFIED.,.F.,.F.,(4,4),(0.,0.000267331696925392),.UNSPECIFIED.);
#2491=B_SPLINE_CURVE_WITH_KNOTS('',3,(#4949,#4950,#4951,#4952),
 .UNSPECIFIED.,.F.,.F.,(4,4),(0.00052521794893127,0.00203786646018476),
 .UNSPECIFIED.);
#2492=B_SPLINE_CURVE_WITH_KNOTS('',3,(#4954,#4955,#4956,#4957),
 .UNSPECIFIED.,.F.,.F.,(4,4),(0.,0.000292656182816137),.UNSPECIFIED.);
#2493=B_SPLINE_CURVE_WITH_KNOTS('',3,(#4961,#4962,#4963,#4964),
 .UNSPECIFIED.,.F.,.F.,(4,4),(0.,0.00131350545968179),.UNSPECIFIED.);
#2494=B_SPLINE_CURVE_WITH_KNOTS('',3,(#4972,#4973,#4974,#4975),
 .UNSPECIFIED.,.F.,.F.,(4,4),(5.17261846190106E-16,4.52961099254506E-5),
 .UNSPECIFIED.);
#2495=B_SPLINE_CURVE_WITH_KNOTS('',3,(#4983,#4984,#4985,#4986),
 .UNSPECIFIED.,.F.,.F.,(4,4),(0.,4.52961099259541E-5),.UNSPECIFIED.);
#2496=B_SPLINE_CURVE_WITH_KNOTS('',3,(#4993,#4994,#4995,#4996),
 .UNSPECIFIED.,.F.,.F.,(4,4),(7.97972798949331E-17,4.529610992568E-5),
 .UNSPECIFIED.);
#2497=B_SPLINE_CURVE_WITH_KNOTS('',3,(#5005,#5006,#5007,#5008),
 .UNSPECIFIED.,.F.,.F.,(4,4),(5.90114579836031E-16,4.52961099257875E-5),
 .UNSPECIFIED.);
#2498=B_SPLINE_CURVE_WITH_KNOTS('',3,(#5028,#5029,#5030,#5031),
 .UNSPECIFIED.,.F.,.F.,(4,4),(0.,0.0010140903516917),.UNSPECIFIED.);
#2499=B_SPLINE_CURVE_WITH_KNOTS('',3,(#5033,#5034,#5035,#5036,#5037),
 .UNSPECIFIED.,.F.,.F.,(4,1,4),(0.,0.00082066054843044,0.00164132109686088),
 .UNSPECIFIED.);
#2500=B_SPLINE_CURVE_WITH_KNOTS('',3,(#5048,#5049,#5050,#5051,#5052),
 .UNSPECIFIED.,.F.,.F.,(4,1,4),(0.,0.000820660548430591,0.00164132109686118),
 .UNSPECIFIED.);
#2501=B_SPLINE_CURVE_WITH_KNOTS('',3,(#5064,#5065,#5066,#5067),
 .UNSPECIFIED.,.F.,.F.,(4,4),(0.,0.00101409035169156),.UNSPECIFIED.);
#2502=B_SPLINE_CURVE_WITH_KNOTS('',3,(#5068,#5069,#5070,#5071,#5072),
 .UNSPECIFIED.,.F.,.F.,(4,1,4),(0.,0.000820660548430283,0.00164132109686057),
 .UNSPECIFIED.);
#2503=B_SPLINE_CURVE_WITH_KNOTS('',3,(#5081,#5082,#5083,#5084),
 .UNSPECIFIED.,.F.,.F.,(4,4),(0.,0.00101409035169156),.UNSPECIFIED.);
#2504=B_SPLINE_CURVE_WITH_KNOTS('',3,(#5085,#5086,#5087,#5088,#5089),
 .UNSPECIFIED.,.F.,.F.,(4,1,4),(0.,0.000820660548430354,0.00164132109686071),
 .UNSPECIFIED.);
#2505=B_SPLINE_CURVE_WITH_KNOTS('',3,(#5098,#5099,#5100,#5101),
 .UNSPECIFIED.,.F.,.F.,(4,4),(0.,0.00101409035169163),.UNSPECIFIED.);
#2506=B_SPLINE_CURVE_WITH_KNOTS('',3,(#5102,#5103,#5104,#5105,#5106),
 .UNSPECIFIED.,.F.,.F.,(4,1,4),(0.,0.000820660548430346,0.00164132109686069),
 .UNSPECIFIED.);
#2507=B_SPLINE_CURVE_WITH_KNOTS('',3,(#5115,#5116,#5117,#5118),
 .UNSPECIFIED.,.F.,.F.,(4,4),(0.,0.00101409035169152),.UNSPECIFIED.);
#2508=B_SPLINE_CURVE_WITH_KNOTS('',3,(#5172,#5173,#5174,#5175),
 .UNSPECIFIED.,.F.,.F.,(4,4),(1.89267791675189E-16,0.00197492796068697),
 .UNSPECIFIED.);
#2509=B_SPLINE_CURVE_WITH_KNOTS('',3,(#5176,#5177,#5178,#5179),
 .UNSPECIFIED.,.F.,.F.,(4,4),(0.,0.00195180144918265),.UNSPECIFIED.);
#2510=B_SPLINE_CURVE_WITH_KNOTS('',3,(#5194,#5195,#5196,#5197,#5198),
 .UNSPECIFIED.,.F.,.F.,(4,1,4),(0.,0.000436717998862416,0.000873435997724831),
 .UNSPECIFIED.);
#2511=B_SPLINE_CURVE_WITH_KNOTS('',3,(#5201,#5202,#5203,#5204),
 .UNSPECIFIED.,.F.,.F.,(4,4),(0.,0.00236189505740401),.UNSPECIFIED.);
#2512=B_SPLINE_CURVE_WITH_KNOTS('',3,(#5206,#5207,#5208,#5209),
 .UNSPECIFIED.,.F.,.F.,(4,4),(0.,0.00501637469099771),.UNSPECIFIED.);
#2513=B_SPLINE_CURVE_WITH_KNOTS('',3,(#5211,#5212,#5213,#5214),
 .UNSPECIFIED.,.F.,.F.,(4,4),(6.58281275358131E-17,0.00144157497310462),
 .UNSPECIFIED.);
#2514=B_SPLINE_CURVE_WITH_KNOTS('',3,(#5217,#5218,#5219,#5220),
 .UNSPECIFIED.,.F.,.F.,(4,4),(0.,0.00142403010966957),.UNSPECIFIED.);
#2515=B_SPLINE_CURVE_WITH_KNOTS('',3,(#5222,#5223,#5224,#5225),
 .UNSPECIFIED.,.F.,.F.,(4,4),(0.,7.42787560536982E-5),.UNSPECIFIED.);
#2516=B_SPLINE_CURVE_WITH_KNOTS('',3,(#5232,#5233,#5234,#5235),
 .UNSPECIFIED.,.F.,.F.,(4,4),(0.,0.000263346005179069),.UNSPECIFIED.);
#2517=B_SPLINE_CURVE_WITH_KNOTS('',3,(#5236,#5237,#5238,#5239),
 .UNSPECIFIED.,.F.,.F.,(4,4),(0.,0.000463179619873392),.UNSPECIFIED.);
#2518=B_SPLINE_CURVE_WITH_KNOTS('',3,(#5241,#5242,#5243,#5244),
 .UNSPECIFIED.,.F.,.F.,(4,4),(0.000150017573478952,0.00577457868816258),
 .UNSPECIFIED.);
#2519=B_SPLINE_CURVE_WITH_KNOTS('',3,(#5250,#5251,#5252,#5253),
 .UNSPECIFIED.,.F.,.F.,(4,4),(0.,0.00165139046300746),.UNSPECIFIED.);
#2520=B_SPLINE_CURVE_WITH_KNOTS('',3,(#5257,#5258,#5259,#5260),
 .UNSPECIFIED.,.F.,.F.,(4,4),(0.,0.00188330177122652),.UNSPECIFIED.);
#2521=B_SPLINE_CURVE_WITH_KNOTS('',3,(#5270,#5271,#5272,#5273),
 .UNSPECIFIED.,.F.,.F.,(4,4),(0.,1.70710358155521E-6),.UNSPECIFIED.);
#2522=B_SPLINE_CURVE_WITH_KNOTS('',3,(#5274,#5275,#5276,#5277),
 .UNSPECIFIED.,.F.,.F.,(4,4),(0.,3.51616683812208E-5),.UNSPECIFIED.);
#2523=B_SPLINE_CURVE_WITH_KNOTS('',3,(#5302,#5303,#5304,#5305),
 .UNSPECIFIED.,.F.,.F.,(4,4),(0.000595045774415717,0.00199657779570855),
 .UNSPECIFIED.);
#2524=B_SPLINE_CURVE_WITH_KNOTS('',3,(#5307,#5308,#5309,#5310),
 .UNSPECIFIED.,.F.,.F.,(4,4),(0.,0.000395189500407697),.UNSPECIFIED.);
#2525=B_SPLINE_CURVE_WITH_KNOTS('',3,(#5314,#5315,#5316,#5317),
 .UNSPECIFIED.,.F.,.F.,(4,4),(3.46944695195361E-18,0.00112956661798357),
 .UNSPECIFIED.);
#2526=B_SPLINE_CURVE_WITH_KNOTS('',3,(#5323,#5324,#5325,#5326),
 .UNSPECIFIED.,.F.,.F.,(4,4),(0.,8.32256982953582E-5),.UNSPECIFIED.);
#2527=B_SPLINE_CURVE_WITH_KNOTS('',3,(#5330,#5331,#5332,#5333),
 .UNSPECIFIED.,.F.,.F.,(4,4),(0.,0.000247962051346369),.UNSPECIFIED.);
#2528=B_SPLINE_CURVE_WITH_KNOTS('',3,(#5335,#5336,#5337,#5338),
 .UNSPECIFIED.,.F.,.F.,(4,4),(0.,0.000267331696925392),.UNSPECIFIED.);
#2529=B_SPLINE_CURVE_WITH_KNOTS('',3,(#5340,#5341,#5342,#5343),
 .UNSPECIFIED.,.F.,.F.,(4,4),(0.000525217948931296,0.00203786646018474),
 .UNSPECIFIED.);
#2530=B_SPLINE_CURVE_WITH_KNOTS('',3,(#5345,#5346,#5347,#5348),
 .UNSPECIFIED.,.F.,.F.,(4,4),(4.85722573273506E-17,0.000292656182816359),
 .UNSPECIFIED.);
#2531=B_SPLINE_CURVE_WITH_KNOTS('',3,(#5352,#5353,#5354,#5355),
 .UNSPECIFIED.,.F.,.F.,(4,4),(0.,0.00131350545968179),.UNSPECIFIED.);
#2532=B_SPLINE_CURVE_WITH_KNOTS('',3,(#5372,#5373,#5374,#5375),
 .UNSPECIFIED.,.F.,.F.,(4,4),(8.54252242016652E-17,4.52961099256318E-5),
 .UNSPECIFIED.);
#2533=B_SPLINE_CURVE_WITH_KNOTS('',3,(#5390,#5391,#5392,#5393,#5394),
 .UNSPECIFIED.,.F.,.F.,(4,1,4),(0.,0.00132600342914205,0.0026520068582841),
 .UNSPECIFIED.);
#2534=B_SPLINE_CURVE_WITH_KNOTS('',3,(#5421,#5422,#5423,#5424,#5425),
 .UNSPECIFIED.,.F.,.F.,(4,1,4),(0.,0.00123723258745111,0.00247446517490222),
 .UNSPECIFIED.);
#2535=B_SPLINE_CURVE_WITH_KNOTS('',3,(#5438,#5439,#5440,#5441,#5442,#5443,
#5444),.UNSPECIFIED.,.F.,.F.,(4,1,1,1,4),(0.,0.000650722459716441,0.00130144491943288,
0.00195216737914932,0.00260288983886576),.UNSPECIFIED.);
#2536=B_SPLINE_CURVE_WITH_KNOTS('',3,(#5457,#5458,#5459,#5460,#5461,#5462),
 .UNSPECIFIED.,.F.,.F.,(4,1,1,4),(0.,0.000637135865441305,0.00127427173088261,
0.00254854346176522),.UNSPECIFIED.);
#2537=B_SPLINE_CURVE_WITH_KNOTS('',3,(#5465,#5466,#5467,#5468,#5469),
 .UNSPECIFIED.,.F.,.F.,(4,1,4),(0.,0.000908303767481702,0.0018166075349634),
 .UNSPECIFIED.);
#2538=B_SPLINE_CURVE_WITH_KNOTS('',3,(#5506,#5507,#5508,#5509,#5510,#5511,
#5512,#5513,#5514),.UNSPECIFIED.,.F.,.F.,(4,1,1,1,1,1,4),(0.,0.25,0.375,
0.5,0.625,0.75,1.),.UNSPECIFIED.);
#2539=B_SPLINE_CURVE_WITH_KNOTS('',3,(#5527,#5528,#5529,#5530,#5531,#5532),
 .UNSPECIFIED.,.F.,.F.,(4,1,1,4),(3.3438341815023E-16,0.000423132099768878,
0.000846264199537421,0.00169252839907451),.UNSPECIFIED.);
#2540=B_SPLINE_CURVE_WITH_KNOTS('',3,(#5545,#5546,#5547,#5548,#5549),
 .UNSPECIFIED.,.F.,.F.,(4,1,4),(0.,0.000780153371178199,0.0015603067423564),
 .UNSPECIFIED.);
#2541=B_SPLINE_CURVE_WITH_KNOTS('',3,(#5563,#5564,#5565,#5566,#5567),
 .UNSPECIFIED.,.F.,.F.,(4,1,4),(0.,0.000711601962885627,0.00142320392577125),
 .UNSPECIFIED.);
#2542=B_SPLINE_CURVE_WITH_KNOTS('',3,(#5569,#5570,#5571,#5572),
 .UNSPECIFIED.,.F.,.F.,(4,4),(0.,0.00144860192846822),.UNSPECIFIED.);
#2543=B_SPLINE_CURVE_WITH_KNOTS('',3,(#5599,#5600,#5601,#5602),
 .UNSPECIFIED.,.F.,.F.,(4,4),(0.,0.00146249056522438),.UNSPECIFIED.);
#2544=B_SPLINE_CURVE_WITH_KNOTS('',3,(#5615,#5616,#5617,#5618),
 .UNSPECIFIED.,.F.,.F.,(4,4),(0.,0.00145547364861922),.UNSPECIFIED.);
#2545=B_SPLINE_CURVE_WITH_KNOTS('',3,(#5640,#5641,#5642,#5643),
 .UNSPECIFIED.,.F.,.F.,(4,4),(0.,0.000263346005179027),.UNSPECIFIED.);
#2546=B_SPLINE_CURVE_WITH_KNOTS('',3,(#5647,#5648,#5649,#5650),
 .UNSPECIFIED.,.F.,.F.,(4,4),(0.,0.000463179619873348),.UNSPECIFIED.);
#2547=B_SPLINE_CURVE_WITH_KNOTS('',3,(#5652,#5653,#5654,#5655),
 .UNSPECIFIED.,.F.,.F.,(4,4),(0.000150017573478952,0.00577457868816258),
 .UNSPECIFIED.);
#2548=B_SPLINE_CURVE_WITH_KNOTS('',3,(#5661,#5662,#5663,#5664),
 .UNSPECIFIED.,.F.,.F.,(4,4),(0.,0.00165139046300738),.UNSPECIFIED.);
#2549=B_SPLINE_CURVE_WITH_KNOTS('',3,(#5668,#5669,#5670,#5671),
 .UNSPECIFIED.,.F.,.F.,(4,4),(0.,1.70710358166125E-6),.UNSPECIFIED.);
#2550=B_SPLINE_CURVE_WITH_KNOTS('',3,(#5672,#5673,#5674,#5675),
 .UNSPECIFIED.,.F.,.F.,(4,4),(0.,3.51616683812208E-5),.UNSPECIFIED.);
#2551=B_SPLINE_CURVE_WITH_KNOTS('',3,(#5679,#5680,#5681,#5682,#5683),
 .UNSPECIFIED.,.F.,.F.,(4,1,4),(0.,0.000436717998862404,0.000873435997724809),
 .UNSPECIFIED.);
#2552=B_SPLINE_CURVE_WITH_KNOTS('',3,(#5686,#5687,#5688,#5689),
 .UNSPECIFIED.,.F.,.F.,(4,4),(0.,0.002361895057404),.UNSPECIFIED.);
#2553=B_SPLINE_CURVE_WITH_KNOTS('',3,(#5691,#5692,#5693,#5694),
 .UNSPECIFIED.,.F.,.F.,(4,4),(0.,0.00501637469099775),.UNSPECIFIED.);
#2554=B_SPLINE_CURVE_WITH_KNOTS('',3,(#5707,#5708,#5709,#5710,#5711),
 .UNSPECIFIED.,.F.,.F.,(4,1,4),(0.,0.5,1.),.UNSPECIFIED.);
#2555=B_SPLINE_CURVE_WITH_KNOTS('',3,(#5712,#5713,#5714,#5715,#5716,#5717),
 .UNSPECIFIED.,.F.,.F.,(4,1,1,4),(4.98454611662994E-16,0.000423132099768778,
0.000846264199537058,0.00169252839907362),.UNSPECIFIED.);
#2556=B_SPLINE_CURVE_WITH_KNOTS('',3,(#5719,#5720,#5721,#5722),
 .UNSPECIFIED.,.F.,.F.,(4,4),(0.,0.00144860192846819),.UNSPECIFIED.);
#2557=B_SPLINE_CURVE_WITH_KNOTS('',3,(#5724,#5725,#5726,#5727),
 .UNSPECIFIED.,.F.,.F.,(4,4),(9.66476085078058E-17,0.00144157497310462),
 .UNSPECIFIED.);
#2558=B_SPLINE_CURVE_WITH_KNOTS('',3,(#5730,#5731,#5732,#5733),
 .UNSPECIFIED.,.F.,.F.,(4,4),(0.,0.00142403010966951),.UNSPECIFIED.);
#2559=B_SPLINE_CURVE_WITH_KNOTS('',3,(#5735,#5736,#5737,#5738),
 .UNSPECIFIED.,.F.,.F.,(4,4),(0.,7.42787560537599E-5),.UNSPECIFIED.);
#2560=B_SPLINE_CURVE_WITH_KNOTS('',3,(#5753,#5754,#5755,#5756),
 .UNSPECIFIED.,.F.,.F.,(4,4),(0.,0.00145547364861922),.UNSPECIFIED.);
#2561=B_SPLINE_CURVE_WITH_KNOTS('',3,(#5757,#5758,#5759,#5760,#5761),
 .UNSPECIFIED.,.F.,.F.,(4,1,4),(0.,0.000711601962885652,0.0014232039257713),
 .UNSPECIFIED.);
#2562=B_SPLINE_CURVE_WITH_KNOTS('',3,(#5764,#5765,#5766,#5767,#5768,#5769),
 .UNSPECIFIED.,.F.,.F.,(4,1,1,4),(8.67361737988404E-19,0.000637135865441337,
0.00127427173088267,0.00254854346176534),.UNSPECIFIED.);
#2563=B_SPLINE_CURVE_WITH_KNOTS('',3,(#5782,#5783,#5784,#5785,#5786,#5787,
#5788),.UNSPECIFIED.,.F.,.F.,(4,1,1,1,4),(0.,0.000650722459716475,0.00130144491943295,
0.00195216737914942,0.0026028898388659),.UNSPECIFIED.);
#2564=B_SPLINE_CURVE_WITH_KNOTS('',3,(#5801,#5802,#5803,#5804),
 .UNSPECIFIED.,.F.,.F.,(4,4),(0.,0.00146249056522444),.UNSPECIFIED.);
#2565=B_SPLINE_CURVE_WITH_KNOTS('',3,(#5819,#5820,#5821,#5822,#5823),
 .UNSPECIFIED.,.F.,.F.,(4,1,4),(0.,0.00123723258745118,0.00247446517490235),
 .UNSPECIFIED.);
#2566=B_SPLINE_CURVE_WITH_KNOTS('',3,(#5855,#5856,#5857,#5858),
 .UNSPECIFIED.,.F.,.F.,(4,4),(0.,0.00188330177122677),.UNSPECIFIED.);
#2567=B_SPLINE_CURVE_WITH_KNOTS('',3,(#5885,#5886,#5887,#5888,#5889),
 .UNSPECIFIED.,.F.,.F.,(4,1,4),(0.,0.00132600342914196,0.00265200685828391),
 .UNSPECIFIED.);
#2568=B_SPLINE_CURVE_WITH_KNOTS('',3,(#5895,#5896,#5897,#5898,#5899),
 .UNSPECIFIED.,.F.,.F.,(4,1,4),(0.,0.000908303767481702,0.0018166075349634),
 .UNSPECIFIED.);
#2569=B_SPLINE_CURVE_WITH_KNOTS('',3,(#5951,#5952,#5953,#5954,#5955),
 .UNSPECIFIED.,.F.,.F.,(4,1,4),(0.,0.00078015337117833,0.00156030674235666),
 .UNSPECIFIED.);
#2570=B_SPLINE_CURVE_WITH_KNOTS('',3,(#5984,#5985,#5986,#5987),
 .UNSPECIFIED.,.F.,.F.,(4,4),(0.,0.000263346005179222),.UNSPECIFIED.);
#2571=B_SPLINE_CURVE_WITH_KNOTS('',3,(#5991,#5992,#5993,#5994),
 .UNSPECIFIED.,.F.,.F.,(4,4),(0.,0.000463179619873622),.UNSPECIFIED.);
#2572=B_SPLINE_CURVE_WITH_KNOTS('',3,(#5996,#5997,#5998,#5999),
 .UNSPECIFIED.,.F.,.F.,(4,4),(0.000150017573478952,0.00577457868816258),
 .UNSPECIFIED.);
#2573=B_SPLINE_CURVE_WITH_KNOTS('',3,(#6005,#6006,#6007,#6008),
 .UNSPECIFIED.,.F.,.F.,(4,4),(0.,0.00165139046300761),.UNSPECIFIED.);
#2574=B_SPLINE_CURVE_WITH_KNOTS('',3,(#6012,#6013,#6014,#6015),
 .UNSPECIFIED.,.F.,.F.,(4,4),(0.,1.70710358163974E-6),.UNSPECIFIED.);
#2575=B_SPLINE_CURVE_WITH_KNOTS('',3,(#6016,#6017,#6018,#6019),
 .UNSPECIFIED.,.F.,.F.,(4,4),(0.,3.51616683812208E-5),.UNSPECIFIED.);
#2576=B_SPLINE_CURVE_WITH_KNOTS('',3,(#6023,#6024,#6025,#6026,#6027),
 .UNSPECIFIED.,.F.,.F.,(4,1,4),(0.,0.000436717998862368,0.000873435997724736),
 .UNSPECIFIED.);
#2577=B_SPLINE_CURVE_WITH_KNOTS('',3,(#6030,#6031,#6032,#6033),
 .UNSPECIFIED.,.F.,.F.,(4,4),(0.,0.00236189505740405),.UNSPECIFIED.);
#2578=B_SPLINE_CURVE_WITH_KNOTS('',3,(#6035,#6036,#6037,#6038),
 .UNSPECIFIED.,.F.,.F.,(4,4),(0.,0.00501637469099747),.UNSPECIFIED.);
#2579=B_SPLINE_CURVE_WITH_KNOTS('',3,(#6051,#6052,#6053,#6054,#6055),
 .UNSPECIFIED.,.F.,.F.,(4,1,4),(0.,0.5,1.),.UNSPECIFIED.);
#2580=B_SPLINE_CURVE_WITH_KNOTS('',3,(#6056,#6057,#6058,#6059,#6060,#6061),
 .UNSPECIFIED.,.F.,.F.,(4,1,1,4),(5.00563168605901E-16,0.000423132099768891,
0.000846264199537281,0.00169252839907406),.UNSPECIFIED.);
#2581=B_SPLINE_CURVE_WITH_KNOTS('',3,(#6063,#6064,#6065,#6066),
 .UNSPECIFIED.,.F.,.F.,(4,4),(1.14911518923061E-16,0.00144157497310468),
 .UNSPECIFIED.);
#2582=B_SPLINE_CURVE_WITH_KNOTS('',3,(#6069,#6070,#6071,#6072),
 .UNSPECIFIED.,.F.,.F.,(4,4),(0.,0.00142403010966948),.UNSPECIFIED.);
#2583=B_SPLINE_CURVE_WITH_KNOTS('',3,(#6074,#6075,#6076,#6077),
 .UNSPECIFIED.,.F.,.F.,(4,4),(0.,7.42787560538412E-5),.UNSPECIFIED.);
#2584=B_SPLINE_CURVE_WITH_KNOTS('',3,(#6081,#6082,#6083,#6084,#6085,#6086),
 .UNSPECIFIED.,.F.,.F.,(4,1,1,4),(5.38603005815348E-17,0.000637135865441524,
0.00127427173088299,0.00254854346176594),.UNSPECIFIED.);
#2585=B_SPLINE_CURVE_WITH_KNOTS('',3,(#6099,#6100,#6101,#6102),
 .UNSPECIFIED.,.F.,.F.,(4,4),(0.,0.00145547364861922),.UNSPECIFIED.);
#2586=B_SPLINE_CURVE_WITH_KNOTS('',3,(#6103,#6104,#6105,#6106,#6107),
 .UNSPECIFIED.,.F.,.F.,(4,1,4),(0.,0.00071160196288547,0.00142320392577094),
 .UNSPECIFIED.);
#2587=B_SPLINE_CURVE_WITH_KNOTS('',3,(#6121,#6122,#6123,#6124,#6125,#6126,
#6127),.UNSPECIFIED.,.F.,.F.,(4,1,1,1,4),(0.,0.000650722459716497,0.00130144491943299,
0.00195216737914949,0.00260288983886599),.UNSPECIFIED.);
#2588=B_SPLINE_CURVE_WITH_KNOTS('',3,(#6142,#6143,#6144,#6145,#6146),
 .UNSPECIFIED.,.F.,.F.,(4,1,4),(0.,0.0012372325874512,0.00247446517490239),
 .UNSPECIFIED.);
#2589=B_SPLINE_CURVE_WITH_KNOTS('',3,(#6159,#6160,#6161,#6162),
 .UNSPECIFIED.,.F.,.F.,(4,4),(0.,0.00146249056522446),.UNSPECIFIED.);
#2590=B_SPLINE_CURVE_WITH_KNOTS('',3,(#6179,#6180,#6181,#6182),
 .UNSPECIFIED.,.F.,.F.,(4,4),(0.,0.00188330177122642),.UNSPECIFIED.);
#2591=B_SPLINE_CURVE_WITH_KNOTS('',3,(#6212,#6213,#6214,#6215,#6216),
 .UNSPECIFIED.,.F.,.F.,(4,1,4),(0.,0.00132600342914199,0.00265200685828398),
 .UNSPECIFIED.);
#2592=B_SPLINE_CURVE_WITH_KNOTS('',3,(#6222,#6223,#6224,#6225),
 .UNSPECIFIED.,.F.,.F.,(4,4),(0.,0.00144860192846812),.UNSPECIFIED.);
#2593=B_SPLINE_CURVE_WITH_KNOTS('',3,(#6241,#6242,#6243,#6244,#6245),
 .UNSPECIFIED.,.F.,.F.,(4,1,4),(0.,0.000908303767481702,0.0018166075349634),
 .UNSPECIFIED.);
#2594=B_SPLINE_CURVE_WITH_KNOTS('',3,(#6307,#6308,#6309,#6310,#6311),
 .UNSPECIFIED.,.F.,.F.,(4,1,4),(0.,0.000780153371178233,0.00156030674235647),
 .UNSPECIFIED.);
#2595=B_SPLINE_CURVE_WITH_KNOTS('',3,(#6328,#6329,#6330,#6331),
 .UNSPECIFIED.,.F.,.F.,(4,4),(0.,0.000263346005179292),.UNSPECIFIED.);
#2596=B_SPLINE_CURVE_WITH_KNOTS('',3,(#6335,#6336,#6337,#6338),
 .UNSPECIFIED.,.F.,.F.,(4,4),(0.,0.000463179619873336),.UNSPECIFIED.);
#2597=B_SPLINE_CURVE_WITH_KNOTS('',3,(#6340,#6341,#6342,#6343),
 .UNSPECIFIED.,.F.,.F.,(4,4),(0.000150017573478952,0.00577457868816258),
 .UNSPECIFIED.);
#2598=B_SPLINE_CURVE_WITH_KNOTS('',3,(#6349,#6350,#6351,#6352),
 .UNSPECIFIED.,.F.,.F.,(4,4),(0.,0.00165139046300743),.UNSPECIFIED.);
#2599=B_SPLINE_CURVE_WITH_KNOTS('',3,(#6356,#6357,#6358,#6359),
 .UNSPECIFIED.,.F.,.F.,(4,4),(0.,1.70710358169468E-6),.UNSPECIFIED.);
#2600=B_SPLINE_CURVE_WITH_KNOTS('',3,(#6360,#6361,#6362,#6363),
 .UNSPECIFIED.,.F.,.F.,(4,4),(0.,3.51616683812208E-5),.UNSPECIFIED.);
#2601=B_SPLINE_CURVE_WITH_KNOTS('',3,(#6367,#6368,#6369,#6370,#6371),
 .UNSPECIFIED.,.F.,.F.,(4,1,4),(0.,0.000436717998862384,0.000873435997724767),
 .UNSPECIFIED.);
#2602=B_SPLINE_CURVE_WITH_KNOTS('',3,(#6374,#6375,#6376,#6377),
 .UNSPECIFIED.,.F.,.F.,(4,4),(0.,0.00236189505740395),.UNSPECIFIED.);
#2603=B_SPLINE_CURVE_WITH_KNOTS('',3,(#6379,#6380,#6381,#6382),
 .UNSPECIFIED.,.F.,.F.,(4,4),(0.,0.00501637469099784),.UNSPECIFIED.);
#2604=B_SPLINE_CURVE_WITH_KNOTS('',3,(#6395,#6396,#6397,#6398,#6399),
 .UNSPECIFIED.,.F.,.F.,(4,1,4),(0.,0.5,1.),.UNSPECIFIED.);
#2605=B_SPLINE_CURVE_WITH_KNOTS('',3,(#6400,#6401,#6402,#6403,#6404,#6405),
 .UNSPECIFIED.,.F.,.F.,(4,1,1,4),(4.95341775862822E-16,0.000423132099768505,
0.000846264199536514,0.00169252839907253),.UNSPECIFIED.);
#2606=B_SPLINE_CURVE_WITH_KNOTS('',3,(#6407,#6408,#6409,#6410),
 .UNSPECIFIED.,.F.,.F.,(4,4),(1.14649343087708E-16,0.00144157497310468),
 .UNSPECIFIED.);
#2607=B_SPLINE_CURVE_WITH_KNOTS('',3,(#6413,#6414,#6415,#6416),
 .UNSPECIFIED.,.F.,.F.,(4,4),(0.,0.00142403010966948),.UNSPECIFIED.);
#2608=B_SPLINE_CURVE_WITH_KNOTS('',3,(#6418,#6419,#6420,#6421),
 .UNSPECIFIED.,.F.,.F.,(4,4),(0.,7.42787560538131E-5),.UNSPECIFIED.);
#2609=B_SPLINE_CURVE_WITH_KNOTS('',3,(#6425,#6426,#6427,#6428,#6429,#6430),
 .UNSPECIFIED.,.F.,.F.,(4,1,1,4),(3.92523114670944E-17,0.000637135865441347,
0.00127427173088265,0.00254854346176527),.UNSPECIFIED.);
#2610=B_SPLINE_CURVE_WITH_KNOTS('',3,(#6443,#6444,#6445,#6446),
 .UNSPECIFIED.,.F.,.F.,(4,4),(0.,0.00145547364861922),.UNSPECIFIED.);
#2611=B_SPLINE_CURVE_WITH_KNOTS('',3,(#6447,#6448,#6449,#6450,#6451),
 .UNSPECIFIED.,.F.,.F.,(4,1,4),(0.,0.000711601962885905,0.00142320392577181),
 .UNSPECIFIED.);
#2612=B_SPLINE_CURVE_WITH_KNOTS('',3,(#6465,#6466,#6467,#6468,#6469,#6470,
#6471),.UNSPECIFIED.,.F.,.F.,(4,1,1,1,4),(0.,0.000650722459716511,0.00130144491943302,
0.00195216737914953,0.00260288983886604),.UNSPECIFIED.);
#2613=B_SPLINE_CURVE_WITH_KNOTS('',3,(#6486,#6487,#6488,#6489,#6490),
 .UNSPECIFIED.,.F.,.F.,(4,1,4),(0.,0.00123723258745114,0.00247446517490228),
 .UNSPECIFIED.);
#2614=B_SPLINE_CURVE_WITH_KNOTS('',3,(#6503,#6504,#6505,#6506),
 .UNSPECIFIED.,.F.,.F.,(4,4),(0.,0.00146249056522429),.UNSPECIFIED.);
#2615=B_SPLINE_CURVE_WITH_KNOTS('',3,(#6523,#6524,#6525,#6526),
 .UNSPECIFIED.,.F.,.F.,(4,4),(0.,0.00188330177122659),.UNSPECIFIED.);
#2616=B_SPLINE_CURVE_WITH_KNOTS('',3,(#6556,#6557,#6558,#6559,#6560),
 .UNSPECIFIED.,.F.,.F.,(4,1,4),(0.,0.00132600342914231,0.00265200685828463),
 .UNSPECIFIED.);
#2617=B_SPLINE_CURVE_WITH_KNOTS('',3,(#6566,#6567,#6568,#6569),
 .UNSPECIFIED.,.F.,.F.,(4,4),(0.,0.00144860192846821),.UNSPECIFIED.);
#2618=B_SPLINE_CURVE_WITH_KNOTS('',3,(#6583,#6584,#6585,#6586,#6587),
 .UNSPECIFIED.,.F.,.F.,(4,1,4),(0.,0.000908303767481702,0.0018166075349634),
 .UNSPECIFIED.);
#2619=B_SPLINE_CURVE_WITH_KNOTS('',3,(#6651,#6652,#6653,#6654,#6655),
 .UNSPECIFIED.,.F.,.F.,(4,1,4),(0.,0.000780153371178248,0.0015603067423565),
 .UNSPECIFIED.);
#2620=B_SPLINE_CURVE_WITH_KNOTS('',3,(#6672,#6673,#6674,#6675,#6676),
 .UNSPECIFIED.,.F.,.F.,(4,1,4),(0.,0.000436717998862397,0.000873435997724794),
 .UNSPECIFIED.);
#2621=B_SPLINE_CURVE_WITH_KNOTS('',3,(#6679,#6680,#6681,#6682),
 .UNSPECIFIED.,.F.,.F.,(4,4),(0.,0.00236189505740399),.UNSPECIFIED.);
#2622=B_SPLINE_CURVE_WITH_KNOTS('',3,(#6684,#6685,#6686,#6687),
 .UNSPECIFIED.,.F.,.F.,(4,4),(0.,0.00501637469099755),.UNSPECIFIED.);
#2623=B_SPLINE_CURVE_WITH_KNOTS('',3,(#6689,#6690,#6691,#6692),
 .UNSPECIFIED.,.F.,.F.,(4,4),(1.4304896245382E-17,0.00144157497310463),
 .UNSPECIFIED.);
#2624=B_SPLINE_CURVE_WITH_KNOTS('',3,(#6695,#6696,#6697,#6698),
 .UNSPECIFIED.,.F.,.F.,(4,4),(0.,0.00142403010966971),.UNSPECIFIED.);
#2625=B_SPLINE_CURVE_WITH_KNOTS('',3,(#6700,#6701,#6702,#6703),
 .UNSPECIFIED.,.F.,.F.,(4,4),(0.,7.42787560535115E-5),.UNSPECIFIED.);
#2626=B_SPLINE_CURVE_WITH_KNOTS('',3,(#6710,#6711,#6712,#6713),
 .UNSPECIFIED.,.F.,.F.,(4,4),(0.,0.000263346005179051),.UNSPECIFIED.);
#2627=B_SPLINE_CURVE_WITH_KNOTS('',3,(#6714,#6715,#6716,#6717),
 .UNSPECIFIED.,.F.,.F.,(4,4),(0.,0.000463179619873665),.UNSPECIFIED.);
#2628=B_SPLINE_CURVE_WITH_KNOTS('',3,(#6719,#6720,#6721,#6722),
 .UNSPECIFIED.,.F.,.F.,(4,4),(0.000150017573478952,0.00577457868816258),
 .UNSPECIFIED.);
#2629=B_SPLINE_CURVE_WITH_KNOTS('',3,(#6728,#6729,#6730,#6731),
 .UNSPECIFIED.,.F.,.F.,(4,4),(0.,0.00165139046300751),.UNSPECIFIED.);
#2630=B_SPLINE_CURVE_WITH_KNOTS('',3,(#6735,#6736,#6737,#6738),
 .UNSPECIFIED.,.F.,.F.,(4,4),(0.,0.00188330177122639),.UNSPECIFIED.);
#2631=B_SPLINE_CURVE_WITH_KNOTS('',3,(#6748,#6749,#6750,#6751),
 .UNSPECIFIED.,.F.,.F.,(4,4),(0.,1.70710358135866E-6),.UNSPECIFIED.);
#2632=B_SPLINE_CURVE_WITH_KNOTS('',3,(#6752,#6753,#6754,#6755),
 .UNSPECIFIED.,.F.,.F.,(4,4),(0.,3.51616683812208E-5),.UNSPECIFIED.);
#2633=B_SPLINE_CURVE_WITH_KNOTS('',3,(#6773,#6774,#6775,#6776,#6777),
 .UNSPECIFIED.,.F.,.F.,(4,1,4),(0.,0.00132600342914245,0.00265200685828491),
 .UNSPECIFIED.);
#2634=B_SPLINE_CURVE_WITH_KNOTS('',3,(#6804,#6805,#6806,#6807,#6808),
 .UNSPECIFIED.,.F.,.F.,(4,1,4),(0.,0.00123723258745108,0.00247446517490216),
 .UNSPECIFIED.);
#2635=B_SPLINE_CURVE_WITH_KNOTS('',3,(#6821,#6822,#6823,#6824,#6825,#6826,
#6827),.UNSPECIFIED.,.F.,.F.,(4,1,1,1,4),(0.,0.000650722459716537,0.00130144491943307,
0.00195216737914961,0.00260288983886615),.UNSPECIFIED.);
#2636=B_SPLINE_CURVE_WITH_KNOTS('',3,(#6840,#6841,#6842,#6843,#6844,#6845),
 .UNSPECIFIED.,.F.,.F.,(4,1,1,4),(0.,0.000637135865441256,0.00127427173088251,
0.00254854346176502),.UNSPECIFIED.);
#2637=B_SPLINE_CURVE_WITH_KNOTS('',3,(#6848,#6849,#6850,#6851,#6852),
 .UNSPECIFIED.,.F.,.F.,(4,1,4),(0.,0.000908303767481702,0.0018166075349634),
 .UNSPECIFIED.);
#2638=B_SPLINE_CURVE_WITH_KNOTS('',3,(#6889,#6890,#6891,#6892,#6893,#6894,
#6895,#6896,#6897),.UNSPECIFIED.,.F.,.F.,(4,1,1,1,1,1,4),(0.,0.25,0.375,
0.5,0.625,0.75,1.),.UNSPECIFIED.);
#2639=B_SPLINE_CURVE_WITH_KNOTS('',3,(#6910,#6911,#6912,#6913,#6914,#6915),
 .UNSPECIFIED.,.F.,.F.,(4,1,1,4),(1.79910144594067E-16,0.00042313209976835,
0.00084626419953652,0.00169252839907286),.UNSPECIFIED.);
#2640=B_SPLINE_CURVE_WITH_KNOTS('',3,(#6928,#6929,#6930,#6931,#6932),
 .UNSPECIFIED.,.F.,.F.,(4,1,4),(0.,0.000780153371178211,0.00156030674235642),
 .UNSPECIFIED.);
#2641=B_SPLINE_CURVE_WITH_KNOTS('',3,(#6946,#6947,#6948,#6949,#6950),
 .UNSPECIFIED.,.F.,.F.,(4,1,4),(0.,0.000711601962885903,0.00142320392577181),
 .UNSPECIFIED.);
#2642=B_SPLINE_CURVE_WITH_KNOTS('',3,(#6952,#6953,#6954,#6955),
 .UNSPECIFIED.,.F.,.F.,(4,4),(0.,0.00144860192846808),.UNSPECIFIED.);
#2643=B_SPLINE_CURVE_WITH_KNOTS('',3,(#6982,#6983,#6984,#6985),
 .UNSPECIFIED.,.F.,.F.,(4,4),(0.,0.00146249056522432),.UNSPECIFIED.);
#2644=B_SPLINE_CURVE_WITH_KNOTS('',3,(#6998,#6999,#7000,#7001),
 .UNSPECIFIED.,.F.,.F.,(4,4),(0.,0.00145547364861922),.UNSPECIFIED.);
#2645=EDGE_LOOP('',(#550,#551,#552,#553,#554,#555,#556));
#2646=EDGE_LOOP('',(#557,#558,#559,#560,#561,#562,#563));
#2647=EDGE_LOOP('',(#564,#565,#566,#567,#568,#569,#570));
#2648=EDGE_LOOP('',(#571,#572,#573,#574,#575,#576,#577));
#2649=EDGE_LOOP('',(#578,#579,#580,#581,#582,#583,#584));
#2650=EDGE_LOOP('',(#585,#586,#587,#588));
#2651=EDGE_LOOP('',(#589,#590,#591,#592));
#2652=EDGE_LOOP('',(#593,#594,#595,#596));
#2653=EDGE_LOOP('',(#597,#598,#599,#600));
#2654=EDGE_LOOP('',(#601,#602,#603,#604,#605,#606));
#2655=EDGE_LOOP('',(#607,#608,#609,#610,#611,#612));
#2656=EDGE_LOOP('',(#613,#614,#615,#616,#617,#618));
#2657=EDGE_LOOP('',(#619,#620,#621,#622,#623,#624));
#2658=EDGE_LOOP('',(#625,#626,#627,#628,#629,#630));
#2659=EDGE_LOOP('',(#631,#632,#633,#634));
#2660=EDGE_LOOP('',(#635,#636,#637,#638));
#2661=EDGE_LOOP('',(#639,#640,#641,#642));
#2662=EDGE_LOOP('',(#643,#644,#645,#646));
#2663=EDGE_LOOP('',(#647,#648,#649,#650));
#2664=EDGE_LOOP('',(#651,#652,#653,#654,#655,#656));
#2665=EDGE_LOOP('',(#657,#658,#659,#660,#661,#662));
#2666=EDGE_LOOP('',(#663,#664,#665,#666,#667,#668));
#2667=EDGE_LOOP('',(#669,#670,#671,#672,#673,#674));
#2668=EDGE_LOOP('',(#675,#676,#677,#678,#679));
#2669=EDGE_LOOP('',(#680,#681,#682,#683,#684));
#2670=EDGE_LOOP('',(#685,#686,#687,#688,#689));
#2671=EDGE_LOOP('',(#690,#691,#692,#693,#694));
#2672=EDGE_LOOP('',(#695,#696,#697,#698,#699,#700));
#2673=EDGE_LOOP('',(#701,#702,#703,#704,#705,#706));
#2674=EDGE_LOOP('',(#707,#708,#709,#710,#711,#712));
#2675=EDGE_LOOP('',(#713,#714,#715,#716,#717,#718));
#2676=EDGE_LOOP('',(#719,#720,#721,#722,#723,#724));
#2677=EDGE_LOOP('',(#725,#726,#727,#728,#729,#730));
#2678=EDGE_LOOP('',(#731,#732,#733,#734,#735,#736));
#2679=EDGE_LOOP('',(#737,#738,#739,#740,#741,#742));
#2680=EDGE_LOOP('',(#743,#744,#745,#746,#747));
#2681=EDGE_LOOP('',(#748,#749,#750,#751,#752));
#2682=EDGE_LOOP('',(#753,#754,#755,#756,#757));
#2683=EDGE_LOOP('',(#758,#759,#760,#761,#762));
#2684=EDGE_LOOP('',(#763,#764,#765,#766));
#2685=EDGE_LOOP('',(#767,#768,#769,#770));
#2686=EDGE_LOOP('',(#771,#772,#773,#774));
#2687=EDGE_LOOP('',(#775,#776,#777,#778));
#2688=EDGE_LOOP('',(#779,#780,#781,#782,#783,#784,#785,#786));
#2689=EDGE_LOOP('',(#787,#788,#789,#790,#791,#792,#793,#794));
#2690=EDGE_LOOP('',(#795,#796,#797,#798,#799,#800,#801,#802));
#2691=EDGE_LOOP('',(#803,#804,#805,#806,#807,#808,#809,#810));
#2692=EDGE_LOOP('',(#811,#812,#813,#814,#815,#816,#817,#818));
#2693=EDGE_LOOP('',(#819));
#2694=EDGE_LOOP('',(#820));
#2695=EDGE_LOOP('',(#821,#822,#823,#824,#825,#826,#827));
#2696=EDGE_LOOP('',(#828,#829,#830,#831,#832,#833,#834));
#2697=EDGE_LOOP('',(#835,#836,#837,#838,#839,#840,#841));
#2698=EDGE_LOOP('',(#842,#843,#844,#845,#846,#847,#848));
#2699=EDGE_LOOP('',(#849,#850,#851,#852,#853,#854,#855));
#2700=EDGE_LOOP('',(#856));
#2701=EDGE_LOOP('',(#857));
#2702=EDGE_LOOP('',(#858,#859,#860,#861));
#2703=EDGE_LOOP('',(#862));
#2704=EDGE_LOOP('',(#863));
#2705=EDGE_LOOP('',(#864));
#2706=EDGE_LOOP('',(#865));
#2707=EDGE_LOOP('',(#866));
#2708=EDGE_LOOP('',(#867));
#2709=EDGE_LOOP('',(#868));
#2710=EDGE_LOOP('',(#869));
#2711=EDGE_LOOP('',(#870,#871,#872,#873,#874,#875));
#2712=EDGE_LOOP('',(#876,#877,#878,#879,#880,#881,#882));
#2713=EDGE_LOOP('',(#883,#884,#885,#886,#887,#888,#889,#890));
#2714=EDGE_LOOP('',(#891,#892,#893,#894,#895,#896,#897));
#2715=EDGE_LOOP('',(#898,#899,#900,#901,#902,#903));
#2716=EDGE_LOOP('',(#904,#905,#906,#907));
#2717=EDGE_LOOP('',(#908));
#2718=EDGE_LOOP('',(#909));
#2719=EDGE_LOOP('',(#910));
#2720=EDGE_LOOP('',(#911));
#2721=EDGE_LOOP('',(#912));
#2722=EDGE_LOOP('',(#913));
#2723=EDGE_LOOP('',(#914));
#2724=EDGE_LOOP('',(#915));
#2725=EDGE_LOOP('',(#916,#917,#918,#919,#920,#921));
#2726=EDGE_LOOP('',(#922,#923,#924,#925,#926));
#2727=EDGE_LOOP('',(#927,#928,#929,#930,#931,#932));
#2728=EDGE_LOOP('',(#933,#934,#935,#936,#937,#938));
#2729=EDGE_LOOP('',(#939));
#2730=EDGE_LOOP('',(#940));
#2731=EDGE_LOOP('',(#941));
#2732=EDGE_LOOP('',(#942));
#2733=EDGE_LOOP('',(#943));
#2734=EDGE_LOOP('',(#944));
#2735=EDGE_LOOP('',(#945));
#2736=EDGE_LOOP('',(#946));
#2737=EDGE_LOOP('',(#947,#948,#949,#950,#951));
#2738=EDGE_LOOP('',(#952));
#2739=EDGE_LOOP('',(#953));
#2740=EDGE_LOOP('',(#954,#955,#956,#957));
#2741=EDGE_LOOP('',(#958,#959,#960,#961,#962));
#2742=EDGE_LOOP('',(#963,#964,#965,#966));
#2743=EDGE_LOOP('',(#967,#968,#969,#970));
#2744=EDGE_LOOP('',(#971,#972,#973,#974,#975,#976,#977));
#2745=EDGE_LOOP('',(#978,#979,#980,#981));
#2746=EDGE_LOOP('',(#982,#983,#984,#985,#986));
#2747=EDGE_LOOP('',(#987,#988,#989,#990,#991));
#2748=EDGE_LOOP('',(#992,#993,#994,#995));
#2749=EDGE_LOOP('',(#996,#997,#998,#999,#1000));
#2750=EDGE_LOOP('',(#1001,#1002,#1003,#1004,#1005));
#2751=EDGE_LOOP('',(#1006,#1007,#1008,#1009,#1010));
#2752=EDGE_LOOP('',(#1011,#1012,#1013,#1014));
#2753=EDGE_LOOP('',(#1015,#1016,#1017,#1018));
#2754=EDGE_LOOP('',(#1019,#1020,#1021,#1022,#1023));
#2755=EDGE_LOOP('',(#1024,#1025,#1026,#1027,#1028));
#2756=EDGE_LOOP('',(#1029,#1030,#1031,#1032));
#2757=EDGE_LOOP('',(#1033,#1034,#1035,#1036,#1037,#1038,#1039));
#2758=EDGE_LOOP('',(#1040,#1041,#1042));
#2759=EDGE_LOOP('',(#1043,#1044,#1045,#1046));
#2760=EDGE_LOOP('',(#1047,#1048,#1049));
#2761=EDGE_LOOP('',(#1050,#1051,#1052,#1053,#1054,#1055,#1056,#1057));
#2762=EDGE_LOOP('',(#1058,#1059,#1060,#1061,#1062,#1063));
#2763=EDGE_LOOP('',(#1064,#1065,#1066,#1067,#1068,#1069));
#2764=EDGE_LOOP('',(#1070,#1071,#1072,#1073,#1074));
#2765=EDGE_LOOP('',(#1075,#1076,#1077,#1078));
#2766=EDGE_LOOP('',(#1079,#1080,#1081,#1082,#1083,#1084,#1085));
#2767=EDGE_LOOP('',(#1086,#1087,#1088,#1089,#1090,#1091,#1092));
#2768=EDGE_LOOP('',(#1093,#1094,#1095,#1096));
#2769=EDGE_LOOP('',(#1097,#1098,#1099,#1100,#1101));
#2770=EDGE_LOOP('',(#1102,#1103,#1104,#1105));
#2771=EDGE_LOOP('',(#1106,#1107,#1108,#1109));
#2772=EDGE_LOOP('',(#1110,#1111,#1112,#1113,#1114,#1115,#1116));
#2773=EDGE_LOOP('',(#1117,#1118,#1119));
#2774=EDGE_LOOP('',(#1120,#1121,#1122,#1123,#1124));
#2775=EDGE_LOOP('',(#1125,#1126,#1127));
#2776=EDGE_LOOP('',(#1128,#1129,#1130,#1131));
#2777=EDGE_LOOP('',(#1132,#1133,#1134,#1135,#1136));
#2778=EDGE_LOOP('',(#1137,#1138,#1139,#1140));
#2779=EDGE_LOOP('',(#1141,#1142,#1143,#1144,#1145));
#2780=EDGE_LOOP('',(#1146,#1147,#1148,#1149,#1150));
#2781=EDGE_LOOP('',(#1151,#1152,#1153,#1154));
#2782=EDGE_LOOP('',(#1155,#1156,#1157,#1158));
#2783=EDGE_LOOP('',(#1159,#1160,#1161,#1162,#1163,#1164,#1165));
#2784=EDGE_LOOP('',(#1166,#1167,#1168,#1169,#1170));
#2785=EDGE_LOOP('',(#1171,#1172,#1173,#1174));
#2786=EDGE_LOOP('',(#1175,#1176,#1177,#1178,#1179));
#2787=EDGE_LOOP('',(#1180,#1181,#1182,#1183,#1184,#1185,#1186,#1187));
#2788=EDGE_LOOP('',(#1188,#1189,#1190,#1191,#1192,#1193));
#2789=EDGE_LOOP('',(#1194,#1195,#1196,#1197,#1198,#1199));
#2790=EDGE_LOOP('',(#1200,#1201,#1202,#1203,#1204));
#2791=EDGE_LOOP('',(#1205,#1206,#1207,#1208,#1209,#1210,#1211));
#2792=EDGE_LOOP('',(#1212,#1213,#1214,#1215,#1216));
#2793=EDGE_LOOP('',(#1217,#1218,#1219,#1220,#1221,#1222,#1223));
#2794=EDGE_LOOP('',(#1224,#1225,#1226,#1227));
#2795=EDGE_LOOP('',(#1228,#1229,#1230,#1231));
#2796=EDGE_LOOP('',(#1232,#1233,#1234,#1235,#1236,#1237,#1238));
#2797=EDGE_LOOP('',(#1239,#1240,#1241,#1242));
#2798=EDGE_LOOP('',(#1243,#1244,#1245));
#2799=EDGE_LOOP('',(#1246,#1247,#1248,#1249));
#2800=EDGE_LOOP('',(#1250,#1251,#1252));
#2801=EDGE_LOOP('',(#1253,#1254,#1255,#1256,#1257));
#2802=EDGE_LOOP('',(#1258,#1259,#1260,#1261));
#2803=EDGE_LOOP('',(#1262,#1263,#1264,#1265,#1266));
#2804=EDGE_LOOP('',(#1267,#1268,#1269,#1270));
#2805=EDGE_LOOP('',(#1271,#1272,#1273,#1274,#1275));
#2806=EDGE_LOOP('',(#1276,#1277,#1278,#1279));
#2807=EDGE_LOOP('',(#1280,#1281,#1282,#1283,#1284));
#2808=EDGE_LOOP('',(#1285,#1286,#1287,#1288,#1289,#1290,#1291));
#2809=EDGE_LOOP('',(#1292,#1293,#1294,#1295));
#2810=EDGE_LOOP('',(#1296,#1297,#1298,#1299));
#2811=EDGE_LOOP('',(#1300,#1301,#1302,#1303,#1304));
#2812=EDGE_LOOP('',(#1305,#1306,#1307,#1308,#1309));
#2813=EDGE_LOOP('',(#1310,#1311,#1312,#1313,#1314,#1315,#1316,#1317));
#2814=EDGE_LOOP('',(#1318,#1319,#1320,#1321,#1322,#1323));
#2815=EDGE_LOOP('',(#1324,#1325,#1326,#1327,#1328,#1329));
#2816=EDGE_LOOP('',(#1330,#1331,#1332,#1333,#1334));
#2817=EDGE_LOOP('',(#1335,#1336,#1337,#1338,#1339,#1340,#1341));
#2818=EDGE_LOOP('',(#1342,#1343,#1344,#1345,#1346));
#2819=EDGE_LOOP('',(#1347,#1348,#1349,#1350,#1351,#1352,#1353));
#2820=EDGE_LOOP('',(#1354,#1355,#1356,#1357));
#2821=EDGE_LOOP('',(#1358,#1359,#1360,#1361));
#2822=EDGE_LOOP('',(#1362,#1363,#1364,#1365,#1366,#1367,#1368));
#2823=EDGE_LOOP('',(#1369,#1370,#1371,#1372));
#2824=EDGE_LOOP('',(#1373,#1374,#1375));
#2825=EDGE_LOOP('',(#1376,#1377,#1378,#1379));
#2826=EDGE_LOOP('',(#1380,#1381,#1382));
#2827=EDGE_LOOP('',(#1383,#1384,#1385,#1386,#1387));
#2828=EDGE_LOOP('',(#1388,#1389,#1390,#1391));
#2829=EDGE_LOOP('',(#1392,#1393,#1394,#1395,#1396));
#2830=EDGE_LOOP('',(#1397,#1398,#1399,#1400));
#2831=EDGE_LOOP('',(#1401,#1402,#1403,#1404,#1405));
#2832=EDGE_LOOP('',(#1406,#1407,#1408,#1409,#1410));
#2833=EDGE_LOOP('',(#1411,#1412,#1413,#1414));
#2834=EDGE_LOOP('',(#1415,#1416,#1417,#1418));
#2835=EDGE_LOOP('',(#1419,#1420,#1421,#1422,#1423,#1424,#1425));
#2836=EDGE_LOOP('',(#1426,#1427,#1428,#1429));
#2837=EDGE_LOOP('',(#1430,#1431,#1432,#1433,#1434));
#2838=EDGE_LOOP('',(#1435,#1436,#1437,#1438,#1439));
#2839=EDGE_LOOP('',(#1440,#1441,#1442,#1443,#1444,#1445));
#2840=EDGE_LOOP('',(#1446,#1447,#1448,#1449,#1450,#1451,#1452));
#2841=EDGE_LOOP('',(#1453,#1454,#1455,#1456,#1457,#1458,#1459,#1460));
#2842=EDGE_LOOP('',(#1461,#1462,#1463,#1464,#1465,#1466,#1467));
#2843=EDGE_LOOP('',(#1468,#1469,#1470,#1471,#1472,#1473));
#2844=EDGE_LOOP('',(#1474,#1475,#1476,#1477));
#2845=EDGE_LOOP('',(#1478,#1479,#1480,#1481));
#2846=EDGE_LOOP('',(#1482,#1483,#1484,#1485,#1486));
#2847=EDGE_LOOP('',(#1487,#1488,#1489,#1490));
#2848=EDGE_LOOP('',(#1491,#1492,#1493,#1494));
#2849=EDGE_LOOP('',(#1495,#1496,#1497,#1498,#1499,#1500,#1501));
#2850=EDGE_LOOP('',(#1502,#1503,#1504,#1505));
#2851=EDGE_LOOP('',(#1506,#1507,#1508,#1509,#1510));
#2852=EDGE_LOOP('',(#1511,#1512,#1513,#1514,#1515));
#2853=EDGE_LOOP('',(#1516,#1517,#1518,#1519));
#2854=EDGE_LOOP('',(#1520,#1521,#1522,#1523,#1524));
#2855=EDGE_LOOP('',(#1525,#1526,#1527,#1528,#1529));
#2856=EDGE_LOOP('',(#1530,#1531,#1532,#1533,#1534));
#2857=EDGE_LOOP('',(#1535,#1536,#1537,#1538));
#2858=EDGE_LOOP('',(#1539,#1540,#1541,#1542));
#2859=EDGE_LOOP('',(#1543,#1544,#1545,#1546,#1547));
#2860=EDGE_LOOP('',(#1548,#1549,#1550,#1551,#1552));
#2861=EDGE_LOOP('',(#1553,#1554,#1555,#1556));
#2862=EDGE_LOOP('',(#1557,#1558,#1559,#1560,#1561,#1562,#1563));
#2863=EDGE_LOOP('',(#1564,#1565,#1566));
#2864=EDGE_LOOP('',(#1567,#1568,#1569));
#2865=FACE_BOUND('',#2645,.T.);
#2866=FACE_BOUND('',#2646,.T.);
#2867=FACE_BOUND('',#2647,.T.);
#2868=FACE_BOUND('',#2648,.T.);
#2869=FACE_BOUND('',#2649,.T.);
#2870=FACE_BOUND('',#2650,.T.);
#2871=FACE_BOUND('',#2651,.T.);
#2872=FACE_BOUND('',#2652,.T.);
#2873=FACE_BOUND('',#2653,.T.);
#2874=FACE_BOUND('',#2654,.T.);
#2875=FACE_BOUND('',#2655,.T.);
#2876=FACE_BOUND('',#2656,.T.);
#2877=FACE_BOUND('',#2657,.T.);
#2878=FACE_BOUND('',#2658,.T.);
#2879=FACE_BOUND('',#2659,.T.);
#2880=FACE_BOUND('',#2660,.T.);
#2881=FACE_BOUND('',#2661,.T.);
#2882=FACE_BOUND('',#2662,.T.);
#2883=FACE_BOUND('',#2663,.T.);
#2884=FACE_BOUND('',#2664,.T.);
#2885=FACE_BOUND('',#2665,.T.);
#2886=FACE_BOUND('',#2666,.T.);
#2887=FACE_BOUND('',#2667,.T.);
#2888=FACE_BOUND('',#2668,.T.);
#2889=FACE_BOUND('',#2669,.T.);
#2890=FACE_BOUND('',#2670,.T.);
#2891=FACE_BOUND('',#2671,.T.);
#2892=FACE_BOUND('',#2672,.T.);
#2893=FACE_BOUND('',#2673,.T.);
#2894=FACE_BOUND('',#2674,.T.);
#2895=FACE_BOUND('',#2675,.T.);
#2896=FACE_BOUND('',#2676,.T.);
#2897=FACE_BOUND('',#2677,.T.);
#2898=FACE_BOUND('',#2678,.T.);
#2899=FACE_BOUND('',#2679,.T.);
#2900=FACE_BOUND('',#2680,.T.);
#2901=FACE_BOUND('',#2681,.T.);
#2902=FACE_BOUND('',#2682,.T.);
#2903=FACE_BOUND('',#2683,.T.);
#2904=FACE_BOUND('',#2684,.T.);
#2905=FACE_BOUND('',#2685,.T.);
#2906=FACE_BOUND('',#2686,.T.);
#2907=FACE_BOUND('',#2687,.T.);
#2908=FACE_BOUND('',#2688,.T.);
#2909=FACE_BOUND('',#2689,.T.);
#2910=FACE_BOUND('',#2690,.T.);
#2911=FACE_BOUND('',#2691,.T.);
#2912=FACE_BOUND('',#2692,.T.);
#2913=FACE_BOUND('',#2693,.T.);
#2914=FACE_BOUND('',#2694,.T.);
#2915=FACE_BOUND('',#2695,.T.);
#2916=FACE_BOUND('',#2696,.T.);
#2917=FACE_BOUND('',#2697,.T.);
#2918=FACE_BOUND('',#2698,.T.);
#2919=FACE_BOUND('',#2699,.T.);
#2920=FACE_BOUND('',#2700,.T.);
#2921=FACE_BOUND('',#2701,.T.);
#2922=FACE_BOUND('',#2702,.T.);
#2923=FACE_BOUND('',#2703,.T.);
#2924=FACE_BOUND('',#2704,.T.);
#2925=FACE_BOUND('',#2705,.T.);
#2926=FACE_BOUND('',#2706,.T.);
#2927=FACE_BOUND('',#2707,.T.);
#2928=FACE_BOUND('',#2708,.T.);
#2929=FACE_BOUND('',#2709,.T.);
#2930=FACE_BOUND('',#2710,.T.);
#2931=FACE_BOUND('',#2711,.T.);
#2932=FACE_BOUND('',#2712,.T.);
#2933=FACE_BOUND('',#2713,.T.);
#2934=FACE_BOUND('',#2714,.T.);
#2935=FACE_BOUND('',#2715,.T.);
#2936=FACE_BOUND('',#2716,.T.);
#2937=FACE_BOUND('',#2717,.T.);
#2938=FACE_BOUND('',#2718,.T.);
#2939=FACE_BOUND('',#2719,.T.);
#2940=FACE_BOUND('',#2720,.T.);
#2941=FACE_BOUND('',#2721,.T.);
#2942=FACE_BOUND('',#2722,.T.);
#2943=FACE_BOUND('',#2723,.T.);
#2944=FACE_BOUND('',#2724,.T.);
#2945=FACE_BOUND('',#2725,.T.);
#2946=FACE_BOUND('',#2726,.T.);
#2947=FACE_BOUND('',#2727,.T.);
#2948=FACE_BOUND('',#2728,.T.);
#2949=FACE_BOUND('',#2729,.T.);
#2950=FACE_BOUND('',#2730,.T.);
#2951=FACE_BOUND('',#2731,.T.);
#2952=FACE_BOUND('',#2732,.T.);
#2953=FACE_BOUND('',#2733,.T.);
#2954=FACE_BOUND('',#2734,.T.);
#2955=FACE_BOUND('',#2735,.T.);
#2956=FACE_BOUND('',#2736,.T.);
#2957=FACE_BOUND('',#2737,.T.);
#2958=FACE_BOUND('',#2738,.T.);
#2959=FACE_BOUND('',#2739,.T.);
#2960=FACE_BOUND('',#2740,.T.);
#2961=FACE_BOUND('',#2741,.T.);
#2962=FACE_BOUND('',#2742,.T.);
#2963=FACE_BOUND('',#2743,.T.);
#2964=FACE_BOUND('',#2744,.T.);
#2965=FACE_BOUND('',#2745,.T.);
#2966=FACE_BOUND('',#2746,.T.);
#2967=FACE_BOUND('',#2747,.T.);
#2968=FACE_BOUND('',#2748,.T.);
#2969=FACE_BOUND('',#2749,.T.);
#2970=FACE_BOUND('',#2750,.T.);
#2971=FACE_BOUND('',#2751,.T.);
#2972=FACE_BOUND('',#2752,.T.);
#2973=FACE_BOUND('',#2753,.T.);
#2974=FACE_BOUND('',#2754,.T.);
#2975=FACE_BOUND('',#2755,.T.);
#2976=FACE_BOUND('',#2756,.T.);
#2977=FACE_BOUND('',#2757,.T.);
#2978=FACE_BOUND('',#2758,.T.);
#2979=FACE_BOUND('',#2759,.T.);
#2980=FACE_BOUND('',#2760,.T.);
#2981=FACE_BOUND('',#2761,.T.);
#2982=FACE_BOUND('',#2762,.T.);
#2983=FACE_BOUND('',#2763,.T.);
#2984=FACE_BOUND('',#2764,.T.);
#2985=FACE_BOUND('',#2765,.T.);
#2986=FACE_BOUND('',#2766,.T.);
#2987=FACE_BOUND('',#2767,.T.);
#2988=FACE_BOUND('',#2768,.T.);
#2989=FACE_BOUND('',#2769,.T.);
#2990=FACE_BOUND('',#2770,.T.);
#2991=FACE_BOUND('',#2771,.T.);
#2992=FACE_BOUND('',#2772,.T.);
#2993=FACE_BOUND('',#2773,.T.);
#2994=FACE_BOUND('',#2774,.T.);
#2995=FACE_BOUND('',#2775,.T.);
#2996=FACE_BOUND('',#2776,.T.);
#2997=FACE_BOUND('',#2777,.T.);
#2998=FACE_BOUND('',#2778,.T.);
#2999=FACE_BOUND('',#2779,.T.);
#3000=FACE_BOUND('',#2780,.T.);
#3001=FACE_BOUND('',#2781,.T.);
#3002=FACE_BOUND('',#2782,.T.);
#3003=FACE_BOUND('',#2783,.T.);
#3004=FACE_BOUND('',#2784,.T.);
#3005=FACE_BOUND('',#2785,.T.);
#3006=FACE_BOUND('',#2786,.T.);
#3007=FACE_BOUND('',#2787,.T.);
#3008=FACE_BOUND('',#2788,.T.);
#3009=FACE_BOUND('',#2789,.T.);
#3010=FACE_BOUND('',#2790,.T.);
#3011=FACE_BOUND('',#2791,.T.);
#3012=FACE_BOUND('',#2792,.T.);
#3013=FACE_BOUND('',#2793,.T.);
#3014=FACE_BOUND('',#2794,.T.);
#3015=FACE_BOUND('',#2795,.T.);
#3016=FACE_BOUND('',#2796,.T.);
#3017=FACE_BOUND('',#2797,.T.);
#3018=FACE_BOUND('',#2798,.T.);
#3019=FACE_BOUND('',#2799,.T.);
#3020=FACE_BOUND('',#2800,.T.);
#3021=FACE_BOUND('',#2801,.T.);
#3022=FACE_BOUND('',#2802,.T.);
#3023=FACE_BOUND('',#2803,.T.);
#3024=FACE_BOUND('',#2804,.T.);
#3025=FACE_BOUND('',#2805,.T.);
#3026=FACE_BOUND('',#2806,.T.);
#3027=FACE_BOUND('',#2807,.T.);
#3028=FACE_BOUND('',#2808,.T.);
#3029=FACE_BOUND('',#2809,.T.);
#3030=FACE_BOUND('',#2810,.T.);
#3031=FACE_BOUND('',#2811,.T.);
#3032=FACE_BOUND('',#2812,.T.);
#3033=FACE_BOUND('',#2813,.T.);
#3034=FACE_BOUND('',#2814,.T.);
#3035=FACE_BOUND('',#2815,.T.);
#3036=FACE_BOUND('',#2816,.T.);
#3037=FACE_BOUND('',#2817,.T.);
#3038=FACE_BOUND('',#2818,.T.);
#3039=FACE_BOUND('',#2819,.T.);
#3040=FACE_BOUND('',#2820,.T.);
#3041=FACE_BOUND('',#2821,.T.);
#3042=FACE_BOUND('',#2822,.T.);
#3043=FACE_BOUND('',#2823,.T.);
#3044=FACE_BOUND('',#2824,.T.);
#3045=FACE_BOUND('',#2825,.T.);
#3046=FACE_BOUND('',#2826,.T.);
#3047=FACE_BOUND('',#2827,.T.);
#3048=FACE_BOUND('',#2828,.T.);
#3049=FACE_BOUND('',#2829,.T.);
#3050=FACE_BOUND('',#2830,.T.);
#3051=FACE_BOUND('',#2831,.T.);
#3052=FACE_BOUND('',#2832,.T.);
#3053=FACE_BOUND('',#2833,.T.);
#3054=FACE_BOUND('',#2834,.T.);
#3055=FACE_BOUND('',#2835,.T.);
#3056=FACE_BOUND('',#2836,.T.);
#3057=FACE_BOUND('',#2837,.T.);
#3058=FACE_BOUND('',#2838,.T.);
#3059=FACE_BOUND('',#2839,.T.);
#3060=FACE_BOUND('',#2840,.T.);
#3061=FACE_BOUND('',#2841,.T.);
#3062=FACE_BOUND('',#2842,.T.);
#3063=FACE_BOUND('',#2843,.T.);
#3064=FACE_BOUND('',#2844,.T.);
#3065=FACE_BOUND('',#2845,.T.);
#3066=FACE_BOUND('',#2846,.T.);
#3067=FACE_BOUND('',#2847,.T.);
#3068=FACE_BOUND('',#2848,.T.);
#3069=FACE_BOUND('',#2849,.T.);
#3070=FACE_BOUND('',#2850,.T.);
#3071=FACE_BOUND('',#2851,.T.);
#3072=FACE_BOUND('',#2852,.T.);
#3073=FACE_BOUND('',#2853,.T.);
#3074=FACE_BOUND('',#2854,.T.);
#3075=FACE_BOUND('',#2855,.T.);
#3076=FACE_BOUND('',#2856,.T.);
#3077=FACE_BOUND('',#2857,.T.);
#3078=FACE_BOUND('',#2858,.T.);
#3079=FACE_BOUND('',#2859,.T.);
#3080=FACE_BOUND('',#2860,.T.);
#3081=FACE_BOUND('',#2861,.T.);
#3082=FACE_BOUND('',#2862,.T.);
#3083=FACE_BOUND('',#2863,.T.);
#3084=FACE_BOUND('',#2864,.T.);
#3085=CONICAL_SURFACE('',#3325,0.0114,0.785398163397446);
#3086=CONICAL_SURFACE('',#3328,0.0114,0.785398163397446);
#3087=CONICAL_SURFACE('',#3331,0.0114,0.785398163397446);
#3088=CONICAL_SURFACE('',#3334,0.0114,0.785398163397446);
#3089=CONICAL_SURFACE('',#3337,0.0114,0.785398163397446);
#3090=CONICAL_SURFACE('',#3340,0.0114,0.207496226435201);
#3091=CONICAL_SURFACE('',#3342,0.0114,0.207496226435201);
#3092=CONICAL_SURFACE('',#3344,0.0114,0.207496226435201);
#3093=CONICAL_SURFACE('',#3346,0.0114,0.207496226435201);
#3094=CONICAL_SURFACE('',#3348,0.00780290250799923,0.0872664625997168);
#3095=CONICAL_SURFACE('',#3350,0.00780290250799923,0.0872664625997168);
#3096=CONICAL_SURFACE('',#3352,0.00780290250799923,0.0872664625997168);
#3097=CONICAL_SURFACE('',#3354,0.00780290250799923,0.0872664625997168);
#3098=CONICAL_SURFACE('',#3356,0.00780290250799923,0.0872664625997168);
#3099=CONICAL_SURFACE('',#3388,0.0141,0.785398163397448);
#3100=CONICAL_SURFACE('',#3391,0.0141,0.785398163397448);
#3101=CONICAL_SURFACE('',#3394,0.0141,0.785398163397448);
#3102=CONICAL_SURFACE('',#3397,0.0141,0.785398163397448);
#3103=CONICAL_SURFACE('',#3416,0.015,0.785398163397448);
#3104=CONICAL_SURFACE('',#3418,0.015,0.785398163397448);
#3105=CONICAL_SURFACE('',#3420,0.015,0.785398163397448);
#3106=CONICAL_SURFACE('',#3422,0.015,0.785398163397448);
#3107=CONICAL_SURFACE('',#3480,0.0114,0.207496226435201);
#3108=CONICAL_SURFACE('',#3481,0.0106,0.207496226435201);
#3109=CONICAL_SURFACE('',#3483,0.00660290250799914,0.785398163397453);
#3110=CONICAL_SURFACE('',#3485,0.0061,0.0872664625997189);
#3111=CONICAL_SURFACE('',#3499,0.0162,0.785398163397448);
#3112=CONICAL_SURFACE('',#3504,0.0153,0.785398163397448);
#3113=CONICAL_SURFACE('',#3510,0.0141,0.785398163397448);
#3114=CONICAL_SURFACE('',#3516,0.015,0.785398163397448);
#3115=CONICAL_SURFACE('',#3518,0.0162,0.785398163397457);
#3116=CONICAL_SURFACE('',#3523,0.0166,0.785398163397448);
#3117=ADVANCED_FACE('',(#2865),#3085,.T.);
#3118=ADVANCED_FACE('',(#2866),#3086,.T.);
#3119=ADVANCED_FACE('',(#2867),#3087,.T.);
#3120=ADVANCED_FACE('',(#2868),#3088,.T.);
#3121=ADVANCED_FACE('',(#2869),#3089,.T.);
#3122=ADVANCED_FACE('',(#2870),#3090,.T.);
#3123=ADVANCED_FACE('',(#2871),#3091,.T.);
#3124=ADVANCED_FACE('',(#2872),#3092,.T.);
#3125=ADVANCED_FACE('',(#2873),#3093,.T.);
#3126=ADVANCED_FACE('',(#2874),#3094,.T.);
#3127=ADVANCED_FACE('',(#2875),#3095,.T.);
#3128=ADVANCED_FACE('',(#2876),#3096,.T.);
#3129=ADVANCED_FACE('',(#2877),#3097,.T.);
#3130=ADVANCED_FACE('',(#2878),#3098,.T.);
#3131=ADVANCED_FACE('',(#2879),#169,.T.);
#3132=ADVANCED_FACE('',(#2880),#170,.T.);
#3133=ADVANCED_FACE('',(#2881),#171,.T.);
#3134=ADVANCED_FACE('',(#2882),#172,.T.);
#3135=ADVANCED_FACE('',(#2883),#173,.T.);
#3136=ADVANCED_FACE('',(#2884),#174,.F.);
#3137=ADVANCED_FACE('',(#2885),#175,.F.);
#3138=ADVANCED_FACE('',(#2886),#176,.F.);
#3139=ADVANCED_FACE('',(#2887),#177,.F.);
#3140=ADVANCED_FACE('',(#2888),#3099,.F.);
#3141=ADVANCED_FACE('',(#2889),#3100,.F.);
#3142=ADVANCED_FACE('',(#2890),#3101,.F.);
#3143=ADVANCED_FACE('',(#2891),#3102,.F.);
#3144=ADVANCED_FACE('',(#2892),#178,.F.);
#3145=ADVANCED_FACE('',(#2893),#179,.F.);
#3146=ADVANCED_FACE('',(#2894),#180,.F.);
#3147=ADVANCED_FACE('',(#2895),#181,.F.);
#3148=ADVANCED_FACE('',(#2896),#3103,.F.);
#3149=ADVANCED_FACE('',(#2897),#3104,.F.);
#3150=ADVANCED_FACE('',(#2898),#3105,.F.);
#3151=ADVANCED_FACE('',(#2899),#3106,.F.);
#3152=ADVANCED_FACE('',(#2900),#182,.F.);
#3153=ADVANCED_FACE('',(#2901),#183,.F.);
#3154=ADVANCED_FACE('',(#2902),#184,.F.);
#3155=ADVANCED_FACE('',(#2903),#185,.F.);
#3156=ADVANCED_FACE('',(#2904),#119,.F.);
#3157=ADVANCED_FACE('',(#2905),#120,.F.);
#3158=ADVANCED_FACE('',(#2906),#121,.F.);
#3159=ADVANCED_FACE('',(#2907),#122,.F.);
#3160=ADVANCED_FACE('',(#2908,#2909,#2910,#2911,#2912,#2913,#2914),#87,
 .F.);
#3161=ADVANCED_FACE('',(#2915,#2916,#2917,#2918,#2919,#2920,#2921),#88,
 .T.);
#3162=ADVANCED_FACE('',(#2922),#3107,.T.);
#3163=ADVANCED_FACE('',(#2923,#2924),#3108,.F.);
#3164=ADVANCED_FACE('',(#2925,#2926),#3109,.F.);
#3165=ADVANCED_FACE('',(#2927,#2928),#3110,.F.);
#3166=ADVANCED_FACE('',(#2929,#2930),#186,.F.);
#3167=ADVANCED_FACE('',(#2931),#89,.F.);
#3168=ADVANCED_FACE('',(#2932),#90,.F.);
#3169=ADVANCED_FACE('',(#2933),#91,.T.);
#3170=ADVANCED_FACE('',(#2934),#92,.T.);
#3171=ADVANCED_FACE('',(#2935),#93,.T.);
#3172=ADVANCED_FACE('',(#2936),#94,.T.);
#3173=ADVANCED_FACE('',(#2937,#2938),#3111,.T.);
#3174=ADVANCED_FACE('',(#2939,#2940),#187,.T.);
#3175=ADVANCED_FACE('',(#2941,#2942),#3112,.T.);
#3176=ADVANCED_FACE('',(#2943,#2944),#188,.T.);
#3177=ADVANCED_FACE('',(#2945),#189,.F.);
#3178=ADVANCED_FACE('',(#2946),#3113,.F.);
#3179=ADVANCED_FACE('',(#2947),#190,.F.);
#3180=ADVANCED_FACE('',(#2948),#3114,.F.);
#3181=ADVANCED_FACE('',(#2949,#2950),#3115,.T.);
#3182=ADVANCED_FACE('',(#2951,#2952),#191,.T.);
#3183=ADVANCED_FACE('',(#2953,#2954),#3116,.T.);
#3184=ADVANCED_FACE('',(#2955,#2956),#192,.T.);
#3185=ADVANCED_FACE('',(#2957),#193,.F.);
#3186=ADVANCED_FACE('',(#2958,#2959),#194,.T.);
#3187=ADVANCED_FACE('',(#2960),#27,.F.);
#3188=ADVANCED_FACE('',(#2961),#195,.F.);
#3189=ADVANCED_FACE('',(#2962),#28,.F.);
#3190=ADVANCED_FACE('',(#2963),#29,.F.);
#3191=ADVANCED_FACE('',(#2964),#30,.F.);
#3192=ADVANCED_FACE('',(#2965),#31,.F.);
#3193=ADVANCED_FACE('',(#2966),#196,.F.);
#3194=ADVANCED_FACE('',(#2967),#197,.F.);
#3195=ADVANCED_FACE('',(#2968),#22,.F.);
#3196=ADVANCED_FACE('',(#2969),#32,.F.);
#3197=ADVANCED_FACE('',(#2970),#33,.F.);
#3198=ADVANCED_FACE('',(#2971),#34,.F.);
#3199=ADVANCED_FACE('',(#2972),#198,.F.);
#3200=ADVANCED_FACE('',(#2973),#199,.F.);
#3201=ADVANCED_FACE('',(#2974),#35,.F.);
#3202=ADVANCED_FACE('',(#2975),#36,.F.);
#3203=ADVANCED_FACE('',(#2976),#37,.F.);
#3204=ADVANCED_FACE('',(#2977),#38,.F.);
#3205=ADVANCED_FACE('',(#2978),#12,.F.);
#3206=ADVANCED_FACE('',(#2979),#123,.F.);
#3207=ADVANCED_FACE('',(#2980),#13,.F.);
#3208=ADVANCED_FACE('',(#2981),#95,.T.);
#3209=ADVANCED_FACE('',(#2982),#96,.T.);
#3210=ADVANCED_FACE('',(#2983),#97,.F.);
#3211=ADVANCED_FACE('',(#2984),#39,.F.);
#3212=ADVANCED_FACE('',(#2985),#200,.F.);
#3213=ADVANCED_FACE('',(#2986),#98,.F.);
#3214=ADVANCED_FACE('',(#2987),#40,.F.);
#3215=ADVANCED_FACE('',(#2988),#201,.F.);
#3216=ADVANCED_FACE('',(#2989),#202,.F.);
#3217=ADVANCED_FACE('',(#2990),#41,.F.);
#3218=ADVANCED_FACE('',(#2991),#42,.F.);
#3219=ADVANCED_FACE('',(#2992),#43,.F.);
#3220=ADVANCED_FACE('',(#2993),#14,.F.);
#3221=ADVANCED_FACE('',(#2994),#44,.F.);
#3222=ADVANCED_FACE('',(#2995),#15,.F.);
#3223=ADVANCED_FACE('',(#2996),#45,.F.);
#3224=ADVANCED_FACE('',(#2997),#46,.F.);
#3225=ADVANCED_FACE('',(#2998),#47,.F.);
#3226=ADVANCED_FACE('',(#2999),#203,.F.);
#3227=ADVANCED_FACE('',(#3000),#204,.F.);
#3228=ADVANCED_FACE('',(#3001),#99,.T.);
#3229=ADVANCED_FACE('',(#3002),#23,.F.);
#3230=ADVANCED_FACE('',(#3003),#100,.T.);
#3231=ADVANCED_FACE('',(#3004),#48,.F.);
#3232=ADVANCED_FACE('',(#3005),#49,.F.);
#3233=ADVANCED_FACE('',(#3006),#50,.F.);
#3234=ADVANCED_FACE('',(#3007),#101,.T.);
#3235=ADVANCED_FACE('',(#3008),#102,.T.);
#3236=ADVANCED_FACE('',(#3009),#103,.F.);
#3237=ADVANCED_FACE('',(#3010),#51,.F.);
#3238=ADVANCED_FACE('',(#3011),#104,.F.);
#3239=ADVANCED_FACE('',(#3012),#205,.F.);
#3240=ADVANCED_FACE('',(#3013),#52,.F.);
#3241=ADVANCED_FACE('',(#3014),#206,.F.);
#3242=ADVANCED_FACE('',(#3015),#53,.F.);
#3243=ADVANCED_FACE('',(#3016),#54,.F.);
#3244=ADVANCED_FACE('',(#3017),#55,.F.);
#3245=ADVANCED_FACE('',(#3018),#16,.F.);
#3246=ADVANCED_FACE('',(#3019),#56,.F.);
#3247=ADVANCED_FACE('',(#3020),#17,.F.);
#3248=ADVANCED_FACE('',(#3021),#57,.F.);
#3249=ADVANCED_FACE('',(#3022),#58,.F.);
#3250=ADVANCED_FACE('',(#3023),#207,.F.);
#3251=ADVANCED_FACE('',(#3024),#208,.F.);
#3252=ADVANCED_FACE('',(#3025),#59,.F.);
#3253=ADVANCED_FACE('',(#3026),#105,.T.);
#3254=ADVANCED_FACE('',(#3027),#209,.F.);
#3255=ADVANCED_FACE('',(#3028),#106,.T.);
#3256=ADVANCED_FACE('',(#3029),#24,.F.);
#3257=ADVANCED_FACE('',(#3030),#60,.F.);
#3258=ADVANCED_FACE('',(#3031),#61,.F.);
#3259=ADVANCED_FACE('',(#3032),#62,.F.);
#3260=ADVANCED_FACE('',(#3033),#107,.T.);
#3261=ADVANCED_FACE('',(#3034),#108,.T.);
#3262=ADVANCED_FACE('',(#3035),#109,.F.);
#3263=ADVANCED_FACE('',(#3036),#63,.F.);
#3264=ADVANCED_FACE('',(#3037),#110,.F.);
#3265=ADVANCED_FACE('',(#3038),#210,.F.);
#3266=ADVANCED_FACE('',(#3039),#64,.F.);
#3267=ADVANCED_FACE('',(#3040),#211,.F.);
#3268=ADVANCED_FACE('',(#3041),#65,.F.);
#3269=ADVANCED_FACE('',(#3042),#66,.F.);
#3270=ADVANCED_FACE('',(#3043),#67,.F.);
#3271=ADVANCED_FACE('',(#3044),#18,.F.);
#3272=ADVANCED_FACE('',(#3045),#68,.F.);
#3273=ADVANCED_FACE('',(#3046),#19,.F.);
#3274=ADVANCED_FACE('',(#3047),#69,.F.);
#3275=ADVANCED_FACE('',(#3048),#70,.F.);
#3276=ADVANCED_FACE('',(#3049),#212,.F.);
#3277=ADVANCED_FACE('',(#3050),#213,.F.);
#3278=ADVANCED_FACE('',(#3051),#71,.F.);
#3279=ADVANCED_FACE('',(#3052),#214,.F.);
#3280=ADVANCED_FACE('',(#3053),#111,.T.);
#3281=ADVANCED_FACE('',(#3054),#25,.F.);
#3282=ADVANCED_FACE('',(#3055),#112,.T.);
#3283=ADVANCED_FACE('',(#3056),#72,.F.);
#3284=ADVANCED_FACE('',(#3057),#73,.F.);
#3285=ADVANCED_FACE('',(#3058),#74,.F.);
#3286=ADVANCED_FACE('',(#3059),#113,.F.);
#3287=ADVANCED_FACE('',(#3060),#114,.F.);
#3288=ADVANCED_FACE('',(#3061),#115,.T.);
#3289=ADVANCED_FACE('',(#3062),#116,.T.);
#3290=ADVANCED_FACE('',(#3063),#117,.T.);
#3291=ADVANCED_FACE('',(#3064),#118,.T.);
#3292=ADVANCED_FACE('',(#3065),#75,.F.);
#3293=ADVANCED_FACE('',(#3066),#215,.F.);
#3294=ADVANCED_FACE('',(#3067),#76,.F.);
#3295=ADVANCED_FACE('',(#3068),#77,.F.);
#3296=ADVANCED_FACE('',(#3069),#78,.F.);
#3297=ADVANCED_FACE('',(#3070),#79,.F.);
#3298=ADVANCED_FACE('',(#3071),#216,.F.);
#3299=ADVANCED_FACE('',(#3072),#217,.F.);
#3300=ADVANCED_FACE('',(#3073),#26,.F.);
#3301=ADVANCED_FACE('',(#3074),#80,.F.);
#3302=ADVANCED_FACE('',(#3075),#81,.F.);
#3303=ADVANCED_FACE('',(#3076),#82,.F.);
#3304=ADVANCED_FACE('',(#3077),#218,.F.);
#3305=ADVANCED_FACE('',(#3078),#219,.F.);
#3306=ADVANCED_FACE('',(#3079),#83,.F.);
#3307=ADVANCED_FACE('',(#3080),#84,.F.);
#3308=ADVANCED_FACE('',(#3081),#85,.F.);
#3309=ADVANCED_FACE('',(#3082),#86,.F.);
#3310=ADVANCED_FACE('',(#3083),#20,.F.);
#3311=ADVANCED_FACE('',(#3084),#21,.F.);
#3312=CLOSED_SHELL('',(#3117,#3118,#3119,#3120,#3121,#3122,#3123,#3124,
#3125,#3126,#3127,#3128,#3129,#3130,#3131,#3132,#3133,#3134,#3135,#3136,
#3137,#3138,#3139,#3140,#3141,#3142,#3143,#3144,#3145,#3146,#3147,#3148,
#3149,#3150,#3151,#3152,#3153,#3154,#3155,#3156,#3157,#3158,#3159,#3160,
#3161,#3162,#3163,#3164,#3165,#3166,#3167,#3168,#3169,#3170,#3171,#3172,
#3173,#3174,#3175,#3176,#3177,#3178,#3179,#3180,#3181,#3182,#3183,#3184,
#3185,#3186,#3187,#3188,#3189,#3190,#3191,#3192,#3193,#3194,#3195,#3196,
#3197,#3198,#3199,#3200,#3201,#3202,#3203,#3204,#3205,#3206,#3207,#3208,
#3209,#3210,#3211,#3212,#3213,#3214,#3215,#3216,#3217,#3218,#3219,#3220,
#3221,#3222,#3223,#3224,#3225,#3226,#3227,#3228,#3229,#3230,#3231,#3232,
#3233,#3234,#3235,#3236,#3237,#3238,#3239,#3240,#3241,#3242,#3243,#3244,
#3245,#3246,#3247,#3248,#3249,#3250,#3251,#3252,#3253,#3254,#3255,#3256,
#3257,#3258,#3259,#3260,#3261,#3262,#3263,#3264,#3265,#3266,#3267,#3268,
#3269,#3270,#3271,#3272,#3273,#3274,#3275,#3276,#3277,#3278,#3279,#3280,
#3281,#3282,#3283,#3284,#3285,#3286,#3287,#3288,#3289,#3290,#3291,#3292,
#3293,#3294,#3295,#3296,#3297,#3298,#3299,#3300,#3301,#3302,#3303,#3304,
#3305,#3306,#3307,#3308,#3309,#3310,#3311));
#3313=STYLED_ITEM('',(#3314),#3321);
#3314=PRESENTATION_STYLE_ASSIGNMENT((#3315));
#3315=SURFACE_STYLE_USAGE(.BOTH.,#3316);
#3316=SURFACE_SIDE_STYLE('',(#3317));
#3317=SURFACE_STYLE_FILL_AREA(#3318);
#3318=FILL_AREA_STYLE('',(#3319));
#3319=FILL_AREA_STYLE_COLOUR('',#3320);
#3320=COLOUR_RGB('',0.513725490196078,0.737254901960784,0.407843137254902);
#3321=MANIFOLD_SOLID_BREP('spoke',#3312);
#3322=SHAPE_DEFINITION_REPRESENTATION(#7022,#3323);
#3323=SHAPE_REPRESENTATION('spoke',(#3324),#7017);
#3324=AXIS2_PLACEMENT_3D('',#4342,#3630,#3631);
#3325=AXIS2_PLACEMENT_3D('',#4343,#3632,#3633);
#3326=AXIS2_PLACEMENT_3D('',#4352,#3634,#3635);
#3327=AXIS2_PLACEMENT_3D('',#4369,#3636,#3637);
#3328=AXIS2_PLACEMENT_3D('',#4376,#3638,#3639);
#3329=AXIS2_PLACEMENT_3D('',#4377,#3640,#3641);
#3330=AXIS2_PLACEMENT_3D('',#4395,#3642,#3643);
#3331=AXIS2_PLACEMENT_3D('',#4409,#3644,#3645);
#3332=AXIS2_PLACEMENT_3D('',#4410,#3646,#3647);
#3333=AXIS2_PLACEMENT_3D('',#4428,#3648,#3649);
#3334=AXIS2_PLACEMENT_3D('',#4442,#3650,#3651);
#3335=AXIS2_PLACEMENT_3D('',#4459,#3652,#3653);
#3336=AXIS2_PLACEMENT_3D('',#4474,#3654,#3655);
#3337=AXIS2_PLACEMENT_3D('',#4475,#3656,#3657);
#3338=AXIS2_PLACEMENT_3D('',#4487,#3658,#3659);
#3339=AXIS2_PLACEMENT_3D('',#4502,#3660,#3661);
#3340=AXIS2_PLACEMENT_3D('',#4508,#3662,#3663);
#3341=AXIS2_PLACEMENT_3D('',#4509,#3664,#3665);
#3342=AXIS2_PLACEMENT_3D('',#4520,#3666,#3667);
#3343=AXIS2_PLACEMENT_3D('',#4521,#3668,#3669);
#3344=AXIS2_PLACEMENT_3D('',#4532,#3670,#3671);
#3345=AXIS2_PLACEMENT_3D('',#4538,#3672,#3673);
#3346=AXIS2_PLACEMENT_3D('',#4544,#3674,#3675);
#3347=AXIS2_PLACEMENT_3D('',#4545,#3676,#3677);
#3348=AXIS2_PLACEMENT_3D('',#4556,#3678,#3679);
#3349=AXIS2_PLACEMENT_3D('',#4574,#3681,#3682);
#3350=AXIS2_PLACEMENT_3D('',#4575,#3683,#3684);
#3351=AXIS2_PLACEMENT_3D('',#4578,#3686,#3687);
#3352=AXIS2_PLACEMENT_3D('',#4594,#3688,#3689);
#3353=AXIS2_PLACEMENT_3D('',#4597,#3691,#3692);
#3354=AXIS2_PLACEMENT_3D('',#4613,#3693,#3694);
#3355=AXIS2_PLACEMENT_3D('',#4616,#3696,#3697);
#3356=AXIS2_PLACEMENT_3D('',#4632,#3698,#3699);
#3357=AXIS2_PLACEMENT_3D('',#4635,#3701,#3702);
#3358=AXIS2_PLACEMENT_3D('',#4651,#3703,#3704);
#3359=AXIS2_PLACEMENT_3D('',#4652,#3705,#3706);
#3360=AXIS2_PLACEMENT_3D('',#4657,#3709,#3710);
#3361=AXIS2_PLACEMENT_3D('',#4660,#3712,#3713);
#3362=AXIS2_PLACEMENT_3D('',#4663,#3715,#3716);
#3363=AXIS2_PLACEMENT_3D('',#4666,#3718,#3719);
#3364=AXIS2_PLACEMENT_3D('',#4669,#3721,#3722);
#3365=AXIS2_PLACEMENT_3D('',#4672,#3724,#3725);
#3366=AXIS2_PLACEMENT_3D('',#4675,#3727,#3728);
#3367=AXIS2_PLACEMENT_3D('',#4678,#3730,#3731);
#3368=AXIS2_PLACEMENT_3D('',#4681,#3733,#3734);
#3369=AXIS2_PLACEMENT_3D('',#4682,#3735,#3736);
#3370=AXIS2_PLACEMENT_3D('',#4687,#3738,#3739);
#3371=AXIS2_PLACEMENT_3D('',#4689,#3740,#3741);
#3372=AXIS2_PLACEMENT_3D('',#4691,#3742,#3743);
#3373=AXIS2_PLACEMENT_3D('',#4694,#3745,#3746);
#3374=AXIS2_PLACEMENT_3D('',#4695,#3747,#3748);
#3375=AXIS2_PLACEMENT_3D('',#4700,#3750,#3751);
#3376=AXIS2_PLACEMENT_3D('',#4702,#3752,#3753);
#3377=AXIS2_PLACEMENT_3D('',#4704,#3754,#3755);
#3378=AXIS2_PLACEMENT_3D('',#4707,#3757,#3758);
#3379=AXIS2_PLACEMENT_3D('',#4708,#3759,#3760);
#3380=AXIS2_PLACEMENT_3D('',#4711,#3761,#3762);
#3381=AXIS2_PLACEMENT_3D('',#4715,#3764,#3765);
#3382=AXIS2_PLACEMENT_3D('',#4719,#3767,#3768);
#3383=AXIS2_PLACEMENT_3D('',#4720,#3769,#3770);
#3384=AXIS2_PLACEMENT_3D('',#4721,#3771,#3772);
#3385=AXIS2_PLACEMENT_3D('',#4726,#3774,#3775);
#3386=AXIS2_PLACEMENT_3D('',#4728,#3776,#3777);
#3387=AXIS2_PLACEMENT_3D('',#4730,#3778,#3779);
#3388=AXIS2_PLACEMENT_3D('',#4733,#3781,#3782);
#3389=AXIS2_PLACEMENT_3D('',#4734,#3783,#3784);
#3390=AXIS2_PLACEMENT_3D('',#4747,#3785,#3786);
#3391=AXIS2_PLACEMENT_3D('',#4753,#3787,#3788);
#3392=AXIS2_PLACEMENT_3D('',#4754,#3789,#3790);
#3393=AXIS2_PLACEMENT_3D('',#4767,#3791,#3792);
#3394=AXIS2_PLACEMENT_3D('',#4773,#3793,#3794);
#3395=AXIS2_PLACEMENT_3D('',#4785,#3795,#3796);
#3396=AXIS2_PLACEMENT_3D('',#4792,#3797,#3798);
#3397=AXIS2_PLACEMENT_3D('',#4793,#3799,#3800);
#3398=AXIS2_PLACEMENT_3D('',#4794,#3801,#3802);
#3399=AXIS2_PLACEMENT_3D('',#4807,#3803,#3804);
#3400=AXIS2_PLACEMENT_3D('',#4813,#3805,#3806);
#3401=AXIS2_PLACEMENT_3D('',#4814,#3807,#3808);
#3402=AXIS2_PLACEMENT_3D('',#4816,#3809,#3810);
#3403=AXIS2_PLACEMENT_3D('',#4823,#3811,#3812);
#3404=AXIS2_PLACEMENT_3D('',#4829,#3813,#3814);
#3405=AXIS2_PLACEMENT_3D('',#4835,#3815,#3816);
#3406=AXIS2_PLACEMENT_3D('',#4837,#3817,#3818);
#3407=AXIS2_PLACEMENT_3D('',#4844,#3819,#3820);
#3408=AXIS2_PLACEMENT_3D('',#4845,#3821,#3822);
#3409=AXIS2_PLACEMENT_3D('',#4852,#3823,#3824);
#3410=AXIS2_PLACEMENT_3D('',#4858,#3825,#3826);
#3411=AXIS2_PLACEMENT_3D('',#4860,#3827,#3828);
#3412=AXIS2_PLACEMENT_3D('',#4861,#3829,#3830);
#3413=AXIS2_PLACEMENT_3D('',#4862,#3831,#3832);
#3414=AXIS2_PLACEMENT_3D('',#4864,#3833,#3834);
#3415=AXIS2_PLACEMENT_3D('',#4871,#3835,#3836);
#3416=AXIS2_PLACEMENT_3D('',#4877,#3837,#3838);
#3417=AXIS2_PLACEMENT_3D('',#4893,#3839,#3840);
#3418=AXIS2_PLACEMENT_3D('',#4899,#3841,#3842);
#3419=AXIS2_PLACEMENT_3D('',#4915,#3843,#3844);
#3420=AXIS2_PLACEMENT_3D('',#4921,#3845,#3846);
#3421=AXIS2_PLACEMENT_3D('',#4933,#3847,#3848);
#3422=AXIS2_PLACEMENT_3D('',#4943,#3849,#3850);
#3423=AXIS2_PLACEMENT_3D('',#4959,#3851,#3852);
#3424=AXIS2_PLACEMENT_3D('',#4965,#3853,#3854);
#3425=AXIS2_PLACEMENT_3D('',#4968,#3856,#3857);
#3426=AXIS2_PLACEMENT_3D('',#4976,#3859,#3860);
#3427=AXIS2_PLACEMENT_3D('',#4979,#3862,#3863);
#3428=AXIS2_PLACEMENT_3D('',#4987,#3865,#3866);
#3429=AXIS2_PLACEMENT_3D('',#4988,#3867,#3868);
#3430=AXIS2_PLACEMENT_3D('',#4998,#3871,#3872);
#3431=AXIS2_PLACEMENT_3D('',#5001,#3874,#3875);
#3432=AXIS2_PLACEMENT_3D('',#5009,#3877,#3878);
#3433=AXIS2_PLACEMENT_3D('',#5010,#3879,#3880);
#3434=AXIS2_PLACEMENT_3D('',#5013,#3881,#3882);
#3435=AXIS2_PLACEMENT_3D('',#5015,#3883,#3884);
#3436=AXIS2_PLACEMENT_3D('',#5017,#3885,#3886);
#3437=AXIS2_PLACEMENT_3D('',#5018,#3887,#3888);
#3438=AXIS2_PLACEMENT_3D('',#5019,#3889,#3890);
#3439=AXIS2_PLACEMENT_3D('',#5020,#3891,#3892);
#3440=AXIS2_PLACEMENT_3D('',#5021,#3893,#3894);
#3441=AXIS2_PLACEMENT_3D('',#5022,#3895,#3896);
#3442=AXIS2_PLACEMENT_3D('',#5023,#3897,#3898);
#3443=AXIS2_PLACEMENT_3D('',#5024,#3899,#3900);
#3444=AXIS2_PLACEMENT_3D('',#5025,#3901,#3902);
#3445=AXIS2_PLACEMENT_3D('',#5026,#3903,#3904);
#3446=AXIS2_PLACEMENT_3D('',#5027,#3905,#3906);
#3447=AXIS2_PLACEMENT_3D('',#5041,#3908,#3909);
#3448=AXIS2_PLACEMENT_3D('',#5042,#3910,#3911);
#3449=AXIS2_PLACEMENT_3D('',#5045,#3913,#3914);
#3450=AXIS2_PLACEMENT_3D('',#5056,#3916,#3917);
#3451=AXIS2_PLACEMENT_3D('',#5058,#3918,#3919);
#3452=AXIS2_PLACEMENT_3D('',#5060,#3920,#3921);
#3453=AXIS2_PLACEMENT_3D('',#5076,#3924,#3925);
#3454=AXIS2_PLACEMENT_3D('',#5077,#3926,#3927);
#3455=AXIS2_PLACEMENT_3D('',#5093,#3930,#3931);
#3456=AXIS2_PLACEMENT_3D('',#5094,#3932,#3933);
#3457=AXIS2_PLACEMENT_3D('',#5110,#3936,#3937);
#3458=AXIS2_PLACEMENT_3D('',#5111,#3938,#3939);
#3459=AXIS2_PLACEMENT_3D('',#5119,#3941,#3942);
#3460=AXIS2_PLACEMENT_3D('',#5121,#3943,#3944);
#3461=AXIS2_PLACEMENT_3D('',#5123,#3945,#3946);
#3462=AXIS2_PLACEMENT_3D('',#5126,#3948,#3949);
#3463=AXIS2_PLACEMENT_3D('',#5127,#3950,#3951);
#3464=AXIS2_PLACEMENT_3D('',#5131,#3953,#3954);
#3465=AXIS2_PLACEMENT_3D('',#5134,#3956,#3957);
#3466=AXIS2_PLACEMENT_3D('',#5135,#3958,#3959);
#3467=AXIS2_PLACEMENT_3D('',#5139,#3961,#3962);
#3468=AXIS2_PLACEMENT_3D('',#5142,#3964,#3965);
#3469=AXIS2_PLACEMENT_3D('',#5143,#3966,#3967);
#3470=AXIS2_PLACEMENT_3D('',#5147,#3969,#3970);
#3471=AXIS2_PLACEMENT_3D('',#5150,#3972,#3973);
#3472=AXIS2_PLACEMENT_3D('',#5151,#3974,#3975);
#3473=AXIS2_PLACEMENT_3D('',#5155,#3977,#3978);
#3474=AXIS2_PLACEMENT_3D('',#5156,#3979,#3980);
#3475=AXIS2_PLACEMENT_3D('',#5160,#3982,#3983);
#3476=AXIS2_PLACEMENT_3D('',#5162,#3984,#3985);
#3477=AXIS2_PLACEMENT_3D('',#5164,#3986,#3987);
#3478=AXIS2_PLACEMENT_3D('',#5167,#3989,#3990);
#3479=AXIS2_PLACEMENT_3D('',#5169,#3991,#3992);
#3480=AXIS2_PLACEMENT_3D('',#5171,#3993,#3994);
#3481=AXIS2_PLACEMENT_3D('',#5180,#3995,#3996);
#3482=AXIS2_PLACEMENT_3D('',#5181,#3997,#3998);
#3483=AXIS2_PLACEMENT_3D('',#5183,#3999,#4000);
#3484=AXIS2_PLACEMENT_3D('',#5184,#4001,#4002);
#3485=AXIS2_PLACEMENT_3D('',#5186,#4003,#4004);
#3486=AXIS2_PLACEMENT_3D('',#5187,#4005,#4006);
#3487=AXIS2_PLACEMENT_3D('',#5189,#4007,#4008);
#3488=AXIS2_PLACEMENT_3D('',#5190,#4009,#4010);
#3489=AXIS2_PLACEMENT_3D('',#5210,#4013,#4014);
#3490=AXIS2_PLACEMENT_3D('',#5228,#4017,#4018);
#3491=AXIS2_PLACEMENT_3D('',#5229,#4019,#4020);
#3492=AXIS2_PLACEMENT_3D('',#5248,#4022,#4023);
#3493=AXIS2_PLACEMENT_3D('',#5254,#4024,#4025);
#3494=AXIS2_PLACEMENT_3D('',#5255,#4026,#4027);
#3495=AXIS2_PLACEMENT_3D('',#5262,#4028,#4029);
#3496=AXIS2_PLACEMENT_3D('',#5264,#4030,#4031);
#3497=AXIS2_PLACEMENT_3D('',#5267,#4033,#4034);
#3498=AXIS2_PLACEMENT_3D('',#5280,#4037,#4038);
#3499=AXIS2_PLACEMENT_3D('',#5282,#4040,#4041);
#3500=AXIS2_PLACEMENT_3D('',#5283,#4042,#4043);
#3501=AXIS2_PLACEMENT_3D('',#5285,#4044,#4045);
#3502=AXIS2_PLACEMENT_3D('',#5287,#4046,#4047);
#3503=AXIS2_PLACEMENT_3D('',#5288,#4048,#4049);
#3504=AXIS2_PLACEMENT_3D('',#5290,#4050,#4051);
#3505=AXIS2_PLACEMENT_3D('',#5291,#4052,#4053);
#3506=AXIS2_PLACEMENT_3D('',#5293,#4054,#4055);
#3507=AXIS2_PLACEMENT_3D('',#5294,#4056,#4057);
#3508=AXIS2_PLACEMENT_3D('',#5297,#4059,#4060);
#3509=AXIS2_PLACEMENT_3D('',#5298,#4061,#4062);
#3510=AXIS2_PLACEMENT_3D('',#5301,#4064,#4065);
#3511=AXIS2_PLACEMENT_3D('',#5312,#4066,#4067);
#3512=AXIS2_PLACEMENT_3D('',#5318,#4068,#4069);
#3513=AXIS2_PLACEMENT_3D('',#5319,#4070,#4071);
#3514=AXIS2_PLACEMENT_3D('',#5321,#4072,#4073);
#3515=AXIS2_PLACEMENT_3D('',#5328,#4074,#4075);
#3516=AXIS2_PLACEMENT_3D('',#5334,#4076,#4077);
#3517=AXIS2_PLACEMENT_3D('',#5350,#4078,#4079);
#3518=AXIS2_PLACEMENT_3D('',#5356,#4080,#4081);
#3519=AXIS2_PLACEMENT_3D('',#5357,#4082,#4083);
#3520=AXIS2_PLACEMENT_3D('',#5359,#4084,#4085);
#3521=AXIS2_PLACEMENT_3D('',#5361,#4086,#4087);
#3522=AXIS2_PLACEMENT_3D('',#5362,#4088,#4089);
#3523=AXIS2_PLACEMENT_3D('',#5364,#4090,#4091);
#3524=AXIS2_PLACEMENT_3D('',#5365,#4092,#4093);
#3525=AXIS2_PLACEMENT_3D('',#5367,#4094,#4095);
#3526=AXIS2_PLACEMENT_3D('',#5368,#4096,#4097);
#3527=AXIS2_PLACEMENT_3D('',#5376,#4100,#4101);
#3528=AXIS2_PLACEMENT_3D('',#5389,#4102,#4103);
#3529=AXIS2_PLACEMENT_3D('',#5407,#4104,#4105);
#3530=AXIS2_PLACEMENT_3D('',#5420,#4106,#4107);
#3531=AXIS2_PLACEMENT_3D('',#5463,#4108,#4109);
#3532=AXIS2_PLACEMENT_3D('',#5464,#4110,#4111);
#3533=AXIS2_PLACEMENT_3D('',#5562,#4112,#4113);
#3534=AXIS2_PLACEMENT_3D('',#5568,#4114,#4115);
#3535=AXIS2_PLACEMENT_3D('',#5585,#4116,#4117);
#3536=AXIS2_PLACEMENT_3D('',#5598,#4118,#4119);
#3537=AXIS2_PLACEMENT_3D('',#5631,#4120,#4121);
#3538=AXIS2_PLACEMENT_3D('',#5632,#4122,#4123);
#3539=AXIS2_PLACEMENT_3D('',#5633,#4124,#4125);
#3540=AXIS2_PLACEMENT_3D('',#5634,#4126,#4127);
#3541=AXIS2_PLACEMENT_3D('',#5635,#4128,#4129);
#3542=AXIS2_PLACEMENT_3D('',#5636,#4130,#4131);
#3543=AXIS2_PLACEMENT_3D('',#5637,#4132,#4133);
#3544=AXIS2_PLACEMENT_3D('',#5659,#4136,#4137);
#3545=AXIS2_PLACEMENT_3D('',#5665,#4138,#4139);
#3546=AXIS2_PLACEMENT_3D('',#5678,#4142,#4143);
#3547=AXIS2_PLACEMENT_3D('',#5718,#4145,#4146);
#3548=AXIS2_PLACEMENT_3D('',#5723,#4147,#4148);
#3549=AXIS2_PLACEMENT_3D('',#5762,#4151,#4152);
#3550=AXIS2_PLACEMENT_3D('',#5763,#4153,#4154);
#3551=AXIS2_PLACEMENT_3D('',#5817,#4155,#4156);
#3552=AXIS2_PLACEMENT_3D('',#5824,#4157,#4158);
#3553=AXIS2_PLACEMENT_3D('',#5825,#4159,#4160);
#3554=AXIS2_PLACEMENT_3D('',#5826,#4161,#4162);
#3555=AXIS2_PLACEMENT_3D('',#5839,#4163,#4164);
#3556=AXIS2_PLACEMENT_3D('',#5840,#4165,#4166);
#3557=AXIS2_PLACEMENT_3D('',#5842,#4167,#4168);
#3558=AXIS2_PLACEMENT_3D('',#5883,#4169,#4170);
#3559=AXIS2_PLACEMENT_3D('',#5890,#4171,#4172);
#3560=AXIS2_PLACEMENT_3D('',#5893,#4174,#4175);
#3561=AXIS2_PLACEMENT_3D('',#5894,#4176,#4177);
#3562=AXIS2_PLACEMENT_3D('',#5900,#4178,#4179);
#3563=AXIS2_PLACEMENT_3D('',#5938,#4181,#4182);
#3564=AXIS2_PLACEMENT_3D('',#5980,#4183,#4184);
#3565=AXIS2_PLACEMENT_3D('',#5981,#4185,#4186);
#3566=AXIS2_PLACEMENT_3D('',#6003,#4189,#4190);
#3567=AXIS2_PLACEMENT_3D('',#6009,#4191,#4192);
#3568=AXIS2_PLACEMENT_3D('',#6022,#4195,#4196);
#3569=AXIS2_PLACEMENT_3D('',#6062,#4198,#4199);
#3570=AXIS2_PLACEMENT_3D('',#6080,#4202,#4203);
#3571=AXIS2_PLACEMENT_3D('',#6108,#4204,#4205);
#3572=AXIS2_PLACEMENT_3D('',#6140,#4206,#4207);
#3573=AXIS2_PLACEMENT_3D('',#6163,#4208,#4209);
#3574=AXIS2_PLACEMENT_3D('',#6164,#4210,#4211);
#3575=AXIS2_PLACEMENT_3D('',#6166,#4212,#4213);
#3576=AXIS2_PLACEMENT_3D('',#6183,#4214,#4215);
#3577=AXIS2_PLACEMENT_3D('',#6184,#4216,#4217);
#3578=AXIS2_PLACEMENT_3D('',#6185,#4218,#4219);
#3579=AXIS2_PLACEMENT_3D('',#6210,#4220,#4221);
#3580=AXIS2_PLACEMENT_3D('',#6217,#4222,#4223);
#3581=AXIS2_PLACEMENT_3D('',#6220,#4225,#4226);
#3582=AXIS2_PLACEMENT_3D('',#6221,#4227,#4228);
#3583=AXIS2_PLACEMENT_3D('',#6238,#4229,#4230);
#3584=AXIS2_PLACEMENT_3D('',#6240,#4232,#4233);
#3585=AXIS2_PLACEMENT_3D('',#6246,#4234,#4235);
#3586=AXIS2_PLACEMENT_3D('',#6324,#4236,#4237);
#3587=AXIS2_PLACEMENT_3D('',#6325,#4238,#4239);
#3588=AXIS2_PLACEMENT_3D('',#6347,#4242,#4243);
#3589=AXIS2_PLACEMENT_3D('',#6353,#4244,#4245);
#3590=AXIS2_PLACEMENT_3D('',#6366,#4248,#4249);
#3591=AXIS2_PLACEMENT_3D('',#6406,#4251,#4252);
#3592=AXIS2_PLACEMENT_3D('',#6424,#4255,#4256);
#3593=AXIS2_PLACEMENT_3D('',#6452,#4257,#4258);
#3594=AXIS2_PLACEMENT_3D('',#6484,#4259,#4260);
#3595=AXIS2_PLACEMENT_3D('',#6507,#4261,#4262);
#3596=AXIS2_PLACEMENT_3D('',#6508,#4263,#4264);
#3597=AXIS2_PLACEMENT_3D('',#6510,#4265,#4266);
#3598=AXIS2_PLACEMENT_3D('',#6527,#4267,#4268);
#3599=AXIS2_PLACEMENT_3D('',#6528,#4269,#4270);
#3600=AXIS2_PLACEMENT_3D('',#6529,#4271,#4272);
#3601=AXIS2_PLACEMENT_3D('',#6554,#4273,#4274);
#3602=AXIS2_PLACEMENT_3D('',#6561,#4275,#4276);
#3603=AXIS2_PLACEMENT_3D('',#6564,#4278,#4279);
#3604=AXIS2_PLACEMENT_3D('',#6565,#4280,#4281);
#3605=AXIS2_PLACEMENT_3D('',#6582,#4282,#4283);
#3606=AXIS2_PLACEMENT_3D('',#6588,#4284,#4285);
#3607=AXIS2_PLACEMENT_3D('',#6626,#4287,#4288);
#3608=AXIS2_PLACEMENT_3D('',#6668,#4289,#4290);
#3609=AXIS2_PLACEMENT_3D('',#6688,#4293,#4294);
#3610=AXIS2_PLACEMENT_3D('',#6706,#4297,#4298);
#3611=AXIS2_PLACEMENT_3D('',#6707,#4299,#4300);
#3612=AXIS2_PLACEMENT_3D('',#6726,#4302,#4303);
#3613=AXIS2_PLACEMENT_3D('',#6732,#4304,#4305);
#3614=AXIS2_PLACEMENT_3D('',#6733,#4306,#4307);
#3615=AXIS2_PLACEMENT_3D('',#6740,#4308,#4309);
#3616=AXIS2_PLACEMENT_3D('',#6742,#4310,#4311);
#3617=AXIS2_PLACEMENT_3D('',#6745,#4313,#4314);
#3618=AXIS2_PLACEMENT_3D('',#6758,#4317,#4318);
#3619=AXIS2_PLACEMENT_3D('',#6772,#4320,#4321);
#3620=AXIS2_PLACEMENT_3D('',#6790,#4322,#4323);
#3621=AXIS2_PLACEMENT_3D('',#6803,#4324,#4325);
#3622=AXIS2_PLACEMENT_3D('',#6846,#4326,#4327);
#3623=AXIS2_PLACEMENT_3D('',#6847,#4328,#4329);
#3624=AXIS2_PLACEMENT_3D('',#6945,#4330,#4331);
#3625=AXIS2_PLACEMENT_3D('',#6951,#4332,#4333);
#3626=AXIS2_PLACEMENT_3D('',#6968,#4334,#4335);
#3627=AXIS2_PLACEMENT_3D('',#6981,#4336,#4337);
#3628=AXIS2_PLACEMENT_3D('',#7014,#4338,#4339);
#3629=AXIS2_PLACEMENT_3D('',#7015,#4340,#4341);
#3630=DIRECTION('',(0.,0.,1.));
#3631=DIRECTION('',(1.,0.,0.));
#3632=DIRECTION('',(-1.,0.,0.));
#3633=DIRECTION('',(0.,0.,1.));
#3634=DIRECTION('',(-1.,0.,0.));
#3635=DIRECTION('',(0.,0.,1.));
#3636=DIRECTION('',(-1.,0.,0.));
#3637=DIRECTION('',(0.,0.,1.));
#3638=DIRECTION('',(-1.,0.,0.));
#3639=DIRECTION('',(0.,0.,1.));
#3640=DIRECTION('',(-1.,0.,0.));
#3641=DIRECTION('',(0.,0.,1.));
#3642=DIRECTION('',(-1.,0.,0.));
#3643=DIRECTION('',(0.,0.,1.));
#3644=DIRECTION('',(-1.,0.,0.));
#3645=DIRECTION('',(0.,0.,1.));
#3646=DIRECTION('',(-1.,0.,0.));
#3647=DIRECTION('',(0.,0.,1.));
#3648=DIRECTION('',(-1.,0.,0.));
#3649=DIRECTION('',(0.,0.,1.));
#3650=DIRECTION('',(-1.,0.,0.));
#3651=DIRECTION('',(0.,0.,1.));
#3652=DIRECTION('',(-1.,0.,0.));
#3653=DIRECTION('',(0.,0.,1.));
#3654=DIRECTION('',(-1.,0.,0.));
#3655=DIRECTION('',(0.,0.,1.));
#3656=DIRECTION('',(-1.,0.,0.));
#3657=DIRECTION('',(0.,0.,1.));
#3658=DIRECTION('',(-1.,0.,0.));
#3659=DIRECTION('',(0.,0.,1.));
#3660=DIRECTION('',(-1.,0.,0.));
#3661=DIRECTION('',(0.,0.,1.));
#3662=DIRECTION('',(-1.,0.,0.));
#3663=DIRECTION('',(0.,0.,1.));
#3664=DIRECTION('',(-1.,0.,0.));
#3665=DIRECTION('',(0.,0.,1.));
#3666=DIRECTION('',(-1.,0.,0.));
#3667=DIRECTION('',(0.,0.,1.));
#3668=DIRECTION('',(-1.,0.,0.));
#3669=DIRECTION('',(0.,0.,1.));
#3670=DIRECTION('',(-1.,0.,0.));
#3671=DIRECTION('',(0.,0.,1.));
#3672=DIRECTION('',(-1.,0.,0.));
#3673=DIRECTION('',(0.,0.,1.));
#3674=DIRECTION('',(-1.,0.,0.));
#3675=DIRECTION('',(0.,0.,1.));
#3676=DIRECTION('',(-1.,0.,0.));
#3677=DIRECTION('',(0.,0.,1.));
#3678=DIRECTION('',(-1.,0.,0.));
#3679=DIRECTION('',(0.,0.,1.));
#3680=DIRECTION('',(0.996194698091746,-0.0871557427476585,0.));
#3681=DIRECTION('',(-1.,0.,0.));
#3682=DIRECTION('',(0.,0.,1.));
#3683=DIRECTION('',(-1.,0.,0.));
#3684=DIRECTION('',(0.,0.,1.));
#3685=DIRECTION('',(0.996194698091746,-0.0269326056663976,-0.0828900370727047));
#3686=DIRECTION('',(-1.,0.,0.));
#3687=DIRECTION('',(0.,0.,1.));
#3688=DIRECTION('',(-1.,0.,0.));
#3689=DIRECTION('',(0.,0.,1.));
#3690=DIRECTION('',(0.996194698091746,0.0705104770402268,-0.0512288602396703));
#3691=DIRECTION('',(-1.,0.,0.));
#3692=DIRECTION('',(0.,0.,1.));
#3693=DIRECTION('',(-1.,0.,0.));
#3694=DIRECTION('',(0.,0.,1.));
#3695=DIRECTION('',(0.996194698091745,0.0705104770402268,0.0512288602396703));
#3696=DIRECTION('',(-1.,0.,0.));
#3697=DIRECTION('',(0.,0.,1.));
#3698=DIRECTION('',(-1.,0.,0.));
#3699=DIRECTION('',(0.,0.,1.));
#3700=DIRECTION('',(0.996194698091746,-0.0269326056663976,0.0828900370727047));
#3701=DIRECTION('',(-1.,0.,0.));
#3702=DIRECTION('',(0.,0.,1.));
#3703=DIRECTION('',(-1.,0.,0.));
#3704=DIRECTION('',(0.,0.,1.));
#3705=DIRECTION('',(-1.,0.,0.));
#3706=DIRECTION('',(0.,0.,1.));
#3707=DIRECTION('',(-1.,0.,0.));
#3708=DIRECTION('',(1.,0.,0.));
#3709=DIRECTION('',(-1.,0.,0.));
#3710=DIRECTION('',(0.,0.,1.));
#3711=DIRECTION('',(1.,0.,0.));
#3712=DIRECTION('',(-1.,0.,0.));
#3713=DIRECTION('',(0.,0.,1.));
#3714=DIRECTION('',(-1.,0.,0.));
#3715=DIRECTION('',(-1.,0.,0.));
#3716=DIRECTION('',(0.,0.,1.));
#3717=DIRECTION('',(1.,0.,0.));
#3718=DIRECTION('',(-1.,0.,0.));
#3719=DIRECTION('',(0.,0.,1.));
#3720=DIRECTION('',(-1.,0.,0.));
#3721=DIRECTION('',(-1.,0.,0.));
#3722=DIRECTION('',(0.,0.,1.));
#3723=DIRECTION('',(1.,0.,0.));
#3724=DIRECTION('',(-1.,0.,0.));
#3725=DIRECTION('',(0.,0.,1.));
#3726=DIRECTION('',(-1.,0.,0.));
#3727=DIRECTION('',(-1.,0.,0.));
#3728=DIRECTION('',(0.,0.,1.));
#3729=DIRECTION('',(1.,0.,0.));
#3730=DIRECTION('',(-1.,0.,0.));
#3731=DIRECTION('',(0.,0.,1.));
#3732=DIRECTION('',(-1.,0.,0.));
#3733=DIRECTION('',(-1.,0.,0.));
#3734=DIRECTION('',(0.,0.,1.));
#3735=DIRECTION('',(-1.,0.,0.));
#3736=DIRECTION('',(0.,0.,1.));
#3737=DIRECTION('',(-1.,0.,0.));
#3738=DIRECTION('',(-0.0945620490952261,0.80539176464426,-0.58515136871934));
#3739=DIRECTION('',(-0.995518969618817,-0.076502304740956,0.0555821778847307));
#3740=DIRECTION('',(-1.,0.,0.));
#3741=DIRECTION('',(0.,0.,1.));
#3742=DIRECTION('',(0.0945620490952286,0.307632279834852,0.946794803151413));
#3743=DIRECTION('',(-0.995518969618817,0.0292212801933437,0.0899338529862394));
#3744=DIRECTION('',(-1.,0.,0.));
#3745=DIRECTION('',(-1.,0.,0.));
#3746=DIRECTION('',(0.,0.,1.));
#3747=DIRECTION('',(-1.,0.,0.));
#3748=DIRECTION('',(0.,0.,1.));
#3749=DIRECTION('',(-1.,0.,0.));
#3750=DIRECTION('',(-0.0945620490952261,-0.307632279834852,-0.946794803151414));
#3751=DIRECTION('',(-0.995518969618817,0.029221280193343,0.089933852986237));
#3752=DIRECTION('',(-1.,0.,0.));
#3753=DIRECTION('',(0.,0.,1.));
#3754=DIRECTION('',(0.0945620490952286,0.995518969618817,0.));
#3755=DIRECTION('',(-0.995518969618817,0.0945620490952286,0.));
#3756=DIRECTION('',(-1.,0.,0.));
#3757=DIRECTION('',(-1.,0.,0.));
#3758=DIRECTION('',(0.,0.,1.));
#3759=DIRECTION('',(-1.,0.,0.));
#3760=DIRECTION('',(0.,0.,1.));
#3761=DIRECTION('',(0.0945620490952286,0.307632279834852,-0.946794803151413));
#3762=DIRECTION('',(-0.995518969618817,0.0292212801933437,-0.0899338529862394));
#3763=DIRECTION('',(-1.,0.,0.));
#3764=DIRECTION('',(-1.,0.,0.));
#3765=DIRECTION('',(0.,0.,1.));
#3766=DIRECTION('',(-1.,0.,0.));
#3767=DIRECTION('',(-0.0945620490952261,-0.995518969618818,0.));
#3768=DIRECTION('',(-0.995518969618817,0.0945620490952261,0.));
#3769=DIRECTION('',(-1.,0.,0.));
#3770=DIRECTION('',(0.,0.,1.));
#3771=DIRECTION('',(-1.,0.,0.));
#3772=DIRECTION('',(0.,0.,1.));
#3773=DIRECTION('',(-1.,0.,0.));
#3774=DIRECTION('',(-0.0945620490952261,0.805391764644261,0.58515136871934));
#3775=DIRECTION('',(-0.995518969618817,-0.076502304740956,-0.0555821778847307));
#3776=DIRECTION('',(-1.,0.,0.));
#3777=DIRECTION('',(0.,0.,1.));
#3778=DIRECTION('',(0.0945620490952286,-0.80539176464426,0.58515136871934));
#3779=DIRECTION('',(-0.995518969618817,-0.076502304740958,0.0555821778847322));
#3780=DIRECTION('',(-1.,0.,0.));
#3781=DIRECTION('',(1.,0.,0.));
#3782=DIRECTION('',(0.,0.,-1.));
#3783=DIRECTION('',(1.,0.,0.));
#3784=DIRECTION('',(0.,0.,-1.));
#3785=DIRECTION('',(-1.,0.,0.));
#3786=DIRECTION('',(0.,0.,1.));
#3787=DIRECTION('',(1.,0.,0.));
#3788=DIRECTION('',(0.,0.,-1.));
#3789=DIRECTION('',(1.,0.,0.));
#3790=DIRECTION('',(0.,0.,-1.));
#3791=DIRECTION('',(-1.,0.,0.));
#3792=DIRECTION('',(0.,0.,1.));
#3793=DIRECTION('',(1.,0.,0.));
#3794=DIRECTION('',(0.,0.,-1.));
#3795=DIRECTION('',(-1.,0.,0.));
#3796=DIRECTION('',(0.,0.,1.));
#3797=DIRECTION('',(1.,0.,0.));
#3798=DIRECTION('',(0.,0.,-1.));
#3799=DIRECTION('',(1.,0.,0.));
#3800=DIRECTION('',(0.,0.,-1.));
#3801=DIRECTION('',(1.,0.,0.));
#3802=DIRECTION('',(0.,0.,-1.));
#3803=DIRECTION('',(-1.,0.,0.));
#3804=DIRECTION('',(0.,0.,1.));
#3805=DIRECTION('',(-1.,0.,0.));
#3806=DIRECTION('',(0.,0.,1.));
#3807=DIRECTION('',(-0.095192886282541,0.805343123745536,-0.585116029037816));
#3808=DIRECTION('',(-0.995458846161507,-0.0770126627461775,0.0559529746800321));
#3809=DIRECTION('',(-1.,0.,0.));
#3810=DIRECTION('',(0.,0.,1.));
#3811=DIRECTION('',(0.0951928862825435,0.307613700664782,0.946737622345556));
#3812=DIRECTION('',(-0.995458846161507,0.0294162196049078,0.0905338148039565));
#3813=DIRECTION('',(-1.,0.,0.));
#3814=DIRECTION('',(0.,0.,1.));
#3815=DIRECTION('',(-0.095192886282541,-0.307613700664782,-0.946737622345556));
#3816=DIRECTION('',(-0.995458846161507,0.029416219604907,0.0905338148039541));
#3817=DIRECTION('',(-1.,0.,0.));
#3818=DIRECTION('',(0.,0.,1.));
#3819=DIRECTION('',(0.0951928862825435,0.995458846161507,0.));
#3820=DIRECTION('',(-0.995458846161507,0.0951928862825435,0.));
#3821=DIRECTION('',(-1.,0.,0.));
#3822=DIRECTION('',(0.,0.,1.));
#3823=DIRECTION('',(0.0951928862825435,0.307613700664782,-0.946737622345556));
#3824=DIRECTION('',(-0.995458846161507,0.0294162196049078,-0.0905338148039565));
#3825=DIRECTION('',(-0.095192886282541,-0.995458846161507,0.));
#3826=DIRECTION('',(-0.995458846161507,0.095192886282541,0.));
#3827=DIRECTION('',(-1.,0.,0.));
#3828=DIRECTION('',(0.,0.,1.));
#3829=DIRECTION('',(-1.,0.,0.));
#3830=DIRECTION('',(0.,0.,1.));
#3831=DIRECTION('',(-0.095192886282541,0.805343123745536,0.585116029037816));
#3832=DIRECTION('',(-0.995458846161507,-0.0770126627461775,-0.055952974680032));
#3833=DIRECTION('',(-1.,0.,0.));
#3834=DIRECTION('',(0.,0.,1.));
#3835=DIRECTION('',(0.0951928862825435,-0.805343123745536,0.585116029037816));
#3836=DIRECTION('',(-0.995458846161507,-0.0770126627461795,0.0559529746800335));
#3837=DIRECTION('',(-1.,0.,0.));
#3838=DIRECTION('',(0.,0.,1.));
#3839=DIRECTION('',(-1.,0.,0.));
#3840=DIRECTION('',(0.,0.,1.));
#3841=DIRECTION('',(-1.,0.,0.));
#3842=DIRECTION('',(0.,0.,1.));
#3843=DIRECTION('',(-1.,0.,0.));
#3844=DIRECTION('',(0.,0.,1.));
#3845=DIRECTION('',(-1.,0.,0.));
#3846=DIRECTION('',(0.,0.,1.));
#3847=DIRECTION('',(-1.,0.,0.));
#3848=DIRECTION('',(0.,0.,1.));
#3849=DIRECTION('',(-1.,0.,0.));
#3850=DIRECTION('',(0.,0.,1.));
#3851=DIRECTION('',(-1.,0.,0.));
#3852=DIRECTION('',(0.,0.,1.));
#3853=DIRECTION('',(-1.,0.,0.));
#3854=DIRECTION('',(0.,0.,1.));
#3855=DIRECTION('',(-1.,0.,0.));
#3856=DIRECTION('',(-1.,0.,0.));
#3857=DIRECTION('',(0.,0.,1.));
#3858=DIRECTION('',(-1.,0.,0.));
#3859=DIRECTION('',(-1.,0.,0.));
#3860=DIRECTION('',(0.,0.,1.));
#3861=DIRECTION('',(-1.,0.,0.));
#3862=DIRECTION('',(-1.,0.,0.));
#3863=DIRECTION('',(0.,0.,1.));
#3864=DIRECTION('',(-1.,0.,0.));
#3865=DIRECTION('',(-1.,0.,0.));
#3866=DIRECTION('',(0.,0.,1.));
#3867=DIRECTION('',(-1.,0.,0.));
#3868=DIRECTION('',(0.,0.,1.));
#3869=DIRECTION('',(-1.,0.,0.));
#3870=DIRECTION('',(-1.,0.,0.));
#3871=DIRECTION('',(-1.,0.,0.));
#3872=DIRECTION('',(0.,0.,1.));
#3873=DIRECTION('',(-1.,0.,0.));
#3874=DIRECTION('',(-1.,0.,0.));
#3875=DIRECTION('',(0.,0.,1.));
#3876=DIRECTION('',(-1.,0.,0.));
#3877=DIRECTION('',(-1.,0.,0.));
#3878=DIRECTION('',(0.,0.,1.));
#3879=DIRECTION('',(1.27899231127969E-14,-0.344536484101108,-0.938772928414133));
#3880=DIRECTION('',(0.,0.938772928414133,-0.344536484101108));
#3881=DIRECTION('',(1.,0.,0.));
#3882=DIRECTION('',(0.,0.,-1.));
#3883=DIRECTION('',(4.64960497551811E-13,-0.966369454017191,-0.257157691587315));
#3884=DIRECTION('',(0.,0.257157691587315,-0.966369454017191));
#3885=DIRECTION('',(-1.,0.,0.));
#3886=DIRECTION('',(0.,0.,1.));
#3887=DIRECTION('',(-1.,0.,0.));
#3888=DIRECTION('',(0.,0.,1.));
#3889=DIRECTION('',(1.27899231127969E-14,-0.999293739659181,0.037576879566678));
#3890=DIRECTION('',(0.,-0.037576879566678,-0.999293739659181));
#3891=DIRECTION('',(4.64960497551812E-13,-0.543196082435687,0.839605869456927));
#3892=DIRECTION('',(0.,-0.839605869456927,-0.543196082435687));
#3893=DIRECTION('',(-1.,0.,0.));
#3894=DIRECTION('',(0.,0.,1.));
#3895=DIRECTION('',(1.27899231127969E-14,-0.273061011753254,0.961996717177501));
#3896=DIRECTION('',(0.,-0.961996717177501,-0.273061011753254));
#3897=DIRECTION('',(4.64960497551812E-13,0.630655812516146,0.776062656065604));
#3898=DIRECTION('',(0.,-0.776062656065604,0.630655812516146));
#3899=DIRECTION('',(-1.,0.,0.));
#3900=DIRECTION('',(0.,0.,1.));
#3901=DIRECTION('',(1.27899231127969E-14,0.830532753393235,0.556969788714838));
#3902=DIRECTION('',(0.,-0.556969788714838,0.830532753393236));
#3903=DIRECTION('',(4.64960497551812E-13,0.932962809773347,-0.359972770608864));
#3904=DIRECTION('',(0.,0.359972770608864,0.932962809773347));
#3905=DIRECTION('',(1.,0.,0.));
#3906=DIRECTION('',(0.,0.,-1.));
#3907=DIRECTION('',(0.,-0.951056516295154,-0.309016994374948));
#3908=DIRECTION('',(1.,0.,0.));
#3909=DIRECTION('',(0.,-0.951056516295154,-0.309016994374948));
#3910=DIRECTION('',(1.,0.,0.));
#3911=DIRECTION('',(0.,0.,-1.));
#3912=DIRECTION('',(0.,0.,-1.));
#3913=DIRECTION('',(-1.,0.,0.));
#3914=DIRECTION('',(0.,0.,1.));
#3915=DIRECTION('',(0.,-0.587785252292473,0.809016994374948));
#3916=DIRECTION('',(1.,0.,0.));
#3917=DIRECTION('',(0.,-0.587785252292473,0.809016994374948));
#3918=DIRECTION('',(-1.,0.,0.));
#3919=DIRECTION('',(0.,0.,1.));
#3920=DIRECTION('',(1.,0.,0.));
#3921=DIRECTION('',(0.,-0.951056516295154,-0.309016994374948));
#3922=DIRECTION('',(0.,-0.951056516295154,-0.309016994374948));
#3923=DIRECTION('',(0.,0.,-1.));
#3924=DIRECTION('',(1.,0.,0.));
#3925=DIRECTION('',(0.,0.,-1.));
#3926=DIRECTION('',(1.,0.,0.));
#3927=DIRECTION('',(0.,0.951056516295154,-0.309016994374948));
#3928=DIRECTION('',(0.,0.951056516295154,-0.309016994374948));
#3929=DIRECTION('',(0.,0.951056516295154,-0.309016994374948));
#3930=DIRECTION('',(1.,0.,0.));
#3931=DIRECTION('',(0.,0.951056516295154,-0.309016994374948));
#3932=DIRECTION('',(1.,0.,0.));
#3933=DIRECTION('',(0.,0.587785252292473,0.809016994374947));
#3934=DIRECTION('',(0.,0.587785252292473,0.809016994374947));
#3935=DIRECTION('',(0.,0.587785252292473,0.809016994374947));
#3936=DIRECTION('',(1.,0.,0.));
#3937=DIRECTION('',(0.,0.587785252292473,0.809016994374947));
#3938=DIRECTION('',(1.,0.,0.));
#3939=DIRECTION('',(0.,-0.587785252292473,0.809016994374948));
#3940=DIRECTION('',(0.,-0.587785252292473,0.809016994374948));
#3941=DIRECTION('',(-1.,0.,0.));
#3942=DIRECTION('',(0.,0.,1.));
#3943=DIRECTION('',(-1.,0.,0.));
#3944=DIRECTION('',(0.,0.,1.));
#3945=DIRECTION('',(1.,0.,0.));
#3946=DIRECTION('',(0.,0.,-1.));
#3947=DIRECTION('',(0.,0.,-1.));
#3948=DIRECTION('',(1.,0.,0.));
#3949=DIRECTION('',(0.,0.,-1.));
#3950=DIRECTION('',(1.,0.,0.));
#3951=DIRECTION('',(0.,-0.951056516295154,-0.309016994374948));
#3952=DIRECTION('',(0.,-0.951056516295154,-0.309016994374948));
#3953=DIRECTION('',(1.,0.,0.));
#3954=DIRECTION('',(0.,-0.951056516295154,-0.309016994374948));
#3955=DIRECTION('',(0.,-0.587785252292473,0.809016994374948));
#3956=DIRECTION('',(1.,0.,0.));
#3957=DIRECTION('',(0.,-0.587785252292473,0.809016994374948));
#3958=DIRECTION('',(1.,0.,0.));
#3959=DIRECTION('',(0.,0.587785252292473,0.809016994374947));
#3960=DIRECTION('',(0.,0.587785252292473,0.809016994374947));
#3961=DIRECTION('',(1.,0.,0.));
#3962=DIRECTION('',(0.,0.587785252292473,0.809016994374947));
#3963=DIRECTION('',(0.,0.587785252292473,0.809016994374947));
#3964=DIRECTION('',(1.,0.,0.));
#3965=DIRECTION('',(0.,0.587785252292473,0.809016994374947));
#3966=DIRECTION('',(1.,0.,0.));
#3967=DIRECTION('',(0.,0.951056516295154,-0.309016994374948));
#3968=DIRECTION('',(0.,0.951056516295154,-0.309016994374948));
#3969=DIRECTION('',(1.,0.,0.));
#3970=DIRECTION('',(0.,0.951056516295154,-0.309016994374948));
#3971=DIRECTION('',(0.,0.951056516295154,-0.309016994374948));
#3972=DIRECTION('',(1.,0.,0.));
#3973=DIRECTION('',(0.,0.951056516295154,-0.309016994374948));
#3974=DIRECTION('',(1.,0.,0.));
#3975=DIRECTION('',(0.,0.,-1.));
#3976=DIRECTION('',(0.,0.,-1.));
#3977=DIRECTION('',(1.,0.,0.));
#3978=DIRECTION('',(0.,0.,-1.));
#3979=DIRECTION('',(1.,0.,0.));
#3980=DIRECTION('',(0.,-0.587785252292473,0.809016994374948));
#3981=DIRECTION('',(0.,-0.951056516295154,-0.309016994374948));
#3982=DIRECTION('',(1.,0.,0.));
#3983=DIRECTION('',(0.,-0.951056516295154,-0.309016994374948));
#3984=DIRECTION('',(-1.,0.,0.));
#3985=DIRECTION('',(0.,0.,1.));
#3986=DIRECTION('',(1.,0.,0.));
#3987=DIRECTION('',(0.,-0.587785252292473,0.809016994374948));
#3988=DIRECTION('',(0.,-0.587785252292473,0.809016994374948));
#3989=DIRECTION('',(-1.,0.,0.));
#3990=DIRECTION('',(0.,0.,1.));
#3991=DIRECTION('',(-1.,0.,0.));
#3992=DIRECTION('',(0.,0.,1.));
#3993=DIRECTION('',(-1.,0.,0.));
#3994=DIRECTION('',(0.,0.,1.));
#3995=DIRECTION('',(-1.,0.,0.));
#3996=DIRECTION('',(0.,0.,1.));
#3997=DIRECTION('',(-1.,0.,0.));
#3998=DIRECTION('',(0.,0.,1.));
#3999=DIRECTION('',(-1.,0.,0.));
#4000=DIRECTION('',(0.,0.,1.));
#4001=DIRECTION('',(-1.,0.,0.));
#4002=DIRECTION('',(0.,0.,1.));
#4003=DIRECTION('',(-1.,0.,0.));
#4004=DIRECTION('',(0.,0.,1.));
#4005=DIRECTION('',(-1.,0.,0.));
#4006=DIRECTION('',(0.,0.,1.));
#4007=DIRECTION('',(-1.,0.,0.));
#4008=DIRECTION('',(0.,0.,1.));
#4009=DIRECTION('',(0.,1.,0.));
#4010=DIRECTION('',(0.,0.,1.));
#4011=DIRECTION('',(0.,0.,-1.));
#4012=DIRECTION('',(1.,0.,0.));
#4013=DIRECTION('',(0.,-1.,0.));
#4014=DIRECTION('',(0.,0.,-1.));
#4015=DIRECTION('',(1.,0.,0.));
#4016=DIRECTION('',(0.,0.,-1.));
#4017=DIRECTION('',(-0.0871557427476608,-0.996194698091745,0.));
#4018=DIRECTION('',(0.996194698091745,-0.0871557427476608,0.));
#4019=DIRECTION('',(-0.0871557427476608,-0.996194698091745,0.));
#4020=DIRECTION('',(-0.996194698091745,0.0871557427476608,0.));
#4021=DIRECTION('',(0.,0.,-1.));
#4022=DIRECTION('',(-0.0871557427476608,-0.996194698091745,0.));
#4023=DIRECTION('',(-0.996194698091745,0.0871557427476608,0.));
#4024=DIRECTION('',(0.0871557427476585,0.996194698091746,0.));
#4025=DIRECTION('',(-0.996194698091746,0.0871557427476585,0.));
#4026=DIRECTION('',(0.0871557427476585,0.996194698091746,0.));
#4027=DIRECTION('',(-0.996194698091746,0.0871557427476585,0.));
#4028=DIRECTION('',(0.0871557427476585,0.996194698091746,0.));
#4029=DIRECTION('',(-0.996194698091746,0.0871557427476585,0.));
#4030=DIRECTION('',(0.0871557427476585,0.996194698091746,0.));
#4031=DIRECTION('',(-0.996194698091746,0.0871557427476585,0.));
#4032=DIRECTION('',(0.,0.,-1.));
#4033=DIRECTION('',(0.,-1.,0.));
#4034=DIRECTION('',(0.,0.,-1.));
#4035=DIRECTION('',(-1.,0.,0.));
#4036=DIRECTION('',(1.,0.,0.));
#4037=DIRECTION('',(0.,1.,0.));
#4038=DIRECTION('',(0.,0.,1.));
#4039=DIRECTION('',(-1.,0.,0.));
#4040=DIRECTION('',(-1.,0.,0.));
#4041=DIRECTION('',(0.,0.,1.));
#4042=DIRECTION('',(-1.,0.,0.));
#4043=DIRECTION('',(0.,0.,1.));
#4044=DIRECTION('',(-1.,0.,0.));
#4045=DIRECTION('',(0.,0.,1.));
#4046=DIRECTION('',(-1.,0.,0.));
#4047=DIRECTION('',(0.,0.,1.));
#4048=DIRECTION('',(-1.,0.,0.));
#4049=DIRECTION('',(0.,0.,1.));
#4050=DIRECTION('',(1.,0.,0.));
#4051=DIRECTION('',(0.,0.,-1.));
#4052=DIRECTION('',(-1.,0.,0.));
#4053=DIRECTION('',(0.,0.,1.));
#4054=DIRECTION('',(-1.,0.,0.));
#4055=DIRECTION('',(0.,0.,1.));
#4056=DIRECTION('',(-1.,0.,0.));
#4057=DIRECTION('',(0.,0.,1.));
#4058=DIRECTION('',(-1.,0.,0.));
#4059=DIRECTION('',(-0.0945620490952261,-0.307632279834852,0.946794803151414));
#4060=DIRECTION('',(-0.995518969618817,0.029221280193343,-0.089933852986237));
#4061=DIRECTION('',(0.0945620490952286,-0.80539176464426,-0.585151368719339));
#4062=DIRECTION('',(-0.995518969618817,-0.0765023047409581,-0.0555821778847322));
#4063=DIRECTION('',(-1.,0.,0.));
#4064=DIRECTION('',(1.,0.,0.));
#4065=DIRECTION('',(0.,0.,-1.));
#4066=DIRECTION('',(-1.,0.,0.));
#4067=DIRECTION('',(0.,0.,1.));
#4068=DIRECTION('',(-1.,0.,0.));
#4069=DIRECTION('',(0.,0.,1.));
#4070=DIRECTION('',(-0.095192886282541,-0.307613700664782,0.946737622345556));
#4071=DIRECTION('',(-0.995458846161507,0.029416219604907,-0.0905338148039541));
#4072=DIRECTION('',(-1.,0.,0.));
#4073=DIRECTION('',(0.,0.,1.));
#4074=DIRECTION('',(0.0951928862825435,-0.805343123745536,-0.585116029037816));
#4075=DIRECTION('',(-0.995458846161507,-0.0770126627461795,-0.0559529746800335));
#4076=DIRECTION('',(-1.,0.,0.));
#4077=DIRECTION('',(0.,0.,1.));
#4078=DIRECTION('',(-1.,0.,0.));
#4079=DIRECTION('',(0.,0.,1.));
#4080=DIRECTION('',(1.,0.,0.));
#4081=DIRECTION('',(0.,0.,-1.));
#4082=DIRECTION('',(-1.,0.,0.));
#4083=DIRECTION('',(0.,0.,1.));
#4084=DIRECTION('',(-1.,0.,0.));
#4085=DIRECTION('',(0.,0.,1.));
#4086=DIRECTION('',(-1.,0.,0.));
#4087=DIRECTION('',(0.,0.,1.));
#4088=DIRECTION('',(-1.,0.,0.));
#4089=DIRECTION('',(0.,0.,1.));
#4090=DIRECTION('',(-1.,0.,0.));
#4091=DIRECTION('',(0.,0.,1.));
#4092=DIRECTION('',(-1.,0.,0.));
#4093=DIRECTION('',(0.,0.,1.));
#4094=DIRECTION('',(-1.,0.,0.));
#4095=DIRECTION('',(0.,0.,1.));
#4096=DIRECTION('',(-1.,0.,0.));
#4097=DIRECTION('',(0.,0.,1.));
#4098=DIRECTION('',(-1.,0.,0.));
#4099=DIRECTION('',(-1.,0.,0.));
#4100=DIRECTION('',(-1.,0.,0.));
#4101=DIRECTION('',(0.,0.,1.));
#4102=DIRECTION('',(-1.,0.,0.));
#4103=DIRECTION('',(0.,0.,1.));
#4104=DIRECTION('',(0.993867702302646,-0.0869521569960397,0.068310414384601));
#4105=DIRECTION('',(0.0871557427476585,0.996194698091745,0.));
#4106=DIRECTION('',(0.597148417100446,-0.0522437169387393,0.80042761196429));
#4107=DIRECTION('',(0.801522199101274,0.,-0.597965019334625));
#4108=DIRECTION('',(-1.,0.,0.));
#4109=DIRECTION('',(0.,0.,1.));
#4110=DIRECTION('',(-1.,0.,0.));
#4111=DIRECTION('',(0.,0.,1.));
#4112=DIRECTION('',(-1.,0.,0.));
#4113=DIRECTION('',(0.,0.,1.));
#4114=DIRECTION('',(-1.,0.,0.));
#4115=DIRECTION('',(0.,0.,1.));
#4116=DIRECTION('',(-0.995631905028709,0.0871065047347341,-0.0336090244101332));
#4117=DIRECTION('',(-0.0871557427476608,-0.996194698091745,0.));
#4118=DIRECTION('',(-0.669645178786792,0.0585863617286366,-0.740366782579423));
#4119=DIRECTION('',(-0.741640666165096,0.,0.670797377969081));
#4120=DIRECTION('',(0.,0.,1.));
#4121=DIRECTION('',(1.,0.,0.));
#4122=DIRECTION('',(-1.,0.,0.));
#4123=DIRECTION('',(0.,0.,1.));
#4124=DIRECTION('',(4.64960497551812E-13,-0.0540530858366156,-0.998538063326351));
#4125=DIRECTION('',(0.,0.998538063326351,-0.0540530858366156));
#4126=DIRECTION('',(1.27899231127969E-14,0.786358482120308,-0.617770457044884));
#4127=DIRECTION('',(0.,0.617770457044884,0.786358482120309));
#4128=DIRECTION('',(0.,0.,1.));
#4129=DIRECTION('',(1.,0.,0.));
#4130=DIRECTION('',(-0.0871557427476608,0.805938440462442,0.585548551950281));
#4131=DIRECTION('',(0.996194698091745,0.0705104770402286,0.0512288602396717));
#4132=DIRECTION('',(-0.0871557427476608,0.805938440462442,0.585548551950281));
#4133=DIRECTION('',(-0.996194698091745,-0.0705104770402286,-0.0512288602396717));
#4134=DIRECTION('',(0.,-0.587785252292473,0.809016994374948));
#4135=DIRECTION('',(0.,-0.587785252292473,0.809016994374948));
#4136=DIRECTION('',(-0.0871557427476608,0.805938440462442,0.585548551950281));
#4137=DIRECTION('',(-0.996194698091745,-0.0705104770402286,-0.0512288602396717));
#4138=DIRECTION('',(0.,0.809016994374948,0.587785252292473));
#4139=DIRECTION('',(0.,-0.587785252292473,0.809016994374948));
#4140=DIRECTION('',(-1.,0.,0.));
#4141=DIRECTION('',(1.,0.,0.));
#4142=DIRECTION('',(0.,-0.809016994374948,-0.587785252292473));
#4143=DIRECTION('',(0.,0.587785252292473,-0.809016994374948));
#4144=DIRECTION('',(1.,0.,0.));
#4145=DIRECTION('',(-1.,0.,0.));
#4146=DIRECTION('',(0.,0.587785252292473,-0.809016994374948));
#4147=DIRECTION('',(0.,0.809016994374948,0.587785252292473));
#4148=DIRECTION('',(0.,-0.587785252292473,0.809016994374948));
#4149=DIRECTION('',(1.,0.,0.));
#4150=DIRECTION('',(0.,-0.587785252292473,0.809016994374948));
#4151=DIRECTION('',(-1.,0.,0.));
#4152=DIRECTION('',(0.,0.587785252292473,-0.809016994374948));
#4153=DIRECTION('',(-1.,0.,0.));
#4154=DIRECTION('',(0.,0.587785252292473,-0.809016994374948));
#4155=DIRECTION('',(0.0871557427476585,-0.805938440462442,-0.585548551950281));
#4156=DIRECTION('',(-0.996194698091746,-0.0705104770402268,-0.0512288602396703));
#4157=DIRECTION('',(0.,0.587785252292473,-0.809016994374948));
#4158=DIRECTION('',(1.,0.,0.));
#4159=DIRECTION('',(-0.669645178786792,-0.482574038364478,0.56453310976789));
#4160=DIRECTION('',(-0.741640666165096,0.394284806046685,-0.542686478559141));
#4161=DIRECTION('',(-0.995631905028709,-0.0902255315432157,-0.024009646949661));
#4162=DIRECTION('',(-0.0871557427476608,0.805938440462442,0.585548551950281));
#4163=DIRECTION('',(0.,0.587785252292473,-0.809016994374948));
#4164=DIRECTION('',(1.,0.,0.));
#4165=DIRECTION('',(0.993867702302646,0.110497626860611,-0.00415509059264521));
#4166=DIRECTION('',(0.0871557427476584,-0.805938440462442,-0.585548551950281));
#4167=DIRECTION('',(0.597148417100446,0.512745600693046,-0.616851454504533));
#4168=DIRECTION('',(0.801522199101273,-0.351475019751676,0.483763862683456));
#4169=DIRECTION('',(0.0871557427476585,-0.805938440462442,-0.585548551950281));
#4170=DIRECTION('',(-0.996194698091746,-0.0705104770402268,-0.0512288602396703));
#4171=DIRECTION('',(-1.,0.,0.));
#4172=DIRECTION('',(0.,0.587785252292473,-0.809016994374948));
#4173=DIRECTION('',(-1.,0.,0.));
#4174=DIRECTION('',(0.0871557427476585,-0.805938440462442,-0.585548551950281));
#4175=DIRECTION('',(-0.996194698091746,-0.0705104770402268,-0.0512288602396703));
#4176=DIRECTION('',(-1.,0.,0.));
#4177=DIRECTION('',(0.,0.587785252292473,-0.809016994374948));
#4178=DIRECTION('',(0.,-0.809016994374948,-0.587785252292473));
#4179=DIRECTION('',(0.,0.587785252292473,-0.809016994374948));
#4180=DIRECTION('',(0.,-0.587785252292473,0.809016994374948));
#4181=DIRECTION('',(0.0871557427476585,-0.805938440462442,-0.585548551950281));
#4182=DIRECTION('',(-0.996194698091746,-0.0705104770402268,-0.0512288602396703));
#4183=DIRECTION('',(-0.0871557427476608,-0.307841091416569,0.947437459118838));
#4184=DIRECTION('',(0.996194698091745,-0.0269326056663983,0.0828900370727068));
#4185=DIRECTION('',(-0.0871557427476608,-0.307841091416569,0.947437459118838));
#4186=DIRECTION('',(-0.996194698091745,0.0269326056663983,-0.0828900370727068));
#4187=DIRECTION('',(0.,-0.951056516295154,-0.309016994374948));
#4188=DIRECTION('',(0.,-0.951056516295154,-0.309016994374948));
#4189=DIRECTION('',(-0.0871557427476608,-0.307841091416569,0.947437459118838));
#4190=DIRECTION('',(-0.996194698091745,0.0269326056663983,-0.0828900370727068));
#4191=DIRECTION('',(0.,-0.309016994374948,0.951056516295154));
#4192=DIRECTION('',(0.,-0.951056516295154,-0.309016994374948));
#4193=DIRECTION('',(-1.,0.,0.));
#4194=DIRECTION('',(1.,0.,0.));
#4195=DIRECTION('',(0.,0.309016994374948,-0.951056516295154));
#4196=DIRECTION('',(0.,0.951056516295154,0.309016994374948));
#4197=DIRECTION('',(1.,0.,0.));
#4198=DIRECTION('',(0.,-0.309016994374948,0.951056516295154));
#4199=DIRECTION('',(0.,-0.951056516295154,-0.309016994374948));
#4200=DIRECTION('',(1.,0.,0.));
#4201=DIRECTION('',(0.,-0.951056516295154,-0.309016994374948));
#4202=DIRECTION('',(-1.,0.,0.));
#4203=DIRECTION('',(0.,0.951056516295154,0.309016994374948));
#4204=DIRECTION('',(-1.,0.,0.));
#4205=DIRECTION('',(0.,0.951056516295154,0.309016994374948));
#4206=DIRECTION('',(0.0871557427476585,0.30784109141657,-0.947437459118838));
#4207=DIRECTION('',(-0.996194698091746,0.0269326056663976,-0.0828900370727047));
#4208=DIRECTION('',(0.,0.951056516295154,0.309016994374948));
#4209=DIRECTION('',(1.,0.,0.));
#4210=DIRECTION('',(0.993867702302646,0.0380973705219623,0.103805494454639));
#4211=DIRECTION('',(0.0871557427476585,0.307841091416569,-0.947437459118838));
#4212=DIRECTION('',(0.597148417100446,0.745107699797822,0.297032462293989));
#4213=DIRECTION('',(0.801522199101274,-0.568698528154752,-0.184781353016143));
#4214=DIRECTION('',(0.,0.951056516295154,0.309016994374948));
#4215=DIRECTION('',(1.,0.,0.));
#4216=DIRECTION('',(-0.669645178786792,-0.686026471607891,-0.284504858975788));
#4217=DIRECTION('',(-0.741640666165096,0.637966217431197,0.207287789574601));
#4218=DIRECTION('',(-0.995631905028709,-0.00504669138794541,-0.0932289686467571));
#4219=DIRECTION('',(-0.0871557427476608,-0.307841091416569,0.947437459118838));
#4220=DIRECTION('',(0.0871557427476585,0.30784109141657,-0.947437459118838));
#4221=DIRECTION('',(-0.996194698091746,0.0269326056663976,-0.0828900370727047));
#4222=DIRECTION('',(-1.,0.,0.));
#4223=DIRECTION('',(0.,0.951056516295154,0.309016994374948));
#4224=DIRECTION('',(-1.,0.,0.));
#4225=DIRECTION('',(0.0871557427476585,0.30784109141657,-0.947437459118838));
#4226=DIRECTION('',(-0.996194698091746,0.0269326056663976,-0.0828900370727047));
#4227=DIRECTION('',(-1.,0.,0.));
#4228=DIRECTION('',(0.,0.951056516295154,0.309016994374948));
#4229=DIRECTION('',(0.,0.309016994374948,-0.951056516295154));
#4230=DIRECTION('',(0.,0.951056516295154,0.309016994374948));
#4231=DIRECTION('',(0.,-0.951056516295154,-0.309016994374948));
#4232=DIRECTION('',(-1.,0.,0.));
#4233=DIRECTION('',(0.,0.951056516295154,0.309016994374948));
#4234=DIRECTION('',(0.0871557427476585,0.30784109141657,-0.947437459118838));
#4235=DIRECTION('',(-0.996194698091746,0.0269326056663976,-0.0828900370727047));
#4236=DIRECTION('',(-0.0871557427476608,-0.30784109141657,-0.947437459118838));
#4237=DIRECTION('',(0.996194698091745,-0.0269326056663983,-0.0828900370727068));
#4238=DIRECTION('',(-0.0871557427476608,-0.30784109141657,-0.947437459118838));
#4239=DIRECTION('',(-0.996194698091745,0.0269326056663983,0.0828900370727068));
#4240=DIRECTION('',(0.,0.951056516295154,-0.309016994374948));
#4241=DIRECTION('',(0.,0.951056516295154,-0.309016994374948));
#4242=DIRECTION('',(-0.0871557427476608,-0.30784109141657,-0.947437459118838));
#4243=DIRECTION('',(-0.996194698091745,0.0269326056663983,0.0828900370727068));
#4244=DIRECTION('',(0.,-0.309016994374948,-0.951056516295154));
#4245=DIRECTION('',(0.,0.951056516295154,-0.309016994374948));
#4246=DIRECTION('',(-1.,0.,0.));
#4247=DIRECTION('',(1.,0.,0.));
#4248=DIRECTION('',(0.,0.309016994374948,0.951056516295154));
#4249=DIRECTION('',(0.,-0.951056516295154,0.309016994374948));
#4250=DIRECTION('',(1.,0.,0.));
#4251=DIRECTION('',(0.,-0.309016994374948,-0.951056516295154));
#4252=DIRECTION('',(0.,0.951056516295154,-0.309016994374948));
#4253=DIRECTION('',(1.,0.,0.));
#4254=DIRECTION('',(0.,0.951056516295154,-0.309016994374948));
#4255=DIRECTION('',(-1.,0.,0.));
#4256=DIRECTION('',(0.,-0.951056516295154,0.309016994374948));
#4257=DIRECTION('',(-1.,0.,0.));
#4258=DIRECTION('',(0.,-0.951056516295154,0.309016994374948));
#4259=DIRECTION('',(0.0871557427476585,0.30784109141657,0.947437459118838));
#4260=DIRECTION('',(-0.996194698091746,0.0269326056663976,0.0828900370727047));
#4261=DIRECTION('',(0.,-0.951056516295154,0.309016994374948));
#4262=DIRECTION('',(1.,0.,0.));
#4263=DIRECTION('',(0.993867702302646,-0.0918367589406317,-0.0615873365793662));
#4264=DIRECTION('',(0.0871557427476585,0.30784109141657,0.947437459118838));
#4265=DIRECTION('',(0.597148417100446,-0.777396092564591,0.197659007433854));
#4266=DIRECTION('',(0.801522199101274,0.568698528154752,-0.184781353016143));
#4267=DIRECTION('',(0.,-0.951056516295154,0.309016994374948));
#4268=DIRECTION('',(1.,0.,0.));
#4269=DIRECTION('',(-0.669645178786792,0.722234834433384,-0.173066976799699));
#4270=DIRECTION('',(-0.741640666165096,-0.637966217431197,0.207287789574601));
#4271=DIRECTION('',(-0.995631905028709,0.0588814719552147,0.0724574492325699));
#4272=DIRECTION('',(-0.0871557427476608,-0.30784109141657,-0.947437459118838));
#4273=DIRECTION('',(0.0871557427476585,0.30784109141657,0.947437459118838));
#4274=DIRECTION('',(-0.996194698091746,0.0269326056663976,0.0828900370727047));
#4275=DIRECTION('',(-1.,0.,0.));
#4276=DIRECTION('',(0.,-0.951056516295154,0.309016994374948));
#4277=DIRECTION('',(-1.,0.,0.));
#4278=DIRECTION('',(0.0871557427476585,0.30784109141657,0.947437459118838));
#4279=DIRECTION('',(-0.996194698091746,0.0269326056663976,0.0828900370727047));
#4280=DIRECTION('',(-1.,0.,0.));
#4281=DIRECTION('',(0.,-0.951056516295154,0.309016994374948));
#4282=DIRECTION('',(-1.,0.,0.));
#4283=DIRECTION('',(0.,-0.951056516295154,0.309016994374948));
#4284=DIRECTION('',(0.,0.309016994374948,0.951056516295154));
#4285=DIRECTION('',(0.,-0.951056516295154,0.309016994374948));
#4286=DIRECTION('',(0.,0.951056516295154,-0.309016994374948));
#4287=DIRECTION('',(0.0871557427476585,0.30784109141657,0.947437459118838));
#4288=DIRECTION('',(-0.996194698091746,0.0269326056663976,0.0828900370727047));
#4289=DIRECTION('',(0.,-0.809016994374947,0.587785252292473));
#4290=DIRECTION('',(0.,-0.587785252292473,-0.809016994374947));
#4291=DIRECTION('',(0.,0.587785252292473,0.809016994374947));
#4292=DIRECTION('',(1.,0.,0.));
#4293=DIRECTION('',(0.,0.809016994374947,-0.587785252292473));
#4294=DIRECTION('',(0.,0.587785252292473,0.809016994374947));
#4295=DIRECTION('',(1.,0.,0.));
#4296=DIRECTION('',(0.,0.587785252292473,0.809016994374947));
#4297=DIRECTION('',(-0.0871557427476608,0.805938440462442,-0.585548551950281));
#4298=DIRECTION('',(0.996194698091745,0.0705104770402286,-0.0512288602396717));
#4299=DIRECTION('',(-0.0871557427476608,0.805938440462442,-0.585548551950281));
#4300=DIRECTION('',(-0.996194698091745,-0.0705104770402286,0.0512288602396717));
#4301=DIRECTION('',(0.,0.587785252292473,0.809016994374947));
#4302=DIRECTION('',(-0.0871557427476608,0.805938440462442,-0.585548551950281));
#4303=DIRECTION('',(-0.996194698091745,-0.0705104770402286,0.0512288602396717));
#4304=DIRECTION('',(0.0871557427476585,-0.805938440462442,0.585548551950281));
#4305=DIRECTION('',(-0.996194698091746,-0.0705104770402268,0.0512288602396703));
#4306=DIRECTION('',(0.0871557427476585,-0.805938440462442,0.585548551950281));
#4307=DIRECTION('',(-0.996194698091746,-0.0705104770402268,0.0512288602396703));
#4308=DIRECTION('',(0.0871557427476585,-0.805938440462442,0.585548551950281));
#4309=DIRECTION('',(-0.996194698091746,-0.0705104770402268,0.0512288602396703));
#4310=DIRECTION('',(0.0871557427476585,-0.805938440462442,0.585548551950281));
#4311=DIRECTION('',(-0.996194698091746,-0.0705104770402268,0.0512288602396703));
#4312=DIRECTION('',(0.,0.587785252292473,0.809016994374947));
#4313=DIRECTION('',(0.,0.809016994374947,-0.587785252292473));
#4314=DIRECTION('',(0.,0.587785252292473,0.809016994374947));
#4315=DIRECTION('',(-1.,0.,0.));
#4316=DIRECTION('',(1.,0.,0.));
#4317=DIRECTION('',(0.,-0.809016994374947,0.587785252292473));
#4318=DIRECTION('',(0.,-0.587785252292473,-0.809016994374947));
#4319=DIRECTION('',(-1.,0.,0.));
#4320=DIRECTION('',(-1.,0.,0.));
#4321=DIRECTION('',(0.,-0.587785252292473,-0.809016994374947));
#4322=DIRECTION('',(0.993867702302646,0.0301939185540985,-0.106373481667229));
#4323=DIRECTION('',(0.0871557427476585,-0.805938440462442,0.585548551950281));
#4324=DIRECTION('',(0.597148417100446,-0.428213490987538,-0.6782676271876));
#4325=DIRECTION('',(0.801522199101274,0.351475019751676,0.483763862683455));
#4326=DIRECTION('',(-1.,0.,0.));
#4327=DIRECTION('',(0.,-0.587785252292473,-0.809016994374947));
#4328=DIRECTION('',(-1.,0.,0.));
#4329=DIRECTION('',(0.,-0.587785252292473,-0.809016994374947));
#4330=DIRECTION('',(-1.,0.,0.));
#4331=DIRECTION('',(0.,-0.587785252292473,-0.809016994374947));
#4332=DIRECTION('',(-1.,0.,0.));
#4333=DIRECTION('',(0.,-0.587785252292473,-0.809016994374947));
#4334=DIRECTION('',(-0.995631905028709,-0.0507157537587877,0.0783901907739814));
#4335=DIRECTION('',(-0.0871557427476608,0.805938440462442,-0.585548551950281));
#4336=DIRECTION('',(-0.669645178786792,0.387779313810348,0.63340550858702));
#4337=DIRECTION('',(-0.741640666165096,-0.394284806046685,-0.542686478559141));
#4338=DIRECTION('',(0.,-0.587785252292473,-0.809016994374947));
#4339=DIRECTION('',(1.,0.,0.));
#4340=DIRECTION('',(0.,-0.587785252292473,-0.809016994374947));
#4341=DIRECTION('',(1.,0.,0.));
#4342=CARTESIAN_POINT('',(0.,0.,0.));
#4343=CARTESIAN_POINT('',(0.0620547005383792,0.17119966188999,0.0215));
#4344=CARTESIAN_POINT('',(0.0615375866405747,0.179002564397989,0.0305073478951299));
#4345=CARTESIAN_POINT('',(0.062541321848323,0.179002564397989,0.0291793624622101));
#4346=CARTESIAN_POINT('',(0.0639728242051591,0.179002564397989,0.027140726760108));
#4347=CARTESIAN_POINT('',(0.0653630265442497,0.179002564397989,0.0240330052004464));
#4348=CARTESIAN_POINT('',(0.0656517980303797,0.179002564397989,0.0223424530339688));
#4349=CARTESIAN_POINT('',(0.0656517980303797,0.179002564397989,0.0215));
#4350=CARTESIAN_POINT('',(0.0615375866405748,0.179002564397989,0.0305073478951299));
#4351=CARTESIAN_POINT('',(0.06565179803038,0.179002564397989,0.0215));
#4352=CARTESIAN_POINT('',(0.06565179803038,0.17119966188999,0.0215));
#4353=CARTESIAN_POINT('',(0.06565179803038,0.178308252692736,0.0182823573305202));
#4354=CARTESIAN_POINT('',(0.06565179803038,0.178308252692736,0.0182823573305203));
#4355=CARTESIAN_POINT('',(0.06565179803038,0.178281513439238,0.0182232835205886));
#4356=CARTESIAN_POINT('',(0.0656424067926864,0.17826360661037,0.018162903915133));
#4357=CARTESIAN_POINT('',(0.0656251349670262,0.178253152156714,0.0181014161635552));
#4358=CARTESIAN_POINT('',(0.0656251349670262,0.178253152156714,0.0181014161635552));
#4359=CARTESIAN_POINT('',(0.065625134967026,0.178253152156714,0.0181014161635552));
#4360=CARTESIAN_POINT('',(0.0645052805565892,0.179695624556869,0.0185152625081844));
#4361=CARTESIAN_POINT('',(0.0632848766707421,0.181058496736619,0.0189198561474977));
#4362=CARTESIAN_POINT('',(0.0620446185833925,0.182400744996941,0.0193261307650439));
#4363=CARTESIAN_POINT('',(0.0620446185833925,0.182400744996941,0.0193261307650439));
#4364=CARTESIAN_POINT('',(0.0620446185833925,0.182400744996941,0.0193261307650439));
#4365=CARTESIAN_POINT('',(0.0620513331332022,0.182400831942817,0.0193618217120254));
#4366=CARTESIAN_POINT('',(0.0620547005383792,0.182404166130413,0.0193975243843959));
#4367=CARTESIAN_POINT('',(0.0620547005383792,0.182410750368229,0.0194332404268793));
#4368=CARTESIAN_POINT('',(0.0620547005383792,0.182410750368229,0.0194332404268794));
#4369=CARTESIAN_POINT('',(0.0620547005383792,0.17119966188999,0.0215));
#4370=CARTESIAN_POINT('',(0.0620547005383792,0.179361819400424,0.0294585918839237));
#4371=CARTESIAN_POINT('',(0.0620547005383792,0.179361819400424,0.0294585918839237));
#4372=CARTESIAN_POINT('',(0.0620547005383791,0.179211914011942,0.0296123315668095));
#4373=CARTESIAN_POINT('',(0.0619020076749123,0.179037765433974,0.0299915328084727));
#4374=CARTESIAN_POINT('',(0.0616654088590299,0.179002564397988,0.0303382335283122));
#4375=CARTESIAN_POINT('',(0.0615375866405817,0.179002564397989,0.0305073478951209));
#4376=CARTESIAN_POINT('',(0.0620547005383792,0.17119966188999,0.0215));
#4377=CARTESIAN_POINT('',(0.06565179803038,0.17119966188999,0.0215));
#4378=CARTESIAN_POINT('',(0.06565179803038,0.173610891370412,0.0140789987237515));
#4379=CARTESIAN_POINT('',(0.06565179803038,0.170336177226177,0.0137450221286775));
#4380=CARTESIAN_POINT('',(0.06565179803038,0.170336177226177,0.0137450221286775));
#4381=CARTESIAN_POINT('',(0.06565179803038,0.170271731810552,0.0137521978587658));
#4382=CARTESIAN_POINT('',(0.0656424067926863,0.170208773878897,0.0137505699408474));
#4383=CARTESIAN_POINT('',(0.0656251349670262,0.17014706494824,0.0137415119569381));
#4384=CARTESIAN_POINT('',(0.0656251349670262,0.17014706494824,0.0137415119569381));
#4385=CARTESIAN_POINT('',(0.0656251349670261,0.170147064948239,0.013741511956938));
#4386=CARTESIAN_POINT('',(0.0645052805565893,0.170986404696609,0.0124975247347449));
#4387=CARTESIAN_POINT('',(0.0632848766707421,0.171792346778433,0.0113263825776799));
#4388=CARTESIAN_POINT('',(0.0620446185833925,0.172593514423965,0.0101753743844203));
#4389=CARTESIAN_POINT('',(0.0620446185833925,0.172593514423965,0.0101753743844203));
#4390=CARTESIAN_POINT('',(0.0620446185833925,0.172593514423965,0.0101753743844203));
#4391=CARTESIAN_POINT('',(0.0620513331332022,0.172627485399418,0.0101863208031404));
#4392=CARTESIAN_POINT('',(0.0620547005383792,0.172662470979255,0.0101941825348079));
#4393=CARTESIAN_POINT('',(0.0620547005383792,0.172698473595575,0.0101989574166274));
#4394=CARTESIAN_POINT('',(0.0620547005383792,0.172698473595575,0.0101989574166274));
#4395=CARTESIAN_POINT('',(0.0620547005383792,0.17119966188999,0.0215));
#4396=CARTESIAN_POINT('',(0.0620547005383792,0.181290977943219,0.0161966670561007));
#4397=CARTESIAN_POINT('',(0.0620547005383792,0.181290977943219,0.0161966670561007));
#4398=CARTESIAN_POINT('',(0.0620547005383792,0.181390869757851,0.0163867437273655));
#4399=CARTESIAN_POINT('',(0.0619020076749124,0.181697696699583,0.0166695484952083));
#4400=CARTESIAN_POINT('',(0.0616654088590299,0.182016550960052,0.0168101630842554));
#4401=CARTESIAN_POINT('',(0.0615375866405817,0.182177388280605,0.0168624222975913));
#4402=CARTESIAN_POINT('',(0.0615375866405748,0.182177388280613,0.0168624222975941));
#4403=CARTESIAN_POINT('',(0.0615375866405748,0.182177388280613,0.0168624222975941));
#4404=CARTESIAN_POINT('',(0.0625413218483231,0.18091439908109,0.0164520522305395));
#4405=CARTESIAN_POINT('',(0.0639728242051592,0.178975541312254,0.0158220791532505));
#4406=CARTESIAN_POINT('',(0.0653630265442498,0.176019922472107,0.0148617403775297));
#4407=CARTESIAN_POINT('',(0.0656517980303799,0.174412111818041,0.0143393310282107));
#4408=CARTESIAN_POINT('',(0.06565179803038,0.173610891370412,0.0140789987237516));
#4409=CARTESIAN_POINT('',(0.0620547005383792,0.17119966188999,0.0215));
#4410=CARTESIAN_POINT('',(0.06565179803038,0.17119966188999,0.0215));
#4411=CARTESIAN_POINT('',(0.06565179803038,0.164886981155567,0.0169135689807221));
#4412=CARTESIAN_POINT('',(0.06565179803038,0.163557408216244,0.0199248027629991));
#4413=CARTESIAN_POINT('',(0.06565179803038,0.163557408216244,0.0199248027629991));
#4414=CARTESIAN_POINT('',(0.06565179803038,0.163544318012465,0.0199883114180196));
#4415=CARTESIAN_POINT('',(0.0656424067926864,0.163523314699709,0.0200476849148705));
#4416=CARTESIAN_POINT('',(0.0656251349670262,0.163495630936809,0.0201035745245229));
#4417=CARTESIAN_POINT('',(0.0656251349670262,0.163495630936809,0.0201035745245229));
#4418=CARTESIAN_POINT('',(0.0656251349670262,0.16349563093681,0.0201035745245229));
#4419=CARTESIAN_POINT('',(0.0645052805565894,0.162571899029255,0.0189209017950077));
#4420=CARTESIAN_POINT('',(0.0632848766707421,0.161707126449036,0.0177925024969704));
#4421=CARTESIAN_POINT('',(0.0620446185833925,0.160860027024341,0.0166748656946602));
#4422=CARTESIAN_POINT('',(0.0620446185833925,0.16086002702434,0.0166748656946602));
#4423=CARTESIAN_POINT('',(0.0620446185833925,0.16086002702434,0.0166748656946602));
#4424=CARTESIAN_POINT('',(0.0620513331332022,0.160880935295925,0.0166459400065028));
#4425=CARTESIAN_POINT('',(0.0620547005383792,0.160899223385784,0.0166150961515132));
#4426=CARTESIAN_POINT('',(0.0620547005383792,0.160914889988538,0.0165823311482865));
#4427=CARTESIAN_POINT('',(0.0620547005383792,0.160914889988538,0.0165823311482865));
#4428=CARTESIAN_POINT('',(0.0620547005383792,0.17119966188999,0.0215));
#4429=CARTESIAN_POINT('',(0.0620547005383792,0.169274280691668,0.0102637681030894));
#4430=CARTESIAN_POINT('',(0.0620547005383792,0.169274280691668,0.0102637681030894));
#4431=CARTESIAN_POINT('',(0.0620547005383791,0.16948592261679,0.0102275022635138));
#4432=CARTESIAN_POINT('',(0.0619020076749123,0.169849700673414,0.0100230839805577));
#4433=CARTESIAN_POINT('',(0.0616654088590299,0.170081964479827,0.0097632878560636));
#4434=CARTESIAN_POINT('',(0.0615375866405817,0.170181367410587,0.00962647145932186));
#4435=CARTESIAN_POINT('',(0.0615375866405748,0.170181367410593,0.00962647145931456));
#4436=CARTESIAN_POINT('',(0.0615375866405747,0.170181367410592,0.00962647145931447));
#4437=CARTESIAN_POINT('',(0.062541321848323,0.169400797157863,0.0107008342428289));
#4438=CARTESIAN_POINT('',(0.0639728242051592,0.16820251715737,0.012350125171169));
#4439=CARTESIAN_POINT('',(0.0653630265442498,0.16637584425637,0.0148643247267206));
#4440=CARTESIAN_POINT('',(0.0656517980303799,0.165382162624683,0.0162320101592785));
#4441=CARTESIAN_POINT('',(0.06565179803038,0.164886981155567,0.0169135689807219));
#4442=CARTESIAN_POINT('',(0.0620547005383792,0.17119966188999,0.0215));
#4443=CARTESIAN_POINT('',(0.06565179803038,0.167339974032778,0.028281452439871));
#4444=CARTESIAN_POINT('',(0.06565179803038,0.167396329257549,0.0283135272171651));
#4445=CARTESIAN_POINT('',(0.0656424067926864,0.167446306428044,0.0283518499741683));
#4446=CARTESIAN_POINT('',(0.0656251349670262,0.167490905852294,0.0283954496364608));
#4447=CARTESIAN_POINT('',(0.06565179803038,0.167339974032778,0.0282814524398711));
#4448=CARTESIAN_POINT('',(0.0656251349670262,0.167490905852294,0.0283954496364609));
#4449=CARTESIAN_POINT('',(0.0656251349670263,0.167490905852293,0.0283954496364608));
#4450=CARTESIAN_POINT('',(0.0645052805565895,0.166080668388563,0.0289085049142459));
#4451=CARTESIAN_POINT('',(0.0632848766707421,0.164740267459624,0.0293822579522424));
#4452=CARTESIAN_POINT('',(0.0620446185833925,0.16341556357778,0.0298425286145966));
#4453=CARTESIAN_POINT('',(0.0620446185833925,0.16341556357778,0.0298425286145966));
#4454=CARTESIAN_POINT('',(0.0620446185833925,0.16341556357778,0.0298425286145966));
#4455=CARTESIAN_POINT('',(0.0620513331332022,0.163394514624812,0.0298137051374473));
#4456=CARTESIAN_POINT('',(0.0620547005383792,0.163370831706098,0.029786780855052));
#4457=CARTESIAN_POINT('',(0.0620547005383792,0.163344511582767,0.029761756087597));
#4458=CARTESIAN_POINT('',(0.0620547005383792,0.163344511582767,0.029761756087597));
#4459=CARTESIAN_POINT('',(0.0620547005383792,0.17119966188999,0.0215));
#4460=CARTESIAN_POINT('',(0.0620547005383792,0.159918394814898,0.0198589597261329));
#4461=CARTESIAN_POINT('',(0.0620547005383792,0.159918394814898,0.0198589597261329));
#4462=CARTESIAN_POINT('',(0.0620547005383792,0.159949304903436,0.0196464695333798));
#4463=CARTESIAN_POINT('',(0.0619020076749126,0.159867305165058,0.0192373273187484));
#4464=CARTESIAN_POINT('',(0.0616654088590299,0.159691997831309,0.0189361498946183));
#4465=CARTESIAN_POINT('',(0.0615375866405817,0.159592594900548,0.0187993334978777));
#4466=CARTESIAN_POINT('',(0.0615375866405748,0.159592594900543,0.0187993334978704));
#4467=CARTESIAN_POINT('',(0.0615375866405749,0.159592594900542,0.0187993334978704));
#4468=CARTESIAN_POINT('',(0.0625413218483232,0.160373165153272,0.0198736962813848));
#4469=CARTESIAN_POINT('',(0.0639728242051594,0.161571445153764,0.0215229872097249));
#4470=CARTESIAN_POINT('',(0.06536302654425,0.163398118054765,0.0240371867652766));
#4471=CARTESIAN_POINT('',(0.0656517980303801,0.164391799686452,0.0254048721978345));
#4472=CARTESIAN_POINT('',(0.0656517980303801,0.164886981155567,0.026086431019278));
#4473=CARTESIAN_POINT('',(0.06565179803038,0.164886981155567,0.0260864310192779));
#4474=CARTESIAN_POINT('',(0.06565179803038,0.17119966188999,0.0215));
#4475=CARTESIAN_POINT('',(0.0620547005383792,0.17119966188999,0.0215));
#4476=CARTESIAN_POINT('',(0.0656251349670263,0.176611555555892,0.027158047718523));
#4477=CARTESIAN_POINT('',(0.0645052805565894,0.176663712778652,0.0286578060478169));
#4478=CARTESIAN_POINT('',(0.0632848766707421,0.176700072026235,0.0300790008256095));
#4479=CARTESIAN_POINT('',(0.0620446185833925,0.176728459426922,0.031481100541279));
#4480=CARTESIAN_POINT('',(0.0656251349670262,0.176611555555892,0.027158047718523));
#4481=CARTESIAN_POINT('',(0.0620446185833925,0.176728459426922,0.031481100541279));
#4482=CARTESIAN_POINT('',(0.0620446185833925,0.176728459426922,0.031481100541279));
#4483=CARTESIAN_POINT('',(0.0620513331332022,0.176694542186976,0.0314922123408842));
#4484=CARTESIAN_POINT('',(0.0620547005383792,0.176661617248398,0.031506416074231));
#4485=CARTESIAN_POINT('',(0.0620547005383792,0.176629683914838,0.0315237149206098));
#4486=CARTESIAN_POINT('',(0.0620547005383792,0.176629683914838,0.0315237149206098));
#4487=CARTESIAN_POINT('',(0.0620547005383792,0.17119966188999,0.0215));
#4488=CARTESIAN_POINT('',(0.0620547005383792,0.16615283659974,0.0317220132307533));
#4489=CARTESIAN_POINT('',(0.0620547005383792,0.16615283659974,0.0317220132307532));
#4490=CARTESIAN_POINT('',(0.0620547005383792,0.165960298159929,0.0316269529089314));
#4491=CARTESIAN_POINT('',(0.0619020076749125,0.165545841477919,0.0315785073970129));
#4492=CARTESIAN_POINT('',(0.0616654088590299,0.165205231780772,0.0316521656367505));
#4493=CARTESIAN_POINT('',(0.0615375866405817,0.16504439446022,0.0317044248500883));
#4494=CARTESIAN_POINT('',(0.0615375866405748,0.165044394460211,0.031704424850091));
#4495=CARTESIAN_POINT('',(0.0615375866405748,0.165044394460211,0.031704424850091));
#4496=CARTESIAN_POINT('',(0.0625413218483232,0.166307383659735,0.0312940547830364));
#4497=CARTESIAN_POINT('',(0.0639728242051593,0.168246241428571,0.0306640817057474));
#4498=CARTESIAN_POINT('',(0.06536302654425,0.171201860268718,0.0297037429300265));
#4499=CARTESIAN_POINT('',(0.06565179803038,0.172809670922784,0.0291813335807075));
#4500=CARTESIAN_POINT('',(0.06565179803038,0.173610891370412,0.0289210012762484));
#4501=CARTESIAN_POINT('',(0.06565179803038,0.173610891370412,0.0289210012762484));
#4502=CARTESIAN_POINT('',(0.06565179803038,0.17119966188999,0.0215));
#4503=CARTESIAN_POINT('',(0.06565179803038,0.176456497282014,0.0272663653379321));
#4504=CARTESIAN_POINT('',(0.06565179803038,0.176456497282014,0.0272663653379321));
#4505=CARTESIAN_POINT('',(0.0656517980303801,0.176504416930144,0.0272226799854609));
#4506=CARTESIAN_POINT('',(0.0656424067926864,0.176556307832928,0.0271869912549807));
#4507=CARTESIAN_POINT('',(0.0656251349670262,0.176611555555892,0.027158047718523));
#4508=CARTESIAN_POINT('',(0.0620547005383792,0.17119966188999,0.0215));
#4509=CARTESIAN_POINT('',(0.0601547005383792,0.17119966188999,0.0215));
#4510=CARTESIAN_POINT('',(0.0601547005383792,0.159581081936666,0.0194387867969994));
#4511=CARTESIAN_POINT('',(0.0601547005383792,0.162923501067807,0.0299110143291621));
#4512=CARTESIAN_POINT('',(0.0601547005383794,0.159581081936666,0.0194387867969994));
#4513=CARTESIAN_POINT('',(0.0607886390091999,0.159692058284376,0.0195772727396651));
#4514=CARTESIAN_POINT('',(0.061422013713797,0.159804412782463,0.019717228512683));
#4515=CARTESIAN_POINT('',(0.0620547005383792,0.159918394814898,0.0198589597261329));
#4516=CARTESIAN_POINT('',(0.0620547005383792,0.163344511582767,0.029761756087597));
#4517=CARTESIAN_POINT('',(0.0614214987919253,0.163203685864366,0.0298118031964605));
#4518=CARTESIAN_POINT('',(0.0607881601157718,0.163063368269282,0.0298615454445884));
#4519=CARTESIAN_POINT('',(0.0601547005383792,0.162923501067807,0.0299110143291621));
#4520=CARTESIAN_POINT('',(0.0620547005383792,0.17119966188999,0.0215));
#4521=CARTESIAN_POINT('',(0.0601547005383792,0.17119966188999,0.0215));
#4522=CARTESIAN_POINT('',(0.0601547005383792,0.165648992985721,0.0319129762659476));
#4523=CARTESIAN_POINT('',(0.0601547005383792,0.176641537534157,0.0319702430474858));
#4524=CARTESIAN_POINT('',(0.0601547005383794,0.165648992985721,0.0319129762659476));
#4525=CARTESIAN_POINT('',(0.0607886390091999,0.165814994521325,0.0318502259970691));
#4526=CARTESIAN_POINT('',(0.061422013713797,0.16598281982055,0.0317866192318517));
#4527=CARTESIAN_POINT('',(0.0620547005383792,0.16615283659974,0.0317220132307532));
#4528=CARTESIAN_POINT('',(0.0620547005383792,0.176629683914838,0.0315237149206098));
#4529=CARTESIAN_POINT('',(0.0614214987919253,0.176633764003614,0.0316731135449161));
#4530=CARTESIAN_POINT('',(0.0607881601157718,0.17663771117134,0.0318219347080808));
#4531=CARTESIAN_POINT('',(0.0601547005383792,0.176641537534157,0.0319702430474858));
#4532=CARTESIAN_POINT('',(0.0620547005383792,0.17119966188999,0.0215));
#4533=CARTESIAN_POINT('',(0.0620547005383792,0.182410750368229,0.0194332404268793));
#4534=CARTESIAN_POINT('',(0.0614214987919253,0.182554097720171,0.0194755267457095));
#4535=CARTESIAN_POINT('',(0.0607881601157718,0.182696854799069,0.0195177610346628));
#4536=CARTESIAN_POINT('',(0.0601547005383792,0.182839086822817,0.0195599517446564));
#4537=CARTESIAN_POINT('',(0.0601547005383792,0.182839086822817,0.0195599517446564));
#4538=CARTESIAN_POINT('',(0.0601547005383792,0.17119966188999,0.0215));
#4539=CARTESIAN_POINT('',(0.0601547005383792,0.179387739800178,0.0299967864594021));
#4540=CARTESIAN_POINT('',(0.0601547005383794,0.179387739800178,0.0299967864594021));
#4541=CARTESIAN_POINT('',(0.0607886390091999,0.179379358043656,0.0298195187177664));
#4542=CARTESIAN_POINT('',(0.061422013713797,0.179370725284662,0.0296402518019298));
#4543=CARTESIAN_POINT('',(0.0620547005383792,0.179361819400424,0.0294585918839237));
#4544=CARTESIAN_POINT('',(0.0620547005383792,0.17119966188999,0.0215));
#4545=CARTESIAN_POINT('',(0.0601547005383792,0.17119966188999,0.0215));
#4546=CARTESIAN_POINT('',(0.0601547005383792,0.169569653482096,0.009813123916538));
#4547=CARTESIAN_POINT('',(0.0601547005383792,0.160642837561354,0.0162280496877988));
#4548=CARTESIAN_POINT('',(0.0601547005383794,0.169569653482095,0.00981312391653802));
#4549=CARTESIAN_POINT('',(0.0607886390091999,0.169472239101324,0.00996146320494796));
#4550=CARTESIAN_POINT('',(0.0614220137137971,0.169373852700706,0.0101115673948121));
#4551=CARTESIAN_POINT('',(0.0620547005383792,0.169274280691668,0.0102637681030895));
#4552=CARTESIAN_POINT('',(0.0620547005383792,0.160914889988538,0.0165823311482865));
#4553=CARTESIAN_POINT('',(0.0614214987919253,0.1608237748193,0.0164638633382966));
#4554=CARTESIAN_POINT('',(0.0607881601157718,0.160733106608593,0.0163457845751517));
#4555=CARTESIAN_POINT('',(0.0601547005383792,0.160642837561354,0.0162280496877988));
#4556=CARTESIAN_POINT('',(0.06565179803038,0.17119966188999,0.0215));
#4557=CARTESIAN_POINT('',(0.0714,0.177925891700499,0.0186631297991967));
#4558=CARTESIAN_POINT('',(0.0714,0.17792558431844,0.0186624009951896));
#4559=CARTESIAN_POINT('',(0.0713999851223493,0.177925278126636,0.0186616719946681));
#4560=CARTESIAN_POINT('',(0.0713999553985861,0.177924973122564,0.0186609427980482));
#4561=CARTESIAN_POINT('',(0.0714,0.1779258917005,0.0186631297991967));
#4562=CARTESIAN_POINT('',(0.0714,0.177924968343011,0.0186609415094157));
#4563=CARTESIAN_POINT('',(0.0713999553985861,0.177924973122564,0.0186609427980482));
#4564=CARTESIAN_POINT('',(0.0713535688711776,0.177929943970466,0.0186622830062653));
#4565=CARTESIAN_POINT('',(0.0713071820802156,0.177934912454701,0.0186636228582943));
#4566=CARTESIAN_POINT('',(0.0712607950279132,0.17793987859313,0.0186649623581068));
#4567=CARTESIAN_POINT('',(0.0712607579855541,0.177939168679895,0.0186632673703772));
#4568=CARTESIAN_POINT('',(0.0712607373748222,0.177938484975102,0.0186616383547972));
#4569=CARTESIAN_POINT('',(0.0693911256345298,0.178063041209622,0.0185359706944763));
#4570=CARTESIAN_POINT('',(0.0675214780299876,0.17818625504362,0.0184095108804519));
#4571=CARTESIAN_POINT('',(0.06565179803038,0.178308252692736,0.0182823573305203));
#4572=CARTESIAN_POINT('',(0.06852589901519,0.178751113143989,0.0215));
#4573=CARTESIAN_POINT('',(0.0714,0.178499661889989,0.0215));
#4574=CARTESIAN_POINT('',(0.0714,0.17119966188999,0.0215));
#4575=CARTESIAN_POINT('',(0.06565179803038,0.17119966188999,0.0215));
#4576=CARTESIAN_POINT('',(0.06852589901519,0.173533188659669,0.0286818569226015));
#4577=CARTESIAN_POINT('',(0.0714,0.173455485948927,0.0284427125689547));
#4578=CARTESIAN_POINT('',(0.0714,0.17119966188999,0.0215));
#4579=CARTESIAN_POINT('',(0.0714,0.175976205099866,0.0270203835885003));
#4580=CARTESIAN_POINT('',(0.0714,0.175976205099866,0.0270203835885003));
#4581=CARTESIAN_POINT('',(0.0714,0.175976803247386,0.0270198660379661));
#4582=CARTESIAN_POINT('',(0.0713999851223493,0.175977401949611,0.0270193495587048));
#4583=CARTESIAN_POINT('',(0.0713999553985861,0.175978001205367,0.0270188341484469));
#4584=CARTESIAN_POINT('',(0.0713999553985861,0.175978001205367,0.0270188341484469));
#4585=CARTESIAN_POINT('',(0.0713999553985861,0.175978001205366,0.0270188341484469));
#4586=CARTESIAN_POINT('',(0.0713535688711777,0.175978262668087,0.027023975852851));
#4587=CARTESIAN_POINT('',(0.0713071820802156,0.175978523739148,0.0270291151992055));
#4588=CARTESIAN_POINT('',(0.0712607950279132,0.175978784420294,0.0270342522057248));
#4589=CARTESIAN_POINT('',(0.0712606347483494,0.175980586907081,0.0270327134164156));
#4590=CARTESIAN_POINT('',(0.0712607373748222,0.175981515083648,0.027031899622707));
#4591=CARTESIAN_POINT('',(0.0693911256345298,0.176139522124105,0.0271115261985097));
#4592=CARTESIAN_POINT('',(0.0675214780299876,0.17629786772293,0.0271896312865917));
#4593=CARTESIAN_POINT('',(0.06565179803038,0.176456497282014,0.0272663653379321));
#4594=CARTESIAN_POINT('',(0.06565179803038,0.17119966188999,0.0215));
#4595=CARTESIAN_POINT('',(0.06852589901519,0.16509040949331,0.0259386316805065));
#4596=CARTESIAN_POINT('',(0.0714,0.165293837831053,0.0257908323417352));
#4597=CARTESIAN_POINT('',(0.0714,0.17119966188999,0.0215));
#4598=CARTESIAN_POINT('',(0.0714,0.167425498131915,0.0277486548894337));
#4599=CARTESIAN_POINT('',(0.0714,0.167425498131915,0.0277486548894336));
#4600=CARTESIAN_POINT('',(0.0714,0.167426175189472,0.0277490638296197));
#4601=CARTESIAN_POINT('',(0.0713999851223493,0.167426851399602,0.0277494736284032));
#4602=CARTESIAN_POINT('',(0.0713999553985861,0.167427526764098,0.0277498842839655));
#4603=CARTESIAN_POINT('',(0.0713999776992931,0.167427529076188,0.0277498834005529));
#4604=CARTESIAN_POINT('',(0.0713999553985861,0.167427526764098,0.0277498842839655));
#4605=CARTESIAN_POINT('',(0.0713535688711777,0.167422717509044,0.0277517218238303));
#4606=CARTESIAN_POINT('',(0.0713071820802156,0.167417910375599,0.0277535582625283));
#4607=CARTESIAN_POINT('',(0.0712607950279132,0.167413105346979,0.0277553936073451));
#4608=CARTESIAN_POINT('',(0.0712607004748586,0.167414885899501,0.0277564804914842));
#4609=CARTESIAN_POINT('',(0.0712607373748222,0.16741618660777,0.0277572636343884));
#4610=CARTESIAN_POINT('',(0.0693911256345298,0.167389284094715,0.0279321432249631));
#4611=CARTESIAN_POINT('',(0.0675214780299876,0.16736393322276,0.0281068746381165));
#4612=CARTESIAN_POINT('',(0.06565179803038,0.167339974032778,0.028281452439871));
#4613=CARTESIAN_POINT('',(0.06565179803038,0.17119966188999,0.0215));
#4614=CARTESIAN_POINT('',(0.06852589901519,0.16509040949331,0.0170613683194935));
#4615=CARTESIAN_POINT('',(0.0714,0.165293837831053,0.0172091676582649));
#4616=CARTESIAN_POINT('',(0.0714,0.17119966188999,0.0215));
#4617=CARTESIAN_POINT('',(0.0714,0.164090557198516,0.0198414975171379));
#4618=CARTESIAN_POINT('',(0.0714,0.164090557198516,0.019841497517138));
#4619=CARTESIAN_POINT('',(0.0714,0.164090377495578,0.0198422678066065));
#4620=CARTESIAN_POINT('',(0.0713999851223493,0.164090196714196,0.0198430375554445));
#4621=CARTESIAN_POINT('',(0.0713999553985861,0.164090014856654,0.0198438067647976));
#4622=CARTESIAN_POINT('',(0.0713999888496466,0.164090017188631,0.0198438096537037));
#4623=CARTESIAN_POINT('',(0.0713999553985861,0.164090014856654,0.0198438067647976));
#4624=CARTESIAN_POINT('',(0.0713535688711777,0.16408678111085,0.0198398007224856));
#4625=CARTESIAN_POINT('',(0.0713071820802156,0.164083549067931,0.0198357963576648));
#4626=CARTESIAN_POINT('',(0.0712607950279132,0.164080318715781,0.0198317936566233));
#4627=CARTESIAN_POINT('',(0.0712607333381131,0.16407987039729,0.0198336853733205));
#4628=CARTESIAN_POINT('',(0.0712607373748222,0.164079492376324,0.0198353019799138));
#4629=CARTESIAN_POINT('',(0.0693911256345298,0.163904858668416,0.0198637569350249));
#4630=CARTESIAN_POINT('',(0.0675214780299876,0.163730845369079,0.019893641799174));
#4631=CARTESIAN_POINT('',(0.06565179803038,0.163557408216244,0.0199248027629991));
#4632=CARTESIAN_POINT('',(0.06565179803038,0.17119966188999,0.0215));
#4633=CARTESIAN_POINT('',(0.06852589901519,0.173533188659669,0.0143181430773984));
#4634=CARTESIAN_POINT('',(0.0714,0.173455485948927,0.0145572874310453));
#4635=CARTESIAN_POINT('',(0.0714,0.17119966188999,0.0215));
#4636=CARTESIAN_POINT('',(0.0714,0.170580157319151,0.0142263342057315));
#4637=CARTESIAN_POINT('',(0.0714,0.170580157319151,0.0142263342057315));
#4638=CARTESIAN_POINT('',(0.0714,0.170579369199071,0.0142264013306182));
#4639=CARTESIAN_POINT('',(0.0713999851223493,0.170578581259903,0.0142264672627794));
#4640=CARTESIAN_POINT('',(0.0713999553985861,0.170577793501264,0.0142265320047418));
#4641=CARTESIAN_POINT('',(0.0713999944248233,0.170577791136555,0.0142265356337307));
#4642=CARTESIAN_POINT('',(0.0713999553985861,0.170577793501265,0.0142265320047418));
#4643=CARTESIAN_POINT('',(0.0713535688711777,0.170580604191501,0.0142222185945678));
#4644=CARTESIAN_POINT('',(0.0713071820802156,0.170583413812569,0.0142179073223072));
#4645=CARTESIAN_POINT('',(0.0712607950279132,0.170586222373765,0.0142135981721999));
#4646=CARTESIAN_POINT('',(0.0712607497697404,0.170584355548338,0.0142137518293913));
#4647=CARTESIAN_POINT('',(0.0712607373748222,0.170582630407103,0.0142138964081937));
#4648=CARTESIAN_POINT('',(0.0693911256345298,0.170501603353089,0.014056602947026));
#4649=CARTESIAN_POINT('',(0.0675214780299876,0.170419408091559,0.0139003413956658));
#4650=CARTESIAN_POINT('',(0.06565179803038,0.170336177226177,0.0137450221286775));
#4651=CARTESIAN_POINT('',(0.0555,0.17119966188999,0.0215));
#4652=CARTESIAN_POINT('',(0.0741547005383793,0.17119966188999,0.0215));
#4653=CARTESIAN_POINT('',(0.0741547005383793,0.178499661889989,0.0215));
#4654=CARTESIAN_POINT('',(0.0741547005383793,0.177925891700499,0.0186631297991967));
#4655=CARTESIAN_POINT('',(0.0555,0.177925891700499,0.0186631297991967));
#4656=CARTESIAN_POINT('',(0.0727773502691897,0.178499661889989,0.0215));
#4657=CARTESIAN_POINT('',(0.0555,0.17119966188999,0.0215));
#4658=CARTESIAN_POINT('',(0.0727773502691897,0.173455485948927,0.0284427125689547));
#4659=CARTESIAN_POINT('',(0.0741547005383793,0.173455485948927,0.0284427125689547));
#4660=CARTESIAN_POINT('',(0.0741547005383793,0.17119966188999,0.0215));
#4661=CARTESIAN_POINT('',(0.0741547005383793,0.175976205099866,0.0270203835885003));
#4662=CARTESIAN_POINT('',(0.0555,0.175976205099866,0.0270203835885003));
#4663=CARTESIAN_POINT('',(0.0555,0.17119966188999,0.0215));
#4664=CARTESIAN_POINT('',(0.0727773502691897,0.165293837831053,0.0257908323417351));
#4665=CARTESIAN_POINT('',(0.0741547005383793,0.165293837831053,0.0257908323417351));
#4666=CARTESIAN_POINT('',(0.0741547005383793,0.17119966188999,0.0215));
#4667=CARTESIAN_POINT('',(0.0741547005383793,0.167425498131915,0.0277486548894337));
#4668=CARTESIAN_POINT('',(0.0555,0.167425498131915,0.0277486548894336));
#4669=CARTESIAN_POINT('',(0.0555,0.17119966188999,0.0215));
#4670=CARTESIAN_POINT('',(0.0727773502691897,0.165293837831053,0.0172091676582649));
#4671=CARTESIAN_POINT('',(0.0741547005383793,0.165293837831053,0.0172091676582649));
#4672=CARTESIAN_POINT('',(0.0741547005383793,0.17119966188999,0.0215));
#4673=CARTESIAN_POINT('',(0.0741547005383793,0.164090557198516,0.0198414975171379));
#4674=CARTESIAN_POINT('',(0.0555,0.164090557198516,0.019841497517138));
#4675=CARTESIAN_POINT('',(0.0555,0.17119966188999,0.0215));
#4676=CARTESIAN_POINT('',(0.0727773502691897,0.173455485948927,0.0145572874310453));
#4677=CARTESIAN_POINT('',(0.0741547005383793,0.173455485948927,0.0145572874310453));
#4678=CARTESIAN_POINT('',(0.0741547005383793,0.17119966188999,0.0215));
#4679=CARTESIAN_POINT('',(0.0741547005383793,0.170580157319151,0.0142263342057315));
#4680=CARTESIAN_POINT('',(0.0555,0.170580157319151,0.0142263342057315));
#4681=CARTESIAN_POINT('',(0.0555,0.17119966188999,0.0215));
#4682=CARTESIAN_POINT('',(0.0741547005383793,0.17119966188999,0.0215));
#4683=CARTESIAN_POINT('',(0.0741547005383793,0.156634432781016,0.0171532654781868));
#4684=CARTESIAN_POINT('',(0.0741547005383793,0.159301923327435,0.0309595886325515));
#4685=CARTESIAN_POINT('',(0.0555,0.156634432781016,0.0171532654781868));
#4686=CARTESIAN_POINT('',(0.0714523931314901,0.156634432781016,0.0171532654781868));
#4687=CARTESIAN_POINT('',(0.168607837704963,0.17119966188999,0.0215));
#4688=CARTESIAN_POINT('',(0.069751756813227,0.156577311788892,0.0173494726213509));
#4689=CARTESIAN_POINT('',(0.069751756813227,0.17119966188999,0.0215));
#4690=CARTESIAN_POINT('',(0.069751756813227,0.159403509517793,0.0310859683502457));
#4691=CARTESIAN_POINT('',(0.127354863152038,0.17119966188999,0.0215));
#4692=CARTESIAN_POINT('',(0.0713476068685094,0.159301923327435,0.0309595886325514));
#4693=CARTESIAN_POINT('',(0.0555,0.159301923327435,0.0309595886325514));
#4694=CARTESIAN_POINT('',(0.0555,0.17119966188999,0.0215));
#4695=CARTESIAN_POINT('',(0.0741547005383793,0.17119966188999,0.0215));
#4696=CARTESIAN_POINT('',(0.0741547005383793,0.162564768376776,0.0340091412181442));
#4697=CARTESIAN_POINT('',(0.0741547005383793,0.176519661889989,0.0357385954363484));
#4698=CARTESIAN_POINT('',(0.0555,0.162564768376776,0.0340091412181442));
#4699=CARTESIAN_POINT('',(0.0714523931314901,0.162564768376776,0.0340091412181442));
#4700=CARTESIAN_POINT('',(0.168607837704963,0.17119966188999,0.0215));
#4701=CARTESIAN_POINT('',(0.069751756813227,0.162733721101525,0.0341240978515773));
#4702=CARTESIAN_POINT('',(0.069751756813227,0.17119966188999,0.0215));
#4703=CARTESIAN_POINT('',(0.069751756813227,0.176671248003244,0.0356810347085547));
#4704=CARTESIAN_POINT('',(0.127354863152038,0.17119966188999,0.0215));
#4705=CARTESIAN_POINT('',(0.0713476068685093,0.176519661889989,0.0357385954363484));
#4706=CARTESIAN_POINT('',(0.0555,0.176519661889989,0.0357385954363484));
#4707=CARTESIAN_POINT('',(0.0555,0.17119966188999,0.0215));
#4708=CARTESIAN_POINT('',(0.069751756813227,0.17119966188999,0.0215));
#4709=CARTESIAN_POINT('',(0.0697517568132271,0.180589772837072,0.0334526489282285));
#4710=CARTESIAN_POINT('',(0.069751756813227,0.18637744045255,0.020678393095283));
#4711=CARTESIAN_POINT('',(0.127354863152038,0.17119966188999,0.0215));
#4712=CARTESIAN_POINT('',(0.0713476068685093,0.186385341272694,0.0208403472991709));
#4713=CARTESIAN_POINT('',(0.0555,0.186385341272694,0.0208403472991709));
#4714=CARTESIAN_POINT('',(0.0741547005383793,0.186385341272694,0.0208403472991709));
#4715=CARTESIAN_POINT('',(0.0741547005383793,0.17119966188999,0.0215));
#4716=CARTESIAN_POINT('',(0.0741547005383793,0.180428233318561,0.0335778089646986));
#4717=CARTESIAN_POINT('',(0.0555,0.180428233318561,0.0335778089646986));
#4718=CARTESIAN_POINT('',(0.07145239313149,0.180428233318561,0.0335778089646986));
#4719=CARTESIAN_POINT('',(0.168607837704963,0.17119966188999,0.0215));
#4720=CARTESIAN_POINT('',(0.0555,0.17119966188999,0.0215));
#4721=CARTESIAN_POINT('',(0.0741547005383793,0.17119966188999,0.0215));
#4722=CARTESIAN_POINT('',(0.0741547005383793,0.170832748759928,0.00630442910730275));
#4723=CARTESIAN_POINT('',(0.0741547005383793,0.158526455069071,0.0131077518581606));
#4724=CARTESIAN_POINT('',(0.0555,0.170832748759928,0.00630442910730275));
#4725=CARTESIAN_POINT('',(0.07145239313149,0.170832748759928,0.00630442910730274));
#4726=CARTESIAN_POINT('',(0.168607837704963,0.17119966188999,0.0215));
#4727=CARTESIAN_POINT('',(0.069751756813227,0.170628493320576,0.00631073515718047));
#4728=CARTESIAN_POINT('',(0.069751756813227,0.17119966188999,0.0215));
#4729=CARTESIAN_POINT('',(0.069751756813227,0.158437652674244,0.0132434195469779));
#4730=CARTESIAN_POINT('',(0.127354863152038,0.17119966188999,0.0215));
#4731=CARTESIAN_POINT('',(0.0713476068685093,0.158526455069071,0.0131077518581606));
#4732=CARTESIAN_POINT('',(0.0555,0.158526455069071,0.0131077518581606));
#4733=CARTESIAN_POINT('',(0.0681547005383792,0.17119966188999,0.0215));
#4734=CARTESIAN_POINT('',(0.0689032286758031,0.17119966188999,0.0215));
#4735=CARTESIAN_POINT('',(0.0689032286758031,0.159676273704996,0.0308643105771763));
#4736=CARTESIAN_POINT('',(0.0689032286758031,0.15691542656687,0.0174454458837487));
#4737=CARTESIAN_POINT('',(0.068903228675803,0.15691542656687,0.0174454458837486));
#4738=CARTESIAN_POINT('',(0.0686291152722596,0.157107923830173,0.0177711301240934));
#4739=CARTESIAN_POINT('',(0.0683594093038998,0.157302193247276,0.0180994502939515));
#4740=CARTESIAN_POINT('',(0.0680951735824007,0.157498725246111,0.0184309254847242));
#4741=CARTESIAN_POINT('',(0.0680951735824007,0.157498725246111,0.0184309254847242));
#4742=CARTESIAN_POINT('',(0.0680951735824007,0.157498725246111,0.0184309254847242));
#4743=CARTESIAN_POINT('',(0.0681344219259926,0.157433862102109,0.0185409327571387));
#4744=CARTESIAN_POINT('',(0.0681547005383792,0.157386997601352,0.0186648337346557));
#4745=CARTESIAN_POINT('',(0.0681547005383792,0.157361367039629,0.0187960037658171));
#4746=CARTESIAN_POINT('',(0.0681547005383792,0.157361367039629,0.0187960037658171));
#4747=CARTESIAN_POINT('',(0.0681547005383792,0.17119966188999,0.0215));
#4748=CARTESIAN_POINT('',(0.0681547005383792,0.160503415604397,0.0306869644278145));
#4749=CARTESIAN_POINT('',(0.0681547005383792,0.160503415604397,0.0306869644278145));
#4750=CARTESIAN_POINT('',(0.0684031282381339,0.160226729102372,0.0307461051375943));
#4751=CARTESIAN_POINT('',(0.0686527023754054,0.159951067516554,0.0308052148162401));
#4752=CARTESIAN_POINT('',(0.068903228675803,0.159676273704996,0.0308643105771762));
#4753=CARTESIAN_POINT('',(0.0681547005383792,0.17119966188999,0.0215));
#4754=CARTESIAN_POINT('',(0.0689032286758031,0.17119966188999,0.0215));
#4755=CARTESIAN_POINT('',(0.0689032286758031,0.176544727703082,0.0353531245320894));
#4756=CARTESIAN_POINT('',(0.0689032286758031,0.162929480310563,0.0338321889578117));
#4757=CARTESIAN_POINT('',(0.0689032286758031,0.162929480310562,0.0338321889578117));
#4758=CARTESIAN_POINT('',(0.0686291152722596,0.163298709355328,0.0337497551462454));
#4759=CARTESIAN_POINT('',(0.0683594093038997,0.163670992943675,0.0336664504632743));
#4760=CARTESIAN_POINT('',(0.0680951735824007,0.164046976311428,0.0335819688922845));
#4761=CARTESIAN_POINT('',(0.0680951735824007,0.164046976311428,0.0335819688922845));
#4762=CARTESIAN_POINT('',(0.0680951735824007,0.164046976311428,0.0335819688922845));
#4763=CARTESIAN_POINT('',(0.0681344219259927,0.164131555630893,0.0336776515247355));
#4764=CARTESIAN_POINT('',(0.0681547005383792,0.164234910535768,0.0337605098212367));
#4765=CARTESIAN_POINT('',(0.0681547005383792,0.164351740369499,0.0338254197027609));
#4766=CARTESIAN_POINT('',(0.0681547005383792,0.164351740369499,0.0338254197027609));
#4767=CARTESIAN_POINT('',(0.0681547005383792,0.17119966188999,0.0215));
#4768=CARTESIAN_POINT('',(0.0681547005383792,0.176631662395766,0.0345116628647242));
#4769=CARTESIAN_POINT('',(0.0681547005383792,0.176631662395766,0.0345116628647242));
#4770=CARTESIAN_POINT('',(0.0684031282381339,0.176602407721941,0.0347930828498273));
#4771=CARTESIAN_POINT('',(0.0686527023754055,0.176573440252279,0.0350735184925449));
#4772=CARTESIAN_POINT('',(0.068903228675803,0.176544727703082,0.0353531245320894));
#4773=CARTESIAN_POINT('',(0.0681547005383792,0.17119966188999,0.0215));
#4774=CARTESIAN_POINT('',(0.0689032286758182,0.180372643903888,0.0331762660478861));
#4775=CARTESIAN_POINT('',(0.0686291152722695,0.180408342739885,0.0327996349101642));
#4776=CARTESIAN_POINT('',(0.0683594093039047,0.180444157233834,0.032419829614801));
#4777=CARTESIAN_POINT('',(0.0680951735824007,0.180479995735476,0.0320361419417266));
#4778=CARTESIAN_POINT('',(0.0689032286758183,0.180372643903888,0.0331762660478861));
#4779=CARTESIAN_POINT('',(0.0680951735824007,0.180479995735476,0.0320361419417266));
#4780=CARTESIAN_POINT('',(0.0680951735824007,0.180479995735476,0.0320361419417266));
#4781=CARTESIAN_POINT('',(0.0681344219259926,0.180597131773652,0.0319852697882998));
#4782=CARTESIAN_POINT('',(0.0681547005383792,0.180707873118527,0.0319125780542706));
#4783=CARTESIAN_POINT('',(0.0681547005383792,0.180805708488396,0.0318215245360968));
#4784=CARTESIAN_POINT('',(0.0681547005383792,0.180805708488396,0.0318215245360968));
#4785=CARTESIAN_POINT('',(0.0681547005383792,0.17119966188999,0.0215));
#4786=CARTESIAN_POINT('',(0.0681547005383792,0.18525306911506,0.0203546854727398));
#4787=CARTESIAN_POINT('',(0.0681547005383792,0.18525306911506,0.0203546854727398));
#4788=CARTESIAN_POINT('',(0.0684031282381339,0.185511675234331,0.0204694718788672));
#4789=CARTESIAN_POINT('',(0.0686527023754056,0.185769433939329,0.0205836809590777));
#4790=CARTESIAN_POINT('',(0.0689032286758031,0.18602648241958,0.02069739123404));
#4791=CARTESIAN_POINT('',(0.0689032286758031,0.18602648241958,0.0206973912340401));
#4792=CARTESIAN_POINT('',(0.0689032286758031,0.17119966188999,0.0215));
#4793=CARTESIAN_POINT('',(0.0681547005383792,0.17119966188999,0.0215));
#4794=CARTESIAN_POINT('',(0.0689032286758031,0.17119966188999,0.0215));
#4795=CARTESIAN_POINT('',(0.0689032286758031,0.158732750513012,0.0134343376858156));
#4796=CARTESIAN_POINT('',(0.0689032286758031,0.170641700536427,0.00666195878911916));
#4797=CARTESIAN_POINT('',(0.0689032286758032,0.170641700536427,0.00666195878911903));
#4798=CARTESIAN_POINT('',(0.0686291152722597,0.170391441343123,0.00694567653081869));
#4799=CARTESIAN_POINT('',(0.0683594093038997,0.170139222857521,0.00723189423795425));
#4800=CARTESIAN_POINT('',(0.0680951735824006,0.169884702944925,0.00752123874326893));
#4801=CARTESIAN_POINT('',(0.0680951735824006,0.169884702944925,0.0075212387432689));
#4802=CARTESIAN_POINT('',(0.0680951735824006,0.169884702944925,0.0075212387432689));
#4803=CARTESIAN_POINT('',(0.0681344219259925,0.16976003599785,0.00749354434417978));
#4804=CARTESIAN_POINT('',(0.0681547005383792,0.16962771723864,0.00748726106302331));
#4805=CARTESIAN_POINT('',(0.0681547005383792,0.169495046846614,0.00750341871906227));
#4806=CARTESIAN_POINT('',(0.0681547005383792,0.169495046846614,0.00750341871906228));
#4807=CARTESIAN_POINT('',(0.0681547005383792,0.17119966188999,0.0215));
#4808=CARTESIAN_POINT('',(0.0681547005383792,0.159157017627677,0.0141661934051014));
#4809=CARTESIAN_POINT('',(0.0681547005383792,0.159157017627677,0.0141661934051014));
#4810=CARTESIAN_POINT('',(0.0684031282381339,0.159015270639022,0.013921324388761));
#4811=CARTESIAN_POINT('',(0.0686527023754055,0.158873869879256,0.0136774205365107));
#4812=CARTESIAN_POINT('',(0.068903228675803,0.158732750513012,0.0134343376858156));
#4813=CARTESIAN_POINT('',(0.0555,0.17119966188999,0.0215));
#4814=CARTESIAN_POINT('',(0.168607837704963,0.17119966188999,0.0215));
#4815=CARTESIAN_POINT('',(0.0662247005383793,0.157314857455469,0.0190459817003303));
#4816=CARTESIAN_POINT('',(0.0662247005383793,0.17119966188999,0.0215));
#4817=CARTESIAN_POINT('',(0.0662247005383793,0.160746759505455,0.0309629187748493));
#4818=CARTESIAN_POINT('',(0.0662247005383793,0.160746759505494,0.0309629187748918));
#4819=CARTESIAN_POINT('',(0.0662247005383793,0.160765494142284,0.0309836133760225));
#4820=CARTESIAN_POINT('',(0.0662234880341497,0.160784254031241,0.0310042123437902));
#4821=CARTESIAN_POINT('',(0.0662210109957874,0.160803036899488,0.0310247146312569));
#4822=CARTESIAN_POINT('',(0.0662229409538016,0.160803153041199,0.0310248414027492));
#4823=CARTESIAN_POINT('',(0.127354863152038,0.17119966188999,0.0215));
#4824=CARTESIAN_POINT('',(0.0681863804862388,0.160665274099037,0.030872122164688));
#4825=CARTESIAN_POINT('',(0.0681863804862388,0.160665274099037,0.030872122164688));
#4826=CARTESIAN_POINT('',(0.0681646776325096,0.16061173712363,0.030811945904692));
#4827=CARTESIAN_POINT('',(0.0681547005383792,0.160557716517503,0.0307501861747455));
#4828=CARTESIAN_POINT('',(0.0681547005383792,0.160503415604397,0.0306869644278145));
#4829=CARTESIAN_POINT('',(0.0555,0.17119966188999,0.0215));
#4830=CARTESIAN_POINT('',(0.0681863804862388,0.17685777489349,0.0344149431760119));
#4831=CARTESIAN_POINT('',(0.0681646776325096,0.176784000034066,0.0344472643783392));
#4832=CARTESIAN_POINT('',(0.0681547005383792,0.176708569755116,0.0344795562216893));
#4833=CARTESIAN_POINT('',(0.0681547005383792,0.176631662395766,0.0345116628647242));
#4834=CARTESIAN_POINT('',(0.0681863804862388,0.17685777489349,0.0344149431760119));
#4835=CARTESIAN_POINT('',(0.168607837704963,0.17119966188999,0.0215));
#4836=CARTESIAN_POINT('',(0.0662247005383793,0.164575111261566,0.0339469003760554));
#4837=CARTESIAN_POINT('',(0.0662247005383793,0.17119966188999,0.0215));
#4838=CARTESIAN_POINT('',(0.0662247005383793,0.176969307976671,0.0343655036448033));
#4839=CARTESIAN_POINT('',(0.0662247005383793,0.176969307976671,0.0343655036448033));
#4840=CARTESIAN_POINT('',(0.0662247005383793,0.176994862889834,0.0343540433235597));
#4841=CARTESIAN_POINT('',(0.0662234800498855,0.177020334105714,0.0343425290801904));
#4842=CARTESIAN_POINT('',(0.0662209864896132,0.177045719907935,0.0343309627717804));
#4843=CARTESIAN_POINT('',(0.0662209864896132,0.177045719907935,0.0343309627717804));
#4844=CARTESIAN_POINT('',(0.127354863152038,0.17119966188999,0.0215));
#4845=CARTESIAN_POINT('',(0.0555,0.17119966188999,0.0215));
#4846=CARTESIAN_POINT('',(0.0662247005383793,0.185218401659112,0.0199883997599823));
#4847=CARTESIAN_POINT('',(0.0662247005383793,0.185215431492638,0.0199608541234039));
#4848=CARTESIAN_POINT('',(0.0662235061632072,0.185212385832731,0.0199333700778984));
#4849=CARTESIAN_POINT('',(0.0662210666307625,0.185209265874862,0.0199059497539124));
#4850=CARTESIAN_POINT('',(0.0662247005383793,0.185218401659111,0.0199883997599779));
#4851=CARTESIAN_POINT('',(0.0662246391509939,0.185209230168439,0.0199056359765667));
#4852=CARTESIAN_POINT('',(0.127354863152038,0.17119966188999,0.0215));
#4853=CARTESIAN_POINT('',(0.0681863804862388,0.185230955829293,0.0201097516808608));
#4854=CARTESIAN_POINT('',(0.0681863804862388,0.185230955829293,0.0201097516808608));
#4855=CARTESIAN_POINT('',(0.0681646776325096,0.185238897434061,0.0201899035424523));
#4856=CARTESIAN_POINT('',(0.0681547005383792,0.185246299564016,0.0202716207291485));
#4857=CARTESIAN_POINT('',(0.0681547005383792,0.18525306911506,0.0203546854727398));
#4858=CARTESIAN_POINT('',(0.168607837704963,0.17119966188999,0.0215));
#4859=CARTESIAN_POINT('',(0.0662247005383793,0.180990268876034,0.0316466257861824));
#4860=CARTESIAN_POINT('',(0.0662247005383793,0.17119966188999,0.0215));
#4861=CARTESIAN_POINT('',(0.0555,0.17119966188999,0.0215));
#4862=CARTESIAN_POINT('',(0.168607837704963,0.17119966188999,0.0215));
#4863=CARTESIAN_POINT('',(0.0662247005383793,0.169242931384345,0.0075364329153229));
#4864=CARTESIAN_POINT('',(0.0662247005383793,0.17119966188999,0.0215));
#4865=CARTESIAN_POINT('',(0.0662247005383793,0.158969766848606,0.0144829017908594));
#4866=CARTESIAN_POINT('',(0.0662247005383793,0.158969766848606,0.0144829017908594));
#4867=CARTESIAN_POINT('',(0.0662247005383793,0.158955911998152,0.0145070490041102));
#4868=CARTESIAN_POINT('',(0.0662234945720827,0.158942155370656,0.0145311907107599));
#4869=CARTESIAN_POINT('',(0.0662210310609797,0.158928497256467,0.0145553244469605));
#4870=CARTESIAN_POINT('',(0.0662239036511046,0.158928371568427,0.0145555465425376));
#4871=CARTESIAN_POINT('',(0.127354863152038,0.17119966188999,0.0215));
#4872=CARTESIAN_POINT('',(0.0681863804862388,0.159030939181008,0.0143773468684815));
#4873=CARTESIAN_POINT('',(0.0681863804862388,0.159030939181008,0.0143773468684815));
#4874=CARTESIAN_POINT('',(0.0681646776325096,0.159071626369976,0.0143078346921609));
#4875=CARTESIAN_POINT('',(0.0681547005383792,0.159113670078246,0.0142373732365679));
#4876=CARTESIAN_POINT('',(0.0681547005383792,0.159157017627677,0.0141661934051014));
#4877=CARTESIAN_POINT('',(0.0653247005383792,0.17119966188999,0.0215));
#4878=CARTESIAN_POINT('',(0.0662247005383793,0.157314857455386,0.0190459817008038));
#4879=CARTESIAN_POINT('',(0.0662247005383793,0.157330529453317,0.0189573097351352));
#4880=CARTESIAN_POINT('',(0.0662336901814268,0.157355562894224,0.0188722598429507));
#4881=CARTESIAN_POINT('',(0.066250609014418,0.157388863178499,0.0187904075628384));
#4882=CARTESIAN_POINT('',(0.066250609014418,0.157388863178499,0.0187904075628384));
#4883=CARTESIAN_POINT('',(0.0662506090144181,0.157388863178499,0.0187904075628383));
#4884=CARTESIAN_POINT('',(0.0659584073617953,0.157157757680843,0.018450606904779));
#4885=CARTESIAN_POINT('',(0.0656601618645813,0.15692874704211,0.0181146821831296));
#4886=CARTESIAN_POINT('',(0.0653571632935606,0.156701294604382,0.0177818664323815));
#4887=CARTESIAN_POINT('',(0.0653571632935606,0.156701294604382,0.0177818664323816));
#4888=CARTESIAN_POINT('',(0.0653571632935606,0.156701294604382,0.0177818664323816));
#4889=CARTESIAN_POINT('',(0.0653357618870303,0.156657194166664,0.017867677764425));
#4890=CARTESIAN_POINT('',(0.0653247005383792,0.156623391161799,0.017958515815897));
#4891=CARTESIAN_POINT('',(0.0653247005383792,0.156600678606348,0.0180547587771009));
#4892=CARTESIAN_POINT('',(0.0653247005383792,0.156600678606348,0.0180547587771009));
#4893=CARTESIAN_POINT('',(0.0653247005383792,0.17119966188999,0.0215));
#4894=CARTESIAN_POINT('',(0.0653247005383792,0.159857714638759,0.0313163247985331));
#4895=CARTESIAN_POINT('',(0.0653247005383792,0.159857714638759,0.0313163247985331));
#4896=CARTESIAN_POINT('',(0.0656254001462986,0.160153281500467,0.0311983386491484));
#4897=CARTESIAN_POINT('',(0.0659254532045928,0.160449572312057,0.0310805271692939));
#4898=CARTESIAN_POINT('',(0.0662247005383793,0.160746759505494,0.0309629187748918));
#4899=CARTESIAN_POINT('',(0.0653247005383792,0.17119966188999,0.0215));
#4900=CARTESIAN_POINT('',(0.0662247005383793,0.164575111261566,0.0339469003760556));
#4901=CARTESIAN_POINT('',(0.0662247005383793,0.164495622124501,0.0339045942759834));
#4902=CARTESIAN_POINT('',(0.0662336901814268,0.164422470628997,0.0338545041968281));
#4903=CARTESIAN_POINT('',(0.066250609014418,0.16435491483838,0.0337975399988912));
#4904=CARTESIAN_POINT('',(0.066250609014418,0.16435491483838,0.0337975399988912));
#4905=CARTESIAN_POINT('',(0.066250609014418,0.164354914838381,0.0337975399988912));
#4906=CARTESIAN_POINT('',(0.0659584073617952,0.163960329682023,0.0339123302103484));
#4907=CARTESIAN_POINT('',(0.0656601618645813,0.163570078107252,0.0340263258227959));
#4908=CARTESIAN_POINT('',(0.0653571632935606,0.163183264850108,0.0341398002228678));
#4909=CARTESIAN_POINT('',(0.0653571632935606,0.163183264850108,0.0341398002228677));
#4910=CARTESIAN_POINT('',(0.0653571632935606,0.163183264850108,0.0341398002228677));
#4911=CARTESIAN_POINT('',(0.0653357618870303,0.163251248491906,0.0342082593914419));
#4912=CARTESIAN_POINT('',(0.0653247005383792,0.163327194909722,0.03426847846113));
#4913=CARTESIAN_POINT('',(0.0653247005383792,0.163411708839502,0.034319820095594));
#4914=CARTESIAN_POINT('',(0.0653247005383792,0.163411708839502,0.034319820095594));
#4915=CARTESIAN_POINT('',(0.0653247005383792,0.17119966188999,0.0215));
#4916=CARTESIAN_POINT('',(0.0653247005383792,0.177030687105769,0.03532024402581));
#4917=CARTESIAN_POINT('',(0.0653247005383792,0.177030687105769,0.03532024402581));
#4918=CARTESIAN_POINT('',(0.0656254001462986,0.177009810792806,0.0350026835107211));
#4919=CARTESIAN_POINT('',(0.0659254532045928,0.176989324313255,0.0346844884542321));
#4920=CARTESIAN_POINT('',(0.0662247005383793,0.176969307976671,0.0343655036448033));
#4921=CARTESIAN_POINT('',(0.0653247005383792,0.17119966188999,0.0215));
#4922=CARTESIAN_POINT('',(0.0662506090144178,0.180780174279191,0.0318098901344877));
#4923=CARTESIAN_POINT('',(0.0659584073617951,0.180767412738761,0.0322206350448033));
#4924=CARTESIAN_POINT('',(0.0656601618645811,0.180755234640123,0.0326270129295137));
#4925=CARTESIAN_POINT('',(0.0653571632935604,0.180743623337637,0.0330299597163591));
#4926=CARTESIAN_POINT('',(0.066250609014418,0.18078017427919,0.0318098901344878));
#4927=CARTESIAN_POINT('',(0.0653571632935606,0.180743623337636,0.0330299597163592));
#4928=CARTESIAN_POINT('',(0.0653571632935606,0.180743623337636,0.0330299597163592));
#4929=CARTESIAN_POINT('',(0.0653357618870303,0.180829739976664,0.0329864584773362));
#4930=CARTESIAN_POINT('',(0.0653247005383792,0.180910480449063,0.0329328378577023));
#4931=CARTESIAN_POINT('',(0.0653247005383792,0.180985425485641,0.0328683257716352));
#4932=CARTESIAN_POINT('',(0.0653247005383792,0.180985425485641,0.0328683257716352));
#4933=CARTESIAN_POINT('',(0.0653247005383792,0.17119966188999,0.0215));
#4934=CARTESIAN_POINT('',(0.0653247005383792,0.18614538091383,0.020225055742235));
#4935=CARTESIAN_POINT('',(0.0653247005383792,0.18614538091383,0.020225055742235));
#4936=CARTESIAN_POINT('',(0.0656254001462986,0.185836911781151,0.02014677869981));
#4937=CARTESIAN_POINT('',(0.0659254532045928,0.185527959628888,0.0200679348197021));
#4938=CARTESIAN_POINT('',(0.0662247005383793,0.185218401659112,0.0199883997599823));
#4939=CARTESIAN_POINT('',(0.0662247005383793,0.180990268876034,0.0316466257861824));
#4940=CARTESIAN_POINT('',(0.0662247005383793,0.18092546988966,0.0317091511440749));
#4941=CARTESIAN_POINT('',(0.0662336901814268,0.180855226338203,0.0317632436648424));
#4942=CARTESIAN_POINT('',(0.066250609014418,0.18078017427919,0.0318098901344878));
#4943=CARTESIAN_POINT('',(0.0653247005383792,0.17119966188999,0.0215));
#4944=CARTESIAN_POINT('',(0.0662247005383793,0.169242931450683,0.00753643290602693));
#4945=CARTESIAN_POINT('',(0.0662247005383793,0.169332106415141,0.0075239367174667));
#4946=CARTESIAN_POINT('',(0.0662336901814268,0.169420729427981,0.00752146307251238));
#4947=CARTESIAN_POINT('',(0.066250609014418,0.169508865926114,0.00752783977928326));
#4948=CARTESIAN_POINT('',(0.066250609014418,0.169508865926114,0.00752783977928326));
#4949=CARTESIAN_POINT('',(0.066250609014418,0.169508865926114,0.00752783977928327));
#4950=CARTESIAN_POINT('',(0.0659584073617952,0.169760620029933,0.00720304121174581));
#4951=CARTESIAN_POINT('',(0.0656601618645813,0.170009335246182,0.00688143270365766));
#4952=CARTESIAN_POINT('',(0.0653571632935606,0.170255575165986,0.0065622668576322));
#4953=CARTESIAN_POINT('',(0.0653571632935606,0.170255575165986,0.00656226685763218));
#4954=CARTESIAN_POINT('',(0.0653571632935606,0.170255575165986,0.00656226685763217));
#4955=CARTESIAN_POINT('',(0.0653357618870303,0.17016033595476,0.00654684200888071));
#4956=CARTESIAN_POINT('',(0.0653247005383792,0.170063498131016,0.00654276394247416));
#4957=CARTESIAN_POINT('',(0.0653247005383792,0.169964947069996,0.00655090372921202));
#4958=CARTESIAN_POINT('',(0.0653247005383792,0.169964947069996,0.00655090372921204));
#4959=CARTESIAN_POINT('',(0.0653247005383792,0.17119966188999,0.0215));
#4960=CARTESIAN_POINT('',(0.0653247005383792,0.158358927774341,0.013746578344292));
#4961=CARTESIAN_POINT('',(0.0653247005383792,0.158358927774341,0.013746578344292));
#4962=CARTESIAN_POINT('',(0.0656254001462986,0.158562474453787,0.0139912194088594));
#4963=CARTESIAN_POINT('',(0.0659254532045928,0.158766078725456,0.0142366029665333));
#4964=CARTESIAN_POINT('',(0.0662247005383793,0.158969766848606,0.0144829017908594));
#4965=CARTESIAN_POINT('',(0.0555,0.17119966188999,0.0215));
#4966=CARTESIAN_POINT('',(0.0555,0.156600678606348,0.0180547587771009));
#4967=CARTESIAN_POINT('',(0.0601547005383793,0.156600678606348,0.0180547587771009));
#4968=CARTESIAN_POINT('',(0.0601547005383793,0.17119966188999,0.0215));
#4969=CARTESIAN_POINT('',(0.0601547005383793,0.159887400496153,0.0313505198927526));
#4970=CARTESIAN_POINT('',(0.0555,0.159887400496153,0.0313505198927526));
#4971=CARTESIAN_POINT('',(0.0653236128911519,0.159887400496152,0.0313505198927522));
#4972=CARTESIAN_POINT('',(0.0653236128911545,0.159887400496153,0.0313505198927526));
#4973=CARTESIAN_POINT('',(0.065324340670276,0.159877493766104,0.0313391430800473));
#4974=CARTESIAN_POINT('',(0.0653247005383792,0.159867598418167,0.031327744683978));
#4975=CARTESIAN_POINT('',(0.0653247005383792,0.159857714638759,0.0313163247985332));
#4976=CARTESIAN_POINT('',(0.0555,0.17119966188999,0.0215));
#4977=CARTESIAN_POINT('',(0.0555,0.163411708839502,0.034319820095594));
#4978=CARTESIAN_POINT('',(0.0601547005383793,0.163411708839502,0.034319820095594));
#4979=CARTESIAN_POINT('',(0.0601547005383793,0.17119966188999,0.0215));
#4980=CARTESIAN_POINT('',(0.0601547005383793,0.17707238200738,0.0353025779629314));
#4981=CARTESIAN_POINT('',(0.0555,0.17707238200738,0.0353025779629314));
#4982=CARTESIAN_POINT('',(0.0653236128911545,0.17707238200738,0.0353025779629314));
#4983=CARTESIAN_POINT('',(0.0653236128911545,0.17707238200738,0.0353025779629314));
#4984=CARTESIAN_POINT('',(0.065324340670276,0.177058500667578,0.0353084841946318));
#4985=CARTESIAN_POINT('',(0.0653247005383792,0.177044602318043,0.0353143729316745));
#4986=CARTESIAN_POINT('',(0.0653247005383792,0.177030687105769,0.03532024402581));
#4987=CARTESIAN_POINT('',(0.0555,0.17119966188999,0.0215));
#4988=CARTESIAN_POINT('',(0.0601547005383793,0.17119966188999,0.0215));
#4989=CARTESIAN_POINT('',(0.0601547005383793,0.180985425485641,0.0328683257716352));
#4990=CARTESIAN_POINT('',(0.0601547005383793,0.186141463922788,0.0201799424207092));
#4991=CARTESIAN_POINT('',(0.0555,0.186141463922788,0.0201799424207092));
#4992=CARTESIAN_POINT('',(0.0653236128911512,0.186141463922788,0.0201799424207092));
#4993=CARTESIAN_POINT('',(0.0653236128911545,0.186141463922788,0.0201799424207092));
#4994=CARTESIAN_POINT('',(0.065324340670276,0.18614279151303,0.0201949694853509));
#4995=CARTESIAN_POINT('',(0.0653247005383792,0.186144097208568,0.0202100073210631));
#4996=CARTESIAN_POINT('',(0.0653247005383792,0.18614538091383,0.020225055742235));
#4997=CARTESIAN_POINT('',(0.0555,0.180985425485641,0.0328683257716352));
#4998=CARTESIAN_POINT('',(0.0555,0.17119966188999,0.0215));
#4999=CARTESIAN_POINT('',(0.0555,0.169964947069996,0.00655090372921202));
#5000=CARTESIAN_POINT('',(0.0601547005383793,0.169964947069996,0.00655090372921204));
#5001=CARTESIAN_POINT('',(0.0601547005383793,0.17119966188999,0.0215));
#5002=CARTESIAN_POINT('',(0.0601547005383793,0.158335579741585,0.0137853781376468));
#5003=CARTESIAN_POINT('',(0.0555,0.158335579741585,0.0137853781376467));
#5004=CARTESIAN_POINT('',(0.0653236128911519,0.158335579741586,0.0137853781376463));
#5005=CARTESIAN_POINT('',(0.0653236128911545,0.158335579741585,0.0137853781376467));
#5006=CARTESIAN_POINT('',(0.065324340670276,0.158343338385499,0.0137724406490108));
#5007=CARTESIAN_POINT('',(0.0653247005383792,0.158351121073679,0.01375950731578));
#5008=CARTESIAN_POINT('',(0.0653247005383792,0.158358927774341,0.013746578344292));
#5009=CARTESIAN_POINT('',(0.069751756813227,0.17119966188999,0.0215));
#5010=CARTESIAN_POINT('',(0.069751756813227,0.184342482887788,0.0166764892225842));
#5011=CARTESIAN_POINT('',(0.0689032286758031,0.185139058132198,0.0163841403214554));
#5012=CARTESIAN_POINT('',(0.069751756813227,0.185469010401884,0.0162630454416628));
#5013=CARTESIAN_POINT('',(0.0689032286758031,0.17119966188999,0.0215));
#5014=CARTESIAN_POINT('',(0.0689032286758031,0.175018075109278,0.00715083597087871));
#5015=CARTESIAN_POINT('',(0.0697517568132269,0.174799869572211,0.00797082764375931));
#5016=CARTESIAN_POINT('',(0.069751756813227,0.175108458802117,0.00681118429893861));
#5017=CARTESIAN_POINT('',(0.069751756813227,0.17119966188999,0.0215));
#5018=CARTESIAN_POINT('',(0.069751756813227,0.17119966188999,0.0215));
#5019=CARTESIAN_POINT('',(0.069751756813227,0.170673585576056,0.00750988764477145));
#5020=CARTESIAN_POINT('',(0.0697517568132269,0.159445179717593,0.0138952548459008));
#5021=CARTESIAN_POINT('',(0.069751756813227,0.17119966188999,0.0215));
#5022=CARTESIAN_POINT('',(0.069751756813227,0.157731707849505,0.0176771458354548));
#5023=CARTESIAN_POINT('',(0.0697517568132269,0.160334784705072,0.0303291813752263));
#5024=CARTESIAN_POINT('',(0.069751756813227,0.17119966188999,0.0215));
#5025=CARTESIAN_POINT('',(0.069751756813227,0.163402084847982,0.0331274585475055));
#5026=CARTESIAN_POINT('',(0.0697517568132269,0.176239280678514,0.0345614793368267));
#5027=CARTESIAN_POINT('',(0.0601547005383793,0.182399661889989,0.0215));
#5028=CARTESIAN_POINT('',(0.0601547005383793,0.179002564397989,0.0309144758340707));
#5029=CARTESIAN_POINT('',(0.0601547005383793,0.179002564397989,0.0305702158116598));
#5030=CARTESIAN_POINT('',(0.0601547005383793,0.179139698342663,0.0302358159782444));
#5031=CARTESIAN_POINT('',(0.0601547005383793,0.179387739800178,0.0299967864594021));
#5032=CARTESIAN_POINT('',(0.0601547005383793,0.179002564397989,0.0309144758340707));
#5033=CARTESIAN_POINT('',(0.0601547005383792,0.182839086822817,0.0195599517446564));
#5034=CARTESIAN_POINT('',(0.0601547005383792,0.182793471235975,0.0192862785525803));
#5035=CARTESIAN_POINT('',(0.0601547005383793,0.183022149583007,0.018705995157818));
#5036=CARTESIAN_POINT('',(0.0601547005383793,0.183631950357047,0.0185967928347068));
#5037=CARTESIAN_POINT('',(0.0601547005383793,0.183895662751681,0.0186824781858644));
#5038=CARTESIAN_POINT('',(0.0601547005383793,0.183895662751681,0.0186824781858644));
#5039=CARTESIAN_POINT('',(0.0601547005383793,0.197016483884541,0.0229456914026795));
#5040=CARTESIAN_POINT('',(0.0601547005383793,0.185316940153414,0.0191442792074983));
#5041=CARTESIAN_POINT('',(0.0601547005383793,0.184946119760165,0.0202855470270524));
#5042=CARTESIAN_POINT('',(0.0601547005383793,0.180202564397989,0.0319588597099043));
#5043=CARTESIAN_POINT('',(0.0601547005383793,0.179002564397989,0.0319588597099043));
#5044=CARTESIAN_POINT('',(0.0601547005383793,0.179002564397989,0.0465));
#5045=CARTESIAN_POINT('',(0.0601547005383792,0.17119966188999,0.0215));
#5046=CARTESIAN_POINT('',(0.0601547005383792,0.181810841245287,0.0163383265611128));
#5047=CARTESIAN_POINT('',(0.0601547005383792,0.172951346463814,0.00983074119089697));
#5048=CARTESIAN_POINT('',(0.0601547005383792,0.172951346463814,0.00983074119089697));
#5049=CARTESIAN_POINT('',(0.0601547005383792,0.172676971799612,0.00978955452475204));
#5050=CARTESIAN_POINT('',(0.0601547005383793,0.172195754991203,0.00939275106213673));
#5051=CARTESIAN_POINT('',(0.0601547005383793,0.172280336212575,0.00877905068867754));
#5052=CARTESIAN_POINT('',(0.0601547005383793,0.172443319435714,0.00855472352700915));
#5053=CARTESIAN_POINT('',(0.0601547005383793,0.172443319435714,0.00855472352700915));
#5054=CARTESIAN_POINT('',(0.0601547005383793,0.180552432856129,-0.00260651357590055));
#5055=CARTESIAN_POINT('',(0.0601547005383793,0.173321717177427,0.00734571275633225));
#5056=CARTESIAN_POINT('',(0.0601547005383793,0.174292537570677,0.00805105505908321));
#5057=CARTESIAN_POINT('',(0.0601547005383793,0.174561483282042,0.00688158158596002));
#5058=CARTESIAN_POINT('',(0.0601547005383793,0.17119966188999,0.0215));
#5059=CARTESIAN_POINT('',(0.0601547005383793,0.185035549448462,0.0157061916264579));
#5060=CARTESIAN_POINT('',(0.0601547005383793,0.183928678443783,0.0161696962963412));
#5061=CARTESIAN_POINT('',(0.0601547005383793,0.183557858050533,0.0173109641158954));
#5062=CARTESIAN_POINT('',(0.0601547005383793,0.197387304277791,0.0218044235831252));
#5063=CARTESIAN_POINT('',(0.0601547005383793,0.182564589959908,0.0169882317496116));
#5064=CARTESIAN_POINT('',(0.0601547005383793,0.182564589959908,0.0169882317496116));
#5065=CARTESIAN_POINT('',(0.0601547005383793,0.182237179222295,0.0168818495522028));
#5066=CARTESIAN_POINT('',(0.0601547005383793,0.181961522801087,0.0166480921890741));
#5067=CARTESIAN_POINT('',(0.0601547005383793,0.181810841245287,0.0163383265611128));
#5068=CARTESIAN_POINT('',(0.0601547005383792,0.176641537534157,0.0319702430474858));
#5069=CARTESIAN_POINT('',(0.0601547005383792,0.176887720215273,0.0318422903791182));
#5070=CARTESIAN_POINT('',(0.0601547005383793,0.177510268014638,0.0318804589806632));
#5071=CARTESIAN_POINT('',(0.0601547005383793,0.177802564397988,0.0324266686067891));
#5072=CARTESIAN_POINT('',(0.0601547005383793,0.177802564397988,0.0327039522278108));
#5073=CARTESIAN_POINT('',(0.0601547005383793,0.177802564397988,0.0327039522278108));
#5074=CARTESIAN_POINT('',(0.0601547005383793,0.177802564397988,0.0465));
#5075=CARTESIAN_POINT('',(0.0601547005383793,0.177802564397988,0.0341983717258968));
#5076=CARTESIAN_POINT('',(0.0601547005383793,0.176602564397988,0.0341983717258968));
#5077=CARTESIAN_POINT('',(0.0601547005383793,0.164034745083541,0.0332942344879465));
#5078=CARTESIAN_POINT('',(0.0601547005383793,0.163663924690291,0.0321529666683923));
#5079=CARTESIAN_POINT('',(0.0601547005383793,0.149834478463033,0.0366464261356221));
#5080=CARTESIAN_POINT('',(0.0601547005383793,0.164657192780916,0.0318302343021086));
#5081=CARTESIAN_POINT('',(0.0601547005383793,0.164657192780916,0.0318302343021086));
#5082=CARTESIAN_POINT('',(0.0601547005383793,0.16498460351853,0.0317238521046997));
#5083=CARTESIAN_POINT('',(0.0601547005383793,0.165345013378557,0.0317509390049454));
#5084=CARTESIAN_POINT('',(0.0601547005383793,0.165648992985721,0.0319129762659476));
#5085=CARTESIAN_POINT('',(0.0601547005383792,0.162923501067807,0.0299110143291621));
#5086=CARTESIAN_POINT('',(0.0601547005383792,0.163121265919021,0.0301056084232357));
#5087=CARTESIAN_POINT('',(0.0601547005383793,0.163277343271618,0.0307094813110556));
#5088=CARTESIAN_POINT('',(0.0601547005383793,0.162848191597278,0.0311562597480951));
#5089=CARTESIAN_POINT('',(0.0601547005383793,0.162584479202643,0.0312419450992527));
#5090=CARTESIAN_POINT('',(0.0601547005383793,0.162584479202643,0.0312419450992527));
#5091=CARTESIAN_POINT('',(0.0601547005383793,0.149463658069783,0.0355051583160678));
#5092=CARTESIAN_POINT('',(0.0601547005383793,0.16116320180091,0.0317037461208866));
#5093=CARTESIAN_POINT('',(0.0601547005383793,0.16079238140766,0.0305624783013324));
#5094=CARTESIAN_POINT('',(0.0601547005383793,0.157768597269039,0.0183303780749328));
#5095=CARTESIAN_POINT('',(0.0601547005383793,0.158739417662289,0.0176250357721818));
#5096=CARTESIAN_POINT('',(0.0601547005383793,0.150192349848256,0.00586100615990422));
#5097=CARTESIAN_POINT('',(0.0601547005383793,0.159353291102236,0.0184699600763824));
#5098=CARTESIAN_POINT('',(0.0601547005383793,0.159353291102236,0.0184699600763824));
#5099=CARTESIAN_POINT('',(0.0601547005383793,0.159555642066363,0.0187484722849967));
#5100=CARTESIAN_POINT('',(0.0601547005383793,0.159641253665068,0.0190996127434138));
#5101=CARTESIAN_POINT('',(0.0601547005383793,0.159581081936666,0.0194387867969994));
#5102=CARTESIAN_POINT('',(0.0601547005383792,0.160642837561354,0.0162280496877989));
#5103=CARTESIAN_POINT('',(0.0601547005383792,0.160518880280067,0.0164762681203139));
#5104=CARTESIAN_POINT('',(0.0601547005383794,0.159992793589482,0.0168113134883261));
#5105=CARTESIAN_POINT('',(0.0601547005383793,0.15943526688506,0.0165412281217312));
#5106=CARTESIAN_POINT('',(0.0601547005383793,0.159272283661921,0.0163169009600629));
#5107=CARTESIAN_POINT('',(0.0601547005383793,0.159272283661921,0.0163169009600629));
#5108=CARTESIAN_POINT('',(0.0601547005383793,0.151163170241505,0.00515566385715319));
#5109=CARTESIAN_POINT('',(0.0601547005383793,0.158393885920208,0.015107890189386));
#5110=CARTESIAN_POINT('',(0.0601547005383793,0.159364706313458,0.014402547886635));
#5111=CARTESIAN_POINT('',(0.0601547005383793,0.170063724255595,0.00774683143087507));
#5112=CARTESIAN_POINT('',(0.0601547005383793,0.171034544648845,0.00845217373362603));
#5113=CARTESIAN_POINT('',(0.0601547005383793,0.179581612462879,-0.0033118558786516));
#5114=CARTESIAN_POINT('',(0.0601547005383793,0.170420671208898,0.00929709803782666));
#5115=CARTESIAN_POINT('',(0.0601547005383793,0.170420671208898,0.00929709803782666));
#5116=CARTESIAN_POINT('',(0.0601547005383793,0.170218320244771,0.00957561024644093));
#5117=CARTESIAN_POINT('',(0.0601547005383793,0.169910821262574,0.00976554008432219));
#5118=CARTESIAN_POINT('',(0.0601547005383793,0.169569653482096,0.00981312391653799));
#5119=CARTESIAN_POINT('',(0.0601547005383793,0.17119966188999,0.0215));
#5120=CARTESIAN_POINT('',(0.0601547005383793,0.17119966188999,0.0321));
#5121=CARTESIAN_POINT('',(0.0601547005383793,0.17119966188999,0.0215));
#5122=CARTESIAN_POINT('',(0.0601547005383793,0.17119966188999,0.0377));
#5123=CARTESIAN_POINT('',(0.0741547005383793,0.177899661889989,0.0215));
#5124=CARTESIAN_POINT('',(0.0741547005383793,0.178499661889989,0.0465));
#5125=CARTESIAN_POINT('',(0.0741547005383793,0.178499661889989,0.0326242977306434));
#5126=CARTESIAN_POINT('',(0.0741547005383793,0.179699661889989,0.0326242977306434));
#5127=CARTESIAN_POINT('',(0.0741547005383793,0.185186471847744,0.0208924251439732));
#5128=CARTESIAN_POINT('',(0.0741547005383793,0.185557292240993,0.019751157324419));
#5129=CARTESIAN_POINT('',(0.0741547005383793,0.196861078463056,0.0234239801099732));
#5130=CARTESIAN_POINT('',(0.0741547005383793,0.178910226371124,0.017591394701141));
#5131=CARTESIAN_POINT('',(0.0741547005383793,0.178663012775624,0.0183522399141771));
#5132=CARTESIAN_POINT('',(0.0741547005383793,0.179988469138364,-0.00301625720110879));
#5133=CARTESIAN_POINT('',(0.0741547005383793,0.171832535979235,0.00820942174368772));
#5134=CARTESIAN_POINT('',(0.0741547005383793,0.170861715585986,0.00750407944093673));
#5135=CARTESIAN_POINT('',(0.0741547005383793,0.159526971397037,0.0137702977640953));
#5136=CARTESIAN_POINT('',(0.0741547005383793,0.158556151003788,0.0144756400668463));
#5137=CARTESIAN_POINT('',(0.0741547005383793,0.15157002691699,0.00486006517961042));
#5138=CARTESIAN_POINT('',(0.0741547005383793,0.162664263636826,0.0201299720222199));
#5139=CARTESIAN_POINT('',(0.0741547005383793,0.163311477232327,0.0196597438203859));
#5140=CARTESIAN_POINT('',(0.0741547005383793,0.150599206523741,0.00556540748236142));
#5141=CARTESIAN_POINT('',(0.0741547005383793,0.15875513968287,0.0167910864271579));
#5142=CARTESIAN_POINT('',(0.0741547005383793,0.15778431928962,0.0174964287299089));
#5143=CARTESIAN_POINT('',(0.0741547005383793,0.16024121847711,0.0302127790036658));
#5144=CARTESIAN_POINT('',(0.0741547005383793,0.16061203887036,0.03135404682322));
#5145=CARTESIAN_POINT('',(0.0741547005383793,0.149308252648298,0.0350268696087742));
#5146=CARTESIAN_POINT('',(0.0741547005383793,0.167259104740229,0.0291942841999419));
#5147=CARTESIAN_POINT('',(0.0741547005383793,0.16701189114473,0.0284334389869058));
#5148=CARTESIAN_POINT('',(0.0741547005383793,0.149679073041548,0.0361681374283284));
#5149=CARTESIAN_POINT('',(0.0741547005383793,0.162875650102991,0.0318803096182102));
#5150=CARTESIAN_POINT('',(0.0741547005383793,0.163246470496241,0.0330215774377643));
#5151=CARTESIAN_POINT('',(0.0741547005383793,0.176099661889989,0.0346144957966366));
#5152=CARTESIAN_POINT('',(0.0741547005383793,0.177299661889989,0.0346144957966366));
#5153=CARTESIAN_POINT('',(0.0741547005383793,0.177299661889989,0.0465));
#5154=CARTESIAN_POINT('',(0.0741547005383793,0.177299661889989,0.0276253571324455));
#5155=CARTESIAN_POINT('',(0.0741547005383793,0.17649966188999,0.0276253571324455));
#5156=CARTESIAN_POINT('',(0.0741547005383793,0.170512266407279,0.0134292201460857));
#5157=CARTESIAN_POINT('',(0.0741547005383793,0.169865052811778,0.0129589919442517));
#5158=CARTESIAN_POINT('',(0.0741547005383793,0.197231898856305,0.022282712290419));
#5159=CARTESIAN_POINT('',(0.0741547005383793,0.184035321794863,0.0179948844803007));
#5160=CARTESIAN_POINT('',(0.0741547005383793,0.184406142188112,0.0168536166607465));
#5161=CARTESIAN_POINT('',(0.0741547005383793,0.185538126213666,0.0164553552316677));
#5162=CARTESIAN_POINT('',(0.0741547005383793,0.17119966188999,0.0215));
#5163=CARTESIAN_POINT('',(0.0741547005383793,0.17526492789076,0.00685371677376865));
#5164=CARTESIAN_POINT('',(0.0741547005383793,0.174943985838067,0.00801000229162902));
#5165=CARTESIAN_POINT('',(0.0741547005383793,0.173973165444817,0.00730465998887805));
#5166=CARTESIAN_POINT('',(0.0741547005383793,0.180959289531614,-0.0023109148983578));
#5167=CARTESIAN_POINT('',(0.0741547005383793,0.17119966188999,0.0215));
#5168=CARTESIAN_POINT('',(0.0741547005383793,0.17119966188999,0.0276));
#5169=CARTESIAN_POINT('',(0.0741547005383793,0.17119966188999,0.0215));
#5170=CARTESIAN_POINT('',(0.0741547005383793,0.17119966188999,0.0379));
#5171=CARTESIAN_POINT('',(0.0620547005383792,0.17119966188999,0.0215));
#5172=CARTESIAN_POINT('',(0.0601547005383794,0.181810841245287,0.0163383265611128));
#5173=CARTESIAN_POINT('',(0.0607886390091999,0.181639659499267,0.0162915193405515));
#5174=CARTESIAN_POINT('',(0.061422013713797,0.181466498861567,0.0162443330587234));
#5175=CARTESIAN_POINT('',(0.0620547005383792,0.181290977943219,0.0161966670561007));
#5176=CARTESIAN_POINT('',(0.0620547005383792,0.172698473595575,0.0101989574166274));
#5177=CARTESIAN_POINT('',(0.0614214987919253,0.172782987042497,0.0100756931746173));
#5178=CARTESIAN_POINT('',(0.0607881601157718,0.172867268601664,0.0099529742375164));
#5179=CARTESIAN_POINT('',(0.0601547005383792,0.172951346463814,0.00983074119089697));
#5180=CARTESIAN_POINT('',(0.0601547005383793,0.17119966188999,0.0215));
#5181=CARTESIAN_POINT('',(0.0620547005383792,0.17119966188999,0.0215));
#5182=CARTESIAN_POINT('',(0.0620547005383792,0.17119966188999,0.0317));
#5183=CARTESIAN_POINT('',(0.0656517980303801,0.17119966188999,0.0215));
#5184=CARTESIAN_POINT('',(0.0656517980303801,0.17119966188999,0.0215));
#5185=CARTESIAN_POINT('',(0.0656517980303801,0.17119966188999,0.0281029025079991));
#5186=CARTESIAN_POINT('',(0.0714,0.17119966188999,0.0215));
#5187=CARTESIAN_POINT('',(0.0714,0.17119966188999,0.0215));
#5188=CARTESIAN_POINT('',(0.0714,0.17119966188999,0.0276));
#5189=CARTESIAN_POINT('',(0.0555,0.17119966188999,0.0215));
#5190=CARTESIAN_POINT('',(0.0629032492843797,0.177802564397988,0.0465));
#5191=CARTESIAN_POINT('',(0.0656517980303801,0.177802564397988,0.0465));
#5192=CARTESIAN_POINT('',(0.0656517980303801,0.177802564397988,0.0334103740974004));
#5193=CARTESIAN_POINT('',(0.0656517980303801,0.177802564397988,0.0282931997553654));
#5194=CARTESIAN_POINT('',(0.0656517980303801,0.177802564397989,0.0334103740974005));
#5195=CARTESIAN_POINT('',(0.0656517980303801,0.177802564397989,0.0335609719079071));
#5196=CARTESIAN_POINT('',(0.0655016007942342,0.177802564397989,0.0338227940978106));
#5197=CARTESIAN_POINT('',(0.0653604610259021,0.177802564397989,0.0340747718924721));
#5198=CARTESIAN_POINT('',(0.0652821794003536,0.177802564397989,0.0341983717258969));
#5199=CARTESIAN_POINT('',(0.0652821794003535,0.177802564397988,0.0341983717258968));
#5200=CARTESIAN_POINT('',(0.0601547005383793,0.177802564397988,0.0341983717258968));
#5201=CARTESIAN_POINT('',(0.0601547005383793,0.177802564397988,0.0327039522278108));
#5202=CARTESIAN_POINT('',(0.0609207629387768,0.177802564397988,0.0325223279698972));
#5203=CARTESIAN_POINT('',(0.0616866160109549,0.177802564397988,0.0323398217285503));
#5204=CARTESIAN_POINT('',(0.0624522242635067,0.177802564397988,0.0321562924382719));
#5205=CARTESIAN_POINT('',(0.0624522242635067,0.177802564397988,0.0321562924382719));
#5206=CARTESIAN_POINT('',(0.0624522242635067,0.177802564397988,0.0321562924382719));
#5207=CARTESIAN_POINT('',(0.0635558413724373,0.177802564397988,0.0308996526302321));
#5208=CARTESIAN_POINT('',(0.0646393680290575,0.177802564397988,0.0296247263868926));
#5209=CARTESIAN_POINT('',(0.0656517980303801,0.177802564397988,0.0282931997553654));
#5210=CARTESIAN_POINT('',(0.0629032492843796,0.179002564397989,0.0465));
#5211=CARTESIAN_POINT('',(0.0615375866405704,0.179002564397989,0.0305073478951149));
#5212=CARTESIAN_POINT('',(0.0610770309869156,0.179002564397989,0.0306444349157081));
#5213=CARTESIAN_POINT('',(0.0606160507344352,0.179002564397989,0.0307800873111281));
#5214=CARTESIAN_POINT('',(0.0601547005383793,0.179002564397989,0.0309144758340707));
#5215=CARTESIAN_POINT('',(0.0653247005383792,0.179002564397989,0.0319588597099043));
#5216=CARTESIAN_POINT('',(0.0648276442635315,0.179002564397989,0.0319588597099043));
#5217=CARTESIAN_POINT('',(0.0648276442635315,0.179002564397989,0.0319588597099043));
#5218=CARTESIAN_POINT('',(0.065114376266713,0.179002564397989,0.0315805295904022));
#5219=CARTESIAN_POINT('',(0.0653968979958285,0.179002564397989,0.0311990799494079));
#5220=CARTESIAN_POINT('',(0.0656740221834501,0.179002564397989,0.0308136497370813));
#5221=CARTESIAN_POINT('',(0.0656740221834501,0.179002564397989,0.0308136497370813));
#5222=CARTESIAN_POINT('',(0.0656740221834501,0.179002564397989,0.0308136497370813));
#5223=CARTESIAN_POINT('',(0.065660907775979,0.179002564397989,0.0307923772689476));
#5224=CARTESIAN_POINT('',(0.06565179803038,0.179002564397989,0.0307684734266229));
#5225=CARTESIAN_POINT('',(0.06565179803038,0.179002564397989,0.0307433731185547));
#5226=CARTESIAN_POINT('',(0.06565179803038,0.179002564397989,0.0307433731185547));
#5227=CARTESIAN_POINT('',(0.06565179803038,0.179002564397989,0.0465));
#5228=CARTESIAN_POINT('',(0.06852589901519,0.177551113143989,0.0465));
#5229=CARTESIAN_POINT('',(0.127459450043335,0.1723950955277,0.0215));
#5230=CARTESIAN_POINT('',(0.0687563437045241,0.177530951846103,0.0333335531382894));
#5231=CARTESIAN_POINT('',(0.0658322311548288,0.177786778545075,0.0332192045054324));
#5232=CARTESIAN_POINT('',(0.0658322311548288,0.177786778545075,0.0332192045054324));
#5233=CARTESIAN_POINT('',(0.0657721167487396,0.177792037874122,0.033282956204884));
#5234=CARTESIAN_POINT('',(0.0657119719220842,0.177797299864624,0.0333466789724795));
#5235=CARTESIAN_POINT('',(0.0656517980303801,0.177802564397988,0.0334103740974004));
#5236=CARTESIAN_POINT('',(0.0656517980303801,0.177802564397988,0.0282931997553654));
#5237=CARTESIAN_POINT('',(0.0656517980303807,0.177802564397988,0.0281326083247585));
#5238=CARTESIAN_POINT('',(0.0657355947182637,0.177795233137758,0.0279956986855861));
#5239=CARTESIAN_POINT('',(0.065801134301273,0.177789499167232,0.0278549357805618));
#5240=CARTESIAN_POINT('',(0.0658011343012716,0.177789499167232,0.0278549357805615));
#5241=CARTESIAN_POINT('',(0.0658011343012716,0.177789499167233,0.0278549357805611));
#5242=CARTESIAN_POINT('',(0.067667472123922,0.177626215765441,0.0277828356859972));
#5243=CARTESIAN_POINT('',(0.069533762944923,0.177462936475761,0.0277095123401759));
#5244=CARTESIAN_POINT('',(0.0714,0.17729966188999,0.0276348294602431));
#5245=CARTESIAN_POINT('',(0.0713999999972981,0.177299658403424,0.0276326338676592));
#5246=CARTESIAN_POINT('',(0.0714,0.177299661889989,0.0465));
#5247=CARTESIAN_POINT('',(0.0714,0.177299661889989,0.0346127887498386));
#5248=CARTESIAN_POINT('',(0.127459450043335,0.1723950955277,0.0215));
#5249=CARTESIAN_POINT('',(0.0698563437045242,0.177434714316224,0.0345614793368267));
#5250=CARTESIAN_POINT('',(0.0698563437045242,0.177434714316224,0.0345614793368267));
#5251=CARTESIAN_POINT('',(0.0694877278900139,0.17746696402119,0.0341539337989176));
#5252=CARTESIAN_POINT('',(0.0691208783431865,0.177499059197757,0.0337447815192661));
#5253=CARTESIAN_POINT('',(0.0687563437045241,0.177530951846103,0.0333335531382894));
#5254=CARTESIAN_POINT('',(0.06852589901519,0.178751113143989,0.0465));
#5255=CARTESIAN_POINT('',(0.168503250813665,0.170004228252279,0.0215));
#5256=CARTESIAN_POINT('',(0.0685471699219298,0.178749252180786,0.0309833831774234));
#5257=CARTESIAN_POINT('',(0.0685471699219298,0.178749252180786,0.0309833831774234));
#5258=CARTESIAN_POINT('',(0.0689046999407906,0.178717972357266,0.0314985664149944));
#5259=CARTESIAN_POINT('',(0.0692722499553041,0.178685815897717,0.0320064698272219));
#5260=CARTESIAN_POINT('',(0.0696471699219299,0.178653014650908,0.0325090187496843));
#5261=CARTESIAN_POINT('',(0.06964716992193,0.178653014650908,0.0325090187496842));
#5262=CARTESIAN_POINT('',(0.168503250813665,0.170004228252279,0.0215));
#5263=CARTESIAN_POINT('',(0.071399942198416,0.178499666946973,0.0326277815122649));
#5264=CARTESIAN_POINT('',(0.0576839372366863,0.179699661889989,0.0326242977306434));
#5265=CARTESIAN_POINT('',(0.0714,0.178499661889989,0.0326242977306434));
#5266=CARTESIAN_POINT('',(0.0714,0.178499661889989,0.0465));
#5267=CARTESIAN_POINT('',(0.0727773502691896,0.177299661889989,0.0465));
#5268=CARTESIAN_POINT('',(0.0727773502691896,0.177299661889989,0.0346144957966366));
#5269=CARTESIAN_POINT('',(0.0713999860763655,0.177299661889989,0.0346144957966366));
#5270=CARTESIAN_POINT('',(0.0713999860763655,0.177299661889989,0.0346144957966366));
#5271=CARTESIAN_POINT('',(0.0713999953606342,0.177299661889989,0.0346139268189087));
#5272=CARTESIAN_POINT('',(0.0714,0.177299661889989,0.0346133578032943));
#5273=CARTESIAN_POINT('',(0.0714,0.177299661889989,0.0346127887498386));
#5274=CARTESIAN_POINT('',(0.0714,0.177299661889989,0.027629397558725));
#5275=CARTESIAN_POINT('',(0.0714116429397948,0.177299661889989,0.027628050937435));
#5276=CARTESIAN_POINT('',(0.0714232858579179,0.177299661889989,0.0276267041287981));
#5277=CARTESIAN_POINT('',(0.0714349287543269,0.177299661889989,0.0276253571324456));
#5278=CARTESIAN_POINT('',(0.0714349287543269,0.177299661889989,0.0276253571324455));
#5279=CARTESIAN_POINT('',(0.0741547005383793,0.177299661889989,0.0276253571324455));
#5280=CARTESIAN_POINT('',(0.0727773502691897,0.178499661889989,0.0465));
#5281=CARTESIAN_POINT('',(0.0727773502691897,0.178499661889989,0.0326242977306434));
#5282=CARTESIAN_POINT('',(0.0653247005383792,0.17119966188999,0.0215));
#5283=CARTESIAN_POINT('',(0.0662247005383793,0.17119966188999,0.0215));
#5284=CARTESIAN_POINT('',(0.0662247005383793,0.17119966188999,0.0368));
#5285=CARTESIAN_POINT('',(0.0653247005383792,0.17119966188999,0.0215));
#5286=CARTESIAN_POINT('',(0.0653247005383792,0.17119966188999,0.0377));
#5287=CARTESIAN_POINT('',(0.0555,0.17119966188999,0.0215));
#5288=CARTESIAN_POINT('',(0.0681547005383792,0.17119966188999,0.0215));
#5289=CARTESIAN_POINT('',(0.0681547005383792,0.17119966188999,0.0368));
#5290=CARTESIAN_POINT('',(0.0681547005383792,0.17119966188999,0.0215));
#5291=CARTESIAN_POINT('',(0.0692547005383793,0.17119966188999,0.0215));
#5292=CARTESIAN_POINT('',(0.0692547005383793,0.17119966188999,0.0379));
#5293=CARTESIAN_POINT('',(0.0555,0.17119966188999,0.0215));
#5294=CARTESIAN_POINT('',(0.0555,0.17119966188999,0.0215));
#5295=CARTESIAN_POINT('',(0.0555,0.185538126213666,0.0164553552316677));
#5296=CARTESIAN_POINT('',(0.0714523931314901,0.185538126213666,0.0164553552316677));
#5297=CARTESIAN_POINT('',(0.168607837704963,0.17119966188999,0.0215));
#5298=CARTESIAN_POINT('',(0.127354863152038,0.17119966188999,0.0215));
#5299=CARTESIAN_POINT('',(0.0713476068685093,0.17526492789076,0.00685371677376866));
#5300=CARTESIAN_POINT('',(0.0555,0.17526492789076,0.00685371677376864));
#5301=CARTESIAN_POINT('',(0.0681547005383792,0.17119966188999,0.0215));
#5302=CARTESIAN_POINT('',(0.0689032286758031,0.185139058132198,0.0163841403214553));
#5303=CARTESIAN_POINT('',(0.0686291152722596,0.184791892181437,0.0162338032886922));
#5304=CARTESIAN_POINT('',(0.0683594093038998,0.18444174316764,0.016082375390026));
#5305=CARTESIAN_POINT('',(0.0680951735824007,0.184087909212008,0.0159297249379959));
#5306=CARTESIAN_POINT('',(0.0680951735824007,0.184087909212008,0.0159297249379958));
#5307=CARTESIAN_POINT('',(0.0680951735824007,0.184087909212008,0.0159297249379958));
#5308=CARTESIAN_POINT('',(0.0681344219259926,0.184075723945443,0.0158026015856462));
#5309=CARTESIAN_POINT('',(0.0681547005383792,0.18404081095566,0.0156748173268137));
#5310=CARTESIAN_POINT('',(0.0681547005383792,0.18398444670581,0.0155536332762629));
#5311=CARTESIAN_POINT('',(0.0681547005383792,0.18398444670581,0.0155536332762629));
#5312=CARTESIAN_POINT('',(0.0681547005383792,0.17119966188999,0.0215));
#5313=CARTESIAN_POINT('',(0.0681547005383792,0.17445314470705,0.00778049382962003));
#5314=CARTESIAN_POINT('',(0.0681547005383792,0.17445314470705,0.00778049382962004));
#5315=CARTESIAN_POINT('',(0.0684031282381339,0.174642226752283,0.00757001574495007));
#5316=CARTESIAN_POINT('',(0.0686527023754056,0.17483049786253,0.00736016519562643));
#5317=CARTESIAN_POINT('',(0.0689032286758032,0.175018075109278,0.00715083597087859));
#5318=CARTESIAN_POINT('',(0.0555,0.17119966188999,0.0215));
#5319=CARTESIAN_POINT('',(0.168607837704963,0.17119966188999,0.0215));
#5320=CARTESIAN_POINT('',(0.0662247005383793,0.183875140371551,0.015324059159652));
#5321=CARTESIAN_POINT('',(0.0662247005383793,0.17119966188999,0.0215));
#5322=CARTESIAN_POINT('',(0.0662247005383793,0.174094073460066,0.00770027602946331));
#5323=CARTESIAN_POINT('',(0.0662247005383793,0.174094073460066,0.0077002760294633));
#5324=CARTESIAN_POINT('',(0.0662247005383793,0.174066895619081,0.00769457563592173));
#5325=CARTESIAN_POINT('',(0.0662235006547976,0.174039753188373,0.00768896649308875));
#5326=CARTESIAN_POINT('',(0.0662210497276763,0.174012648581276,0.00768344811920699));
#5327=CARTESIAN_POINT('',(0.0662243806969279,0.174012359366654,0.00768338924059766));
#5328=CARTESIAN_POINT('',(0.127354863152038,0.17119966188999,0.0215));
#5329=CARTESIAN_POINT('',(0.0681863804862388,0.174213365447119,0.0077258361099577));
#5330=CARTESIAN_POINT('',(0.0681863804862388,0.174213365447119,0.0077258361099577));
#5331=CARTESIAN_POINT('',(0.0681646776325096,0.174292048488215,0.00774305148235554));
#5332=CARTESIAN_POINT('',(0.0681547005383792,0.174372053535066,0.00776126363784879));
#5333=CARTESIAN_POINT('',(0.0681547005383792,0.17445314470705,0.00778049382962004));
#5334=CARTESIAN_POINT('',(0.0653247005383792,0.17119966188999,0.0215));
#5335=CARTESIAN_POINT('',(0.0662247005383793,0.183875140406281,0.0153240592309312));
#5336=CARTESIAN_POINT('',(0.0662247005383793,0.18391458156733,0.0154050081273398));
#5337=CARTESIAN_POINT('',(0.0662336901814268,0.183944320160543,0.0154885292228664));
#5338=CARTESIAN_POINT('',(0.066250609014418,0.183965491227764,0.0155743225244994));
#5339=CARTESIAN_POINT('',(0.066250609014418,0.183965491227764,0.0155743225244994));
#5340=CARTESIAN_POINT('',(0.0662506090144178,0.183965491227764,0.0155743225244995));
#5341=CARTESIAN_POINT('',(0.0659584073617951,0.184352189318388,0.0157133866283234));
#5342=CARTESIAN_POINT('',(0.0656601618645812,0.184734914414281,0.0158505463609032));
#5343=CARTESIAN_POINT('',(0.0653571632935604,0.185114551491836,0.0159861067707594));
#5344=CARTESIAN_POINT('',(0.0653571632935606,0.185114551491836,0.0159861067707593));
#5345=CARTESIAN_POINT('',(0.0653571632935606,0.185114551491836,0.0159861067707594));
#5346=CARTESIAN_POINT('',(0.0653357618870303,0.185099790859954,0.0158907623579162));
#5347=CARTESIAN_POINT('',(0.0653247005383792,0.185073744798349,0.0157974039227965));
#5348=CARTESIAN_POINT('',(0.0653247005383792,0.185035549448462,0.0157061916264579));
#5349=CARTESIAN_POINT('',(0.0653247005383792,0.185035549448462,0.0157061916264579));
#5350=CARTESIAN_POINT('',(0.0653247005383792,0.17119966188999,0.0215));
#5351=CARTESIAN_POINT('',(0.0653247005383792,0.174605599017249,0.00689179708912981));
#5352=CARTESIAN_POINT('',(0.0653247005383792,0.174605599017249,0.00689179708912982));
#5353=CARTESIAN_POINT('',(0.0656254001462986,0.174435830921736,0.00716097973146119));
#5354=CARTESIAN_POINT('',(0.0659254532045928,0.174265374470292,0.00743044659023854));
#5355=CARTESIAN_POINT('',(0.0662247005383793,0.174094073460066,0.0077002760294633));
#5356=CARTESIAN_POINT('',(0.0621547005383792,0.17119966188999,0.0215));
#5357=CARTESIAN_POINT('',(0.0621547005383792,0.17119966188999,0.0215));
#5358=CARTESIAN_POINT('',(0.0621547005383792,0.17119966188999,0.0377));
#5359=CARTESIAN_POINT('',(0.0625547005383793,0.17119966188999,0.0215));
#5360=CARTESIAN_POINT('',(0.0625547005383793,0.17119966188999,0.0381));
#5361=CARTESIAN_POINT('',(0.0555,0.17119966188999,0.0215));
#5362=CARTESIAN_POINT('',(0.0637547005383793,0.17119966188999,0.0215));
#5363=CARTESIAN_POINT('',(0.0637547005383793,0.17119966188999,0.0381));
#5364=CARTESIAN_POINT('',(0.0637547005383793,0.17119966188999,0.0215));
#5365=CARTESIAN_POINT('',(0.0641547005383793,0.17119966188999,0.0215));
#5366=CARTESIAN_POINT('',(0.0641547005383793,0.17119966188999,0.0377));
#5367=CARTESIAN_POINT('',(0.0555,0.17119966188999,0.0215));
#5368=CARTESIAN_POINT('',(0.0555,0.17119966188999,0.0215));
#5369=CARTESIAN_POINT('',(0.0555,0.185035549448462,0.0157061916264579));
#5370=CARTESIAN_POINT('',(0.0555,0.174561483282042,0.00688158158596003));
#5371=CARTESIAN_POINT('',(0.0653236128911511,0.174561483282042,0.00688158158596001));
#5372=CARTESIAN_POINT('',(0.0653236128911544,0.174561483282042,0.00688158158596003));
#5373=CARTESIAN_POINT('',(0.0653243406702759,0.174576185117736,0.00688496259095939));
#5374=CARTESIAN_POINT('',(0.0653247005383792,0.174590890431492,0.00688836774750401));
#5375=CARTESIAN_POINT('',(0.0653247005383792,0.174605599017249,0.00689179708912982));
#5376=CARTESIAN_POINT('',(0.0555,0.17119966188999,0.0215));
#5377=CARTESIAN_POINT('',(0.0598945878999158,0.179391164481894,0.0300694009775628));
#5378=CARTESIAN_POINT('',(0.0599943135998332,0.179002564397989,0.0304118203925494));
#5379=CARTESIAN_POINT('',(0.0601418004771756,0.179002564397989,0.0309182331858382));
#5380=CARTESIAN_POINT('',(0.0606198629804745,0.179381655536674,0.0298672626010249));
#5381=CARTESIAN_POINT('',(0.0607185739486068,0.179002564397962,0.0302088890215773));
#5382=CARTESIAN_POINT('',(0.0608670755577458,0.179002564397989,0.0307070051951121));
#5383=CARTESIAN_POINT('',(0.0613443648996881,0.179371822639314,0.0296625866427053));
#5384=CARTESIAN_POINT('',(0.061443688247921,0.17900256439801,0.0300027090810333));
#5385=CARTESIAN_POINT('',(0.0615915774769338,0.179002564397989,0.0304926269935266));
#5386=CARTESIAN_POINT('',(0.0620675638947599,0.179361638293064,0.0294548981400576));
#5387=CARTESIAN_POINT('',(0.0621694232953437,0.179002564397989,0.0297925955086545));
#5388=CARTESIAN_POINT('',(0.0623147764720197,0.179002564397989,0.0302744890305029));
#5389=CARTESIAN_POINT('',(0.0555,0.179699661889989,0.0326242977306434));
#5390=CARTESIAN_POINT('',(0.071399942198416,0.178499666946973,0.0326277815122649));
#5391=CARTESIAN_POINT('',(0.0713850724126593,0.178500967884656,0.0330758918733957));
#5392=CARTESIAN_POINT('',(0.0713802083080211,0.17904989744599,0.0339409070090944));
#5393=CARTESIAN_POINT('',(0.0714281749931127,0.180077536649975,0.0338457738965219));
#5394=CARTESIAN_POINT('',(0.0714523931314902,0.18042823331856,0.0335778089646989));
#5395=CARTESIAN_POINT('',(0.0696471699219299,0.178653014650908,0.0325090187496842));
#5396=CARTESIAN_POINT('',(0.0694798061210758,0.178667657086167,0.0349626807431431));
#5397=CARTESIAN_POINT('',(0.0697517568132271,0.180589772837072,0.0334526489282285));
#5398=CARTESIAN_POINT('',(0.0702362349382068,0.178601478139904,0.0325495063067939));
#5399=CARTESIAN_POINT('',(0.0700686568298688,0.178616139324634,0.0349886712184744));
#5400=CARTESIAN_POINT('',(0.0703408218295046,0.180533818910836,0.0334966068473839));
#5401=CARTESIAN_POINT('',(0.0708285495890804,0.178549657322712,0.0325896319711814));
#5402=CARTESIAN_POINT('',(0.0706634974992394,0.17856409750949,0.035014627677189));
#5403=CARTESIAN_POINT('',(0.0709331364803782,0.180477556309334,0.0335401718544221));
#5404=CARTESIAN_POINT('',(0.0714240554649735,0.178497557309509,0.0326293917859705));
#5405=CARTESIAN_POINT('',(0.0712642951895133,0.178511534522493,0.0350405296718519));
#5406=CARTESIAN_POINT('',(0.0715286423562707,0.180420990580695,0.0335833396533394));
#5407=CARTESIAN_POINT('',(0.0697517568132271,0.179848448288618,0.0325090187496842));
#5408=CARTESIAN_POINT('',(0.0689032286758184,0.180372643903888,0.033176266047886));
#5409=CARTESIAN_POINT('',(0.068230329271248,0.178776972145866,0.0335741246248441));
#5410=CARTESIAN_POINT('',(0.0696471699219451,0.178653014650907,0.0325090187497045));
#5411=CARTESIAN_POINT('',(0.0685256005734428,0.180421823854501,0.032657405970428));
#5412=CARTESIAN_POINT('',(0.0678157228182684,0.178813245510332,0.0330650415364847));
#5413=CARTESIAN_POINT('',(0.0692695418192073,0.178686052828925,0.0320028397976159));
#5414=CARTESIAN_POINT('',(0.0681558669503997,0.180471286954591,0.0321319767434408));
#5415=CARTESIAN_POINT('',(0.0674087842316108,0.178848848023402,0.0325542592853065));
#5416=CARTESIAN_POINT('',(0.0688998081970656,0.178718400329387,0.0314917794053391));
#5417=CARTESIAN_POINT('',(0.0677968029231647,0.180520796388414,0.0315976150459505));
#5418=CARTESIAN_POINT('',(0.0670128091994692,0.178883491349762,0.0320420584555826));
#5419=CARTESIAN_POINT('',(0.0685407441692914,0.178749814361297,0.0309741216206032));
#5420=CARTESIAN_POINT('',(0.069751756813227,0.179848448288618,0.0325090187496842));
#5421=CARTESIAN_POINT('',(0.0680951735824007,0.180479995735476,0.0320361419417266));
#5422=CARTESIAN_POINT('',(0.0679723338798649,0.180113382656581,0.032195361914403));
#5423=CARTESIAN_POINT('',(0.0679526487927027,0.179172864131698,0.032084785911017));
#5424=CARTESIAN_POINT('',(0.068342585513116,0.178767150997292,0.0313410265740952));
#5425=CARTESIAN_POINT('',(0.0685471699219298,0.178749252180786,0.0309833831774234));
#5426=CARTESIAN_POINT('',(0.0656347441014937,0.179004056423435,0.0307419204113474));
#5427=CARTESIAN_POINT('',(0.0653964160834448,0.179024907423215,0.0335607113935992));
#5428=CARTESIAN_POINT('',(0.0657393309927908,0.181036683379392,0.0316016339379844));
#5429=CARTESIAN_POINT('',(0.0665934470785649,0.178920180781252,0.0308235989298632));
#5430=CARTESIAN_POINT('',(0.0663522519593187,0.178941282619855,0.0336069474071539));
#5431=CARTESIAN_POINT('',(0.0666980339698608,0.180945005351873,0.0316909104582328));
#5432=CARTESIAN_POINT('',(0.0675701681808509,0.178834728757376,0.0309045876940164));
#5433=CARTESIAN_POINT('',(0.0673356105103722,0.178855249894436,0.0336538754366226));
#5434=CARTESIAN_POINT('',(0.0676747550721471,0.180851604302518,0.0317794330609189));
#5435=CARTESIAN_POINT('',(0.0685648601773823,0.178747704483979,0.0309848101396758));
#5436=CARTESIAN_POINT('',(0.0683474335119707,0.178766726852351,0.0337013562373551));
#5437=CARTESIAN_POINT('',(0.0686694470686795,0.180756484747894,0.0318671180596457));
#5438=CARTESIAN_POINT('',(0.0656740221834501,0.179002564397989,0.0308136497370813));
#5439=CARTESIAN_POINT('',(0.0657897338685021,0.179002564397989,0.0310013420242382));
#5440=CARTESIAN_POINT('',(0.0659598963143628,0.179096783766497,0.0314012977660256));
#5441=CARTESIAN_POINT('',(0.0662073299804969,0.179511613224332,0.0318695452841162));
#5442=CARTESIAN_POINT('',(0.0663278829657983,0.180162105922838,0.0320584799753791));
#5443=CARTESIAN_POINT('',(0.0662920551954165,0.18059631873645,0.0319241603105025));
#5444=CARTESIAN_POINT('',(0.066250609014418,0.18078017427919,0.0318098901344878));
#5445=CARTESIAN_POINT('',(0.0644616683427588,0.179002564397989,0.0324372126348246));
#5446=CARTESIAN_POINT('',(0.0660027307712064,0.179002564397989,0.0336270302342428));
#5447=CARTESIAN_POINT('',(0.0653101964801827,0.180741829475047,0.0330923410013799));
#5448=CARTESIAN_POINT('',(0.0648773760594608,0.179002564397989,0.0318987842717214));
#5449=CARTESIAN_POINT('',(0.0664608338009937,0.179002564398006,0.0330869736197111));
#5450=CARTESIAN_POINT('',(0.0657259041965354,0.180757654480777,0.0325408863771462));
#5451=CARTESIAN_POINT('',(0.0652849532574964,0.179002564397989,0.0313550530572846));
#5452=CARTESIAN_POINT('',(0.0669114302914974,0.179002564398007,0.0325455727781089));
#5453=CARTESIAN_POINT('',(0.0661334813954774,0.180774567813998,0.0319823035697267));
#5454=CARTESIAN_POINT('',(0.0656810689406595,0.179002564397989,0.0308038464638157));
#5455=CARTESIAN_POINT('',(0.0673504603386093,0.179002564397989,0.0320035275275098));
#5456=CARTESIAN_POINT('',(0.0665295970780834,0.180792621297672,0.0314136274533004));
#5457=CARTESIAN_POINT('',(0.0653571632935606,0.180743623337636,0.0330299597163592));
#5458=CARTESIAN_POINT('',(0.0654037857399758,0.180556020322721,0.0331247261132532));
#5459=CARTESIAN_POINT('',(0.0654482957887634,0.18012573655986,0.0332153824780723));
#5460=CARTESIAN_POINT('',(0.0653064120132393,0.179291027836843,0.032926441733951));
#5461=CARTESIAN_POINT('',(0.0650166410020227,0.179002564397989,0.032339254455315));
#5462=CARTESIAN_POINT('',(0.0648276442635315,0.179002564397989,0.0319588597099043));
#5463=CARTESIAN_POINT('',(0.0555,0.180202564397989,0.0319588597099043));
#5464=CARTESIAN_POINT('',(0.0555,0.17649966188999,0.0276253571324455));
#5465=CARTESIAN_POINT('',(0.0713999553985861,0.175978001205367,0.0270188341484469));
#5466=CARTESIAN_POINT('',(0.0713884141465497,0.176210682433131,0.0268187087586813));
#5467=CARTESIAN_POINT('',(0.0713830529128526,0.176911741197491,0.0267257508935302));
#5468=CARTESIAN_POINT('',(0.0714175009053741,0.177299661889989,0.0273230748280632));
#5469=CARTESIAN_POINT('',(0.0714349287543269,0.177299661889989,0.0276253571324442));
#5470=CARTESIAN_POINT('',(0.0713314967793316,0.17729949441426,0.0276537961075315));
#5471=CARTESIAN_POINT('',(0.0713226797249762,0.177294621453704,0.0275775202620813));
#5472=CARTESIAN_POINT('',(0.0713050456162655,0.177284875532591,0.027424968571181));
#5473=CARTESIAN_POINT('',(0.0712724005081329,0.177156779150454,0.0271425575615309));
#5474=CARTESIAN_POINT('',(0.0712417798781292,0.176860824943961,0.0268776601992579));
#5475=CARTESIAN_POINT('',(0.0712349955313485,0.176466862424979,0.0268189691936596));
#5476=CARTESIAN_POINT('',(0.0712443810775996,0.176165947425509,0.026900163030792));
#5477=CARTESIAN_POINT('',(0.0712547220770424,0.176041175469667,0.026989622440195));
#5478=CARTESIAN_POINT('',(0.0712598925767638,0.175978789491746,0.0270343521448965));
#5479=CARTESIAN_POINT('',(0.0713822353319063,0.177299494345097,0.0276479308187567));
#5480=CARTESIAN_POINT('',(0.0713734128839516,0.177294619349498,0.0275716396021624));
#5481=CARTESIAN_POINT('',(0.0713557679880423,0.177284869358301,0.0274190571689738));
#5482=CARTESIAN_POINT('',(0.0713231039737604,0.177156721082519,0.0271365984378296));
#5483=CARTESIAN_POINT('',(0.0712924700708547,0.176860654734395,0.0268716948561183));
#5484=CARTESIAN_POINT('',(0.0712856947266415,0.176466587468008,0.0268131056666914));
#5485=CARTESIAN_POINT('',(0.07129509922879,0.176165639419496,0.0268944300438538));
#5486=CARTESIAN_POINT('',(0.0713054530632857,0.176040882406167,0.0269839637228932));
#5487=CARTESIAN_POINT('',(0.0713106299805336,0.175978503899503,0.027028730562413));
#5488=CARTESIAN_POINT('',(0.0714329738844811,0.177299494275933,0.0276420655299819));
#5489=CARTESIAN_POINT('',(0.0714241460429271,0.177294617245292,0.0275657589422434));
#5490=CARTESIAN_POINT('',(0.0714064903598191,0.177284863184011,0.0274131457667665));
#5491=CARTESIAN_POINT('',(0.0713738074393878,0.177156663014585,0.0271306393141283));
#5492=CARTESIAN_POINT('',(0.0713431602635801,0.176860484524829,0.0268657295129787));
#5493=CARTESIAN_POINT('',(0.0713363939219345,0.176466312511038,0.0268072421397233));
#5494=CARTESIAN_POINT('',(0.0713458173799804,0.176165331413482,0.0268886970569156));
#5495=CARTESIAN_POINT('',(0.0713561840495291,0.176040589342667,0.0269783050055915));
#5496=CARTESIAN_POINT('',(0.0713613673843034,0.17597821830726,0.0270231089799294));
#5497=CARTESIAN_POINT('',(0.0714837124370558,0.177299494206769,0.0276362002412071));
#5498=CARTESIAN_POINT('',(0.0714748792019025,0.177294615141086,0.0275598782823245));
#5499=CARTESIAN_POINT('',(0.0714572127315958,0.177284857009722,0.0274072343645592));
#5500=CARTESIAN_POINT('',(0.0714245109050153,0.17715660494665,0.0271246801904269));
#5501=CARTESIAN_POINT('',(0.0713938504563056,0.176860314315263,0.0268597641698391));
#5502=CARTESIAN_POINT('',(0.0713870931172274,0.176466037554067,0.0268013786127551));
#5503=CARTESIAN_POINT('',(0.0713965355311708,0.176165023407469,0.0268829640699774));
#5504=CARTESIAN_POINT('',(0.0714069150357724,0.176040296279167,0.0269726462882897));
#5505=CARTESIAN_POINT('',(0.0714121047880732,0.175977932715017,0.0270174873974459));
#5506=CARTESIAN_POINT('',(0.0713999999858984,0.17729964369307,0.0276348293383193));
#5507=CARTESIAN_POINT('',(0.0713937682507949,0.177300699939859,0.0274779071323616));
#5508=CARTESIAN_POINT('',(0.0713775720381372,0.177228991106035,0.027246313093761));
#5509=CARTESIAN_POINT('',(0.0713516984059532,0.177033895672932,0.0270188697368986));
#5510=CARTESIAN_POINT('',(0.0713288943504331,0.176824848732009,0.0268930139531412));
#5511=CARTESIAN_POINT('',(0.0713139208980354,0.176681381659371,0.0268490693970892));
#5512=CARTESIAN_POINT('',(0.0712863357147953,0.176392967002743,0.0268173730903874));
#5513=CARTESIAN_POINT('',(0.0712685313832313,0.176132085538424,0.0269021706502739));
#5514=CARTESIAN_POINT('',(0.0712605516056122,0.175981536728307,0.0270319144373313));
#5515=CARTESIAN_POINT('',(0.0712951611758196,0.175978605853002,0.0270304333441016));
#5516=CARTESIAN_POINT('',(0.0713648857700177,0.177302733987042,0.0258781690418632));
#5517=CARTESIAN_POINT('',(0.0714346103642158,0.17729663387548,0.0276334442699135));
#5518=CARTESIAN_POINT('',(0.0693597789462415,0.176142167094104,0.0271128804644493));
#5519=CARTESIAN_POINT('',(0.0694090766840532,0.177473845110187,0.0259340503911378));
#5520=CARTESIAN_POINT('',(0.0694992281346572,0.177465957880156,0.0277109116859912));
#5521=CARTESIAN_POINT('',(0.0674243377823139,0.176306093187681,0.0271936971157306));
#5522=CARTESIAN_POINT('',(0.0674752239437849,0.177643035301655,0.0259882391457701));
#5523=CARTESIAN_POINT('',(0.0675637869707128,0.177635287040923,0.027786916169176));
#5524=CARTESIAN_POINT('',(0.0654888488601559,0.176470323117945,0.0272730495031921));
#5525=CARTESIAN_POINT('',(0.065558573454354,0.177810720491553,0.0260410375477362));
#5526=CARTESIAN_POINT('',(0.0656282980485521,0.177804620379992,0.0278616092618415));
#5527=CARTESIAN_POINT('',(0.0658011343012716,0.177789499167232,0.0278549357805612));
#5528=CARTESIAN_POINT('',(0.0658617316668226,0.177784197584707,0.0277247875431129));
#5529=CARTESIAN_POINT('',(0.0657550942649526,0.177718769556085,0.0274370664446862));
#5530=CARTESIAN_POINT('',(0.0655677574350742,0.17733976121721,0.0270417375872238));
#5531=CARTESIAN_POINT('',(0.0655491185947064,0.176854710597031,0.0270306620740014));
#5532=CARTESIAN_POINT('',(0.0656251349670263,0.176611555555892,0.0271580477185231));
#5533=CARTESIAN_POINT('',(0.0624285927304543,0.177802564397988,0.0321831928653418));
#5534=CARTESIAN_POINT('',(0.0615747149335707,0.177802564397988,0.0314328612016566));
#5535=CARTESIAN_POINT('',(0.0618629073055051,0.17673255632612,0.0316861057088732));
#5536=CARTESIAN_POINT('',(0.0637574243008897,0.177802564397988,0.030670981895738));
#5537=CARTESIAN_POINT('',(0.0628926942683056,0.177802564398015,0.0298592530419779));
#5538=CARTESIAN_POINT('',(0.0631917388753421,0.176703044018339,0.0301899252498316));
#5539=CARTESIAN_POINT('',(0.0650660934388496,0.177802564397988,0.0291318411201179));
#5540=CARTESIAN_POINT('',(0.0641697477966418,0.177802564397934,0.0282314191155126));
#5541=CARTESIAN_POINT('',(0.0645004080170088,0.176664568147083,0.0286717560544024));
#5542=CARTESIAN_POINT('',(0.0662396740731012,0.177802564397988,0.0274990558111626));
#5543=CARTESIAN_POINT('',(0.0651269482771246,0.177802564397988,0.0266992731144479));
#5544=CARTESIAN_POINT('',(0.065673988648152,0.176609266877248,0.0270924638041345));
#5545=CARTESIAN_POINT('',(0.0620446185833925,0.176728459426922,0.0314811005412791));
#5546=CARTESIAN_POINT('',(0.061995853423693,0.176974787128617,0.0314003998692082));
#5547=CARTESIAN_POINT('',(0.0620443279039636,0.177553580396195,0.0314805302700634));
#5548=CARTESIAN_POINT('',(0.0623179168164039,0.177802564397988,0.0319336058738422));
#5549=CARTESIAN_POINT('',(0.0624522242635067,0.177802564397989,0.0321562924382719));
#5550=CARTESIAN_POINT('',(0.0623011967914588,0.176628088800937,0.0314655251863391));
#5551=CARTESIAN_POINT('',(0.0621561599430798,0.177802564397988,0.0308605343883574));
#5552=CARTESIAN_POINT('',(0.0624660051762986,0.177802564397988,0.0321529888024669));
#5553=CARTESIAN_POINT('',(0.0615264047633808,0.176633124043371,0.0316485263581341));
#5554=CARTESIAN_POINT('',(0.0613895698635698,0.177802564397968,0.0310552633385093));
#5555=CARTESIAN_POINT('',(0.0616912131482385,0.177802564397988,0.0323387327746742));
#5556=CARTESIAN_POINT('',(0.0607513562143385,0.176637958129619,0.0318306611006399));
#5557=CARTESIAN_POINT('',(0.0606174821027097,0.177802564398015,0.0312495959069363));
#5558=CARTESIAN_POINT('',(0.0609161645991818,0.177802564397988,0.0325234294196168));
#5559=CARTESIAN_POINT('',(0.0599761030883519,0.176642613123996,0.0320120427565019));
#5560=CARTESIAN_POINT('',(0.059841293044414,0.177802564397988,0.0314434002277627));
#5561=CARTESIAN_POINT('',(0.0601409114731918,0.177802564397988,0.0327072213498413));
#5562=CARTESIAN_POINT('',(0.0555,0.176602564397988,0.0341983717258968));
#5563=CARTESIAN_POINT('',(0.0652821794003535,0.177802564397988,0.0341983717258968));
#5564=CARTESIAN_POINT('',(0.0651532968200378,0.177802564397988,0.0344018660369407));
#5565=CARTESIAN_POINT('',(0.0652377847713352,0.177665736860894,0.0349057525768775));
#5566=CARTESIAN_POINT('',(0.0653120826613781,0.177292304553586,0.0352090053299901));
#5567=CARTESIAN_POINT('',(0.0653236128911511,0.17707238200738,0.0353025779629315));
#5568=CARTESIAN_POINT('',(0.0555,0.176099661889989,0.0346144957966366));
#5569=CARTESIAN_POINT('',(0.0713999860763655,0.17729966188999,0.0346144957966367));
#5570=CARTESIAN_POINT('',(0.071391994430368,0.17729966188999,0.0351042563482945));
#5571=CARTESIAN_POINT('',(0.0713700793311368,0.17697151787008,0.0355697674206338));
#5572=CARTESIAN_POINT('',(0.0713476068685093,0.17651966188999,0.0357385954363484));
#5573=CARTESIAN_POINT('',(0.0714617882771452,0.1772942561162,0.0346148093973218));
#5574=CARTESIAN_POINT('',(0.0714347530977983,0.17729662138791,0.0354483549303782));
#5575=CARTESIAN_POINT('',(0.071357201385848,0.176518750528933,0.0357389359170922));
#5576=CARTESIAN_POINT('',(0.0709255549526574,0.177341170453098,0.0345972841048484));
#5577=CARTESIAN_POINT('',(0.0708989909043887,0.177343494506197,0.035427678050382));
#5578=CARTESIAN_POINT('',(0.0708209680613604,0.176569686094713,0.0357199084566954));
#5579=CARTESIAN_POINT('',(0.0703903964898412,0.177387990751784,0.03457950707681));
#5580=CARTESIAN_POINT('',(0.0703636336695709,0.177390332195164,0.0354067359311697));
#5581=CARTESIAN_POINT('',(0.0702858095985437,0.17662051956186,0.0357006076833856));
#5582=CARTESIAN_POINT('',(0.0698563437045244,0.177434714316224,0.0345614793368267));
#5583=CARTESIAN_POINT('',(0.0698287380166767,0.17743712950096,0.035385528304867));
#5584=CARTESIAN_POINT('',(0.0697517568132272,0.176671248003245,0.0356810347085547));
#5585=CARTESIAN_POINT('',(0.0697517568132269,0.176239280678514,0.0345614793368267));
#5586=CARTESIAN_POINT('',(0.0698563437045242,0.177434714316224,0.0345614793368267));
#5587=CARTESIAN_POINT('',(0.0691276147502798,0.177498469838504,0.0352256434329378));
#5588=CARTESIAN_POINT('',(0.0689032286758032,0.176544727703082,0.0353531245320894));
#5589=CARTESIAN_POINT('',(0.0694855255189658,0.17746715670369,0.0341514988344616));
#5590=CARTESIAN_POINT('',(0.0687624470878022,0.177530417869273,0.0348092139355911));
#5591=CARTESIAN_POINT('',(0.0685324104903709,0.176587226775488,0.0349392637755514));
#5592=CARTESIAN_POINT('',(0.0691164439979801,0.177499447152693,0.0337398356854441));
#5593=CARTESIAN_POINT('',(0.0683981431339733,0.177562290335296,0.0343892744762852));
#5594=CARTESIAN_POINT('',(0.068163328969097,0.176630322301109,0.034523216792316));
#5595=CARTESIAN_POINT('',(0.0687497829112243,0.17753152584114,0.0333261514539617));
#5596=CARTESIAN_POINT('',(0.0680349047086015,0.177594069579671,0.0339646199269547));
#5597=CARTESIAN_POINT('',(0.0677966678825032,0.176674125025938,0.0341044404818347));
#5598=CARTESIAN_POINT('',(0.069751756813227,0.176239280678514,0.0345614793368267));
#5599=CARTESIAN_POINT('',(0.0681863804862388,0.17685777489349,0.0344149431760119));
#5600=CARTESIAN_POINT('',(0.0683151674710908,0.177295562560569,0.0342231458093404));
#5601=CARTESIAN_POINT('',(0.0685491765277036,0.177549076625529,0.0337744708211432));
#5602=CARTESIAN_POINT('',(0.0687563437045241,0.177530951846103,0.0333335531382894));
#5603=CARTESIAN_POINT('',(0.0687740141526266,0.177529405882214,0.0333342239789318));
#5604=CARTESIAN_POINT('',(0.0687443197352003,0.177532003807109,0.0341225252785937));
#5605=CARTESIAN_POINT('',(0.0686694272613294,0.17681158251004,0.0344350820234836));
#5606=CARTESIAN_POINT('',(0.0677805006629712,0.177616327049619,0.0332965129933516));
#5607=CARTESIAN_POINT('',(0.0677528291307232,0.177618747995013,0.0340786187350036));
#5608=CARTESIAN_POINT('',(0.0676759137716737,0.176906589367467,0.0343938630392307));
#5609=CARTESIAN_POINT('',(0.0667940095406106,0.177702633839495,0.0332579305437012));
#5610=CARTESIAN_POINT('',(0.0667658957204581,0.177705093480055,0.0340337960337821));
#5611=CARTESIAN_POINT('',(0.0666894226493135,0.177000924695888,0.0343516915245115));
#5612=CARTESIAN_POINT('',(0.0658148138617604,0.177788302360768,0.0332185033197823));
#5613=CARTESIAN_POINT('',(0.0657840623683628,0.177790992767826,0.0339880784923784));
#5614=CARTESIAN_POINT('',(0.0657102269704632,0.177094562381947,0.0343085966518551));
#5615=CARTESIAN_POINT('',(0.0662209864896132,0.177045719907935,0.0343309627717804));
#5616=CARTESIAN_POINT('',(0.0661771215894131,0.177492288492347,0.0341274966796484));
#5617=CARTESIAN_POINT('',(0.0660143641973259,0.177770843968603,0.0336685969894378));
#5618=CARTESIAN_POINT('',(0.0658322311548287,0.177786778545075,0.0332192045054325));
#5619=CARTESIAN_POINT('',(0.0653171704457734,0.177031209960862,0.0353281960709838));
#5620=CARTESIAN_POINT('',(0.0651824007672768,0.1778436313372,0.0351318498309989));
#5621=CARTESIAN_POINT('',(0.0645732291996468,0.17789692694351,0.0345463476666401));
#5622=CARTESIAN_POINT('',(0.0657405354225829,0.177001809373841,0.0348811231728732));
#5623=CARTESIAN_POINT('',(0.0656013811749497,0.177806975301261,0.0346838691066341));
#5624=CARTESIAN_POINT('',(0.0649965941765134,0.177859887307501,0.0341024962648065));
#5625=CARTESIAN_POINT('',(0.0661628377953939,0.176973162350803,0.0344325830676958));
#5626=CARTESIAN_POINT('',(0.0660198709916351,0.177770362186576,0.0342334992039609));
#5627=CARTESIAN_POINT('',(0.0654188965491811,0.177822940637312,0.0336575836974531));
#5628=CARTESIAN_POINT('',(0.0665836574959522,0.176945503604047,0.0339820497872278));
#5629=CARTESIAN_POINT('',(0.0664379226153376,0.177733787408686,0.0337796147110202));
#5630=CARTESIAN_POINT('',(0.0658397162498255,0.177786123684117,0.0332112661993673));
#5631=CARTESIAN_POINT('',(0.0697517568132269,0.176239280678514,0.0345614793368267));
#5632=CARTESIAN_POINT('',(0.069751756813227,0.17119966188999,0.0215));
#5633=CARTESIAN_POINT('',(0.0697517568132269,0.185179194776559,0.020743256798287));
#5634=CARTESIAN_POINT('',(0.069751756813227,0.179848448288618,0.0325090187496842));
#5635=CARTESIAN_POINT('',(0.069751756813227,0.179848448288618,0.0325090187496842));
#5636=CARTESIAN_POINT('',(0.06852589901519,0.180755861193871,-0.00245871423712915));
#5637=CARTESIAN_POINT('',(0.127459450043335,0.170232535761434,0.0207973417376596));
#5638=CARTESIAN_POINT('',(0.0687563437045241,0.173033128736085,0.00820501554309416));
#5639=CARTESIAN_POINT('',(0.0658322311548288,0.172758948148988,0.00814715436956051));
#5640=CARTESIAN_POINT('',(0.0658322311548288,0.172758948148988,0.00814715436956051));
#5641=CARTESIAN_POINT('',(0.0657721167487396,0.172792165571156,0.00809248680523284));
#5642=CARTESIAN_POINT('',(0.0657119719220842,0.172825363834443,0.00803784108290465));
#5643=CARTESIAN_POINT('',(0.0656517980303801,0.172858543792555,0.007983216229313));
#5644=CARTESIAN_POINT('',(0.0656517980303801,0.172858543792555,0.007983216229313));
#5645=CARTESIAN_POINT('',(0.0656517980303801,0.180552432856129,-0.00260651357590055));
#5646=CARTESIAN_POINT('',(0.0656517980303801,0.169850744180898,0.0121230972351987));
#5647=CARTESIAN_POINT('',(0.0656517980303801,0.169850744180898,0.0121230972351987));
#5648=CARTESIAN_POINT('',(0.0656517980303805,0.169756350906343,0.0122530184317108));
#5649=CARTESIAN_POINT('',(0.0657355947182637,0.169681808553657,0.0123680898631394));
#5650=CARTESIAN_POINT('',(0.065801134301273,0.169603709073614,0.0124853397887936));
#5651=CARTESIAN_POINT('',(0.0658011343012716,0.169603709073614,0.0124853397887938));
#5652=CARTESIAN_POINT('',(0.0658011343012716,0.169603709073614,0.0124853397887939));
#5653=CARTESIAN_POINT('',(0.067667472123922,0.169693428748289,0.0126396455661093));
#5654=CARTESIAN_POINT('',(0.069533762944923,0.169782426087147,0.0127949385574421));
#5655=CARTESIAN_POINT('',(0.0714,0.169870620506363,0.0129513286700872));
#5656=CARTESIAN_POINT('',(0.0713999999972981,0.169869332790112,0.0129531069911521));
#5657=CARTESIAN_POINT('',(0.0714,0.180959289531614,-0.00231091489835778));
#5658=CARTESIAN_POINT('',(0.0714,0.173972162067884,0.00730604101874785));
#5659=CARTESIAN_POINT('',(0.127459450043335,0.170232535761434,0.0207973417376596));
#5660=CARTESIAN_POINT('',(0.0698563437045242,0.173832743443656,0.00726816938141889));
#5661=CARTESIAN_POINT('',(0.0698563437045242,0.173832743443656,0.00726816938141889));
#5662=CARTESIAN_POINT('',(0.0694877278900139,0.173567103627455,0.00757892474659919));
#5663=CARTESIAN_POINT('',(0.0691208783431865,0.173300644408254,0.00789107082266872));
#5664=CARTESIAN_POINT('',(0.0687563437045241,0.173033128736085,0.00820501554309416));
#5665=CARTESIAN_POINT('',(0.0727773502691896,0.180959289531614,-0.0023109148983578));
#5666=CARTESIAN_POINT('',(0.0727773502691896,0.173973165444817,0.00730465998887805));
#5667=CARTESIAN_POINT('',(0.0713999860763655,0.173973165444817,0.00730465998887805));
#5668=CARTESIAN_POINT('',(0.0713999860763655,0.173973165444817,0.00730465998887805));
#5669=CARTESIAN_POINT('',(0.0713999953606343,0.1739728310081,0.00730512030152941));
#5670=CARTESIAN_POINT('',(0.0714,0.173972496549113,0.00730558064483148));
#5671=CARTESIAN_POINT('',(0.0714,0.173972162067884,0.00730604101874785));
#5672=CARTESIAN_POINT('',(0.0714,0.169867427714758,0.012955723170727));
#5673=CARTESIAN_POINT('',(0.0714116429397948,0.169866636190624,0.0129568126102357));
#5674=CARTESIAN_POINT('',(0.0714232858579179,0.169865844556369,0.0129579022013111));
#5675=CARTESIAN_POINT('',(0.0714349287543269,0.169865052811778,0.0129589919442517));
#5676=CARTESIAN_POINT('',(0.0714349287543269,0.169865052811778,0.0129589919442517));
#5677=CARTESIAN_POINT('',(0.0741547005383793,0.169865052811778,0.0129589919442517));
#5678=CARTESIAN_POINT('',(0.0629032492843797,0.180552432856129,-0.00260651357590055));
#5679=CARTESIAN_POINT('',(0.0656517980303801,0.172858543792555,0.007983216229313));
#5680=CARTESIAN_POINT('',(0.0656517980303801,0.172947062964599,0.0078613800412975));
#5681=CARTESIAN_POINT('',(0.0655016007942327,0.173100958186546,0.00764956144016172));
#5682=CARTESIAN_POINT('',(0.065360461025902,0.173249067018154,0.00744570712207485));
#5683=CARTESIAN_POINT('',(0.0652821794003536,0.173321717177427,0.00734571275633222));
#5684=CARTESIAN_POINT('',(0.0652821794003535,0.173321717177427,0.00734571275633225));
#5685=CARTESIAN_POINT('',(0.0601547005383793,0.173321717177427,0.00734571275633225));
#5686=CARTESIAN_POINT('',(0.0601547005383793,0.172443319435714,0.00855472352700915));
#5687=CARTESIAN_POINT('',(0.0609207629387768,0.172336563375454,0.008701660638252));
#5688=CARTESIAN_POINT('',(0.0616866160109549,0.172229288898339,0.00884931128908112));
#5689=CARTESIAN_POINT('',(0.0624522242635067,0.17212141308815,0.00899778960388192));
#5690=CARTESIAN_POINT('',(0.0624522242635067,0.172121413088149,0.00899778960388192));
#5691=CARTESIAN_POINT('',(0.0624522242635067,0.172121413088149,0.00899778960388192));
#5692=CARTESIAN_POINT('',(0.0635558413724374,0.17138277874154,0.0100144325643942));
#5693=CARTESIAN_POINT('',(0.0646393680290574,0.170633395897944,0.0110458695618304));
#5694=CARTESIAN_POINT('',(0.0656517980303801,0.169850744180898,0.0121230972351987));
#5695=CARTESIAN_POINT('',(0.0712951611758196,0.170584122167197,0.014216792655373));
#5696=CARTESIAN_POINT('',(0.0713648857700177,0.16883559604043,0.0143706910685613));
#5697=CARTESIAN_POINT('',(0.0714346103642158,0.169872256027113,0.0129542291348763));
#5698=CARTESIAN_POINT('',(0.0693597789462179,0.170500259545067,0.0140539526484972));
#5699=CARTESIAN_POINT('',(0.069409076683969,0.168730010466977,0.0142249055127872));
#5700=CARTESIAN_POINT('',(0.0694992281346352,0.169780804234485,0.0127920305259388));
#5701=CARTESIAN_POINT('',(0.067424337782304,0.170415143385143,0.0138922172639274));
#5702=CARTESIAN_POINT('',(0.067475223944494,0.168624984077062,0.014081618390177));
#5703=CARTESIAN_POINT('',(0.0675637869707081,0.169688488380109,0.0126310124239095));
#5704=CARTESIAN_POINT('',(0.0654888488601558,0.170328920743711,0.0137314879029276));
#5705=CARTESIAN_POINT('',(0.0655585734543539,0.168520358031182,0.0139403407037461));
#5706=CARTESIAN_POINT('',(0.065628298048552,0.169595398329394,0.0124710528031697));
#5707=CARTESIAN_POINT('',(0.0713999999999999,0.169870620506363,0.0129513286700871));
#5708=CARTESIAN_POINT('',(0.0713878990917808,0.169690664680248,0.0131972154607341));
#5709=CARTESIAN_POINT('',(0.0713302754058018,0.169652198601518,0.0139065438806771));
#5710=CARTESIAN_POINT('',(0.0712726517198228,0.170279096488162,0.0142406478858511));
#5711=CARTESIAN_POINT('',(0.0712605508116037,0.170582622321641,0.0142138807123321));
#5712=CARTESIAN_POINT('',(0.0658011343012716,0.169603709073614,0.0124853397887941));
#5713=CARTESIAN_POINT('',(0.0658617316668224,0.16953149892939,0.0125937481166998));
#5714=CARTESIAN_POINT('',(0.0657550942649511,0.169415313098026,0.0128649770052779));
#5715=CARTESIAN_POINT('',(0.0655677574350741,0.169489568812963,0.0134075802814181));
#5716=CARTESIAN_POINT('',(0.0655491185947061,0.169875472984487,0.0137016461609934));
#5717=CARTESIAN_POINT('',(0.0656251349670262,0.17014706494824,0.0137415119569381));
#5718=CARTESIAN_POINT('',(0.0555,0.174943985838067,0.00801000229162902));
#5719=CARTESIAN_POINT('',(0.0713999860763655,0.173973165444817,0.00730465998887805));
#5720=CARTESIAN_POINT('',(0.0713919944303678,0.174261039474236,0.00690843537941237));
#5721=CARTESIAN_POINT('',(0.0713700793311366,0.174800134106045,0.00672470722635089));
#5722=CARTESIAN_POINT('',(0.0713476068685093,0.17526492789076,0.0068537167737687));
#5723=CARTESIAN_POINT('',(0.0629032492843796,0.179581612462879,-0.0033118558786516));
#5724=CARTESIAN_POINT('',(0.0615375866405704,0.170181367410584,0.00962647145932674));
#5725=CARTESIAN_POINT('',(0.0610770309869156,0.170261945139569,0.00951556572995858));
#5726=CARTESIAN_POINT('',(0.0606160507344352,0.170341679617035,0.0094058206367362));
#5727=CARTESIAN_POINT('',(0.0601547005383793,0.170420671208898,0.00929709803782666));
#5728=CARTESIAN_POINT('',(0.0653247005383792,0.171034544648845,0.00845217373362603));
#5729=CARTESIAN_POINT('',(0.0648276442635315,0.171034544648845,0.00845217373362603));
#5730=CARTESIAN_POINT('',(0.0648276442635315,0.171034544648845,0.00845217373362603));
#5731=CARTESIAN_POINT('',(0.065114376266713,0.170812167784104,0.00875824922978719));
#5732=CARTESIAN_POINT('',(0.0653968979958285,0.170587957310635,0.00906684847184979));
#5733=CARTESIAN_POINT('',(0.0656740221834501,0.170361407116042,0.00937866806376761));
#5734=CARTESIAN_POINT('',(0.0656740221834501,0.170361407116042,0.00937866806376761));
#5735=CARTESIAN_POINT('',(0.0656740221834501,0.170361407116042,0.00937866806376761));
#5736=CARTESIAN_POINT('',(0.065660907775979,0.170348903472993,0.00939587785200002));
#5737=CARTESIAN_POINT('',(0.06565179803038,0.170334853147001,0.00941521646667154));
#5738=CARTESIAN_POINT('',(0.06565179803038,0.17032009955609,0.00943552304246278));
#5739=CARTESIAN_POINT('',(0.06565179803038,0.17032009955609,0.00943552304246278));
#5740=CARTESIAN_POINT('',(0.06565179803038,0.179581612462879,-0.0033118558786516));
#5741=CARTESIAN_POINT('',(0.0653171704457734,0.174609850113472,0.00688505642293167));
#5742=CARTESIAN_POINT('',(0.0651824007672767,0.173837177989215,0.00656637456420232));
#5743=CARTESIAN_POINT('',(0.0645732291996467,0.173449911400589,0.00700872939401092));
#5744=CARTESIAN_POINT('',(0.0657405354225773,0.174370852831792,0.00726402722667813));
#5745=CARTESIAN_POINT('',(0.065601381174934,0.173603516882128,0.00695034446068327));
#5746=CARTESIAN_POINT('',(0.0649965941765132,0.173218987787383,0.00738958407286376));
#5747=CARTESIAN_POINT('',(0.0661628377953904,0.174130383501438,0.00764374209210288));
#5748=CARTESIAN_POINT('',(0.0660198709916433,0.173368416727337,0.00733622201458968));
#5749=CARTESIAN_POINT('',(0.0654188965491658,0.172987365225799,0.00777124260872258));
#5750=CARTESIAN_POINT('',(0.0665836574959522,0.173887943079642,0.00802448857596882));
#5751=CARTESIAN_POINT('',(0.0664379226153376,0.173131219732957,0.0077249203978904));
#5752=CARTESIAN_POINT('',(0.0658397162498255,0.172754811923398,0.0081539615116869));
#5753=CARTESIAN_POINT('',(0.0662209864896132,0.174011952293336,0.00768330637644285));
#5754=CARTESIAN_POINT('',(0.0661771215894131,0.173531076351096,0.00758542747470209));
#5755=CARTESIAN_POINT('',(0.0660143641973269,0.173035985766741,0.00779295432190789));
#5756=CARTESIAN_POINT('',(0.0658322311548287,0.172758948148988,0.00814715436956043));
#5757=CARTESIAN_POINT('',(0.0652821794003535,0.173321717177427,0.00734571275633225));
#5758=CARTESIAN_POINT('',(0.0651532968200378,0.173441328132384,0.00718108240043908));
#5759=CARTESIAN_POINT('',(0.0652377847713347,0.173848201012196,0.00685385483480488));
#5760=CARTESIAN_POINT('',(0.065312082661378,0.174328561591053,0.00682801620691159));
#5761=CARTESIAN_POINT('',(0.0653236128911511,0.174561483282042,0.00688158158596011));
#5762=CARTESIAN_POINT('',(0.0555,0.174292537570677,0.00805105505908321));
#5763=CARTESIAN_POINT('',(0.0555,0.170063724255595,0.00774683143087507));
#5764=CARTESIAN_POINT('',(0.0653571632935606,0.170255575165986,0.00656226685763217));
#5765=CARTESIAN_POINT('',(0.0654037857399758,0.170463051483756,0.00659586951750218));
#5766=CARTESIAN_POINT('',(0.0654482957887636,0.170864444834581,0.00677544142782561));
#5767=CARTESIAN_POINT('',(0.0653064120132392,0.171369903268674,0.00749982887753616));
#5768=CARTESIAN_POINT('',(0.0650166410020234,0.171258135070247,0.00814442792001811));
#5769=CARTESIAN_POINT('',(0.0648276442635315,0.171034544648845,0.00845217373362608));
#5770=CARTESIAN_POINT('',(0.0644616683427589,0.171315713443504,0.00806517808805647));
#5771=CARTESIAN_POINT('',(0.0660027307712064,0.17201507068136,0.00710259542992074));
#5772=CARTESIAN_POINT('',(0.0653101964801828,0.170293693230661,0.006512853743894));
#5773=CARTESIAN_POINT('',(0.0648773760594751,0.170999233192253,0.00850077578406509));
#5774=CARTESIAN_POINT('',(0.0664608338010175,0.171697633367968,0.0075395104089987));
#5775=CARTESIAN_POINT('',(0.0657259041965415,0.169956753636646,0.00694968820154723));
#5776=CARTESIAN_POINT('',(0.0652849532575058,0.170679636003223,0.0089406635768784));
#5777=CARTESIAN_POINT('',(0.0669114302914318,0.171379405937713,0.00797751289063678));
#5778=CARTESIAN_POINT('',(0.066133481395482,0.169614743726342,0.00739164977766716));
#5779=CARTESIAN_POINT('',(0.0656810689406596,0.170355644896591,0.00938659907843986));
#5780=CARTESIAN_POINT('',(0.0673504603386093,0.171060799733285,0.00841603671008151));
#5781=CARTESIAN_POINT('',(0.0665295970780834,0.169265878716598,0.00784110684870214));
#5782=CARTESIAN_POINT('',(0.0656740221834501,0.170361407116042,0.00937866806376761));
#5783=CARTESIAN_POINT('',(0.0657897338685022,0.170471729874401,0.00922682181374455));
#5784=CARTESIAN_POINT('',(0.0659598963143629,0.170630592890671,0.00884787006635094));
#5785=CARTESIAN_POINT('',(0.066207329980497,0.170570217795072,0.00822521922911043));
#5786=CARTESIAN_POINT('',(0.0663278829657984,0.170155011172434,0.00769001783814575));
#5787=CARTESIAN_POINT('',(0.0662920551954165,0.16972477450894,0.0075434608415124));
#5788=CARTESIAN_POINT('',(0.066250609014418,0.169508865926114,0.00752783977928326));
#5789=CARTESIAN_POINT('',(0.0687740141526266,0.173034773757379,0.00820538151638809));
#5790=CARTESIAN_POINT('',(0.0687443197352003,0.173496023870293,0.00756610534633402));
#5791=CARTESIAN_POINT('',(0.0686694272613294,0.174262573187882,0.00773669464186596));
#5792=CARTESIAN_POINT('',(0.0677805006629719,0.172942287094617,0.00818479936426604));
#5793=CARTESIAN_POINT('',(0.0677528291307224,0.173400038729312,0.00755063953188898));
#5794=CARTESIAN_POINT('',(0.0676759137716737,0.174161483114659,0.00771419787097249));
#5795=CARTESIAN_POINT('',(0.0667940095406127,0.172849785239982,0.00816528336344816));
#5796=CARTESIAN_POINT('',(0.0667658957204645,0.173303837641843,0.00753614925620975));
#5797=CARTESIAN_POINT('',(0.0666894226493136,0.174060376436311,0.00769286642822754));
#5798=CARTESIAN_POINT('',(0.0658148138617604,0.172757303209612,0.00814682596427617));
#5799=CARTESIAN_POINT('',(0.0657840623683629,0.173207471561562,0.00752264518960507));
#5800=CARTESIAN_POINT('',(0.0657102269704632,0.173959291426369,0.00767269206165059));
#5801=CARTESIAN_POINT('',(0.0681863804862388,0.174213365447119,0.0077258361099577));
#5802=CARTESIAN_POINT('',(0.0683151674710907,0.173746452120966,0.0076236783047267));
#5803=CARTESIAN_POINT('',(0.0685491765277075,0.173277630392967,0.00783765216649575));
#5804=CARTESIAN_POINT('',(0.0687563437045241,0.173033128736085,0.00820501554309416));
#5805=CARTESIAN_POINT('',(0.0656347441014937,0.170318038602276,0.00943582131672824));
#5806=CARTESIAN_POINT('',(0.0653964160834448,0.171958013557767,0.00714311559832947));
#5807=CARTESIAN_POINT('',(0.0657393309927909,0.169178935783835,0.00754555031526117));
#5808=CARTESIAN_POINT('',(0.0665934470785615,0.170433904850822,0.00941904287268276));
#5809=CARTESIAN_POINT('',(0.0663522519593363,0.172052844291918,0.0071548633035266));
#5810=CARTESIAN_POINT('',(0.0666980339698608,0.169305580288007,0.00752721108572783));
#5811=CARTESIAN_POINT('',(0.0675701681808817,0.170550640991486,0.00940374902558387));
#5812=CARTESIAN_POINT('',(0.0673356105101598,0.172150029832587,0.00716746649729549));
#5813=CARTESIAN_POINT('',(0.0676747550721819,0.169433175604588,0.00751049455512523));
#5814=CARTESIAN_POINT('',(0.0685648601773823,0.170668198678081,0.0093899992881598));
#5815=CARTESIAN_POINT('',(0.0683474335119708,0.172249554992183,0.00718108626154179));
#5816=CARTESIAN_POINT('',(0.0686694470686795,0.169561668889948,0.00749546577240731));
#5817=CARTESIAN_POINT('',(0.168503250813665,0.172166788018544,0.0222026582623404));
#5818=CARTESIAN_POINT('',(0.0685471699219298,0.170666107817695,0.00939024401151409));
#5819=CARTESIAN_POINT('',(0.0680951735824006,0.169884702944925,0.0075212387432689));
#5820=CARTESIAN_POINT('',(0.0679723338798648,0.170274886307921,0.00760791684060176));
#5821=CARTESIAN_POINT('',(0.0679526487926992,0.170970786834026,0.00825019762494654));
#5822=CARTESIAN_POINT('',(0.0683425855131233,0.170861844885109,0.00909038376530232));
#5823=CARTESIAN_POINT('',(0.0685471699219298,0.170666107817695,0.00939024401151409));
#5824=CARTESIAN_POINT('',(0.0697517568132269,0.174799869572211,0.00797082764375931));
#5825=CARTESIAN_POINT('',(0.069751756813227,0.174799869572211,0.00797082764375923));
#5826=CARTESIAN_POINT('',(0.0697517568132269,0.174799869572211,0.00797082764375923));
#5827=CARTESIAN_POINT('',(0.0698563437045242,0.173832743443657,0.00726816938141891));
#5828=CARTESIAN_POINT('',(0.0691276147502798,0.174171550003443,0.00669337478486326));
#5829=CARTESIAN_POINT('',(0.0689032286758031,0.175018075109278,0.00715083597087872));
#5830=CARTESIAN_POINT('',(0.0694855255190356,0.173565516507887,0.00758078141824075));
#5831=CARTESIAN_POINT('',(0.0687624470878553,0.173900932386502,0.00701149474380633));
#5832=CARTESIAN_POINT('',(0.0685324104904323,0.174740431388321,0.00746067602817887));
#5833=CARTESIAN_POINT('',(0.0691164439979804,0.173297423457942,0.0078948440520846));
#5834=CARTESIAN_POINT('',(0.0683981431339871,0.173628312798732,0.00733249873758012));
#5835=CARTESIAN_POINT('',(0.0681633289690986,0.17446102009465,0.00777193419372204));
#5836=CARTESIAN_POINT('',(0.0687497829112243,0.173028313763454,0.0082106662456843));
#5837=CARTESIAN_POINT('',(0.0680349047086015,0.17335299716857,0.00765737211352842));
#5838=CARTESIAN_POINT('',(0.0677966678825033,0.174179432406549,0.00808498475007903));
#5839=CARTESIAN_POINT('',(0.069751756813227,0.170673585576056,0.00750988764477148));
#5840=CARTESIAN_POINT('',(0.0697517568132271,0.170673585576056,0.00750988764477148));
#5841=CARTESIAN_POINT('',(0.06964716992193,0.171640711704611,0.00821254590711182));
#5842=CARTESIAN_POINT('',(0.069751756813227,0.170673585576056,0.00750988764477148));
#5843=CARTESIAN_POINT('',(0.0689032286758034,0.170641700536427,0.00666195878911891));
#5844=CARTESIAN_POINT('',(0.0682303292712316,0.172166481510146,0.00727799676586706));
#5845=CARTESIAN_POINT('',(0.06964716992193,0.171640711704611,0.00821254590711157));
#5846=CARTESIAN_POINT('',(0.0685256005734223,0.170296934819085,0.00705281815981169));
#5847=CARTESIAN_POINT('',(0.0678157228182842,0.171837904210314,0.00766853268721777));
#5848=CARTESIAN_POINT('',(0.0692695418191848,0.171316458734082,0.00860263392772954));
#5849=CARTESIAN_POINT('',(0.0681558669504004,0.169948078779763,0.00744882565299838));
#5850=CARTESIAN_POINT('',(0.0674087842316185,0.171508870897845,0.00806083757668686));
#5851=CARTESIAN_POINT('',(0.0688998081970609,0.170989895294877,0.00899707708650881));
#5852=CARTESIAN_POINT('',(0.0677968029231647,0.169593934881246,0.00785203243236131));
#5853=CARTESIAN_POINT('',(0.0670128091994692,0.171179779764152,0.00845485391615507));
#5854=CARTESIAN_POINT('',(0.0685407441692914,0.170660209197595,0.00939740632696263));
#5855=CARTESIAN_POINT('',(0.0685471699219298,0.170666107817695,0.00939024401151409));
#5856=CARTESIAN_POINT('',(0.0689046999407907,0.170994230835776,0.00899183783606171));
#5857=CARTESIAN_POINT('',(0.0692722499553041,0.171318784093327,0.00859983643675735));
#5858=CARTESIAN_POINT('',(0.0696471699219299,0.171640711704611,0.00821254590711165));
#5859=CARTESIAN_POINT('',(0.0714617882771451,0.173977723137538,0.00730758371470475));
#5860=CARTESIAN_POINT('',(0.0714347530977983,0.174465755363974,0.00663184094104846));
#5861=CARTESIAN_POINT('',(0.0713572013858479,0.175265865326902,0.00685397700364896));
#5862=CARTESIAN_POINT('',(0.0709255549526464,0.173929467533252,0.00729418641879289));
#5863=CARTESIAN_POINT('',(0.0708989909043773,0.174415680649602,0.00662101756070555));
#5864=CARTESIAN_POINT('',(0.0708209680613492,0.175213473527945,0.00683943136808369));
#5865=CARTESIAN_POINT('',(0.0703903964898455,0.173881140041023,0.00728104805551214));
#5866=CARTESIAN_POINT('',(0.0703636336695763,0.174365478694411,0.00661042958821936));
#5867=CARTESIAN_POINT('',(0.0702858095985474,0.175161003679254,0.00682516685939022));
#5868=CARTESIAN_POINT('',(0.0698563437045243,0.173832743443657,0.00726816938141891));
#5869=CARTESIAN_POINT('',(0.0698287380166766,0.174315153348742,0.00660008015210809));
#5870=CARTESIAN_POINT('',(0.0697517568132271,0.175108458802116,0.00681118429893861));
#5871=CARTESIAN_POINT('',(0.0696471699219297,0.171640711704611,0.00821254590711181));
#5872=CARTESIAN_POINT('',(0.0694798061210756,0.173071092059513,0.00621888504844853));
#5873=CARTESIAN_POINT('',(0.0697517568132269,0.170628493320576,0.00631073515718045));
#5874=CARTESIAN_POINT('',(0.0702362349381856,0.171706203606811,0.0082100831864731));
#5875=CARTESIAN_POINT('',(0.0700686568298494,0.173128047622207,0.00622813969265012));
#5876=CARTESIAN_POINT('',(0.0703408218294839,0.170699598814395,0.00630806134619602));
#5877=CARTESIAN_POINT('',(0.070828549589059,0.17177171280235,0.00820808035417622));
#5878=CARTESIAN_POINT('',(0.070663497499226,0.173185407158668,0.00623772988796367));
#5879=CARTESIAN_POINT('',(0.0709331364803573,0.170770723083813,0.00630588684256048));
#5880=CARTESIAN_POINT('',(0.0714240554649734,0.171837232831206,0.00820653760772684));
#5881=CARTESIAN_POINT('',(0.0712642951895132,0.173243156318932,0.00624767048260699));
#5882=CARTESIAN_POINT('',(0.0715286423562706,0.170841859115165,0.00630421186070535));
#5883=CARTESIAN_POINT('',(0.168503250813665,0.172166788018544,0.0222026582623404));
#5884=CARTESIAN_POINT('',(0.071399942198416,0.171834579603509,0.00820660033273105));
#5885=CARTESIAN_POINT('',(0.071399942198416,0.171834579603509,0.00820660033273105));
#5886=CARTESIAN_POINT('',(0.0713850724126602,0.172096919784487,0.00784330676323665));
#5887=CARTESIAN_POINT('',(0.0713802083080268,0.172161269580427,0.00682084211736529));
#5888=CARTESIAN_POINT('',(0.0714281749931103,0.171273974159742,0.00629377525338395));
#5889=CARTESIAN_POINT('',(0.0714523931314902,0.170832748759929,0.00630442910730275));
#5890=CARTESIAN_POINT('',(0.0555,0.170861715585986,0.00750407944093673));
#5891=CARTESIAN_POINT('',(0.0727773502691897,0.171832535979235,0.00820942174368772));
#5892=CARTESIAN_POINT('',(0.0714,0.171832535979235,0.00820942174368772));
#5893=CARTESIAN_POINT('',(0.0576839372366863,0.170861715585986,0.00750407944093673));
#5894=CARTESIAN_POINT('',(0.0555,0.170512266407279,0.0134292201460857));
#5895=CARTESIAN_POINT('',(0.0713999553985861,0.170577793501264,0.0142265320047418));
#5896=CARTESIAN_POINT('',(0.0713884141465481,0.170271919681018,0.0142516702519026));
#5897=CARTESIAN_POINT('',(0.071383052912847,0.169650111964375,0.0139148027418889));
#5898=CARTESIAN_POINT('',(0.0714175009053741,0.169687375731234,0.0132035434655961));
#5899=CARTESIAN_POINT('',(0.0714349287543269,0.169865052811777,0.0129589919442528));
#5900=CARTESIAN_POINT('',(0.0727773502691897,0.179988469138364,-0.00301625720110879));
#5901=CARTESIAN_POINT('',(0.0714,0.179988469138364,-0.00301625720110879));
#5902=CARTESIAN_POINT('',(0.0713314967793316,0.169881904312635,0.0129360827698682));
#5903=CARTESIAN_POINT('',(0.0713226797249762,0.169841012803476,0.0130006554794478));
#5904=CARTESIAN_POINT('',(0.0713050456162655,0.169759229785159,0.0131298008986069));
#5905=CARTESIAN_POINT('',(0.0712724005081329,0.169696864908669,0.0134335693691047));
#5906=CARTESIAN_POINT('',(0.0712417798781292,0.169780594128363,0.0138218333548791));
#5907=CARTESIAN_POINT('',(0.0712349955313485,0.170064818793833,0.0141008807344386));
#5908=CARTESIAN_POINT('',(0.0712443810775995,0.17035598868231,0.0142120669392423));
#5909=CARTESIAN_POINT('',(0.0712547220770424,0.170509514236534,0.0142130318722722));
#5910=CARTESIAN_POINT('',(0.0712598925767638,0.170586277013646,0.0142135143387871));
#5911=CARTESIAN_POINT('',(0.0713822353319062,0.169878456838347,0.0129408279288174));
#5912=CARTESIAN_POINT('',(0.0713734128839515,0.16983755794064,0.0130054142700815));
#5913=CARTESIAN_POINT('',(0.0713557679880422,0.169755760145227,0.0131345869526097));
#5914=CARTESIAN_POINT('',(0.0713231039737603,0.169693409201586,0.0134384245329262));
#5915=CARTESIAN_POINT('',(0.0712924700708546,0.169777225490072,0.013826759465529));
#5916=CARTESIAN_POINT('',(0.0712856947266413,0.170061594744017,0.0141057860430552));
#5917=CARTESIAN_POINT('',(0.0712950992287899,0.170352868099236,0.014216886064496));
#5918=CARTESIAN_POINT('',(0.0713054530632856,0.170506425219309,0.0142177821291388));
#5919=CARTESIAN_POINT('',(0.0713106299805335,0.170583203779345,0.0142182301614602));
#5920=CARTESIAN_POINT('',(0.0714329738844809,0.16987500936406,0.0129455730877666));
#5921=CARTESIAN_POINT('',(0.0714241460429268,0.169834103077805,0.0130101730607152));
#5922=CARTESIAN_POINT('',(0.0714064903598188,0.169752290505294,0.0131393730066125));
#5923=CARTESIAN_POINT('',(0.0713738074393876,0.169689953494504,0.0134432796967478));
#5924=CARTESIAN_POINT('',(0.0713431602635799,0.169773856851781,0.0138316855761788));
#5925=CARTESIAN_POINT('',(0.0713363939219342,0.1700583706942,0.0141106913516718));
#5926=CARTESIAN_POINT('',(0.0713458173799802,0.170349747516161,0.0142217051897498));
#5927=CARTESIAN_POINT('',(0.0713561840495288,0.170503336202084,0.0142225323860054));
#5928=CARTESIAN_POINT('',(0.0713613673843032,0.170580130545045,0.0142229459841332));
#5929=CARTESIAN_POINT('',(0.0714837124370555,0.169871561889772,0.0129503182467158));
#5930=CARTESIAN_POINT('',(0.0714748792019022,0.169830648214969,0.013014931851349));
#5931=CARTESIAN_POINT('',(0.0714572127315955,0.169748820865362,0.0131441590606152));
#5932=CARTESIAN_POINT('',(0.0714245109050149,0.169686497787422,0.0134481348605693));
#5933=CARTESIAN_POINT('',(0.0713938504563053,0.16977048821349,0.0138366116868287));
#5934=CARTESIAN_POINT('',(0.0713870931172271,0.170055146644384,0.0141155966602885));
#5935=CARTESIAN_POINT('',(0.0713965355311705,0.170346626933086,0.0142265243150036));
#5936=CARTESIAN_POINT('',(0.0714069150357721,0.170500247184859,0.014227282642872));
#5937=CARTESIAN_POINT('',(0.0714121047880729,0.170577057310745,0.0142276618068063));
#5938=CARTESIAN_POINT('',(0.06852589901519,0.179785040800621,-0.0031640565398802));
#5939=CARTESIAN_POINT('',(0.0623011967914588,0.17266556100219,0.0102469714849775));
#5940=CARTESIAN_POINT('',(0.0621561599430799,0.17135978561587,0.0100460798868609));
#5941=CARTESIAN_POINT('',(0.0624660051762987,0.172119471259744,0.00900046230139143));
#5942=CARTESIAN_POINT('',(0.0615264047633612,0.172769052795398,0.0100959607857532));
#5943=CARTESIAN_POINT('',(0.0613895698636505,0.171474244420977,0.00988854085682215));
#5944=CARTESIAN_POINT('',(0.0616912131482192,0.172228648827301,0.00885019227128551));
#5945=CARTESIAN_POINT('',(0.0607513562143107,0.172872198053096,0.00994576927919997));
#5946=CARTESIAN_POINT('',(0.0606174821027321,0.1715884702387,0.00973132250649428));
#5947=CARTESIAN_POINT('',(0.0609161645991541,0.17233721079136,0.00870076954670348));
#5948=CARTESIAN_POINT('',(0.0599761030883519,0.172975045545864,0.00979629230009796));
#5949=CARTESIAN_POINT('',(0.059841293044414,0.171702385560338,0.00957453151734144));
#5950=CARTESIAN_POINT('',(0.0601409114731918,0.172445240977431,0.0085520787517298));
#5951=CARTESIAN_POINT('',(0.0620446185833925,0.172593514423965,0.0101753743844203));
#5952=CARTESIAN_POINT('',(0.061995853423693,0.172346796462215,0.010095874809296));
#5953=CARTESIAN_POINT('',(0.0620443279039625,0.171925642340398,0.00969084180642883));
#5954=CARTESIAN_POINT('',(0.0623179168164063,0.171990521209693,0.00917794681892575));
#5955=CARTESIAN_POINT('',(0.0624522242635067,0.172121413088149,0.00899778960388192));
#5956=CARTESIAN_POINT('',(0.0598945878999158,0.169609564599265,0.00975236455990133));
#5957=CARTESIAN_POINT('',(0.0599943135998332,0.170125217753387,0.00970375483233222));
#5958=CARTESIAN_POINT('',(0.0601418004771756,0.170422879724854,0.00929405827639274));
#5959=CARTESIAN_POINT('',(0.0606198629804823,0.169498443540884,0.00992148715950388));
#5960=CARTESIAN_POINT('',(0.0607185739486058,0.170005937686278,0.00986792976015365));
#5961=CARTESIAN_POINT('',(0.0608670755577537,0.170298723027033,0.00946494531057918));
#5962=CARTESIAN_POINT('',(0.0613443648996882,0.169386093012163,0.0100928531201771));
#5963=CARTESIAN_POINT('',(0.0614436882479099,0.169884748157941,0.0100347328359481));
#5964=CARTESIAN_POINT('',(0.0615915774769339,0.170172714681728,0.00963838091888606));
#5965=CARTESIAN_POINT('',(0.06206756389476,0.169272256082429,0.0102668628568851));
#5966=CARTESIAN_POINT('',(0.0621694232953438,0.169761246498781,0.010204718286743));
#5967=CARTESIAN_POINT('',(0.0623147764720198,0.170044496404099,0.00981485823808849));
#5968=CARTESIAN_POINT('',(0.0624285927304542,0.172137224762461,0.00897602670122639));
#5969=CARTESIAN_POINT('',(0.0615747149335706,0.171696190876219,0.0095830577685653));
#5970=CARTESIAN_POINT('',(0.061862907305505,0.172710698977045,0.010007113622973));
#5971=CARTESIAN_POINT('',(0.0637574243008896,0.171248369456133,0.0101994310747719));
#5972=CARTESIAN_POINT('',(0.0628926942682846,0.170771247207032,0.0108561335122774));
#5973=CARTESIAN_POINT('',(0.063191738875343,0.171855142126949,0.0112348959402598));
#5974=CARTESIAN_POINT('',(0.0650660934388495,0.170343685207041,0.0114446221189572));
#5975=CARTESIAN_POINT('',(0.0641697477967854,0.169814430431733,0.0121730788228746));
#5976=CARTESIAN_POINT('',(0.0645004080169955,0.170993912297117,0.012485736169388));
#5977=CARTESIAN_POINT('',(0.0662396740731012,0.169383958082298,0.0127655731820388));
#5978=CARTESIAN_POINT('',(0.0651269482771245,0.16891385760813,0.013412610975488));
#5979=CARTESIAN_POINT('',(0.0656739886481519,0.170110367270492,0.0137959157097902));
#5980=CARTESIAN_POINT('',(0.06852589901519,0.196938781173798,0.0231848357563264));
#5981=CARTESIAN_POINT('',(0.127459450043335,0.17156907119969,0.0203630750490574));
#5982=CARTESIAN_POINT('',(0.0687563437045241,0.184410515905839,0.019135354454255));
#5983=CARTESIAN_POINT('',(0.0658322311548288,0.184380818691028,0.0188567131343189));
#5984=CARTESIAN_POINT('',(0.0658322311548288,0.184380818691028,0.0188567131343189));
#5985=CARTESIAN_POINT('',(0.0657721167487396,0.184443075382271,0.0188714115737078));
#5986=CARTESIAN_POINT('',(0.0657119719220843,0.184505305380119,0.0188860985414677));
#5987=CARTESIAN_POINT('',(0.0656517980303801,0.184567509874008,0.0189007745487658));
#5988=CARTESIAN_POINT('',(0.0656517980303801,0.184567509874008,0.0189007745487658));
#5989=CARTESIAN_POINT('',(0.0656517980303801,0.197016483884541,0.0229456914026795));
#5990=CARTESIAN_POINT('',(0.0656517980303801,0.179700787870998,0.0173194807138975));
#5991=CARTESIAN_POINT('',(0.0656517980303801,0.179700787870998,0.0173194807138975));
#5992=CARTESIAN_POINT('',(0.0656517980303803,0.179548056344457,0.0172698552326889));
#5993=CARTESIAN_POINT('',(0.0657355947182636,0.179415582055977,0.0172345202703061));
#5994=CARTESIAN_POINT('',(0.065801134301273,0.179279936683563,0.0171964754705086));
#5995=CARTESIAN_POINT('',(0.0658011343012716,0.179279936683563,0.0171964754705084));
#5996=CARTESIAN_POINT('',(0.0658011343012716,0.179279936683563,0.0171964754705083));
#5997=CARTESIAN_POINT('',(0.0676674721239219,0.17916090807275,0.0173294870592688));
#5998=CARTESIAN_POINT('',(0.069533762944923,0.179040717351569,0.0174621167317517));
#5999=CARTESIAN_POINT('',(0.0714,0.178919235090201,0.0175943218114068));
#6000=CARTESIAN_POINT('',(0.0713999999972981,0.178917145880159,0.0175936466519066));
#6001=CARTESIAN_POINT('',(0.0714,0.196861078463056,0.0234239801099732));
#6002=CARTESIAN_POINT('',(0.0714,0.185555668743013,0.0197506298179483));
#6003=CARTESIAN_POINT('',(0.127459450043335,0.17156907119969,0.0203630750490574));
#6004=CARTESIAN_POINT('',(0.0698563437045242,0.185548604086259,0.0196063318473444));
#6005=CARTESIAN_POINT('',(0.0698563437045242,0.185548604086259,0.0196063318473444));
#6006=CARTESIAN_POINT('',(0.0694877278900139,0.185170970953641,0.0194497220580922));
#6007=CARTESIAN_POINT('',(0.0691208783431866,0.184791761966918,0.019292762723577));
#6008=CARTESIAN_POINT('',(0.0687563437045241,0.184410515905839,0.019135354454255));
#6009=CARTESIAN_POINT('',(0.0727773502691896,0.196861078463056,0.0234239801099732));
#6010=CARTESIAN_POINT('',(0.0727773502691896,0.185557292240993,0.019751157324419));
#6011=CARTESIAN_POINT('',(0.0713999860763655,0.185557292240993,0.019751157324419));
#6012=CARTESIAN_POINT('',(0.0713999860763655,0.185557292240993,0.019751157324419));
#6013=CARTESIAN_POINT('',(0.0713999953606342,0.185556751111018,0.0197509815006317));
#6014=CARTESIAN_POINT('',(0.0714,0.18555620994501,0.0197508056651368));
#6015=CARTESIAN_POINT('',(0.0714,0.185555668743013,0.0197506298179482));
#6016=CARTESIAN_POINT('',(0.0714,0.178914069044866,0.0175926432615259));
#6017=CARTESIAN_POINT('',(0.0714116429397948,0.178912788331913,0.0175922271326623));
#6018=CARTESIAN_POINT('',(0.0714232858579179,0.178911507440783,0.0175918109459053));
#6019=CARTESIAN_POINT('',(0.0714349287543269,0.178910226371124,0.017591394701141));
#6020=CARTESIAN_POINT('',(0.0714349287543269,0.178910226371124,0.017591394701141));
#6021=CARTESIAN_POINT('',(0.0741547005383793,0.178910226371124,0.017591394701141));
#6022=CARTESIAN_POINT('',(0.0629032492843797,0.197016483884541,0.0229456914026795));
#6023=CARTESIAN_POINT('',(0.0656517980303801,0.184567509874008,0.0189007745487658));
#6024=CARTESIAN_POINT('',(0.06565179803038,0.18471073690303,0.0189473118315279));
#6025=CARTESIAN_POINT('',(0.0655016007942331,0.184959744602848,0.0190282193377124));
#6026=CARTESIAN_POINT('',(0.065360461025902,0.185199389726423,0.0191060847584681));
#6027=CARTESIAN_POINT('',(0.0652821794003536,0.185316940153414,0.0191442792074983));
#6028=CARTESIAN_POINT('',(0.0652821794003535,0.185316940153414,0.0191442792074983));
#6029=CARTESIAN_POINT('',(0.0601547005383793,0.185316940153414,0.0191442792074983));
#6030=CARTESIAN_POINT('',(0.0601547005383793,0.183895662751681,0.0186824781858644));
#6031=CARTESIAN_POINT('',(0.0609207629387768,0.183722927817675,0.0186263532035784));
#6032=CARTESIAN_POINT('',(0.0616866160109548,0.183549354067578,0.0185699556734227));
#6033=CARTESIAN_POINT('',(0.0624522242635067,0.183374807340128,0.0185132420037611));
#6034=CARTESIAN_POINT('',(0.0624522242635067,0.183374807340128,0.0185132420037611));
#6035=CARTESIAN_POINT('',(0.0624522242635067,0.183374807340128,0.0185132420037611));
#6036=CARTESIAN_POINT('',(0.0635558413724373,0.182179671862055,0.0181249189472687));
#6037=CARTESIAN_POINT('',(0.0646393680290575,0.180967144950532,0.0177309450715022));
#6038=CARTESIAN_POINT('',(0.0656517980303801,0.179700787870998,0.0173194807138975));
#6039=CARTESIAN_POINT('',(0.0712951611758196,0.17793619145957,0.0186639520925532));
#6040=CARTESIAN_POINT('',(0.0713648857700177,0.17724950108258,0.0170485621508618));
#6041=CARTESIAN_POINT('',(0.0714346103642159,0.178916981987969,0.0175967735769852));
#6042=CARTESIAN_POINT('',(0.0693597789462441,0.17806514653376,0.0185338736697435));
#6043=CARTESIAN_POINT('',(0.0694090766837112,0.177355523648785,0.0169030940885286));
#6044=CARTESIAN_POINT('',(0.0694992281346591,0.17904298187383,0.0174596756270513));
#6045=CARTESIAN_POINT('',(0.0674243377823073,0.178192663685275,0.0184029444088202));
#6046=CARTESIAN_POINT('',(0.0674752239439734,0.177459342861454,0.0167589299006665));
#6047=CARTESIAN_POINT('',(0.0675637869707097,0.179167592021118,0.0173221207022471));
#6048=CARTESIAN_POINT('',(0.0654888488601559,0.178318882129927,0.0182712736998231));
#6049=CARTESIAN_POINT('',(0.065558573454354,0.177561374699197,0.0166157674117194));
#6050=CARTESIAN_POINT('',(0.0656282980485521,0.17929095625314,0.0171841565617067));
#6051=CARTESIAN_POINT('',(0.0714,0.1789192350902,0.0175943218114068));
#6052=CARTESIAN_POINT('',(0.0713878990917809,0.178629773447179,0.0174991568473376));
#6053=CARTESIAN_POINT('',(0.0713302754058019,0.177943275359164,0.0176817679688605));
#6054=CARTESIAN_POINT('',(0.0712726517198229,0.177819245668633,0.0183812271044922));
#6055=CARTESIAN_POINT('',(0.0712605508116038,0.177938497404208,0.0186616258147774));
#6056=CARTESIAN_POINT('',(0.0658011343012716,0.179279936683563,0.0171964754705082));
#6057=CARTESIAN_POINT('',(0.0658617316668224,0.179154520075156,0.0171612995579561));
#6058=CARTESIAN_POINT('',(0.0657550942649509,0.178860662676869,0.0171346146018721));
#6059=CARTESIAN_POINT('',(0.0655677574350741,0.178367562573178,0.0173729096169659));
#6060=CARTESIAN_POINT('',(0.0655491185947062,0.178207140249389,0.0178307976482135));
#6061=CARTESIAN_POINT('',(0.0656251349670263,0.178253152156714,0.0181014161635552));
#6062=CARTESIAN_POINT('',(0.0629032492843796,0.197387304277791,0.0218044235831252));
#6063=CARTESIAN_POINT('',(0.0615375866405704,0.182177388280599,0.0168624222975895));
#6064=CARTESIAN_POINT('',(0.0610770309869156,0.182307765784833,0.016904784516661));
#6065=CARTESIAN_POINT('',(0.0606160507344352,0.182436778879449,0.0169467034121734));
#6066=CARTESIAN_POINT('',(0.0601547005383793,0.182564589959908,0.0169882317496116));
#6067=CARTESIAN_POINT('',(0.0653247005383792,0.183557858050533,0.0173109641158954));
#6068=CARTESIAN_POINT('',(0.0648276442635315,0.183557858050533,0.0173109641158954));
#6069=CARTESIAN_POINT('',(0.0648276442635315,0.183557858050534,0.0173109641158954));
#6070=CARTESIAN_POINT('',(0.065114376266713,0.18319804472507,0.0171940536794853));
#6071=CARTESIAN_POINT('',(0.0653968979958285,0.182835264558364,0.0170761792579199));
#6072=CARTESIAN_POINT('',(0.0656740221834501,0.182468698643354,0.0169570747721654));
#6073=CARTESIAN_POINT('',(0.0656740221834501,0.182468698643354,0.0169570747721654));
#6074=CARTESIAN_POINT('',(0.0656740221834501,0.182468698643354,0.0169570747721654));
#6075=CARTESIAN_POINT('',(0.0656609077759789,0.182448467323918,0.0169505012179998));
#6076=CARTESIAN_POINT('',(0.06565179803038,0.18242573341891,0.0169431145244906));
#6077=CARTESIAN_POINT('',(0.06565179803038,0.182401861607361,0.0169353581027334));
#6078=CARTESIAN_POINT('',(0.06565179803038,0.182401861607361,0.0169353581027334));
#6079=CARTESIAN_POINT('',(0.06565179803038,0.197387304277791,0.0218044235831252));
#6080=CARTESIAN_POINT('',(0.0555,0.183928678443783,0.0161696962963412));
#6081=CARTESIAN_POINT('',(0.0653571632935606,0.185114551491836,0.0159861067707594));
#6082=CARTESIAN_POINT('',(0.0654037857399758,0.185146707171323,0.0161938122677075));
#6083=CARTESIAN_POINT('',(0.0654482957887636,0.1850999615027,0.0166310508016093));
#6084=CARTESIAN_POINT('',(0.0653064120132396,0.184567223344415,0.0173356183715422));
#6085=CARTESIAN_POINT('',(0.0650166410020216,0.183919634951921,0.0174285125567984));
#6086=CARTESIAN_POINT('',(0.0648276442635315,0.183557858050533,0.0173109641158954));
#6087=CARTESIAN_POINT('',(0.0653171704457733,0.18615310532932,0.0202270157945911));
#6088=CARTESIAN_POINT('',(0.0651824007672767,0.186217420970214,0.0193936828257102));
#6089=CARTESIAN_POINT('',(0.0645732291996467,0.185677044569571,0.0191620655730091));
#6090=CARTESIAN_POINT('',(0.0657405354225532,0.185718828455306,0.0201168242911986));
#6091=CARTESIAN_POINT('',(0.0656013811749408,0.185780038645114,0.0192901111305312));
#6092=CARTESIAN_POINT('',(0.064996594176512,0.185243470924627,0.0190601347340628));
#6093=CARTESIAN_POINT('',(0.0661628377953834,0.185283389048486,0.020005462714018));
#6094=CARTESIAN_POINT('',(0.066019870991635,0.185340397339794,0.0191857603182424));
#6095=CARTESIAN_POINT('',(0.0654188965491644,0.184808916779278,0.0189577875611724));
#6096=CARTESIAN_POINT('',(0.0665836574959522,0.184846359413485,0.0198925453051331));
#6097=CARTESIAN_POINT('',(0.0664379226153377,0.184897425307155,0.0190802869772353));
#6098=CARTESIAN_POINT('',(0.0658397162498256,0.184373066550152,0.0188548828726192));
#6099=CARTESIAN_POINT('',(0.0662209864896132,0.185209163922079,0.0199050539780657));
#6100=CARTESIAN_POINT('',(0.0661771215894131,0.185153653451049,0.01941746753564));
#6101=CARTESIAN_POINT('',(0.0660143641973169,0.184803292286391,0.0190107377318093));
#6102=CARTESIAN_POINT('',(0.0658322311548287,0.184380818691028,0.0188567131343189));
#6103=CARTESIAN_POINT('',(0.0652821794003535,0.185316940153414,0.0191442792074983));
#6104=CARTESIAN_POINT('',(0.0651532968200379,0.185510474743962,0.0192071624078695));
#6105=CARTESIAN_POINT('',(0.0652377847713349,0.185947417286981,0.0194930026327087));
#6106=CARTESIAN_POINT('',(0.0653120826613781,0.186120430864707,0.0199418681162728));
#6107=CARTESIAN_POINT('',(0.0653236128911511,0.186141463922788,0.0201799424207097));
#6108=CARTESIAN_POINT('',(0.0555,0.184946119760165,0.0202855470270524));
#6109=CARTESIAN_POINT('',(0.064461668342759,0.184012798716868,0.0174587832990047));
#6110=CARTESIAN_POINT('',(0.0660027307712065,0.185144382497997,0.0178264571574314));
#6111=CARTESIAN_POINT('',(0.0653101964801829,0.185173325285424,0.0160070897126665));
#6112=CARTESIAN_POINT('',(0.064877376059461,0.183500722913575,0.0172923997845508));
#6113=CARTESIAN_POINT('',(0.0664608338010018,0.184630758135575,0.0176595704856185));
#6114=CARTESIAN_POINT('',(0.0657259041965344,0.184653750967307,0.0158216303873167));
#6115=CARTESIAN_POINT('',(0.0652849532575436,0.18298360379898,0.0171243775989201));
#6116=CARTESIAN_POINT('',(0.0669114302914855,0.18411585533725,0.017492268424788));
#6117=CARTESIAN_POINT('',(0.0661334813954992,0.184127733655815,0.0156329332713371));
#6118=CARTESIAN_POINT('',(0.0656810689406597,0.182459375176434,0.0169540453941258));
#6119=CARTESIAN_POINT('',(0.0673504603386094,0.183600339669536,0.0173247672306371));
#6120=CARTESIAN_POINT('',(0.0665295970780835,0.183592469362896,0.0154400328037411));
#6121=CARTESIAN_POINT('',(0.0656740221834501,0.182468698643354,0.0169570747721654));
#6122=CARTESIAN_POINT('',(0.0657897338685023,0.182647204616113,0.01701507487861));
#6123=CARTESIAN_POINT('',(0.0659598963143635,0.183056700516638,0.0170490600554389));
#6124=CARTESIAN_POINT('',(0.0662073299804972,0.183630219722195,0.0167992302370783));
#6125=CARTESIAN_POINT('',(0.0663278829657986,0.18401092059003,0.0162389589477887));
#6126=CARTESIAN_POINT('',(0.0662920551954165,0.184017354136064,0.0157844909628189));
#6127=CARTESIAN_POINT('',(0.066250609014418,0.183965491227764,0.0155743225244994));
#6128=CARTESIAN_POINT('',(0.0656347441014937,0.182400941061924,0.0169334901909954));
#6129=CARTESIAN_POINT('',(0.0653964160834448,0.18508821390695,0.0177847140288904));
#6130=CARTESIAN_POINT('',(0.0657393309927909,0.183846693486195,0.0152660131693601));
#6131=CARTESIAN_POINT('',(0.0665934470785629,0.182452702950375,0.0170385007173555));
#6132=CARTESIAN_POINT('',(0.0663522519592921,0.185106345483412,0.017878533656764));
#6133=CARTESIAN_POINT('',(0.0666980339698608,0.183903270434015,0.0153807921167885));
#6134=CARTESIAN_POINT('',(0.0675701681808564,0.18250332171468,0.0171447973259689));
#6135=CARTESIAN_POINT('',(0.0673356105102261,0.185124391117707,0.017974857199746));
#6136=CARTESIAN_POINT('',(0.0676747550721541,0.183958597920584,0.0154969767819978));
#6137=CARTESIAN_POINT('',(0.0685648601773823,0.182552725814959,0.0172523524272919));
#6138=CARTESIAN_POINT('',(0.0683474335119707,0.185142192918073,0.0180737199900825));
#6139=CARTESIAN_POINT('',(0.0686694470686795,0.18401259775114,0.015614537009033));
#6140=CARTESIAN_POINT('',(0.168503250813665,0.170830252580289,0.0226369249509426));
#6141=CARTESIAN_POINT('',(0.0685471699219298,0.182551846957827,0.0172504395245722));
#6142=CARTESIAN_POINT('',(0.0680951735824007,0.184087909212008,0.0159297249379958));
#6143=CARTESIAN_POINT('',(0.0679723338798648,0.184126046732807,0.0163275963730388));
#6144=CARTESIAN_POINT('',(0.0679526487927012,0.183730246496527,0.0171879127806083));
#6145=CARTESIAN_POINT('',(0.0683425855131176,0.182897517079221,0.0173439346259987));
#6146=CARTESIAN_POINT('',(0.0685471699219298,0.182551846957827,0.0172504395245722));
#6147=CARTESIAN_POINT('',(0.0687740141526266,0.184410676184089,0.019137032054444));
#6148=CARTESIAN_POINT('',(0.0687443197352003,0.185161198074879,0.0193781597793273));
#6149=CARTESIAN_POINT('',(0.0686694272613294,0.185235834779915,0.0201599064942598));
#6150=CARTESIAN_POINT('',(0.0677805006629709,0.184401671023418,0.0190427117763612));
#6151=CARTESIAN_POINT('',(0.0677528291307169,0.185146245898758,0.0192820932860423));
#6152=CARTESIAN_POINT('',(0.0676759137716737,0.185225991929877,0.0200568122368272));
#6153=CARTESIAN_POINT('',(0.0667940095406111,0.184391647198048,0.0189487065088177));
#6154=CARTESIAN_POINT('',(0.0667658957204583,0.185130299198868,0.0191861228734351));
#6155=CARTESIAN_POINT('',(0.0666894226493136,0.185215035655648,0.0199540622932359));
#6156=CARTESIAN_POINT('',(0.0658148138617604,0.184380622708792,0.0188550472211924));
#6157=CARTESIAN_POINT('',(0.0657840623683629,0.185113363572971,0.0190903002988089));
#6158=CARTESIAN_POINT('',(0.0657102269704632,0.185202985632497,0.019851690513729));
#6159=CARTESIAN_POINT('',(0.0681863804862388,0.185230955829293,0.0201097516808608));
#6160=CARTESIAN_POINT('',(0.0683151674710908,0.185183829522967,0.0196341222215537));
#6161=CARTESIAN_POINT('',(0.0685491765277041,0.184835454406129,0.0192543678217974));
#6162=CARTESIAN_POINT('',(0.0687563437045241,0.184410515905839,0.019135354454255));
#6163=CARTESIAN_POINT('',(0.069751756813227,0.184342482887788,0.0166764892225842));
#6164=CARTESIAN_POINT('',(0.0697517568132271,0.184342482887788,0.0166764892225842));
#6165=CARTESIAN_POINT('',(0.06964716992193,0.183973073578088,0.0178134141735268));
#6166=CARTESIAN_POINT('',(0.069751756813227,0.184342482887788,0.0166764892225842));
#6167=CARTESIAN_POINT('',(0.0689032286758031,0.185139058132198,0.0163841403214554));
#6168=CARTESIAN_POINT('',(0.0682303292712313,0.185024354433706,0.0180246594064295));
#6169=CARTESIAN_POINT('',(0.0696471699219298,0.183973073578087,0.0178134141735269));
#6170=CARTESIAN_POINT('',(0.0685256005735429,0.184660790315168,0.0161770308274175));
#6171=CARTESIAN_POINT('',(0.0678157228184307,0.184551396731358,0.0178328460609996));
#6172=CARTESIAN_POINT('',(0.0692695418193168,0.183501878145919,0.0176255751007078));
#6173=CARTESIAN_POINT('',(0.0681558669504079,0.18417636236338,0.015967622063184));
#6174=CARTESIAN_POINT('',(0.0674087842316043,0.184076615724505,0.0176411456628516));
#6175=CARTESIAN_POINT('',(0.0688998081970604,0.183025826756871,0.0174368844531924));
#6176=CARTESIAN_POINT('',(0.0677968029231648,0.183683453445349,0.0157554089478651));
#6177=CARTESIAN_POINT('',(0.0670128091994693,0.183600189164284,0.0174499191406527));
#6178=CARTESIAN_POINT('',(0.0685407441692914,0.182543212417193,0.0172470428806827));
#6179=CARTESIAN_POINT('',(0.0685471699219298,0.182551846957827,0.0172504395245722));
#6180=CARTESIAN_POINT('',(0.0689046999407906,0.183032149335955,0.0174393887801865));
#6181=CARTESIAN_POINT('',(0.0692722499553042,0.183505257293323,0.0176269221764606));
#6182=CARTESIAN_POINT('',(0.0696471699219299,0.183973073578088,0.0178134141735269));
#6183=CARTESIAN_POINT('',(0.0697517568132269,0.185179194776559,0.020743256798287));
#6184=CARTESIAN_POINT('',(0.069751756813227,0.185179194776559,0.020743256798287));
#6185=CARTESIAN_POINT('',(0.0697517568132269,0.185179194776559,0.020743256798287));
#6186=CARTESIAN_POINT('',(0.0698563437045243,0.185548604086258,0.0196063318473444));
#6187=CARTESIAN_POINT('',(0.0691276147502799,0.186199963217624,0.0197509347351827));
#6188=CARTESIAN_POINT('',(0.0689032286758032,0.18602648241958,0.0206973912340401));
#6189=CARTESIAN_POINT('',(0.069485525518978,0.185168714706996,0.0194487863607492));
#6190=CARTESIAN_POINT('',(0.0687624470878031,0.185813787715045,0.0195918665607177));
#6191=CARTESIAN_POINT('',(0.0685324104903741,0.185646010385858,0.0205290822072394));
#6192=CARTESIAN_POINT('',(0.0691164439979788,0.184787178084112,0.0192908654098085));
#6193=CARTESIAN_POINT('',(0.0683981431339903,0.185424250689469,0.0194317856146562));
#6194=CARTESIAN_POINT('',(0.0681633289691077,0.185263643441172,0.0203595303384725));
#6195=CARTESIAN_POINT('',(0.0687497829112243,0.184403653859949,0.0191325213062901));
#6196=CARTESIAN_POINT('',(0.0680349047086014,0.185030200539736,0.0192703362847339));
#6197=CARTESIAN_POINT('',(0.0677966678825032,0.18487889928858,0.0201884624748135));
#6198=CARTESIAN_POINT('',(0.0696471699219297,0.183973073578087,0.0178134141735268));
#6199=CARTESIAN_POINT('',(0.0694798061210756,0.186311169567086,0.0185577116444896));
#6200=CARTESIAN_POINT('',(0.0697517568132269,0.185469010401884,0.0162630454416628));
#6201=CARTESIAN_POINT('',(0.0702362349381906,0.183995653875385,0.0178749396513539));
#6202=CARTESIAN_POINT('',(0.0700686568298578,0.186319968114289,0.0186147394460073));
#6203=CARTESIAN_POINT('',(0.070340821829488,0.185493526153231,0.0163298445318782));
#6204=CARTESIAN_POINT('',(0.0708285495890725,0.18401780213679,0.0179366236894287));
#6205=CARTESIAN_POINT('',(0.0706634974992515,0.186328572367984,0.0186722551401601));
#6206=CARTESIAN_POINT('',(0.0709331364803697,0.185517572837052,0.0163968157732154));
#6207=CARTESIAN_POINT('',(0.0714240554649733,0.184039516178241,0.0179984602049476));
#6208=CARTESIAN_POINT('',(0.0712642951895131,0.186336963772641,0.0187302496679777));
#6209=CARTESIAN_POINT('',(0.0715286423562705,0.185541148082051,0.0164639525614912));
#6210=CARTESIAN_POINT('',(0.168503250813665,0.170830252580289,0.0226369249509426));
#6211=CARTESIAN_POINT('',(0.071399942198416,0.184038636630769,0.0179959562185495));
#6212=CARTESIAN_POINT('',(0.071399942198416,0.184038636630769,0.0179959562185495));
#6213=CARTESIAN_POINT('',(0.0713850724126597,0.184465216921594,0.0181331926702339));
#6214=CARTESIAN_POINT('',(0.0713802083080211,0.185457523766262,0.0178784340112624));
#6215=CARTESIAN_POINT('',(0.0714281749931129,0.185684604777751,0.0168716933013989));
#6216=CARTESIAN_POINT('',(0.0714523931314902,0.185538126213666,0.0164553552316682));
#6217=CARTESIAN_POINT('',(0.0555,0.184406142188112,0.0168536166607465));
#6218=CARTESIAN_POINT('',(0.0727773502691897,0.184035321794863,0.0179948844803007));
#6219=CARTESIAN_POINT('',(0.0714,0.184035321794863,0.0179948844803007));
#6220=CARTESIAN_POINT('',(0.0576839372366863,0.184406142188112,0.0168536166607465));
#6221=CARTESIAN_POINT('',(0.0555,0.185186471847744,0.0208924251439732));
#6222=CARTESIAN_POINT('',(0.0713999860763655,0.185557292240994,0.0197511573244191));
#6223=CARTESIAN_POINT('',(0.0713919944303678,0.186023082205072,0.0199025016580558));
#6224=CARTESIAN_POINT('',(0.0713700793311366,0.186364407465073,0.0203584359988965));
#6225=CARTESIAN_POINT('',(0.0713476068685093,0.186385341272694,0.0208403472991711));
#6226=CARTESIAN_POINT('',(0.0714617882771452,0.185555920017,0.0197563954287479));
#6227=CARTESIAN_POINT('',(0.0714347530977983,0.186349399836996,0.0200117256569758));
#6228=CARTESIAN_POINT('',(0.071357201385848,0.18638538346307,0.0208413192693783));
#6229=CARTESIAN_POINT('',(0.0709255549526578,0.185553749800774,0.0197063616297281));
#6230=CARTESIAN_POINT('',(0.0708989909043856,0.186344219545662,0.019960757165078));
#6231=CARTESIAN_POINT('',(0.0708209680613605,0.186383027228315,0.0207869968590153));
#6232=CARTESIAN_POINT('',(0.0703903964898411,0.18555131111038,0.0196563394757898));
#6233=CARTESIAN_POINT('',(0.0703636336695823,0.186338776048619,0.0199097404050347));
#6234=CARTESIAN_POINT('',(0.0702858095985437,0.186380379507321,0.0207326870918819));
#6235=CARTESIAN_POINT('',(0.0698563437045244,0.185548604086258,0.0196063318473444));
#6236=CARTESIAN_POINT('',(0.0698287380166767,0.186333067560187,0.0198586800054852));
#6237=CARTESIAN_POINT('',(0.0697517568132272,0.18637744045255,0.0206783930952831));
#6238=CARTESIAN_POINT('',(0.0727773502691897,0.197231898856305,0.022282712290419));
#6239=CARTESIAN_POINT('',(0.0714,0.197231898856305,0.022282712290419));
#6240=CARTESIAN_POINT('',(0.0555,0.178663012775624,0.0183522399141771));
#6241=CARTESIAN_POINT('',(0.0713999553985861,0.177924973122564,0.0186609427980482));
#6242=CARTESIAN_POINT('',(0.0713884141465499,0.177806545020202,0.0183778076537198));
#6243=CARTESIAN_POINT('',(0.0713830529128528,0.177934775909052,0.0176823355874767));
#6244=CARTESIAN_POINT('',(0.071417500905374,0.178622738815781,0.0174979843319884));
#6245=CARTESIAN_POINT('',(0.0714349287543269,0.178910226371123,0.0175913947011405));
#6246=CARTESIAN_POINT('',(0.06852589901519,0.197309601567048,0.0220435679367721));
#6247=CARTESIAN_POINT('',(0.0713314967793315,0.17893722169085,0.0176003421066287));
#6248=CARTESIAN_POINT('',(0.0713226797249762,0.178863173223374,0.0175814060350151));
#6249=CARTESIAN_POINT('',(0.0713050456162655,0.178715076288421,0.0175435338917879));
#6250=CARTESIAN_POINT('',(0.0712724005081329,0.178406903498422,0.0175780909893529));
#6251=CARTESIAN_POINT('',(0.0712417798781292,0.17806351625652,0.0177777023792555));
#6252=CARTESIAN_POINT('',(0.0712349955313484,0.177885956679685,0.0181342464819623));
#6253=CARTESIAN_POINT('',(0.0712443810775995,0.177870188758874,0.018445523928572));
#6254=CARTESIAN_POINT('',(0.0712547220770424,0.177916713058354,0.0185918335880388));
#6255=CARTESIAN_POINT('',(0.0712598925767638,0.177939975208094,0.0186649884177722));
#6256=CARTESIAN_POINT('',(0.0713822353319063,0.178931643448368,0.017598529698499));
#6257=CARTESIAN_POINT('',(0.0713734128839516,0.178857579733202,0.0175795908123807));
#6258=CARTESIAN_POINT('',(0.0713557679880423,0.178709452302871,0.0175417130401439));
#6259=CARTESIAN_POINT('',(0.0713231039737603,0.178401218091016,0.0175763047447452));
#6260=CARTESIAN_POINT('',(0.0712924700708547,0.178057790280406,0.0177760208657649));
#6261=CARTESIAN_POINT('',(0.0712856947266415,0.177880295167777,0.0181326960521009));
#6262=CARTESIAN_POINT('',(0.0712950992287899,0.177864641185196,0.0184440452693056));
#6263=CARTESIAN_POINT('',(0.0713054530632857,0.177911240736789,0.0185903636681774));
#6264=CARTESIAN_POINT('',(0.0713106299805336,0.177934540512585,0.0186635228676132));
#6265=CARTESIAN_POINT('',(0.0714329738844811,0.178926065205886,0.0175967172903694));
#6266=CARTESIAN_POINT('',(0.0714241460429271,0.178851986243031,0.0175777755897462));
#6267=CARTESIAN_POINT('',(0.0714064903598191,0.178703828317321,0.0175398921884999));
#6268=CARTESIAN_POINT('',(0.0713738074393878,0.178395532683609,0.0175745185001375));
#6269=CARTESIAN_POINT('',(0.0713431602635801,0.178052064304293,0.0177743393522743));
#6270=CARTESIAN_POINT('',(0.0713363939219345,0.177874633655869,0.0181311456222395));
#6271=CARTESIAN_POINT('',(0.0713458173799803,0.177859093611519,0.0184425666100392));
#6272=CARTESIAN_POINT('',(0.0713561840495291,0.177905768415223,0.0185888937483159));
#6273=CARTESIAN_POINT('',(0.0713613673843034,0.177929105817076,0.0186620573174543));
#6274=CARTESIAN_POINT('',(0.0714837124370558,0.178920486963404,0.0175949048822398));
#6275=CARTESIAN_POINT('',(0.0714748792019025,0.178846392752859,0.0175759603671118));
#6276=CARTESIAN_POINT('',(0.0714572127315958,0.178698204331771,0.0175380713368558));
#6277=CARTESIAN_POINT('',(0.0714245109050153,0.178389847276203,0.0175727322555298));
#6278=CARTESIAN_POINT('',(0.0713938504563056,0.17804633832818,0.0177726578387837));
#6279=CARTESIAN_POINT('',(0.0713870931172275,0.177868972143961,0.0181295951923781));
#6280=CARTESIAN_POINT('',(0.0713965355311708,0.177853546037841,0.0184410879507727));
#6281=CARTESIAN_POINT('',(0.0714069150357724,0.177900296093658,0.0185874238284544));
#6282=CARTESIAN_POINT('',(0.0714121047880732,0.177923671121566,0.0186605917672953));
#6283=CARTESIAN_POINT('',(0.0598945878999159,0.181880960040812,0.0163575086154011));
#6284=CARTESIAN_POINT('',(0.0599943135998332,0.182086536226799,0.0168329026758666));
#6285=CARTESIAN_POINT('',(0.0601418004771757,0.182568163413791,0.0169893928351617));
#6286=CARTESIAN_POINT('',(0.0606198629804824,0.181685776594939,0.0163040879661512));
#6287=CARTESIAN_POINT('',(0.0607185739486041,0.181893537024015,0.016770193433529));
#6288=CARTESIAN_POINT('',(0.0608670755577537,0.182367273656811,0.0169241197963474));
#6289=CARTESIAN_POINT('',(0.0613443648996712,0.181488079658664,0.0162501912577899));
#6290=CARTESIAN_POINT('',(0.0614436882478818,0.181697448248121,0.0167064803280203));
#6291=CARTESIAN_POINT('',(0.061591577476913,0.182163387871222,0.0168578732888278));
#6292=CARTESIAN_POINT('',(0.06206756389476,0.181287409018793,0.016195697869808));
#6293=CARTESIAN_POINT('',(0.0621694232953438,0.181497618365918,0.0166415516634032));
#6294=CARTESIAN_POINT('',(0.0623147764720198,0.181955926340033,0.0167904649511336));
#6295=CARTESIAN_POINT('',(0.0623011967914587,0.182354915724966,0.0194167758535616));
#6296=CARTESIAN_POINT('',(0.0621561599430798,0.182142468203214,0.0181128307457393));
#6297=CARTESIAN_POINT('',(0.0624660051762986,0.183371665395768,0.0185122211241541));
#6298=CARTESIAN_POINT('',(0.0615264047633597,0.182530516157377,0.0194685375255022));
#6299=CARTESIAN_POINT('',(0.0613895698635056,0.18232766644028,0.0181730053006532));
#6300=CARTESIAN_POINT('',(0.0616912131482275,0.183548318410925,0.0185696191681776));
#6301=CARTESIAN_POINT('',(0.0607513562143379,0.182705230405879,0.0195202227669691));
#6302=CARTESIAN_POINT('',(0.0606174821027168,0.182512487695703,0.0182330573669124));
#6303=CARTESIAN_POINT('',(0.060916164599179,0.183723975358604,0.0186266935702587));
#6304=CARTESIAN_POINT('',(0.0599761030883519,0.182879173083996,0.0195718456183768));
#6305=CARTESIAN_POINT('',(0.0598412930444139,0.182696806557907,0.0182929461955562));
#6306=CARTESIAN_POINT('',(0.0601409114731917,0.183898771871491,0.0186834884001285));
#6307=CARTESIAN_POINT('',(0.0620446185833925,0.182400744996941,0.0193261307650439));
#6308=CARTESIAN_POINT('',(0.061995853423693,0.182400113542907,0.0190669213200757));
#6309=CARTESIAN_POINT('',(0.0620443279039642,0.182655179038705,0.0185412178669881));
#6310=CARTESIAN_POINT('',(0.0623179168164029,0.183163019831936,0.0184444280709335));
#6311=CARTESIAN_POINT('',(0.0624522242635067,0.183374807340128,0.0185132420037611));
#6312=CARTESIAN_POINT('',(0.0624285927304541,0.183400391166584,0.0185215546928817));
#6313=CARTESIAN_POINT('',(0.0615747149335705,0.182686783348453,0.0182896894573853));
#6314=CARTESIAN_POINT('',(0.0618629073055049,0.182596982508932,0.0193855844630859));
#6315=CARTESIAN_POINT('',(0.0637574243008965,0.18196219306997,0.0180542558042074));
#6316=CARTESIAN_POINT('',(0.0628926942681813,0.18119019305429,0.0178034177935707));
#6317=CARTESIAN_POINT('',(0.0631917388753236,0.181164910529177,0.0189513071472122));
#6318=CARTESIAN_POINT('',(0.0650660934389052,0.180498383205753,0.0175786351477832));
#6319=CARTESIAN_POINT('',(0.0641697477966845,0.179642030990757,0.0173003894462617));
#6320=CARTESIAN_POINT('',(0.0645004080170364,0.179709156124882,0.0185187597935647));
#6321=CARTESIAN_POINT('',(0.0662396740731011,0.178945512097987,0.0170740767391589));
#6322=CARTESIAN_POINT('',(0.0651269482771244,0.178184873552656,0.016826930294067));
#6323=CARTESIAN_POINT('',(0.0656739886481518,0.178190070906975,0.0180833262821895));
#6324=CARTESIAN_POINT('',(0.06852589901519,0.149385955359041,0.0352660139624209));
#6325=CARTESIAN_POINT('',(0.127459450043335,0.17156907119969,0.0226369249509426));
#6326=CARTESIAN_POINT('',(0.0687563437045241,0.161901760259649,0.0311781835928858));
#6327=CARTESIAN_POINT('',(0.0658322311548288,0.162089567069654,0.0313861535711493));
#6328=CARTESIAN_POINT('',(0.0658322311548288,0.162089567069654,0.0313861535711493));
#6329=CARTESIAN_POINT('',(0.0657721167487396,0.162030560822521,0.031410855848862));
#6330=CARTESIAN_POINT('',(0.0657119719220843,0.161971582913652,0.0314355517173332));
#6331=CARTESIAN_POINT('',(0.0656517980303801,0.161912632080317,0.0314602414621541));
#6332=CARTESIAN_POINT('',(0.0656517980303801,0.161912632080317,0.0314602414621541));
#6333=CARTESIAN_POINT('',(0.0656517980303801,0.149463658069783,0.0355051583160678));
#6334=CARTESIAN_POINT('',(0.0656517980303801,0.166779354083328,0.0298789476272859));
#6335=CARTESIAN_POINT('',(0.0656517980303801,0.166779354083328,0.0298789476272859));
#6336=CARTESIAN_POINT('',(0.0656517980303809,0.166932085609867,0.0298293221460773));
#6337=CARTESIAN_POINT('',(0.0657355947182637,0.167060028930344,0.029780042298064));
#6338=CARTESIAN_POINT('',(0.065801134301273,0.167192130514083,0.0297310908382014));
#6339=CARTESIAN_POINT('',(0.0658011343012716,0.167192130514083,0.0297310908382014));
#6340=CARTESIAN_POINT('',(0.0658011343012716,0.167192130514083,0.0297310908382015));
#6341=CARTESIAN_POINT('',(0.0676674721239219,0.16721024443279,0.0295535189404085));
#6342=CARTESIAN_POINT('',(0.069533762944923,0.16722952300329,0.0293755729480388));
#6343=CARTESIAN_POINT('',(0.0714,0.167250096021153,0.0291972113102076));
#6344=CARTESIAN_POINT('',(0.0713999999972981,0.167252183076379,0.0291965295188654));
#6345=CARTESIAN_POINT('',(0.0714,0.149308252648298,0.0350268696087741));
#6346=CARTESIAN_POINT('',(0.0714,0.160613662368341,0.0313535193167492));
#6347=CARTESIAN_POINT('',(0.127459450043335,0.17156907119969,0.0226369249509426));
#6348=CARTESIAN_POINT('',(0.0698563437045242,0.160704194014771,0.0314661063261689));
#6349=CARTESIAN_POINT('',(0.0698563437045242,0.160704194014771,0.0314661063261689));
#6350=CARTESIAN_POINT('',(0.0694877278900139,0.161101758561185,0.0313708391210299));
#6351=CARTESIAN_POINT('',(0.0691208783431865,0.161500803457901,0.031274928440146));
#6352=CARTESIAN_POINT('',(0.0687563437045241,0.161901760259649,0.0311781835928858));
#6353=CARTESIAN_POINT('',(0.0727773502691896,0.149308252648298,0.0350268696087742));
#6354=CARTESIAN_POINT('',(0.0727773502691896,0.16061203887036,0.03135404682322));
#6355=CARTESIAN_POINT('',(0.0713999860763655,0.16061203887036,0.03135404682322));
#6356=CARTESIAN_POINT('',(0.0713999860763655,0.16061203887036,0.03135404682322));
#6357=CARTESIAN_POINT('',(0.0713999953606342,0.160612580000336,0.0313538709994326));
#6358=CARTESIAN_POINT('',(0.0714,0.160613121166344,0.0313536951639377));
#6359=CARTESIAN_POINT('',(0.0714,0.160613662368341,0.0313535193167492));
#6360=CARTESIAN_POINT('',(0.0714,0.167255262066487,0.0291955327603268));
#6361=CARTESIAN_POINT('',(0.0714116429397948,0.16725654277944,0.0291951166314632));
#6362=CARTESIAN_POINT('',(0.0714232858579179,0.167257823670571,0.0291947004447062));
#6363=CARTESIAN_POINT('',(0.0714349287543269,0.167259104740229,0.0291942841999419));
#6364=CARTESIAN_POINT('',(0.0714349287543269,0.167259104740229,0.0291942841999419));
#6365=CARTESIAN_POINT('',(0.0741547005383793,0.167259104740229,0.0291942841999419));
#6366=CARTESIAN_POINT('',(0.0629032492843797,0.149463658069783,0.0355051583160678));
#6367=CARTESIAN_POINT('',(0.0656517980303801,0.161912632080317,0.0314602414621541));
#6368=CARTESIAN_POINT('',(0.0656517980303801,0.161769405051294,0.0315067787449162));
#6369=CARTESIAN_POINT('',(0.0655016007942331,0.161520397351477,0.0315876862511007));
#6370=CARTESIAN_POINT('',(0.065360461025902,0.161280752227902,0.0316655516718565));
#6371=CARTESIAN_POINT('',(0.0652821794003536,0.16116320180091,0.0317037461208866));
#6372=CARTESIAN_POINT('',(0.0652821794003535,0.16116320180091,0.0317037461208866));
#6373=CARTESIAN_POINT('',(0.0601547005383793,0.16116320180091,0.0317037461208866));
#6374=CARTESIAN_POINT('',(0.0601547005383793,0.162584479202643,0.0312419450992527));
#6375=CARTESIAN_POINT('',(0.0609207629387768,0.162757214136649,0.0311858201169667));
#6376=CARTESIAN_POINT('',(0.0616866160109549,0.162930787886747,0.031129422586811));
#6377=CARTESIAN_POINT('',(0.0624522242635067,0.163105334614197,0.0310727089171494));
#6378=CARTESIAN_POINT('',(0.0624522242635067,0.163105334614197,0.0310727089171494));
#6379=CARTESIAN_POINT('',(0.0624522242635067,0.163105334614197,0.0310727089171494));
#6380=CARTESIAN_POINT('',(0.0635558413724374,0.164300470092269,0.030684385860657));
#6381=CARTESIAN_POINT('',(0.0646393680290575,0.165512997003793,0.0302904119848906));
#6382=CARTESIAN_POINT('',(0.0656517980303801,0.166779354083328,0.0298789476272859));
#6383=CARTESIAN_POINT('',(0.0712951611758196,0.167416682119882,0.0277540436866175));
#6384=CARTESIAN_POINT('',(0.0713648857700177,0.168921728689168,0.0286572951255024));
#6385=CARTESIAN_POINT('',(0.0714346103642159,0.167250477707499,0.0291939034499248));
#6386=CARTESIAN_POINT('',(0.0693597789462053,0.16738881345195,0.0279350772321108));
#6387=CARTESIAN_POINT('',(0.0694090766843328,0.168921458612384,0.0288372997606974));
#6388=CARTESIAN_POINT('',(0.0694992281346199,0.167229125811629,0.0293788788960219));
#6389=CARTESIAN_POINT('',(0.0674243377823057,0.167362608197947,0.028115953930319));
#6390=CARTESIAN_POINT('',(0.0674752239439383,0.168922204689222,0.0290149544410363));
#6391=CARTESIAN_POINT('',(0.0675637869707074,0.167209166840982,0.0295634071747068));
#6392=CARTESIAN_POINT('',(0.0654888488601559,0.167337889432115,0.0282966671118855));
#6393=CARTESIAN_POINT('',(0.065558573454354,0.168923807998165,0.0291907481369714));
#6394=CARTESIAN_POINT('',(0.0656282980485521,0.167190456367943,0.0297475341852577));
#6395=CARTESIAN_POINT('',(0.0714,0.167250096021153,0.0291972113102076));
#6396=CARTESIAN_POINT('',(0.0713878990917809,0.167540211971992,0.029104060098536));
#6397=CARTESIAN_POINT('',(0.0713302754058019,0.167988264467666,0.0285528111460001));
#6398=CARTESIAN_POINT('',(0.0712726517198229,0.167677474830607,0.0279140339954631));
#6399=CARTESIAN_POINT('',(0.0712605508116038,0.167416183923251,0.0277572810851228));
#6400=CARTESIAN_POINT('',(0.0658011343012716,0.167192130514084,0.0297310908382013));
#6401=CARTESIAN_POINT('',(0.0658617316668224,0.167314270564295,0.0296858307164346));
#6402=CARTESIAN_POINT('',(0.065755094264951,0.167567691217076,0.0295346942544105));
#6403=CARTESIAN_POINT('',(0.0655677574350741,0.167826551285323,0.0290520725686716));
#6404=CARTESIAN_POINT('',(0.0655491185947062,0.167687195839578,0.0285873394938095));
#6405=CARTESIAN_POINT('',(0.0656251349670263,0.167490905852294,0.0283954496364608));
#6406=CARTESIAN_POINT('',(0.0629032492843796,0.149834478463033,0.0366464261356221));
#6407=CARTESIAN_POINT('',(0.0615375866405704,0.165044394460226,0.0317044248500864));
#6408=CARTESIAN_POINT('',(0.0610770309869156,0.164914016955991,0.0317467870691579));
#6409=CARTESIAN_POINT('',(0.0606160507344352,0.164785003861376,0.0317887059646703));
#6410=CARTESIAN_POINT('',(0.0601547005383793,0.164657192780916,0.0318302343021086));
#6411=CARTESIAN_POINT('',(0.0653247005383792,0.163663924690291,0.0321529666683923));
#6412=CARTESIAN_POINT('',(0.0648276442635315,0.163663924690291,0.0321529666683923));
#6413=CARTESIAN_POINT('',(0.0648276442635315,0.163663924690291,0.0321529666683923));
#6414=CARTESIAN_POINT('',(0.065114376266713,0.164023738015754,0.0320360562319822));
#6415=CARTESIAN_POINT('',(0.0653968979958285,0.16438651818246,0.0319181818104168));
#6416=CARTESIAN_POINT('',(0.0656740221834501,0.16475308409747,0.0317990773246623));
#6417=CARTESIAN_POINT('',(0.0656740221834501,0.16475308409747,0.0317990773246623));
#6418=CARTESIAN_POINT('',(0.0656740221834501,0.16475308409747,0.0317990773246623));
#6419=CARTESIAN_POINT('',(0.065660907775979,0.164773315416907,0.0317925037704967));
#6420=CARTESIAN_POINT('',(0.06565179803038,0.164796049321914,0.0317851170769875));
#6421=CARTESIAN_POINT('',(0.06565179803038,0.164819921133463,0.0317773606552304));
#6422=CARTESIAN_POINT('',(0.06565179803038,0.164819921133463,0.0317773606552304));
#6423=CARTESIAN_POINT('',(0.06565179803038,0.149834478463033,0.0366464261356221));
#6424=CARTESIAN_POINT('',(0.0555,0.164034745083541,0.0332942344879465));
#6425=CARTESIAN_POINT('',(0.0653571632935606,0.163183264850108,0.0341398002228677));
#6426=CARTESIAN_POINT('',(0.0654037857399758,0.163035164131011,0.0339906635801915));
#6427=CARTESIAN_POINT('',(0.065448295788764,0.162815979809379,0.0336094537610444));
#6428=CARTESIAN_POINT('',(0.0653064120132392,0.162832839606133,0.0327263109905099));
#6429=CARTESIAN_POINT('',(0.065016641002024,0.163302147788904,0.0322705151092949));
#6430=CARTESIAN_POINT('',(0.0648276442635315,0.163663924690291,0.0321529666683923));
#6431=CARTESIAN_POINT('',(0.0653171704457735,0.159850313365487,0.0313192793803746));
#6432=CARTESIAN_POINT('',(0.0651824007672768,0.160288101748357,0.0320312636993816));
#6433=CARTESIAN_POINT('',(0.0645732291996468,0.160861416645151,0.0319010207140224));
#6434=CARTESIAN_POINT('',(0.0657405354225933,0.160266419677497,0.0311531646372905));
#6435=CARTESIAN_POINT('',(0.0656013811749443,0.160702829397426,0.0318579680805875));
#6436=CARTESIAN_POINT('',(0.0649965941765167,0.161272098536169,0.0317286363006804));
#6437=CARTESIAN_POINT('',(0.0661628377953706,0.160684154250303,0.0309873131841543));
#6438=CARTESIAN_POINT('',(0.0660198709916604,0.161119842553317,0.0316839749855467));
#6439=CARTESIAN_POINT('',(0.0654188965491607,0.161683818383505,0.0315560123849383));
#6440=CARTESIAN_POINT('',(0.0665836574959523,0.161104089839758,0.030821785712642));
#6441=CARTESIAN_POINT('',(0.0664379226153378,0.161540210130136,0.0315089322829284));
#6442=CARTESIAN_POINT('',(0.0658397162498257,0.162096914484201,0.0313830776898875));
#6443=CARTESIAN_POINT('',(0.0662209864896132,0.160803222413195,0.031024917123279));
#6444=CARTESIAN_POINT('',(0.066177121589413,0.161134727447699,0.0313867546052091));
#6445=CARTESIAN_POINT('',(0.0660143641973256,0.161657245364438,0.0315098688030632));
#6446=CARTESIAN_POINT('',(0.0658322311548287,0.162089567069654,0.0313861535711493));
#6447=CARTESIAN_POINT('',(0.0652821794003535,0.16116320180091,0.0317037461208866));
#6448=CARTESIAN_POINT('',(0.0651532968200378,0.160969667210363,0.0317666293212578));
#6449=CARTESIAN_POINT('',(0.065237784771335,0.160448160598821,0.0317922081045728));
#6450=CARTESIAN_POINT('',(0.065312082661378,0.160044353162683,0.0315307631296145));
#6451=CARTESIAN_POINT('',(0.0653236128911511,0.159887400496153,0.0313505198927523));
#6452=CARTESIAN_POINT('',(0.0555,0.16079238140766,0.0305624783013324));
#6453=CARTESIAN_POINT('',(0.0644616683427589,0.163208984023956,0.0323007858515018));
#6454=CARTESIAN_POINT('',(0.0660027307712064,0.162077400242827,0.0326684597099284));
#6455=CARTESIAN_POINT('',(0.0653101964801827,0.163123382388468,0.0341573710353653));
#6456=CARTESIAN_POINT('',(0.0648773760594939,0.163721059827252,0.0321344023370469));
#6457=CARTESIAN_POINT('',(0.0664608338010457,0.162591024605217,0.0325015730381101));
#6458=CARTESIAN_POINT('',(0.0657259041965514,0.163652737098011,0.0340020126596619));
#6459=CARTESIAN_POINT('',(0.0652849532575106,0.164238178941813,0.0319663801514273));
#6460=CARTESIAN_POINT('',(0.0669114302914665,0.163105927403592,0.0323342709772971));
#6461=CARTESIAN_POINT('',(0.066133481395476,0.164189207424244,0.0338454866151685));
#6462=CARTESIAN_POINT('',(0.0656810689406596,0.164762407564391,0.0317960479466229));
#6463=CARTESIAN_POINT('',(0.0673504603386093,0.163621443071289,0.0321667697831341));
#6464=CARTESIAN_POINT('',(0.0665295970780835,0.164735629383728,0.0336869259142026));
#6465=CARTESIAN_POINT('',(0.0656740221834501,0.164753084097471,0.0317990773246623));
#6466=CARTESIAN_POINT('',(0.0657897338685023,0.164574578124712,0.0318570774311069));
#6467=CARTESIAN_POINT('',(0.0659598963143631,0.164223312996324,0.0320702784966982));
#6468=CARTESIAN_POINT('',(0.066207329980497,0.163906172495242,0.0326095011963866));
#6469=CARTESIAN_POINT('',(0.0663278829657985,0.163927498224518,0.0332865405465307));
#6470=CARTESIAN_POINT('',(0.0662920551954165,0.164189422955647,0.0336579944132492));
#6471=CARTESIAN_POINT('',(0.066250609014418,0.164354914838381,0.0337975399988912));
#6472=CARTESIAN_POINT('',(0.0656347441014937,0.164821763801338,0.0317783307445385));
#6473=CARTESIAN_POINT('',(0.0653964160834448,0.162147377582875,0.032669215540857));
#6474=CARTESIAN_POINT('',(0.0657393309927909,0.164632243922298,0.0339771399462235));
#6475=CARTESIAN_POINT('',(0.0665934470785898,0.164718163915281,0.0317238003187553));
#6476=CARTESIAN_POINT('',(0.0663522519593417,0.162077563035292,0.0326039713405969));
#6477=CARTESIAN_POINT('',(0.0666980339698876,0.164519006837488,0.0339175369227264));
#6478=CARTESIAN_POINT('',(0.0675701681808575,0.164614732895731,0.0316675575191191));
#6479=CARTESIAN_POINT('',(0.0673356105102315,0.162006346252894,0.0325366509152603));
#6480=CARTESIAN_POINT('',(0.0676747550721541,0.164405954327814,0.033856062234722));
#6481=CARTESIAN_POINT('',(0.0685648601773823,0.164511544836637,0.0316095826158672));
#6482=CARTESIAN_POINT('',(0.0683474335119707,0.161933834203724,0.0324671328734483));
#6483=CARTESIAN_POINT('',(0.0686694470686795,0.164293167379486,0.0337926943172107));
#6484=CARTESIAN_POINT('',(0.168503250813665,0.170830252580289,0.0203630750490574));
#6485=CARTESIAN_POINT('',(0.0685471699219298,0.164513380223001,0.0316106136074144));
#6486=CARTESIAN_POINT('',(0.0680951735824007,0.164046976311428,0.0335819688922845));
#6487=CARTESIAN_POINT('',(0.0679723338798648,0.163782259447151,0.0332825008120433));
#6488=CARTESIAN_POINT('',(0.0679526487927036,0.163596787268003,0.0323538446760409));
#6489=CARTESIAN_POINT('',(0.0683425855131132,0.164178772178568,0.0317381542809831));
#6490=CARTESIAN_POINT('',(0.0685471699219298,0.164513380223001,0.0316106136074144));
#6491=CARTESIAN_POINT('',(0.0687740141526266,0.16190064452317,0.0311769205950148));
#6492=CARTESIAN_POINT('',(0.0687443197352003,0.161151728238265,0.0314229898666982));
#6493=CARTESIAN_POINT('',(0.0686694272613294,0.160631846685422,0.0308344138435208));
#6494=CARTESIAN_POINT('',(0.06778050066297,0.161963369919674,0.0312479342022499));
#6495=CARTESIAN_POINT('',(0.0677528291307331,0.161220291270915,0.0314919206236869));
#6496=CARTESIAN_POINT('',(0.0676759137716737,0.160700407002532,0.0309120333677595));
#6497=CARTESIAN_POINT('',(0.0667940095405844,0.162026734274639,0.0313180942045341));
#6498=CARTESIAN_POINT('',(0.0667658957204403,0.161289602415245,0.031560189083529));
#6499=CARTESIAN_POINT('',(0.0666894226492863,0.160769665716035,0.0309887198818172));
#6500=CARTESIAN_POINT('',(0.0658148138617604,0.162090704821781,0.0313873861277114));
#6501=CARTESIAN_POINT('',(0.0657840623683629,0.161359626720608,0.0316277566636574));
#6502=CARTESIAN_POINT('',(0.0657102269704632,0.160839587011811,0.0310644575653055));
#6503=CARTESIAN_POINT('',(0.0681863804862388,0.160665274099038,0.030872122164688));
#6504=CARTESIAN_POINT('',(0.0683151674710908,0.160982968063474,0.0312292143324393));
#6505=CARTESIAN_POINT('',(0.0685491765277045,0.161488023489083,0.0313316723395881));
#6506=CARTESIAN_POINT('',(0.0687563437045241,0.161901760259649,0.0311781835928858));
#6507=CARTESIAN_POINT('',(0.069751756813227,0.163402084847982,0.0331274585475054));
#6508=CARTESIAN_POINT('',(0.0697517568132271,0.163402084847982,0.0331274585475054));
#6509=CARTESIAN_POINT('',(0.06964716992193,0.163032675538282,0.0319905335965628));
#6510=CARTESIAN_POINT('',(0.069751756813227,0.163402084847982,0.0331274585475054));
#6511=CARTESIAN_POINT('',(0.0689032286758031,0.162929480310562,0.0338321889578117));
#6512=CARTESIAN_POINT('',(0.0682303292712313,0.162058004627709,0.0324375599961138));
#6513=CARTESIAN_POINT('',(0.0696471699219297,0.163032675538282,0.0319905335965628));
#6514=CARTESIAN_POINT('',(0.0685256005735662,0.163438143008583,0.0337186252886993));
#6515=CARTESIAN_POINT('',(0.0678157228184956,0.162553380502096,0.0323147426899506));
#6516=CARTESIAN_POINT('',(0.0692695418193377,0.163524289687365,0.0318655368727095));
#6517=CARTESIAN_POINT('',(0.0681558669503945,0.16395314083749,0.033603300931859));
#6518=CARTESIAN_POINT('',(0.0674087842315751,0.163050165072247,0.0321907622959441));
#6519=CARTESIAN_POINT('',(0.068899808197047,0.164020332931194,0.031738374827404));
#6520=CARTESIAN_POINT('',(0.0677968029231647,0.164476648268366,0.0334852603558449));
#6521=CARTESIAN_POINT('',(0.0670128091994691,0.163548002385591,0.0320654312962858));
#6522=CARTESIAN_POINT('',(0.0685407441692913,0.164522362210298,0.0316082862944005));
#6523=CARTESIAN_POINT('',(0.0685471699219298,0.164513380223001,0.0316106136074144));
#6524=CARTESIAN_POINT('',(0.0689046999407906,0.164013745850775,0.0317400651030532));
#6525=CARTESIAN_POINT('',(0.0692722499553041,0.163520764108448,0.0318664332785377));
#6526=CARTESIAN_POINT('',(0.0696471699219299,0.163032675538282,0.0319905335965628));
#6527=CARTESIAN_POINT('',(0.0697517568132269,0.160334784705072,0.0303291813752263));
#6528=CARTESIAN_POINT('',(0.069751756813227,0.160334784705072,0.0303291813752264));
#6529=CARTESIAN_POINT('',(0.0697517568132269,0.160334784705072,0.0303291813752263));
#6530=CARTESIAN_POINT('',(0.069856343704524,0.160704194014771,0.0314661063261689));
#6531=CARTESIAN_POINT('',(0.0691276147502796,0.160092237963145,0.0317319794238346));
#6532=CARTESIAN_POINT('',(0.068903228675803,0.159676273704996,0.0308643105771762));
#6533=CARTESIAN_POINT('',(0.0694855255190239,0.161104133892124,0.0313702699275868));
#6534=CARTESIAN_POINT('',(0.0687624470878431,0.160498158434543,0.0316336800150373));
#6535=CARTESIAN_POINT('',(0.0685324104904138,0.160083011609899,0.0307768395898444));
#6536=CARTESIAN_POINT('',(0.0691164439979786,0.161505627110074,0.0312737690605071));
#6537=CARTESIAN_POINT('',(0.0683981431339806,0.160907393727554,0.0315342241020013));
#6538=CARTESIAN_POINT('',(0.068163328969089,0.160492013054266,0.0306892602820437));
#6539=CARTESIAN_POINT('',(0.0687497829112241,0.161908977053982,0.0311764422483622));
#6540=CARTESIAN_POINT('',(0.0680349047086013,0.16132108453039,0.0314332224869733));
#6541=CARTESIAN_POINT('',(0.0677966678825031,0.160903828779573,0.0306015101521355));
#6542=CARTESIAN_POINT('',(0.0696471699219296,0.163032675538282,0.0319905335965629));
#6543=CARTESIAN_POINT('',(0.0694798061210756,0.160703629071951,0.0327626826344614));
#6544=CARTESIAN_POINT('',(0.0697517568132268,0.162733721101524,0.0341240978515774));
#6545=CARTESIAN_POINT('',(0.0702362349381739,0.162978243925526,0.0319540308051584));
#6546=CARTESIAN_POINT('',(0.0700686568298219,0.16066299079718,0.0327217178302451));
#6547=CARTESIAN_POINT('',(0.0703408218294716,0.162674623921966,0.0340844662494793));
#6548=CARTESIAN_POINT('',(0.0708285495890684,0.162924068637752,0.031917145791497));
#6549=CARTESIAN_POINT('',(0.0706634974992537,0.16062222293277,0.032680244109606));
#6550=CARTESIAN_POINT('',(0.0709331364803657,0.162615805038094,0.034044419663208));
#6551=CARTESIAN_POINT('',(0.0714240554649736,0.162870155017343,0.031879882192896));
#6552=CARTESIAN_POINT('',(0.0712642951895134,0.160581345815636,0.0326382578949033));
#6553=CARTESIAN_POINT('',(0.0715286423562708,0.162557270250219,0.0340039620418819));
#6554=CARTESIAN_POINT('',(0.168503250813665,0.170830252580289,0.0203630750490574));
#6555=CARTESIAN_POINT('',(0.071399942198416,0.162872338392473,0.0318813909754129));
#6556=CARTESIAN_POINT('',(0.071399942198416,0.162872338392473,0.0318813909754129));
#6557=CARTESIAN_POINT('',(0.0713850724126584,0.162446562125352,0.0320211019576182));
#6558=CARTESIAN_POINT('',(0.0713802083080164,0.161793512407019,0.0328104693712348));
#6559=CARTESIAN_POINT('',(0.071428174993113,0.162201547351764,0.0337584145840728));
#6560=CARTESIAN_POINT('',(0.0714523931314902,0.162564768376776,0.0340091412181438));
#6561=CARTESIAN_POINT('',(0.0555,0.163246470496241,0.0330215774377643));
#6562=CARTESIAN_POINT('',(0.0727773502691897,0.162875650102991,0.0318803096182102));
#6563=CARTESIAN_POINT('',(0.0714,0.162875650102991,0.0318803096182102));
#6564=CARTESIAN_POINT('',(0.0576839372366863,0.163246470496241,0.0330215774377643));
#6565=CARTESIAN_POINT('',(0.0555,0.16024121847711,0.0302127790036658));
#6566=CARTESIAN_POINT('',(0.0713999860763655,0.16061203887036,0.03135404682322));
#6567=CARTESIAN_POINT('',(0.0713919944303677,0.160146248906282,0.0315053911568568));
#6568=CARTESIAN_POINT('',(0.0713700793311364,0.159602119488771,0.0313371584808612));
#6569=CARTESIAN_POINT('',(0.0713476068685093,0.159301923327435,0.0309595886325514));
#6570=CARTESIAN_POINT('',(0.0714617882771453,0.160610070142416,0.0313490025347734));
#6571=CARTESIAN_POINT('',(0.0714347530977985,0.159818052140729,0.0316088317771451));
#6572=CARTESIAN_POINT('',(0.0713572013858481,0.15930131788495,0.0309588270910163));
#6573=CARTESIAN_POINT('',(0.070925554952646,0.160641235013418,0.0313882051073784));
#6574=CARTESIAN_POINT('',(0.0708989909043765,0.159852201612371,0.0316470212543972));
#6575=CARTESIAN_POINT('',(0.0708209680613494,0.159335154030605,0.0310013898841544));
#6576=CARTESIAN_POINT('',(0.0703903964898442,0.160672610239752,0.0314272404537637));
#6577=CARTESIAN_POINT('',(0.0703636336695891,0.159886592393123,0.0316850950729864));
#6578=CARTESIAN_POINT('',(0.0702858095985476,0.159369218562053,0.0310437711173616));
#6579=CARTESIAN_POINT('',(0.0698563437045245,0.160704194014771,0.0314661063261689));
#6580=CARTESIAN_POINT('',(0.0698287380166768,0.159921223207098,0.0317230484386713));
#6581=CARTESIAN_POINT('',(0.0697517568132273,0.159403509517793,0.0310859683502457));
#6582=CARTESIAN_POINT('',(0.0555,0.16701189114473,0.0284334389869058));
#6583=CARTESIAN_POINT('',(0.0713999553985861,0.167427526764098,0.0277498842839655));
#6584=CARTESIAN_POINT('',(0.0713884141465499,0.167689759773762,0.027909335135407));
#6585=CARTESIAN_POINT('',(0.071383052912853,0.167994807029398,0.0285473560814652));
#6586=CARTESIAN_POINT('',(0.071417500905374,0.167546592295573,0.0291008738307884));
#6587=CARTESIAN_POINT('',(0.0714349287543269,0.167259104740231,0.0291942841999415));
#6588=CARTESIAN_POINT('',(0.0727773502691897,0.149679073041548,0.0361681374283284));
#6589=CARTESIAN_POINT('',(0.0714,0.149679073041548,0.0361681374283284));
#6590=CARTESIAN_POINT('',(0.0713314967793316,0.167232005914811,0.0292029130476626));
#6591=CARTESIAN_POINT('',(0.0713226797249762,0.167303042727037,0.0291747080542674));
#6592=CARTESIAN_POINT('',(0.0713050456162655,0.16744511635149,0.0291182980674769));
#6593=CARTESIAN_POINT('',(0.0712724005081329,0.167674121223493,0.028909201367151));
#6594=CARTESIAN_POINT('',(0.0712417798781292,0.167834598706669,0.0285458744038334));
#6595=CARTESIAN_POINT('',(0.0712349955313485,0.167768676056479,0.028153057264833));
#6596=CARTESIAN_POINT('',(0.0712443810775996,0.167598468279893,0.0278919603692481));
#6597=CARTESIAN_POINT('',(0.0712547220770424,0.167474830670859,0.0278009396654058));
#6598=CARTESIAN_POINT('',(0.0712598925767638,0.167413011866343,0.0277554293134847));
#6599=CARTESIAN_POINT('',(0.0713822353319063,0.167237584114547,0.0292011005079756));
#6600=CARTESIAN_POINT('',(0.0713734128839516,0.167308634916738,0.0291728888291956));
#6601=CARTESIAN_POINT('',(0.0713557679880423,0.167450736521119,0.0291164654716356));
#6602=CARTESIAN_POINT('',(0.0713231039737603,0.167679770742942,0.0289073046707681));
#6603=CARTESIAN_POINT('',(0.0712924700708547,0.167840219487485,0.0285438691325092));
#6604=CARTESIAN_POINT('',(0.0712856947266414,0.167774167635634,0.0281509838357341));
#6605=CARTESIAN_POINT('',(0.07129509922879,0.167603825495386,0.0278898958477297));
#6606=CARTESIAN_POINT('',(0.0713054530632857,0.167480121869221,0.0277989123056421));
#6607=CARTESIAN_POINT('',(0.0713106299805336,0.167418270056139,0.0277534205345983));
#6608=CARTESIAN_POINT('',(0.0714329738844811,0.167243162314284,0.0291992879682885));
#6609=CARTESIAN_POINT('',(0.0714241460429271,0.167314227106439,0.0291710696041238));
#6610=CARTESIAN_POINT('',(0.0714064903598191,0.167456356690748,0.0291146328757944));
#6611=CARTESIAN_POINT('',(0.0713738074393878,0.167685420262391,0.0289054079743852));
#6612=CARTESIAN_POINT('',(0.0713431602635801,0.167845840268302,0.028541863861185));
#6613=CARTESIAN_POINT('',(0.0713363939219344,0.167779659214789,0.0281489104066352));
#6614=CARTESIAN_POINT('',(0.0713458173799804,0.167609182710878,0.0278878313262112));
#6615=CARTESIAN_POINT('',(0.0713561840495291,0.167485413067583,0.0277968849458783));
#6616=CARTESIAN_POINT('',(0.0713613673843034,0.167423528245935,0.0277514117557119));
#6617=CARTESIAN_POINT('',(0.0714837124370558,0.16724874051402,0.0291974754286015));
#6618=CARTESIAN_POINT('',(0.0714748792019025,0.167319819296139,0.029169250379052));
#6619=CARTESIAN_POINT('',(0.0714572127315958,0.167461976860378,0.0291128002799532));
#6620=CARTESIAN_POINT('',(0.0714245109050153,0.16769106978184,0.0289035112780023));
#6621=CARTESIAN_POINT('',(0.0713938504563056,0.167851461049118,0.0285398585898608));
#6622=CARTESIAN_POINT('',(0.0713870931172274,0.167785150793944,0.0281468369775363));
#6623=CARTESIAN_POINT('',(0.0713965355311708,0.167614539926371,0.0278857668046928));
#6624=CARTESIAN_POINT('',(0.0714069150357724,0.167490704265945,0.0277948575861146));
#6625=CARTESIAN_POINT('',(0.0714121047880732,0.167428786435732,0.0277494029768255));
#6626=CARTESIAN_POINT('',(0.06852589901519,0.149756775752291,0.0364072817819753));
#6627=CARTESIAN_POINT('',(0.0598945878999158,0.165580990759897,0.0319386724519595));
#6628=CARTESIAN_POINT('',(0.0599943135998332,0.165135246514026,0.0316749052283636));
#6629=CARTESIAN_POINT('',(0.0601418004771756,0.164653619327033,0.0318313953876587));
#6630=CARTESIAN_POINT('',(0.0606198629804805,0.165770297354425,0.0318671647140783));
#6631=CARTESIAN_POINT('',(0.0607185739486038,0.165328245716756,0.0316121959860436));
#6632=CARTESIAN_POINT('',(0.0608670755577511,0.164854509084039,0.0317661223488361));
#6633=CARTESIAN_POINT('',(0.0613443648996532,0.165961917225883,0.0317945647234979));
#6634=CARTESIAN_POINT('',(0.0614436882478904,0.165524334492724,0.0315484828805216));
#6635=CARTESIAN_POINT('',(0.0615915774769024,0.165058394869593,0.0316998758413278));
#6636=CARTESIAN_POINT('',(0.06206756389476,0.166156293593661,0.0317206995577911));
#6637=CARTESIAN_POINT('',(0.0621694232953438,0.165724164374906,0.0314835542159002));
#6638=CARTESIAN_POINT('',(0.0623147764720198,0.165265856400792,0.0316324675036306));
#6639=CARTESIAN_POINT('',(0.0623011967914589,0.163399360391423,0.0297422574273391));
#6640=CARTESIAN_POINT('',(0.0621561599430799,0.16433767375111,0.0306722976591277));
#6641=CARTESIAN_POINT('',(0.0624660051762987,0.163108476558557,0.0310716880375424));
#6642=CARTESIAN_POINT('',(0.0615264047633821,0.163226871909992,0.0298035966995518));
#6643=CARTESIAN_POINT('',(0.0613895698635503,0.164152475514107,0.0307324722140331));
#6644=CARTESIAN_POINT('',(0.0616912131482414,0.162931823543441,0.0311290860815524));
#6645=CARTESIAN_POINT('',(0.0607513562143483,0.163055145291099,0.0298644769194854));
#6646=CARTESIAN_POINT('',(0.0606174821027476,0.163967654258683,0.0307925242802215));
#6647=CARTESIAN_POINT('',(0.0609161645991873,0.16275616659572,0.031186160483647));
#6648=CARTESIAN_POINT('',(0.059976103088352,0.162884079557707,0.0299249540963334));
#6649=CARTESIAN_POINT('',(0.0598412930444141,0.163783335396418,0.0308524131089445));
#6650=CARTESIAN_POINT('',(0.0601409114731919,0.162581370082833,0.0312429553135168));
#6651=CARTESIAN_POINT('',(0.0620446185833925,0.16341556357778,0.0298425286145966));
#6652=CARTESIAN_POINT('',(0.061995853423693,0.163568433923831,0.0300518623013099));
#6653=CARTESIAN_POINT('',(0.0620443279039627,0.163671082339855,0.0306270890656581));
#6654=CARTESIAN_POINT('',(0.0623179168164057,0.16331712212239,0.0310038949843213));
#6655=CARTESIAN_POINT('',(0.0624522242635067,0.163105334614197,0.0310727089171494));
#6656=CARTESIAN_POINT('',(0.0624285927304544,0.163079750787741,0.0310810216062699));
#6657=CARTESIAN_POINT('',(0.0615747149335707,0.163793358605871,0.0308491563707736));
#6658=CARTESIAN_POINT('',(0.0618629073055051,0.163221858088742,0.029909775077997));
#6659=CARTESIAN_POINT('',(0.0637574243008688,0.164517948884355,0.0306137227175953));
#6660=CARTESIAN_POINT('',(0.0628926942682258,0.165289948900109,0.0303628847069804));
#6661=CARTESIAN_POINT('',(0.0631917388753152,0.164635690459192,0.0294193620168866));
#6662=CARTESIAN_POINT('',(0.0650660934388496,0.165981758748463,0.0301381020612066));
#6663=CARTESIAN_POINT('',(0.0641697477966862,0.166838110963355,0.0298598563596544));
#6664=CARTESIAN_POINT('',(0.0645004080169789,0.166067665467243,0.0289136292070874));
#6665=CARTESIAN_POINT('',(0.0662396740731013,0.167534629856338,0.0296335436525471));
#6666=CARTESIAN_POINT('',(0.0651269482771246,0.168295268401668,0.0293863972074553));
#6667=CARTESIAN_POINT('',(0.0656739886481521,0.167552572620841,0.028373006429619));
#6668=CARTESIAN_POINT('',(0.0629032492843797,0.151163170241505,0.00515566385715319));
#6669=CARTESIAN_POINT('',(0.0656517980303801,0.151163170241505,0.00515566385715319));
#6670=CARTESIAN_POINT('',(0.0656517980303801,0.158857059305079,0.0157453936623667));
#6671=CARTESIAN_POINT('',(0.0656517980303801,0.161864858916736,0.0198852746682525));
#6672=CARTESIAN_POINT('',(0.0656517980303801,0.158857059305079,0.0157453936623667));
#6673=CARTESIAN_POINT('',(0.0656517980303801,0.158768540133036,0.0156235574743512));
#6674=CARTESIAN_POINT('',(0.0655016007942328,0.158614644911088,0.0154117388732154));
#6675=CARTESIAN_POINT('',(0.065360461025902,0.15846653607948,0.0152078845551286));
#6676=CARTESIAN_POINT('',(0.0652821794003536,0.158393885920208,0.015107890189386));
#6677=CARTESIAN_POINT('',(0.0652821794003535,0.158393885920208,0.015107890189386));
#6678=CARTESIAN_POINT('',(0.0601547005383793,0.158393885920208,0.015107890189386));
#6679=CARTESIAN_POINT('',(0.0601547005383793,0.159272283661921,0.0163169009600629));
#6680=CARTESIAN_POINT('',(0.0609207629387768,0.159379039722181,0.0164638380713057));
#6681=CARTESIAN_POINT('',(0.0616866160109549,0.159486314199296,0.0166114887221348));
#6682=CARTESIAN_POINT('',(0.0624522242635067,0.159594190009485,0.0167599670369356));
#6683=CARTESIAN_POINT('',(0.0624522242635067,0.159594190009485,0.0167599670369356));
#6684=CARTESIAN_POINT('',(0.0624522242635067,0.159594190009485,0.0167599670369356));
#6685=CARTESIAN_POINT('',(0.0635558413724373,0.160332824356095,0.0177766099974479));
#6686=CARTESIAN_POINT('',(0.0646393680290575,0.16108220719969,0.0188080469948842));
#6687=CARTESIAN_POINT('',(0.0656517980303801,0.161864858916736,0.0198852746682525));
#6688=CARTESIAN_POINT('',(0.0629032492843796,0.150192349848256,0.00586100615990422));
#6689=CARTESIAN_POINT('',(0.0615375866405704,0.159592594900551,0.0187993334978825));
#6690=CARTESIAN_POINT('',(0.0610770309869156,0.159512017171566,0.0186884277685144));
#6691=CARTESIAN_POINT('',(0.0606160507344353,0.1594322826941,0.018578682675292));
#6692=CARTESIAN_POINT('',(0.0601547005383793,0.159353291102236,0.0184699600763824));
#6693=CARTESIAN_POINT('',(0.0653247005383792,0.158739417662289,0.0176250357721818));
#6694=CARTESIAN_POINT('',(0.0648276442635315,0.158739417662289,0.0176250357721818));
#6695=CARTESIAN_POINT('',(0.0648276442635315,0.158739417662289,0.0176250357721818));
#6696=CARTESIAN_POINT('',(0.065114376266713,0.158961794527031,0.017931111268343));
#6697=CARTESIAN_POINT('',(0.0653968979958285,0.1591860050005,0.0182397105104055));
#6698=CARTESIAN_POINT('',(0.0656740221834501,0.159412555195093,0.0185515301023234));
#6699=CARTESIAN_POINT('',(0.0656740221834501,0.159412555195093,0.0185515301023234));
#6700=CARTESIAN_POINT('',(0.0656740221834501,0.159412555195093,0.0185515301023234));
#6701=CARTESIAN_POINT('',(0.065660907775979,0.159425058838142,0.0185687398905557));
#6702=CARTESIAN_POINT('',(0.0656517980303801,0.159439109164134,0.0185880785052274));
#6703=CARTESIAN_POINT('',(0.06565179803038,0.159453862755044,0.0186083850810186));
#6704=CARTESIAN_POINT('',(0.06565179803038,0.159453862755044,0.0186083850810186));
#6705=CARTESIAN_POINT('',(0.06565179803038,0.150192349848256,0.00586100615990422));
#6706=CARTESIAN_POINT('',(0.06852589901519,0.151366598579248,0.0050078645183818));
#6707=CARTESIAN_POINT('',(0.127459450043335,0.170232535761434,0.0222026582623404));
#6708=CARTESIAN_POINT('',(0.0687563437045241,0.159121952702273,0.0156478932714756));
#6709=CARTESIAN_POINT('',(0.0658322311548288,0.158982196995203,0.015890774419539));
#6710=CARTESIAN_POINT('',(0.0658322311548288,0.158982196995203,0.015890774419539));
#6711=CARTESIAN_POINT('',(0.0657721167487396,0.158940469799878,0.0158422895673134));
#6712=CARTESIAN_POINT('',(0.0657119719220842,0.15889875745711,0.0157938296858149));
#6713=CARTESIAN_POINT('',(0.0656517980303801,0.158857059305079,0.0157453936623667));
#6714=CARTESIAN_POINT('',(0.0656517980303801,0.161864858916736,0.0198852746682525));
#6715=CARTESIAN_POINT('',(0.0656517980303807,0.161959252191292,0.0200151958647646));
#6716=CARTESIAN_POINT('',(0.0657355947182636,0.162045656772211,0.0201216488829043));
#6717=CARTESIAN_POINT('',(0.065801134301273,0.162133034011455,0.0202321581219346));
#6718=CARTESIAN_POINT('',(0.0658011343012716,0.162133034011455,0.0202321581219349));
#6719=CARTESIAN_POINT('',(0.0658011343012715,0.162133034011455,0.0202321581219349));
#6720=CARTESIAN_POINT('',(0.0676674721239218,0.162307512430677,0.0201945127482159));
#6721=CARTESIAN_POINT('',(0.069533762944923,0.16248270653218,0.0201578594225913));
#6722=CARTESIAN_POINT('',(0.0714,0.162658695942242,0.0201223087480553));
#6723=CARTESIAN_POINT('',(0.0713999999972981,0.162659989299874,0.0201240829704165));
#6724=CARTESIAN_POINT('',(0.0714,0.15157002691699,0.00486006517961041));
#6725=CARTESIAN_POINT('',(0.0714,0.158557154380721,0.014477021096716));
#6726=CARTESIAN_POINT('',(0.127459450043335,0.170232535761434,0.0222026582623404));
#6727=CARTESIAN_POINT('',(0.0698563437045242,0.158478053589037,0.014597913108241));
#6728=CARTESIAN_POINT('',(0.0698563437045242,0.158478053589038,0.014597913108241));
#6729=CARTESIAN_POINT('',(0.0694877278900139,0.158691512286477,0.014946580275361));
#6730=CARTESIAN_POINT('',(0.0691208783431866,0.158906040419118,0.0152964564943421));
#6731=CARTESIAN_POINT('',(0.0687563437045241,0.159121952702273,0.0156478932714756));
#6732=CARTESIAN_POINT('',(0.06852589901519,0.150395778185998,0.00571320682113281));
#6733=CARTESIAN_POINT('',(0.168503250813665,0.172166788018544,0.0207973417376596));
#6734=CARTESIAN_POINT('',(0.0685471699219298,0.159517722270638,0.0182653196790759));
#6735=CARTESIAN_POINT('',(0.0685471699219298,0.159517722270638,0.0182653196790759));
#6736=CARTESIAN_POINT('',(0.0689046999407906,0.159240211070175,0.0178301418657042));
#6737=CARTESIAN_POINT('',(0.0692722499553041,0.158967688057133,0.0174003382810224));
#6738=CARTESIAN_POINT('',(0.0696471699219299,0.15869883397806,0.0169744875731142));
#6739=CARTESIAN_POINT('',(0.06964716992193,0.15869883397806,0.0169744875731143));
#6740=CARTESIAN_POINT('',(0.168503250813665,0.172166788018544,0.0207973417376596));
#6741=CARTESIAN_POINT('',(0.071399942198416,0.158753087876225,0.0167882709610417));
#6742=CARTESIAN_POINT('',(0.0576839372366863,0.15778431928962,0.0174964287299089));
#6743=CARTESIAN_POINT('',(0.0714,0.15875513968287,0.0167910864271579));
#6744=CARTESIAN_POINT('',(0.0714,0.150599206523741,0.00556540748236142));
#6745=CARTESIAN_POINT('',(0.0727773502691896,0.15157002691699,0.00486006517961042));
#6746=CARTESIAN_POINT('',(0.0727773502691896,0.158556151003788,0.0144756400668463));
#6747=CARTESIAN_POINT('',(0.0713999860763655,0.158556151003788,0.0144756400668463));
#6748=CARTESIAN_POINT('',(0.0713999860763655,0.158556151003788,0.0144756400668463));
#6749=CARTESIAN_POINT('',(0.0713999953606342,0.158556485440505,0.0144761003794975));
#6750=CARTESIAN_POINT('',(0.0714,0.158556819899492,0.0144765607227998));
#6751=CARTESIAN_POINT('',(0.0714,0.158557154380721,0.014477021096716));
#6752=CARTESIAN_POINT('',(0.0714,0.162661888733847,0.0201267032486952));
#6753=CARTESIAN_POINT('',(0.0714116429397948,0.162662680257981,0.0201277926882038));
#6754=CARTESIAN_POINT('',(0.0714232858579179,0.162663471892236,0.0201288822792793));
#6755=CARTESIAN_POINT('',(0.0714349287543269,0.162664263636826,0.0201299720222199));
#6756=CARTESIAN_POINT('',(0.0714349287543269,0.162664263636826,0.0201299720222199));
#6757=CARTESIAN_POINT('',(0.0741547005383793,0.162664263636826,0.0201299720222199));
#6758=CARTESIAN_POINT('',(0.0727773502691897,0.150599206523741,0.00556540748236142));
#6759=CARTESIAN_POINT('',(0.0727773502691897,0.15875513968287,0.0167910864271579));
#6760=CARTESIAN_POINT('',(0.0598945878999159,0.15953562956808,0.0193820533951749));
#6761=CARTESIAN_POINT('',(0.0599943135998332,0.159648744557747,0.0188766168708879));
#6762=CARTESIAN_POINT('',(0.0601418004771757,0.15935108258628,0.0184669203149484));
#6763=CARTESIAN_POINT('',(0.0606198629804845,0.159662136423015,0.0195399975592454));
#6764=CARTESIAN_POINT('',(0.0607185739486142,0.159768024624844,0.0190407917987065));
#6765=CARTESIAN_POINT('',(0.0608670755577564,0.159475239284098,0.0186378073491311));
#6766=CARTESIAN_POINT('',(0.0613443648997134,0.159790396913886,0.0196998042558079));
#6767=CARTESIAN_POINT('',(0.0614436882479278,0.159889214153223,0.0192075948744971));
#6768=CARTESIAN_POINT('',(0.0615915774769549,0.159601247629418,0.0188112429574579));
#6769=CARTESIAN_POINT('',(0.06206756389476,0.159920712462,0.0198618415754579));
#6770=CARTESIAN_POINT('',(0.0621694232953438,0.160012715812353,0.0193775803252987));
#6771=CARTESIAN_POINT('',(0.0623147764720199,0.159729465907035,0.0189877202766441));
#6772=CARTESIAN_POINT('',(0.0555,0.15778431928962,0.0174964287299089));
#6773=CARTESIAN_POINT('',(0.071399942198416,0.158753087876225,0.0167882709610417));
#6774=CARTESIAN_POINT('',(0.0713850724126594,0.158488642733859,0.0164265067355153));
#6775=CARTESIAN_POINT('',(0.0713802083080202,0.157536106250251,0.0160493474910434));
#6776=CARTESIAN_POINT('',(0.071428174993113,0.156760646510715,0.0167303429646223));
#6777=CARTESIAN_POINT('',(0.0714523931314902,0.156634432781016,0.0171532654781863));
#6778=CARTESIAN_POINT('',(0.0696471699219296,0.158698833978059,0.0169744875731144));
#6779=CARTESIAN_POINT('',(0.0694798061210755,0.15724476166523,0.0149980399294573));
#6780=CARTESIAN_POINT('',(0.0697517568132267,0.156577311788891,0.0173494726213509));
#6781=CARTESIAN_POINT('',(0.0702362349381869,0.158716729902319,0.0169114400502279));
#6782=CARTESIAN_POINT('',(0.0700686568298508,0.157271163591726,0.0149467318127603));
#6783=CARTESIAN_POINT('',(0.0703408218294838,0.156596741649518,0.0172810210250648));
#6784=CARTESIAN_POINT('',(0.0708285495890738,0.158735068550326,0.0168485181937212));
#6785=CARTESIAN_POINT('',(0.0706634974992554,0.157298009481031,0.0148951431851376));
#6786=CARTESIAN_POINT('',(0.0709331364803697,0.156616652181634,0.0172127058665736));
#6787=CARTESIAN_POINT('',(0.0714240554649734,0.158753848113649,0.0167857282084591));
#6788=CARTESIAN_POINT('',(0.0712642951895132,0.157325309020246,0.0148432922826601));
#6789=CARTESIAN_POINT('',(0.0715286423562706,0.156637041421817,0.0171445338825822));
#6790=CARTESIAN_POINT('',(0.0697517568132271,0.157731707849505,0.0176771458354547));
#6791=CARTESIAN_POINT('',(0.0689032286758031,0.15691542656687,0.0174454458837487));
#6792=CARTESIAN_POINT('',(0.0682303292712313,0.15797249673252,0.0161856592067657));
#6793=CARTESIAN_POINT('',(0.0696471699219298,0.158698833978059,0.0169744875731144));
#6794=CARTESIAN_POINT('',(0.068525600573469,0.157180617452563,0.0178941197536832));
#6795=CARTESIAN_POINT('',(0.0678157228183892,0.158242382495771,0.0166188370254213));
#6796=CARTESIAN_POINT('',(0.0692695418192521,0.158969630053589,0.0174034143012751));
#6797=CARTESIAN_POINT('',(0.0681558669503925,0.157449440514751,0.0183482746085105));
#6798=CARTESIAN_POINT('',(0.0674087842316052,0.158513809731989,0.0170529951792078));
#6799=CARTESIAN_POINT('',(0.068899808197062,0.159243854137639,0.0178358842275574));
#6800=CARTESIAN_POINT('',(0.0677968029231647,0.157723476466573,0.0188096832179781));
#6801=CARTESIAN_POINT('',(0.0670128091994692,0.158786846786158,0.0174877371913237));
#6802=CARTESIAN_POINT('',(0.0685407441692914,0.159522711263564,0.0182731428773509));
#6803=CARTESIAN_POINT('',(0.069751756813227,0.157731707849505,0.0176771458354547));
#6804=CARTESIAN_POINT('',(0.0680951735824007,0.157498725246111,0.0184309254847242));
#6805=CARTESIAN_POINT('',(0.0679723338798648,0.157701734305488,0.018086624059913));
#6806=CARTESIAN_POINT('',(0.0679526487927037,0.15852762471969,0.0176232590073877));
#6807=CARTESIAN_POINT('',(0.068342585513113,0.159293024309764,0.0179865007536195));
#6808=CARTESIAN_POINT('',(0.0685471699219298,0.159517722270638,0.0182653196790759));
#6809=CARTESIAN_POINT('',(0.0656347441014937,0.159453509560975,0.0186104373363905));
#6810=CARTESIAN_POINT('',(0.0653964160834448,0.15777979697914,0.0163422434383241));
#6811=CARTESIAN_POINT('',(0.0657393309927909,0.157303752878227,0.0191096626311709));
#6812=CARTESIAN_POINT('',(0.0665934470785613,0.159473356952281,0.0184950571613067));
#6813=CARTESIAN_POINT('',(0.066352251959299,0.157820274019208,0.0162556842914886));
#6814=CARTESIAN_POINT('',(0.0666980339698608,0.157325446538516,0.0189835494165936));
#6815=CARTESIAN_POINT('',(0.067570168180854,0.159494885090615,0.0183793084353188));
#6816=CARTESIAN_POINT('',(0.0673356105103134,0.157862292352397,0.0161671499508477));
#6817=CARTESIAN_POINT('',(0.0676747550721541,0.15734897729438,0.0188570333672875));
#6818=CARTESIAN_POINT('',(0.0685648601773823,0.15951813563629,0.0182632555290053));
#6819=CARTESIAN_POINT('',(0.0683474335119708,0.157906000483616,0.0160767046375724));
#6820=CARTESIAN_POINT('',(0.0686694470686795,0.157374390681479,0.0187301848417033));
#6821=CARTESIAN_POINT('',(0.0656740221834501,0.159412555195093,0.0185515301023234));
#6822=CARTESIAN_POINT('',(0.0657897338685026,0.159302232436734,0.0183996838523005));
#6823=CARTESIAN_POINT('',(0.0659598963143632,0.158990919279819,0.0181314936154862));
#6824=CARTESIAN_POINT('',(0.0662073299804973,0.158380086213107,0.0179965040533084));
#6825=CARTESIAN_POINT('',(0.0663278829657988,0.157742773540128,0.0182260026921557));
#6826=CARTESIAN_POINT('',(0.0662920551954165,0.157470439112848,0.0185898934719169));
#6827=CARTESIAN_POINT('',(0.066250609014418,0.157388863178499,0.0187904075628384));
#6828=CARTESIAN_POINT('',(0.064461668342759,0.15845824886763,0.0172380401266122));
#6829=CARTESIAN_POINT('',(0.0660027307712065,0.157758891629774,0.0162754574684765));
#6830=CARTESIAN_POINT('',(0.0653101964801829,0.156666079070348,0.0177303445066941));
#6831=CARTESIAN_POINT('',(0.0648773760594752,0.158774729118877,0.017673637822614));
#6832=CARTESIAN_POINT('',(0.0664608338010282,0.158076328943225,0.0167123724475654));
#6833=CARTESIAN_POINT('',(0.0657259041965425,0.156977413267213,0.0181857823743246));
#6834=CARTESIAN_POINT('',(0.0652849532575248,0.159094326307919,0.0181135256154453));
#6835=CARTESIAN_POINT('',(0.0669114302914943,0.158394556373507,0.0171503749291695));
#6836=CARTESIAN_POINT('',(0.066133481395489,0.157292056829606,0.018647626766072));
#6837=CARTESIAN_POINT('',(0.0656810689406597,0.159418317414543,0.0185594611169957));
#6838=CARTESIAN_POINT('',(0.0673504603386094,0.158713162577849,0.0175888987486373));
#6839=CARTESIAN_POINT('',(0.0665295970780836,0.157611710689054,0.0191183069800536));
#6840=CARTESIAN_POINT('',(0.0653571632935606,0.156701294604382,0.0177818664323816));
#6841=CARTESIAN_POINT('',(0.0654037857399758,0.156797366341138,0.0175949285213457));
#6842=CARTESIAN_POINT('',(0.0654482957887637,0.157092186743428,0.0172686715314483));
#6843=CARTESIAN_POINT('',(0.0653064120132395,0.157937315393883,0.0170118000264605));
#6844=CARTESIAN_POINT('',(0.0650166410020234,0.158515827240888,0.0173172899585739));
#6845=CARTESIAN_POINT('',(0.0648276442635315,0.15873941766229,0.0176250357721819));
#6846=CARTESIAN_POINT('',(0.0555,0.157768597269039,0.0183303780749328));
#6847=CARTESIAN_POINT('',(0.0555,0.163311477232327,0.0196597438203859));
#6848=CARTESIAN_POINT('',(0.0713999553985861,0.164090014856654,0.0198438067647976));
#6849=CARTESIAN_POINT('',(0.0713884141465497,0.164019402541835,0.0201424782002892));
#6850=CARTESIAN_POINT('',(0.0713830529128538,0.163506873349632,0.0206297546956386));
#6851=CARTESIAN_POINT('',(0.0714175009053741,0.162841940717371,0.0203745235435637));
#6852=CARTESIAN_POINT('',(0.0714349287543269,0.162664263636827,0.020129972022221));
#6853=CARTESIAN_POINT('',(0.0713314967793316,0.162647683117391,0.020106865968309));
#6854=CARTESIAN_POINT('',(0.0713226797249762,0.162696459242356,0.0201657101691884));
#6855=CARTESIAN_POINT('',(0.0713050456162656,0.162794011492286,0.0202833985709473));
#6856=CARTESIAN_POINT('',(0.0712724005081329,0.16306364066891,0.0204365807128605));
#6857=CARTESIAN_POINT('',(0.0712417798781292,0.163458775414435,0.020476929662774));
#6858=CARTESIAN_POINT('',(0.0712349955313485,0.163811995494971,0.0202928463251066));
#6859=CARTESIAN_POINT('',(0.0712443810775996,0.164007716303361,0.0200502857321456));
#6860=CARTESIAN_POINT('',(0.0712547220770424,0.164056076014533,0.0199045724340882));
#6861=CARTESIAN_POINT('',(0.0712598925767639,0.164080255870119,0.0198317157850594));
#6862=CARTESIAN_POINT('',(0.0713822353319063,0.162651130703588,0.0201116110459512));
#6863=CARTESIAN_POINT('',(0.0713734128839516,0.162699917509869,0.0201704664861798));
#6864=CARTESIAN_POINT('',(0.0713557679880423,0.162797491122429,0.020288177366637));
#6865=CARTESIAN_POINT('',(0.0713231039737603,0.163067190331884,0.0204413676137309));
#6866=CARTESIAN_POINT('',(0.0712924700708547,0.163462419457589,0.0204816556800785));
#6867=CARTESIAN_POINT('',(0.0712856947266414,0.163815664434511,0.0202974284024184));
#6868=CARTESIAN_POINT('',(0.0712950992287899,0.164011335250634,0.0200547427746149));
#6869=CARTESIAN_POINT('',(0.0713054530632857,0.164059639218462,0.0199089781741485));
#6870=CARTESIAN_POINT('',(0.0713106299805336,0.164083791202375,0.0198360958739153));
#6871=CARTESIAN_POINT('',(0.071432973884481,0.162654578289785,0.0201163561235935));
#6872=CARTESIAN_POINT('',(0.071424146042927,0.162703375777381,0.0201752228031712));
#6873=CARTESIAN_POINT('',(0.071406490359819,0.162800970752572,0.0202929561623267));
#6874=CARTESIAN_POINT('',(0.0713738074393877,0.163070739994859,0.0204461545146013));
#6875=CARTESIAN_POINT('',(0.0713431602635801,0.163466063500742,0.0204863816973831));
#6876=CARTESIAN_POINT('',(0.0713363939219344,0.163819333374052,0.0203020104797302));
#6877=CARTESIAN_POINT('',(0.0713458173799803,0.164014954197907,0.0200591998170842));
#6878=CARTESIAN_POINT('',(0.071356184049529,0.16406320242239,0.0199133839142088));
#6879=CARTESIAN_POINT('',(0.0713613673843033,0.164087326534632,0.0198404759627711));
#6880=CARTESIAN_POINT('',(0.0714837124370557,0.162658025875982,0.0201211012012357));
#6881=CARTESIAN_POINT('',(0.0714748792019024,0.162706834044893,0.0201799791201627));
#6882=CARTESIAN_POINT('',(0.0714572127315957,0.162804450382716,0.0202977349580165));
#6883=CARTESIAN_POINT('',(0.0714245109050152,0.163074289657833,0.0204509414154716));
#6884=CARTESIAN_POINT('',(0.0713938504563055,0.163469707543896,0.0204911077146877));
#6885=CARTESIAN_POINT('',(0.0713870931172274,0.163823002313592,0.0203065925570419));
#6886=CARTESIAN_POINT('',(0.0713965355311706,0.16401857314518,0.0200636568595535));
#6887=CARTESIAN_POINT('',(0.0714069150357723,0.164066765626319,0.0199177896542691));
#6888=CARTESIAN_POINT('',(0.0714121047880731,0.164090861866888,0.019844856051627));
#6889=CARTESIAN_POINT('',(0.0713999999858984,0.162658710735524,0.0201222981508132));
#6890=CARTESIAN_POINT('',(0.0713937682507949,0.162750092772341,0.0202498717285128));
#6891=CARTESIAN_POINT('',(0.0713775720381372,0.162944233997959,0.020395085846556));
#6892=CARTESIAN_POINT('',(0.0713516984059534,0.16323575736976,0.0204644171691471));
#6893=CARTESIAN_POINT('',(0.0713288943504331,0.163478856071197,0.0204433619281366));
#6894=CARTESIAN_POINT('',(0.0713139208980354,0.163620753333061,0.0203945859913064));
#6895=CARTESIAN_POINT('',(0.0712863357147953,0.163872716313331,0.0202507029603764));
#6896=CARTESIAN_POINT('',(0.0712685313832313,0.164033931096351,0.0200287580160234));
#6897=CARTESIAN_POINT('',(0.0712605516056122,0.164079466157609,0.0198353027170424));
#6898=CARTESIAN_POINT('',(0.0712951611758196,0.164082707850297,0.0198347782213544));
#6899=CARTESIAN_POINT('',(0.0713648857700177,0.163688749650728,0.0215452826132107));
#6900=CARTESIAN_POINT('',(0.0714346103642159,0.162661959851887,0.0201216495682997));
#6901=CARTESIAN_POINT('',(0.0693597789462154,0.163901922825192,0.0198642159852089));
#6902=CARTESIAN_POINT('',(0.0694090766840989,0.16351747161117,0.0216006502465832));
#6903=CARTESIAN_POINT('',(0.069499228134631,0.162479439649839,0.0201585032649868));
#6904=CARTESIAN_POINT('',(0.0674243377823005,0.163721800993879,0.0198951872812853));
#6905=CARTESIAN_POINT('',(0.0674752239438975,0.163348742519918,0.0216562581226687));
#6906=CARTESIAN_POINT('',(0.0675637869707063,0.162297775166808,0.0201965435299157));
#6907=CARTESIAN_POINT('',(0.0654888488601559,0.16354229402625,0.0199275217821714));
#6908=CARTESIAN_POINT('',(0.065558573454354,0.16318204822985,0.0217121061998265));
#6909=CARTESIAN_POINT('',(0.0656282980485522,0.162116878119479,0.020235647188024));
#6910=CARTESIAN_POINT('',(0.0658011343012716,0.162133034011455,0.0202321581219351));
#6911=CARTESIAN_POINT('',(0.0658617316668224,0.162213822296399,0.0203343340657965));
#6912=CARTESIAN_POINT('',(0.0657550942649512,0.162435872901891,0.0205286476937525));
#6913=CARTESIAN_POINT('',(0.0655677574350741,0.162974865561272,0.0206256999457205));
#6914=CARTESIAN_POINT('',(0.0655491185947062,0.163373789779464,0.0203495546229822));
#6915=CARTESIAN_POINT('',(0.0656251349670263,0.163495630936809,0.0201035745245229));
#6916=CARTESIAN_POINT('',(0.0624285927304543,0.159578378335173,0.0167382041342801));
#6917=CARTESIAN_POINT('',(0.0615747149335707,0.160019412221415,0.017345235201619));
#6918=CARTESIAN_POINT('',(0.0618629073055051,0.160736213549109,0.0165114211270708));
#6919=CARTESIAN_POINT('',(0.0637574243008897,0.160467233641502,0.0179616085078256));
#6920=CARTESIAN_POINT('',(0.0628926942682835,0.160944355890563,0.0186183109452114));
#6921=CARTESIAN_POINT('',(0.0631917388753849,0.161639522316287,0.0177045096458133));
#6922=CARTESIAN_POINT('',(0.0650660934389054,0.16137191789055,0.019206799551951));
#6923=CARTESIAN_POINT('',(0.0641697477966155,0.161901172665793,0.0199352562558243));
#6924=CARTESIAN_POINT('',(0.0645004080170273,0.162563007413538,0.0189101187755471));
#6925=CARTESIAN_POINT('',(0.0662396740731013,0.162331645015337,0.0205277506150925));
#6926=CARTESIAN_POINT('',(0.0651269482771246,0.162801745489504,0.0211747884085417));
#6927=CARTESIAN_POINT('',(0.065673988648152,0.163536031774392,0.0201552877742666));
#6928=CARTESIAN_POINT('',(0.0620446185833925,0.16086002702434,0.0166748656946602));
#6929=CARTESIAN_POINT('',(0.061995853423693,0.160708178392378,0.0168849417001102));
#6930=CARTESIAN_POINT('',(0.0620443279039632,0.160192825334794,0.0171603209908605));
#6931=CARTESIAN_POINT('',(0.0623179168164046,0.159725081887941,0.0169401242519786));
#6932=CARTESIAN_POINT('',(0.0624522242635067,0.159594190009485,0.0167599670369356));
#6933=CARTESIAN_POINT('',(0.0623011967914588,0.160950383530431,0.0166284700477827));
#6934=CARTESIAN_POINT('',(0.0621561599430799,0.160355817481764,0.0178082573199146));
#6935=CARTESIAN_POINT('',(0.0624660051762987,0.15959613183789,0.0167626397344451));
#6936=CARTESIAN_POINT('',(0.0615264047633683,0.160838744543787,0.0164833786310728));
#6937=CARTESIAN_POINT('',(0.0613895698635645,0.1602413586766,0.0176507182898968));
#6938=CARTESIAN_POINT('',(0.0616912131482303,0.15948695427032,0.0166123697043202));
#6939=CARTESIAN_POINT('',(0.0607513562143506,0.160727777570299,0.0163388699337049));
#6940=CARTESIAN_POINT('',(0.0606174821027614,0.160127132858928,0.0174934999395356));
#6941=CARTESIAN_POINT('',(0.0609161645991873,0.159378392306292,0.0164629469797818));
#6942=CARTESIAN_POINT('',(0.059976103088352,0.160617398138385,0.0161948652286898));
#6943=CARTESIAN_POINT('',(0.059841293044414,0.160013217537297,0.0173367089503951));
#6944=CARTESIAN_POINT('',(0.0601409114731918,0.159270362120203,0.0163142561847834));
#6945=CARTESIAN_POINT('',(0.0555,0.159364706313458,0.014402547886635));
#6946=CARTESIAN_POINT('',(0.0652821794003535,0.158393885920208,0.015107890189386));
#6947=CARTESIAN_POINT('',(0.0651532968200378,0.15827427496525,0.0149432598334928));
#6948=CARTESIAN_POINT('',(0.0652377847713353,0.158088793691055,0.0144551818510351));
#6949=CARTESIAN_POINT('',(0.0653120826613781,0.15821265927792,0.013990347217211));
#6950=CARTESIAN_POINT('',(0.0653236128911511,0.158335579741586,0.0137853781376464));
#6951=CARTESIAN_POINT('',(0.0555,0.159526971397037,0.0137702977640953));
#6952=CARTESIAN_POINT('',(0.0713999860763655,0.158556151003788,0.0144756400668463));
#6953=CARTESIAN_POINT('',(0.0713919944303678,0.158268276974369,0.0140794154573807));
#6954=CARTESIAN_POINT('',(0.0713700793311367,0.158260130519978,0.0135099308732576));
#6955=CARTESIAN_POINT('',(0.0713476068685093,0.158526455069071,0.0131077518581605));
#6956=CARTESIAN_POINT('',(0.0714617882771452,0.158560340036793,0.0144722089244521));
#6957=CARTESIAN_POINT('',(0.0714347530977983,0.158068480720339,0.0137992466944525));
#6958=CARTESIAN_POINT('',(0.071357201385848,0.158526992246093,0.0131069407188642));
#6959=CARTESIAN_POINT('',(0.0709255549526564,0.158532686649413,0.0145139627392328));
#6960=CARTESIAN_POINT('',(0.0708989909043844,0.158042713136167,0.0138435259694014));
#6961=CARTESIAN_POINT('',(0.0708209680613604,0.158496968568363,0.0131522734320763));
#6962=CARTESIAN_POINT('',(0.07039039648984,0.15850525730701,0.0145558649381091));
#6963=CARTESIAN_POINT('',(0.0703636336695792,0.158017130118679,0.0138879990025859));
#6964=CARTESIAN_POINT('',(0.0702858095985437,0.158467188139476,0.0131977672479877));
#6965=CARTESIAN_POINT('',(0.0698563437045244,0.158478053589037,0.014597913108241));
#6966=CARTESIAN_POINT('',(0.0698287380166767,0.157991735832961,0.0139326630988684));
#6967=CARTESIAN_POINT('',(0.0697517568132272,0.158437652674244,0.0132434195469779));
#6968=CARTESIAN_POINT('',(0.0697517568132269,0.159445179717593,0.0138952548459007));
#6969=CARTESIAN_POINT('',(0.0698563437045241,0.158478053589037,0.014597913108241));
#6970=CARTESIAN_POINT('',(0.0691276147502797,0.158036088427232,0.0140980676231815));
#6971=CARTESIAN_POINT('',(0.0689032286758031,0.158732750513012,0.0134343376858156));
#6972=CARTESIAN_POINT('',(0.069485525518989,0.158692787639256,0.0149486634589124));
#6973=CARTESIAN_POINT('',(0.0687624470878181,0.158255013044542,0.0144537447448011));
#6974=CARTESIAN_POINT('',(0.0685324104903867,0.158941629290381,0.013794138399134));
#6975=CARTESIAN_POINT('',(0.0691164439979832,0.158908633645166,0.0153006857921501));
#6976=CARTESIAN_POINT('',(0.0683981431339946,0.158476061898949,0.0148122170695028));
#6977=CARTESIAN_POINT('',(0.0681633289690986,0.159151310558779,0.0141560583934561));
#6978=CARTESIAN_POINT('',(0.0687497829112242,0.159125838931423,0.0156542187457016));
#6979=CARTESIAN_POINT('',(0.0680349047086014,0.15869995763158,0.0151744491878096));
#6980=CARTESIAN_POINT('',(0.0677966678825031,0.159362023949308,0.0145206021411372));
#6981=CARTESIAN_POINT('',(0.069751756813227,0.159445179717593,0.0138952548459007));
#6982=CARTESIAN_POINT('',(0.0681863804862388,0.159030939181008,0.0143773468684815));
#6983=CARTESIAN_POINT('',(0.0683151674710908,0.158789497181972,0.0147898393319398));
#6984=CARTESIAN_POINT('',(0.0685491765277051,0.158848124536241,0.0153018368509738));
#6985=CARTESIAN_POINT('',(0.0687563437045241,0.159121952702273,0.0156478932714756));
#6986=CARTESIAN_POINT('',(0.0687740141526266,0.159122809103095,0.0156464418552212));
#6987=CARTESIAN_POINT('',(0.0687443197352003,0.158657355459401,0.0150102197290465));
#6988=CARTESIAN_POINT('',(0.0686694272613294,0.159056472286688,0.0143339029968698));
#6989=CARTESIAN_POINT('',(0.0677805006629699,0.159074654362675,0.0157280416637538));
#6990=CARTESIAN_POINT('',(0.0677528291307241,0.158612985555982,0.0150967278233491));
#6991=CARTESIAN_POINT('',(0.0676759137716737,0.159003838035523,0.0144230934852544));
#6992=CARTESIAN_POINT('',(0.0667940095406089,0.15902750889784,0.0158099853794702));
#6993=CARTESIAN_POINT('',(0.0667658957204672,0.158569476713957,0.0151837427531141));
#6994=CARTESIAN_POINT('',(0.0666894226493136,0.158952306946059,0.0145126598721912));
#6995=CARTESIAN_POINT('',(0.0658148138617604,0.158981376348995,0.0158922373670376));
#6996=CARTESIAN_POINT('',(0.0657840623683629,0.15852685482698,0.0152712193555501));
#6997=CARTESIAN_POINT('',(0.0657102269704632,0.158901882997323,0.0146025632074598));
#6998=CARTESIAN_POINT('',(0.0662209864896132,0.158928250913404,0.014555759750432));
#6999=CARTESIAN_POINT('',(0.0661771215894131,0.158686563707757,0.0149828537048004));
#7000=CARTESIAN_POINT('',(0.0660143641973267,0.158730942063777,0.0155178421537827));
#7001=CARTESIAN_POINT('',(0.0658322311548287,0.158982196995203,0.0158907744195389));
#7002=CARTESIAN_POINT('',(0.0653171704457734,0.158353830680806,0.0137404523311186));
#7003=CARTESIAN_POINT('',(0.0651824007672768,0.157811977404961,0.0143768290797068));
#7004=CARTESIAN_POINT('',(0.0645732291996468,0.158113009891126,0.0148818366523173));
#7005=CARTESIAN_POINT('',(0.065740535422579,0.158640399111542,0.0140848606719778));
#7006=CARTESIAN_POINT('',(0.0656013811749475,0.158104949224009,0.0147177072215602));
#7007=CARTESIAN_POINT('',(0.0649965941765252,0.15840386489433,0.0152191486275785));
#7008=CARTESIAN_POINT('',(0.0661628377953859,0.158927220298921,0.0144308989420222));
#7009=CARTESIAN_POINT('',(0.0660198709916484,0.158399290642956,0.015060543477669));
#7010=CARTESIAN_POINT('',(0.0654188965491638,0.158695268424045,0.0155573737477199));
#7011=CARTESIAN_POINT('',(0.0665836574959522,0.159214413513016,0.014779130619028));
#7012=CARTESIAN_POINT('',(0.0664379226153376,0.158695666871014,0.0154062456309255));
#7013=CARTESIAN_POINT('',(0.0658397162498255,0.15898739280808,0.0158968117264389));
#7014=CARTESIAN_POINT('',(0.0697517568132269,0.159445179717593,0.0138952548459008));
#7015=CARTESIAN_POINT('',(0.069751756813227,0.157731707849505,0.0176771458354547));
#7016=MECHANICAL_DESIGN_GEOMETRIC_PRESENTATION_REPRESENTATION('',(#3313),
#7017);
#7017=(
GEOMETRIC_REPRESENTATION_CONTEXT(3)
GLOBAL_UNCERTAINTY_ASSIGNED_CONTEXT((#7018))
GLOBAL_UNIT_ASSIGNED_CONTEXT((#7021,#7020,#7019))
REPRESENTATION_CONTEXT('spoke','TOP_LEVEL_ASSEMBLY_PART')
);
#7018=UNCERTAINTY_MEASURE_WITH_UNIT(LENGTH_MEASURE(2.74928627435055E-5),
#7021,'DISTANCE_ACCURACY_VALUE','Maximum Tolerance applied to model');
#7019=(
NAMED_UNIT(*)
SI_UNIT($,.STERADIAN.)
SOLID_ANGLE_UNIT()
);
#7020=(
NAMED_UNIT(*)
PLANE_ANGLE_UNIT()
SI_UNIT($,.RADIAN.)
);
#7021=(
LENGTH_UNIT()
NAMED_UNIT(*)
SI_UNIT($,.METRE.)
);
#7022=PRODUCT_DEFINITION_SHAPE('','',#7023);
#7023=PRODUCT_DEFINITION('','',#7025,#7024);
#7024=PRODUCT_DEFINITION_CONTEXT('',#7031,'design');
#7025=PRODUCT_DEFINITION_FORMATION_WITH_SPECIFIED_SOURCE('','',#7027,
 .NOT_KNOWN.);
#7026=PRODUCT_RELATED_PRODUCT_CATEGORY('','',(#7027));
#7027=PRODUCT('spoke','spoke','spoke',(#7029));
#7028=PRODUCT_CATEGORY('','');
#7029=PRODUCT_CONTEXT('',#7031,'mechanical');
#7030=APPLICATION_PROTOCOL_DEFINITION('international standard',
'ap242_managed_model_based_3d_engineering',2020,#7031);
#7031=APPLICATION_CONTEXT('managed model based 3d engineering');
ENDSEC;
END-ISO-10303-21;
